SK_precision,SK_accuracy,SK_TP,SK_FP,msSK_precision,msSK_accuracy,msSK_TP,msSK_FP,ConvRFI_precision,ConvRFI_accuracy,ConvRFI_TP,ConvRFI_FP,AOFlagger_precision,AOFlagger_accuracy,AOFlagger_TP,AOFlagger_FP
2.040736264334218,0.9909774868457624,0.49628213299341406,0.004518480119461187,-inf,0.0,0.0,0.015061600398203956,1.0337300418871265,0.9153089232628139,0.8382196728277034,0.07755821540667611,1.410366361644876,0.9625827626609279,0.6355428085829615,0.024704635310684193
2.109155439450027,0.9922824426120274,0.47521303392464764,0.003696008014786611,-inf,0.0,0.0,0.006023983758968445,1.0315988939101401,0.9149277523430102,0.836272040302267,0.07775864480995505,1.410984246801968,0.9626339717968909,0.6419422262715043,0.0249179148403135
1.7604600608240695,0.9829366048646873,0.49885217019913514,0.008659878625018616,-0.03057071773558879,0.4824093431236991,0.013880732475575249,0.014893031286325941,1.0324234499817297,0.9150754142470658,0.8149057711814639,0.07562823125589516,1.451428973319509,0.9658431638106779,0.636538358870322,0.022511042441270845
1.8402776282287294,0.9857605309123526,0.4952825188169193,0.007154435479191141,-inf,0.0,0.0,0.01204957554390087,1.023838489768943,0.9135265685756543,0.8142690554436552,0.07707782318434277,1.4500265207874352,0.965736469430795,0.6346867380472808,0.022518160118535635
1.9141895327684277,0.9879620994373778,0.49447002169656556,0.006024908198169444,0.2171118821101138,0.6224401977746427,0.03164523469333757,0.019195367835991475,1.0305834887866094,0.9147455931583146,0.8298671746838122,0.07734372733163754,1.4264118938672667,0.9638909543132179,0.6341218182780336,0.023755315479126567
1.849078165880416,0.9860421884315709,0.5320859915295126,0.00753188463445249,0.4251784433348423,0.7269116443150607,0.042727711360102935,0.016052075281454466,1.037389473149416,0.9159598242515626,0.8199217284082989,0.07522859008767106,1.4379331202072267,0.9648030096301974,0.6400042888543398,0.023348004272989074
2.1468772496808994,0.9929199392789049,0.5280570182437104,0.0037653345506195716,-inf,0.0,0.0,0.013555204382230459,1.0321055644360126,0.9150185147089464,0.8212329131429179,0.07627123561645426,1.4130085461784363,0.9628012703809858,0.6404446571990852,0.024744179688985946
1.8652056727249644,0.9865441586879051,0.4969155498830036,0.006777615300698652,0.37229015082207007,0.7020815452975111,0.031057221867687727,0.013178696418025156,1.0331706522262216,0.9152090227319362,0.8292916400765794,0.07683102641670987,1.4503777018300368,0.9657632163610552,0.6369389491597532,0.022579800746362965
1.9970241211322344,0.9900316118379782,0.5236010758926217,0.005272012230862035,-inf,0.0,0.0,0.009037735252906345,1.037862106437694,0.9160435592038748,0.8464743420705659,0.07758034240997246,1.4389311249159056,0.9648809618773021,0.6316122567375139,0.022988965270877355
1.8994352663919993,0.987551288745042,0.5375494071146245,0.0067761517105077405,-inf,0.0,0.0,0.00602324596489577,1.0303002454466803,0.9146947175010416,0.8340462396448102,0.0777839302324532,1.4253140155783768,0.9638028650121863,0.6486003573555688,0.024359208237098272
2.0158470125161094,0.990450388275443,0.4685995506579651,0.004518089766088281,0.2468391415723354,0.6383865439417611,0.03123997004386434,0.017695851583845765,1.032186505976671,0.9150330060227894,0.829036054348989,0.07698159626277644,1.440707112323574,0.9650192696150333,0.6418102064833636,0.023264809831487113
1.7091664914590714,0.9808384346740676,0.5010725010725011,0.009788904189424064,0.4294251714408903,0.7288484628656418,0.03137065637065637,0.011670741078842454,1.0342191819230808,0.9153961904761171,0.8281853281853282,0.07654350595431501,1.4054428083882196,0.9621722911731132,0.6417846417846418,0.02523169995822438
1.977870411934032,0.9895868172733568,0.5009113326900396,0.00527096879839189,-inf,0.0,0.0,0.013553919767293433,1.0216533382031532,0.9131282736517735,0.8361745470140453,0.07955062670117037,1.4267689593972732,0.9639195593096892,0.6428111933097459,0.024061044213989986
2.1015045134482464,0.992146355694084,0.5232974910394266,0.004142324705639597,0.4437248639513196,0.7353063814431375,0.036422095720008436,0.013111128306315369,1.0393741344625438,0.9163109316329017,0.8390259329538267,0.07663042777369392,1.4436472109777476,0.9652470811667208,0.6342504743833017,0.022835661134109696
1.840930506334787,0.985781616995163,0.4960186856354178,0.007154306317273111,0.6792875582764596,0.8269433801977745,0.09523303960080688,0.019929669093989893,1.0439597774592309,0.9171170868031239,0.8365006900944899,0.07559734202303872,1.4626673987356689,0.9666866489172694,0.6356831935449623,0.02190651689218378
1.867866547942158,0.9866252498494991,0.5277482458005528,0.007154186385382145,-inf,0.0,0.0,0.01204915601748572,1.0337390502467665,0.9153105311775457,0.8302147565383797,0.07681594862603,1.4358571038931087,0.9646403215205139,0.6363491388475441,0.023325897174689553
2.039966498278017,0.9909616253643792,0.49541381687079156,0.004518576261613186,-inf,0.0,0.0,0.015061920872043952,1.03557795734257,0.9156381807842507,0.8303907534065001,0.076507594470676,1.3771710039301461,0.9597303170740422,0.63793012035417,0.026767148248374686
1.8659543299764028,0.9865670231980198,0.4977626251864479,0.006777475467756702,0.9665186556349525,0.9025154098189793,0.10030897080758576,0.010834805482843548,1.0273905285630305,0.9141704834655259,0.8383763051353079,0.07871336281930601,1.4377031688961912,0.964785024953188,0.6369060302578308,0.023247282433495376
1.753429250993439,0.9826629449325569,0.46947853582721477,0.00828297766858161,0.32869606573346477,0.68066958804371,0.03129856905514765,0.014683460412485583,1.0356500990566688,0.9156510112372831,0.8124765528699287,0.07484464581696089,1.4272560658584184,0.9639585468862168,0.643603622916555,0.024063700533738887
1.7957651481862673,0.9842478682824326,0.5645845641548956,0.009035742628320633,-inf,0.0,0.0,0.013553613942480948,1.0259657667674342,0.9139127256061491,0.826897255491702,0.07789073172366977,1.4486802273046882,0.9656337451052895,0.6428379612224072,0.022878170262117765
1.7793899204976362,0.9836524839477376,0.49842641489304956,0.008283447611126692,-inf,0.0,0.0,0.01355473245457095,1.0351957353036156,0.915570172767364,0.8212514002240359,0.07573216766760474,1.4536271930967333,0.9660097531866758,0.6388222115538487,0.022477748872534325
2.097456584230134,0.9920733949648086,0.47119573987413266,0.0037648248034909725,0.2878968695948658,0.6599131120634864,0.031413049324942176,0.01618874665501118,1.0270620673385689,0.9141111226721519,0.8191060190414717,0.07696230211300792,1.4022514529284118,0.9619039240831263,0.6449895110537357,0.0255447230887551
1.8212283043448327,0.9851315423436653,0.49893208030756087,0.00753031467431389,-inf,0.0,0.0,0.010542440544039447,1.0266275058399303,0.9140325298630417,0.8133276377616403,0.07649587637905335,1.4538898035262688,0.9660296023000844,0.6398974797095258,0.022501972839289675
1.9120313876886912,0.9879028559197652,0.4920484465508162,0.006025269505713818,-inf,0.0,0.0,0.010544221634999181,1.0411176987907067,0.9166182860249863,0.8391785150078989,0.07633727580954887,1.4449384431892371,0.9653466788363401,0.631332280147446,0.022663112376692832
1.790905486431483,0.9840734384867651,0.46531392754700945,0.0075307904879926444,0.5572102165399466,0.7829640779551327,0.062466801232338255,0.017315660046706375,1.0404343571428885,0.9164979494599138,0.8378837777541698,0.0763395200152679,1.4040251599473277,0.9620533033763619,0.6348135557208117,0.025039233613115955
1.836033003333087,0.9856226882870754,0.4646475362011351,0.0067778294310736915,-inf,0.0,0.0,0.009037105908098255,1.0304307864975344,0.9147181684680159,0.8378507399352888,0.0781152579179452,1.4316709777842695,0.9643100677772198,0.6349652575186973,0.02350060189343359
2.031486721022481,0.9907850554499769,0.5263213698775381,0.004895130595920252,-inf,0.0,0.0,0.012049552236111389,1.0358577418222488,0.9156879307573115,0.8462068599904575,0.07791459183495827,1.4204824812611678,0.9634127386070893,0.6345756242379261,0.024099104472222778
1.7812388821605305,0.9837208031946534,0.5233802519900891,0.008661207629755297,-inf,0.0,0.0,0.012050375832703023,1.0376807480083934,0.9160114374661077,0.8307238125362434,0.07616858919425364,1.4214398551851484,0.9634903625970479,0.6300806579155465,0.023875709865020057
2.2395987180317025,0.9942732655657691,0.5230493651546283,0.003012617269286844,-inf,0.0,0.0,0.013556777711790799,1.0356321728304976,0.9156478232111633,0.83894420736526,0.07728601357612243,1.4140462419666784,0.9628867515234365,0.6301564722617354,0.024288581909723363
1.6485761394576657,0.9780326725491468,0.46935276468066867,0.01054200555982485,0.5414928722021488,0.7767512289465709,0.07543934847835405,0.02168228540778066,1.0313142050894542,0.9148767160718384,0.812473210458637,0.07559530870437514,1.4480535260941674,0.9655858255587878,0.642038148306901,0.022882702136767564
1.7518449053856542,0.9826006847460075,0.5410510764035458,0.009580614376724871,-inf,0.0,0.0,0.01355652420623662,1.0341200673289415,0.9153785140896955,0.847298438159561,0.07832787392638828,1.401154499810697,0.9618112576499191,0.6300654284508231,0.025016765107941503
2.1201043210460813,0.9924731296327046,0.4964930924548353,0.003765380677407458,0.8960491979151481,0.8872775786337396,0.06493092454835282,0.008249020614169695,1.0402768339020259,0.9164701872154939,0.8230605738575983,0.07501618339982927,1.4389236893840274,0.9648803817176324,0.6346439957492029,0.023099707796143322
1.7573146637339803,0.9828147053684354,0.4307238436413444,0.007531548029739298,0.772078268929783,0.8554220188657755,0.0997260562638289,0.01685506283812975,1.038918506983291,0.9162304444211328,0.8391107364871984,0.07671861801252249,1.4255673718241928,0.9638232116291994,0.6317564008007586,0.023712769455961725
1.640096277202123,0.9776092306450962,0.49324324324324326,0.011297045229448664,-inf,0.0,0.0,0.021087817761637505,1.0311349865751445,0.9148445732604596,0.8243243243243243,0.07672963436777815,1.4306098124844933,0.9642258790534409,0.631176097972973,0.02341751093595246
2.149244872750404,0.9929581612350616,0.5309090909090909,0.003765089369295954,-inf,0.0,0.0,0.006024142990873526,1.0419018500666657,0.9167561809205933,0.812620320855615,0.0737880151531953,1.4285466178008932,0.9640616455790467,0.6406417112299465,0.02388188450459418
1.8894218985894315,0.9872646267418889,0.4962294211364843,0.006401188423700903,-inf,0.0,0.0,0.012049295856378171,1.0329183984640626,0.9151639381535062,0.8314391927774828,0.07707474457788134,1.399000858590163,0.961628696198339,0.6340414232607541,0.02529978168388394
2.191116120456369,0.9936012373196073,0.4677238507127983,0.00301212781170075,0.6876659270143576,0.8296868179834134,0.06236318009503978,0.012801543199728186,1.0303640133238032,0.9147061737726192,0.8204388915585455,0.07650366232706216,1.4162516468906894,0.9630677969769937,0.6417854663890223,0.024611508365553172
1.8398789120445853,0.9857476383729095,0.5209360898310421,0.007531917143752571,-inf,0.0,0.0,0.013557450858754629,1.0309949415897781,0.9148194485541328,0.802130338965264,0.07468785749200056,1.425870037098368,0.9638475037424317,0.6281876377374331,0.023562390455100616
2.0016150994291912,0.9901353998013982,0.5290982732892774,0.005271342619217706,0.4966045565842685,0.7583169441367621,0.031869537412065656,0.010157134494025898,1.0362179531277957,0.9157519426298375,0.8391600937966318,0.07720170106535794,1.417289859098724,0.963152731292703,0.636005116179919,0.024331604587409125
1.8593305325788874,0.9863633902510639,0.4903185181298211,0.006778721058078911,0.4095318735291701,0.7197016111797419,0.04124468699165661,0.01606335060471325,1.0386178104674442,0.9161772874564665,0.8464081439890854,0.07743940776470512,1.4285828197442219,0.9640645335562819,0.629165136170436,0.023452104969578943
1.8672127791260285,0.9866053707838126,0.526963906581741,0.007154315542969737,0.2176983671016724,0.6227575080266936,0.031687898089171974,0.019195307140388612,1.0317746791414744,0.9149592515662239,0.8222929936305733,0.07642789718830757,1.400025979482603,0.9617156986669166,0.6347664543524416,0.025268996074668978
1.6017305406536195,0.9755916987039495,0.4966514297863293,0.012425708166073277,-inf,0.0,0.0,0.019579903776842742,1.0322918061288475,0.9150518550090562,0.8385245030296588,0.07784378630773615,1.4081932765157006,0.9624021252432006,0.6354842138832784,0.02482627090777561
1.9374121998900133,0.9885817281325878,0.5216751615784773,0.006025428805599316,-inf,0.0,0.0,0.010544500409798803,1.0401641055582234,0.9164503145732997,0.8237086858283853,0.07509474380642794,1.424617863117021,0.9637469014479135,0.6289737796227208,0.023659996608116917
1.7095348404177306,0.9808543687355484,0.4630021141649049,0.009037496324648326,-inf,0.0,0.0,0.015062493874413878,1.0367801882024203,0.91585176723935,0.830338266384778,0.07629127355449064,1.4233476842782893,0.9636445773747605,0.6355179704016913,0.023976188879546473
2.1196141102260766,0.9924646929209388,0.4959397059604055,0.003765431660961565,-inf,0.0,0.0,0.009037035986307757,1.0362649954248406,0.9157602990909178,0.830741468074943,0.07641891974665867,1.4124509833834635,0.9627552624931252,0.6354227482617696,0.024581692135986242
1.638220613230688,0.9775144976827426,0.4911432325886991,0.011297635299177761,-inf,0.0,0.0,0.013557162359013313,1.0354159815050485,0.9156093668157708,0.8086202365308804,0.07452957149591138,1.4311530688615572,0.9642690027616732,0.6303285151116952,0.023356829233534115
1.9989526202892611,0.9900753403232391,0.5259031677084437,0.005271730089482718,0.21308708552545322,0.6202598138505588,0.031359254158279476,0.019199001363067198,1.0379847996946405,0.9160652839886567,0.8380125013242928,0.07678310983071918,1.455588900467677,0.9661577566203569,0.6344422078610022,0.022223024616451977
1.8921553581740314,0.9873435204358956,0.5265603548421164,0.006749829448806916,-inf,0.0,0.0,0.018075202436850922,1.0284635969900253,0.9143641535489865,0.8136550850142571,0.0762038206046475,1.4251147255791252,0.9637868526266566,0.6325905586651177,0.02376883961997712
1.8778059449956104,0.9869239152123249,0.42638852672750976,0.005649364091842151,0.7112484776105159,0.837223115182363,0.09470664928292047,0.018413315473775924,1.044435243472017,0.9172002682817469,0.8411994784876141,0.07593880371490833,1.4002089654291239,0.961731208830242,0.6249282920469361,0.024866875572755878
1.9429209539975887,0.9887240242585874,0.5282536979887198,0.006024508090919524,-inf,0.0,0.0,0.007530635113649405,1.03886337770158,0.9162207009904685,0.8371820793870384,0.07655200071179975,1.4365410327300911,0.964693997820146,0.6393529849952112,0.02339912752950036
1.7925221802374975,0.984131677043171,0.4904729410529631,0.007908477302141363,-inf,0.0,0.0,0.010544636402855152,1.0329607452238907,0.9151715081851025,0.8242087029552254,0.07639702567998137,1.451261143569219,0.9658304127278086,0.6305180830402604,0.02230675528666618
1.9388579526163217,0.988619244127832,0.49070475790358153,0.0056488795743994845,-inf,0.0,0.0,0.012050943092052234,1.0415228009518305,0.9166895501261979,0.8250183804222245,0.0749792036111559,1.429277096679213,0.964119875659048,0.6281903161432623,0.023378365307109465
1.780174106855167,0.9836814940467276,0.5221141204312385,0.008661464543257993,-inf,0.0,0.0,0.024101466555152676,1.0437528421177205,0.917080860295724,0.8325532474362346,0.07527645818837912,1.4082359305210463,0.9624056789014075,0.6283986326584275,0.0245470496402771
1.9407087749774175,0.988667093531641,0.49277502373167387,0.00564858817536416,0.4364224916360492,0.7320208706569412,0.039816475055373904,0.014576065719646899,1.033453902597637,0.9152596213322093,0.8227507646872693,0.07617533836719692,1.4280561498987485,0.9640224969198056,0.6335302183313997,0.023643468336310234
1.8574885663986618,0.9863062243787077,0.46110116854405725,0.006401881874704184,-inf,0.0,0.0,0.010544276028924538,1.0329397073036382,0.9151677474610816,0.8396673334035162,0.0778336774581279,1.451398028401694,0.9658408130756161,0.631698073481419,0.022341458633448413
1.8604974947417987,0.9863994853604475,0.5189754312598014,0.007155653520883339,0.4843282121578453,0.7530985676379414,0.03099843178254051,0.010162756293763568,1.0382598228776907,0.9161139626488306,0.8255096706743336,0.0755896513876009,1.407401713922279,0.9623361187172087,0.6267119707266074,0.024528233747908957
2.110035759432046,0.9922979499811528,0.4852513502285002,0.0037664394764133175,0.4145540829418486,0.7220285060759815,0.030328209389281262,0.011675962376881285,1.0427076872576826,0.9168976732859441,0.8561487328624844,0.07759639247331246,1.4399654076034905,0.9649615721771204,0.6251038637307852,0.022697957351522313
1.9095612384704623,0.9878346940231573,0.519872231240509,0.006402290585834094,-inf,0.0,0.0,0.018077055771766853,1.0338245846981249,0.9153257969613507,0.8164633188458921,0.07552871454412377,1.3920067749974663,0.9610300203301425,0.6291564120018851,0.02551243152263985
1.9079067640772187,0.9877888280740379,0.5179195576190725,0.006402587863071811,-inf,0.0,0.0,0.012051930095193996,1.0452065453349952,0.9173350439176143,0.8489749074025771,0.07650473390372772,1.446064701169488,0.9654333266707372,0.6257499087067662,0.02240454320618229
1.798800349526187,0.9843558568900466,0.45033929673041334,0.007157139724189533,0.615250745657355,0.8048154060442503,0.06498046473370347,0.015759123805100816,1.0385683879230532,0.9161685476344333,0.8353896771540201,0.07644000670820594,1.4492139103497041,0.9656745014522807,0.6178799095208719,0.021962924261774836
1.635123094630588,0.9773571953366325,0.4552068177094159,0.010545948916125137,0.5294221264928087,0.7718944744587143,0.0636042402826855,0.018795935372526357,1.0476397237715753,0.9177589051270824,0.8112658490958221,0.07269816864747174,1.4173570202983452,0.9631582191585946,0.6210247349823321,0.023754827325564897
1.7514701945425588,0.9825859276122,0.488754053771315,0.008662039861376408,-inf,0.0,0.0,0.013557975435197855,1.0354033561828224,0.9156071205151387,0.8171879903755623,0.07532144087022805,1.4349710998872567,0.9645706690042324,0.6276807197405586,0.023055136024722152
1.6649604694933657,0.9788287620787155,0.4875554396034438,0.010545411630263114,-inf,0.0,0.0,0.015064873757518733,1.0359917634708065,0.9157117524255273,0.817949386903209,0.07528954416503776,1.4299613097244797,0.9641743352636433,0.6260892251500131,0.023263492767764266
1.7758944966339412,0.9835225566168078,0.5170564033123275,0.008662503522850319,0.4782880402180728,0.7505034033763265,0.03932086870475496,0.013071790046504848,1.0378408887375365,0.9160398017559656,0.8489141190562991,0.07780775201197479,1.4300037064649234,0.9641777071917169,0.6224154991927504,0.02312473115089666
1.8557919636009959,0.9862533608500926,0.4863880068710634,0.006779394304457491,0.31587987902187803,0.6742213487201116,0.030399250429441464,0.014688687659657897,1.0291245753317035,0.9144832513714896,0.8179688720004165,0.0764913280892775,1.4083533104206458,0.9624154565757733,0.6238092759356618,0.024361191063220818
1.9120246216694428,0.9879026697327828,0.4725024574473589,0.005786013597228698,0.5769417494833358,0.7905853680808853,0.054322520564954214,0.014389250178817554,1.042632697344152,0.9168845154684331,0.8428785762326039,0.07640685395265802,1.4072160819419992,0.9623206231966334,0.619276734440478,0.024247595718182247
2.1070318517812474,0.9922449067100837,0.4819475964514132,0.0037667601476776376,-inf,0.0,0.0,0.013560336531639496,1.035935489416001,0.9157017507420963,0.8348462966783577,0.07685480687614325,1.4042151628003237,0.9620692717663907,0.6194037548999382,0.02442073162865937
2.04097984170572,0.9909825001533878,0.4553014553014553,0.004143040671967145,0.7301900087525823,0.8430798541936719,0.030353430353430355,0.005649600916318834,1.0441094507467517,0.9171432799300686,0.8403326403326403,0.0759174797104515,1.4098296737367595,0.9625382282639101,0.6234927234927234,0.024266196812490003
1.77140620936272,0.9833542340941926,0.5118053407567791,0.008663604219314574,0.62393152304921,0.8079361903034775,0.03010619651510465,0.007156890442042475,1.0293781451745316,0.9145289007770335,0.8184348901948655,0.07649023409533319,1.3985799441752125,0.9615929180570801,0.6194968553459119,0.024743387809808344
1.7796774113394633,0.9836631252340765,0.45358048982550614,0.00753315588279493,0.4132544541134906,0.7214275012539654,0.03023869932170041,0.011676391618332142,1.0487946149812706,0.9179593947048376,0.8415057215347176,0.0752077261285061,1.433567515170041,0.9644600566849548,0.6227411588049501,0.022947747115568802
1.7776356850008843,0.983587404220001,0.47414624245192066,0.007911824190286338,0.7426367050197886,0.8468342357327647,0.09341858222966459,0.016896492772976966,1.040271602478617,0.9164692650739485,0.830720048713655,0.07571520271468984,1.4140957303474333,0.9628908234525214,0.6097833257218247,0.023500646738727232
1.732031668035832,0.9818032924175332,0.5081379875115161,0.009417811532819783,-inf,0.0,0.0,0.013561648607260487,1.0403609024413127,0.9164850046845228,0.8352953219367386,0.07611655896388592,1.3718859974047803,0.959257362150732,0.6156208414371993,0.026147328115263692
2.0275785254373835,0.9907025308286186,0.4816494845360825,0.004520147162782057,0.3789571442714863,0.705282481275403,0.04201030927835052,0.017554915144040992,1.0328922925228008,0.915159271073112,0.8511340206185567,0.07890520590921522,1.4251446257936828,0.9637892554585944,0.6184020618556701,0.023234124015087797
2.075636523293541,0.991668370705263,0.4483799969289041,0.003767122183124712,-inf,0.0,0.0,0.013561639859248962,1.0461543428786244,0.917500386665196,0.8359522956441624,0.07516698865670486,1.4087121782673042,0.9624453348952355,0.6148845779802427,0.023992826986528024
1.73214422395458,0.9818079220562083,0.5082680591818973,0.009417781157858138,0.26692716928369903,0.6489945391075835,0.029949316541237905,0.016197938538012036,1.0296296481941343,0.9145741562763912,0.8440075769211078,0.07883456893332018,1.3915434263518662,0.9609900438687415,0.6148057134080787,0.024957120068324068
1.9641082212527072,0.9892551563253733,0.4508492022645394,0.004896920848163203,-inf,0.0,0.0,0.010547214134505361,1.0342164116581865,0.9153956964645049,0.8362326299536799,0.0772877560208519,1.4331625740783924,0.9644280827120226,0.6154400411734431,0.02269985977468488
1.5833045811032362,0.9745607481742313,0.5051913680781759,0.013187161966888237,-inf,0.0,0.0,0.016576524503529994,1.0271354542264353,0.9141243886628565,0.8294991856677525,0.07792566368027745,1.392064263766353,0.9610349775630804,0.6110545602605864,0.02477511766648776
1.7444203619391103,0.982305983515955,0.4809800792711175,0.008663766274393449,-inf,0.0,0.0,0.018080903529168937,1.03485793442199,0.915510027094939,0.8355381685283368,0.07710958387218493,1.4348841624803668,0.9645638273714017,0.6172337468471715,0.022675950501978567
1.7588156310259397,0.982872981542088,0.4752807276053046,0.0082819875479885,-inf,0.0,0.0,0.013562899689119038,1.0387035637317645,0.9161924499941468,0.8372542045627763,0.07658677346331973,1.4046812071474204,0.9621084121542208,0.6105380824145115,0.024045374815093886
1.9308836866860437,0.9884107910928039,0.44978434996919286,0.005273763542400388,-inf,0.0,0.0,0.010547527084800777,1.0363411704120784,0.9157738290049214,0.8288149517354693,0.07622833022428976,1.3932722436156888,0.9611390013499429,0.615783528445266,0.02489750476677013
1.7932289068254978,0.9841570697647644,0.4446700507614213,0.007158284798579697,0.1883210726247093,0.6067390221982847,0.02964467005076142,0.019214343406713925,1.0491952134504474,0.9180288347298349,0.8301522842639594,0.07412463260245199,1.4083246519472028,0.9624130695678424,0.6095939086294416,0.023807619160669174
1.893708697110773,0.9873881380463144,0.4719668653399333,0.006028410432556513,0.8799183569343735,0.8835089413419495,0.16673401353672088,0.02198395606692671,1.0406480624897179,0.916535599956402,0.8454389332255784,0.07698997544506624,1.427885549326022,0.9640088701309827,0.6077886655217699,0.02269170074206739
1.8144779994645894,0.9849021506925532,0.5112230874942739,0.007836686245480262,0.4474511287676252,0.7369729478439194,0.036697714663816355,0.013097484428876009,1.0416313904360521,0.9167086433811299,0.8305593729322542,0.07546390821503794,1.4103632089624194,0.9625825011997724,0.6123581208326971,0.0238035796651281
2.036975847403436,0.9908997386193046,0.4511742892459827,0.004143510993462231,0.26880881792639316,0.6499808826192823,0.030078285949732178,0.01619736115626145,1.0410314804685612,0.916603111660521,0.8351874742480428,0.07598930840002684,1.4126466723601407,0.9627714162043871,0.6168623815409972,0.02385292341986718
1.9226047067119512,0.9881903802272415,0.47289842603370613,0.005651492581125692,-inf,0.0,0.0,0.009042388129801108,1.051878808022971,0.9184926320905988,0.8445771547143074,0.07494808175051756,1.4122159183740142,0.9627358494653724,0.6074700136646591,0.023513047786724542
1.9792754455718065,0.9896201025431176,0.5028872454665181,0.00527466855907874,-inf,0.0,0.0,0.018084577916841392,1.0330293588332031,0.9151837724551345,0.8443926653834465,0.07825554014386632,1.4235449225949168,0.9636604848629391,0.609968594873873,0.02300183865036612
1.9854654959091365,0.9897654956755247,0.4736655345465606,0.004897859122036818,0.8579367846628722,0.878197694702818,0.059715111268819385,0.008282233325699245,1.0425431707336803,0.9168688045442611,0.8380899275105186,0.07598842629180066,1.3812857539328913,0.9600948995289297,0.6096720231155269,0.025340227667871994
1.6386637734378326,0.9775369153616833,0.47544904085890194,0.010925471844782951,-inf,0.0,0.0,0.013562654703868492,1.0286996775705903,0.914406708776502,0.8374294000915891,0.07838780909324905,1.4236939740085577,0.9636725015806583,0.6112552790922505,0.023042449741603816
1.8677313520227437,0.9866211413525654,0.5001511335012594,0.006782189269017808,-inf,0.0,0.0,0.015071531708928464,1.0331925837586997,0.9152129414633258,0.8530982367758186,0.07903263476955912,1.3911364666844983,0.9609549000442297,0.6061460957178841,0.024628663524183487
2.052939546811626,0.9912252888967983,0.4682301062337142,0.004144954691980313,-inf,0.0,0.0,0.006029025006516819,1.0497258074823852,0.918120725878367,0.8390459009821608,0.07482727204684883,1.4234674983655062,0.9636542413120107,0.60277610743636,0.022734663538593762
1.8451184228808752,0.9859161446647521,0.4747243814459178,0.006781458594202085,-inf,0.0,0.0,0.010548935590981022,1.036350296664624,0.9157754498431178,0.8152720621856424,0.07498117874291421,1.400305836468496,0.9617394173221376,0.6110349032159732,0.024308613136237518
2.124135402571339,0.9925421514968188,0.5014394666397293,0.003767758951169457,-inf,0.0,0.0,0.009042621482806696,1.0561433181311655,0.9192247362901703,0.8535279559573716,0.07500227420381898,1.4211390822497738,0.9634659929775601,0.6074549219657559,0.02303429757424711
1.9569887327114417,0.989079501374938,0.4608137699241228,0.0050878783089432994,-inf,0.0,0.0,0.00904167647751354,1.0537232483956422,0.9188100131482481,0.8529816163365076,0.07537310785050527,1.4096748831937278,0.9625253742723431,0.6122625655650048,0.02383761623837616
2.0584622945765787,0.9913352061346534,0.47414624245192066,0.004144288861578559,-inf,0.0,0.0,0.007535070657415561,1.0458084325432893,0.9174400777086005,0.8519815294057949,0.07666934393920333,1.399670722202808,0.9616855692906805,0.609681838940478,0.024290280855565984
1.8677353638119907,0.9866212632855851,0.4723485997371348,0.006405119966967955,0.643932207142573,0.8149813654299863,0.03771105044990395,0.008561235088805878,1.0454893214384398,0.9173844055833549,0.8373268628045698,0.07540596512280566,1.408667124301853,0.9624415850830957,0.6095945809321606,0.023788878781427217
1.8921341132387361,0.9873429091242661,0.4702803362021239,0.006028686586365903,0.45591236050710593,0.7407320757252772,0.06230811817403996,0.021808825341646004,1.0446946131033639,0.9172456122691225,0.8246011374502995,0.07439595386351451,1.4381313017801292,0.9648185024698257,0.6058181086114047,0.02209077483204004
1.6737969854092105,0.9792463271758454,0.4444218964030237,0.009418862627178838,0.35424708636777774,0.6933194186604109,0.059611384506113335,0.026368299463060317,1.0481281381916092,0.9178437484402745,0.8458221297752524,0.07570959195035615,1.3779130900076784,0.9597963037521069,0.6090000507330932,0.025509634657801754
1.8286540852900306,0.9853799241908565,0.5051833122629583,0.007495401663336595,-inf,0.0,0.0,0.012056641959410768,1.0374685623411597,0.915973841517249,0.838331226295828,0.07690367266939653,1.3914140256754917,0.9609788725038206,0.6053603034134007,0.02458102072428883
1.8176997823768717,0.9850120661327986,0.4704934541792548,0.007159023750719386,0.11898963961222415,0.5680706521606826,0.013645518630412891,0.010375293883860711,1.051730582429406,0.9184670772330695,0.8382678751258812,0.07441358717672775,1.4282652616260378,0.9640391930274448,0.6065458207452166,0.022625508731995984
2.1179186387809623,0.9924354407972981,0.4448507007921999,0.0033907489839365202,0.35200184481433044,0.6922190665023311,0.029656713386146658,0.013186246048642023,1.0309463432537374,0.9148107282208383,0.8455210237659964,0.07873685568672989,1.4110737729074407,0.9626413859591281,0.6096384318504977,0.023659118766531193
1.9801244442791617,0.9896401642861522,0.46794871794871795,0.004898620746613809,-inf,0.0,0.0,0.0075363396101750905,1.0396830754938047,0.9163654665009738,0.8321314102564102,0.07594668814007267,1.3919677776021628,0.9610266572563091,0.6029146634615384,0.02445051825239511
1.8208113424788188,0.9851174729796417,0.4738336713995943,0.007158377159254538,0.8562903596418472,0.8777915993243232,0.1686105476673428,0.02347439344753018,1.0384383571186442,0.9161455491921673,0.837525354969574,0.07665837457872925,1.3967282807228982,0.9614351441395383,0.6074036511156187,0.02436402954185354
1.9226937546589045,0.9881927728413813,0.4729941786889395,0.005651477996976846,0.9657826239906808,0.9023661994403391,0.07476588205517591,0.008089484315535694,1.027134498540032,0.9141242159174016,0.8307770184763351,0.07804587890482614,1.4195636136768899,0.9633380874113098,0.6072892938496584,0.023111706365719013
1.620551936881119,0.9766026873653567,0.47180005049229995,0.011303320608495426,-inf,0.0,0.0,0.010549765901262397,1.0375061779650698,0.9159805075261819,0.8238323655642514,0.07556708540136144,1.4316197826497656,0.9643060105384036,0.60580661449129,0.02242405904049518
1.8433789433645142,0.98586042069798,0.4728505642427003,0.00678179984787401,-0.6122533955214098,0.19627103923423705,0.0014675370679621477,0.006009557228210275,1.0350010651546444,0.9155355163643144,0.8378118516269419,0.07729393799220789,1.3819822471640215,0.9601562976006862,0.6088760690248469,0.025266591442364702
1.7493753500239395,0.9825032001606812,0.5069554140127388,0.009028059557454133,0.3556375321390618,0.6939997497200857,0.03322292993630573,0.01464874429658224,1.0442581751969633,0.917169299549932,0.8442292993630574,0.07624339829192597,1.4025686712250478,0.9619306812014066,0.6130955414012739,0.024263837380101627
1.9069969553398383,0.9877635332821693,0.5275304472418381,0.006535074987905176,-inf,0.0,0.0,0.004520561199806483,1.0417814732624178,0.9167350258485082,0.828574352676287,0.07525753910659572,1.4062742385370908,0.9622419089441043,0.6139596765940026,0.02409159812933398
1.9901948446316642,0.9898752197091849,0.47878663660586185,0.004897192499916144,-inf,0.0,0.0,0.015068284615126597,1.0361888783098478,0.9157467774847551,0.8589874974379996,0.07903108865776158,1.4016714677780997,0.9618549560772776,0.6148288583726174,0.02438275507070999
1.7420979964121805,0.9822127998092435,0.48769541099344427,0.008831829425495593,0.6906267079234901,0.8306480045671715,0.1043368633383762,0.02127213441361788,1.0494626551447823,0.9180751634643278,0.8465960665658093,0.07554636823354378,1.3917599880415708,0.9610087331172971,0.6067070095814423,0.02461608736214178
1.8513569634001512,0.9861142206978976,0.49030861400594067,0.006904187224059941,0.3065104854092234,0.6694650315194014,0.02975381362331974,0.014690350332176506,1.043730101505032,0.9170768784011972,0.8540502441725822,0.0772241825270706,1.4210521014359718,0.9634589425871481,0.6075114534561747,0.02304105542899062
1.990104720179353,0.9898731396842667,0.4786885245901639,0.004897205135614912,0.40856639599599226,0.7192529247580023,0.05983606557377049,0.02335590141600958,1.0434006867901282,0.9170191781820588,0.8359631147540983,0.0756460801717376,1.4192989861491239,0.9633165612211243,0.6169569672131148,0.02349394170829377
1.985557568504334,0.9897676430120115,0.5101222895899702,0.005273715918546374,0.6750993846562052,0.8255589456134855,0.06057959099784195,0.012800500538595008,1.0368241045898188,0.9158595600517395,0.8567464803206248,0.07870969406513452,1.4236233504385347,0.9636668082938628,0.6194121878532525,0.02335373759135152
1.8469993361147525,0.9859761558634228,0.4767590183172611,0.006781091128653013,0.7308662925482468,0.8432857559446351,0.037961120465329866,0.007054605458804162,1.038062688577277,0.9160790727992467,0.82932802694015,0.07597376584722032,1.3944856593412975,0.9612432249306762,0.6133476197765192,0.024729823963854824
1.6962507850454926,0.9802714320861438,0.5054217787507,0.010171925408460736,0.618412026873377,0.8059563286446781,0.029730692867688233,0.007158021583731629,1.0451066476180642,0.9173175992633499,0.8300157817034058,0.07481345341641352,1.4194891481575829,0.9633320312244978,0.6101919258769027,0.0232261543890297
1.961040874050899,0.9891798227546084,0.4477154247163447,0.004897350450837491,-inf,0.0,0.0,0.006027508247184604,1.0343081144612698,0.91541204811244,0.8285801901257283,0.07656432029910477,1.4107682137363728,0.9626160750545627,0.6154553817847286,0.0239016762717178
2.025092171773966,0.9906496489105315,0.47893388006150694,0.0045204678890679246,-inf,0.0,0.0,0.009040935778135849,1.0420541124288925,0.9167829325746244,0.8346488980010252,0.07576170012939581,1.426055096024448,0.9638623489579121,0.6157867760123014,0.023087412483664263
1.8717331722124804,0.9867422281145476,0.4766617354486558,0.00640438036910338,-inf,0.0,0.0,0.018082956336291898,1.0341728519600644,0.9153879282722458,0.829975003825945,0.07671709707655001,1.3943655604271257,0.9612329212808766,0.6116920879457226,0.024669895090211582
2.0285542502648117,0.9907232023458855,0.4827194296636876,0.004520021800333455,0.23151765572079433,0.6302033075171509,0.030169964353980474,0.017703418717972697,1.0413100714369068,0.9166521344290798,0.8341168569509738,0.07584323109320933,1.3903288843989798,0.960885069679445,0.6200857570904582,0.025241948227432948
1.7715733501712567,0.9833605325077924,0.5252144259584582,0.008887166078230797,-0.03935980270818246,0.47735817184114443,0.012245530639661053,0.0134071791326064,1.0371684587293175,0.915920641799638,0.8425131755709414,0.07734072565300902,1.4016302597927617,0.961851474598039,0.6199751989252867,0.024589180605738507
1.7637481530344061,0.9830631261287696,0.48100483887573353,0.008287075438960866,-inf,0.0,0.0,0.012053927911215803,1.0512440684844335,0.9183831484012009,0.8581282816843405,0.07626199232955315,1.4206844479141312,0.963429127290014,0.616647791619479,0.023407376064748582
1.9884126407203424,0.9898340087742937,0.4902366416065392,0.005034926414847226,0.8533079364257778,0.8770530084655839,0.14778747666380745,0.02071713507267546,1.0458785911011548,0.9174523129921559,0.8240577223876079,0.07414451735610879,1.3827098563311542,0.9602203419306973,0.6073969423280691,0.025163018968717518
1.87769346454067,0.9869205724236335,0.5099022567934087,0.006757615379703028,0.6680210720634548,0.8231993200312058,0.03976255053477304,0.008539907408542229,1.0432915303172852,0.9170000503014157,0.835678829128499,0.07563936420618339,1.437373915928919,0.9647592583978266,0.6149122358118827,0.022461523972569602
2.0068541163249,0.9902525313977911,0.42094424136333214,0.004143529701638771,0.9478762563655622,0.8986729469920751,0.06013489162333316,0.006780321329954353,1.0320205940702734,0.9150032996850167,0.8361221232559337,0.07766925164267345,1.4045913742886176,0.9621008706281102,0.6164341244915822,0.024282606269862207
1.7873144039373559,0.9839433227110614,0.4846975827367984,0.007909635127448059,-inf,0.0,0.0,0.010546180169930745,1.0363192577330096,0.9157699371596707,0.8251893349932565,0.07589870197882767,1.4587388413227067,0.9663941076438025,0.6231455545181035,0.021669588278467655
1.9937240007572956,0.9899563391271146,0.4826446280991736,0.004896699758518916,0.5899919503306219,0.7955168852371358,0.0503099173553719,0.012931879630967369,1.0290483100506693,0.9144695172428542,0.8198347107438017,0.07667927390559534,1.4253174832237288,0.9638031435673187,0.6197314049586777,0.023274803409630347
1.8724966040789204,0.986765204868938,0.4774899075067709,0.006404239906129634,-inf,0.0,0.0,0.013561919801215697,1.0464468774336093,0.9175513583394154,0.8601870305074353,0.07729404092185446,1.4231965228418297,0.963632381502556,0.6108130205937963,0.023052167333344944
2.0325373482866893,0.9908071162364495,0.5009524790197188,0.004647925751869394,-inf,0.0,0.0,0.009040428439939137,1.0310358002952222,0.9148267794859177,0.8130566853730113,0.07569810799880544,1.4325821982948344,0.9643822081791221,0.6175668022447613,0.022808763591119274
1.9304097780428986,0.9883982846711,0.4492998922911217,0.005273834979794168,0.28065779637706134,0.6561623078974211,0.033697491921834126,0.017657929619846545,1.0401631408516814,0.9164501444886745,0.844232446017336,0.07696599679415853,1.4332367487519369,0.9644339415839623,0.6145047956095809,0.02266149345769676
1.9051401031283666,0.9877117477984345,0.45412130637636083,0.005649783102504866,0.32013692711107733,0.6763706874195604,0.03068947641264904,0.014684276447240957,1.0418423772021803,0.9167457297442805,0.8344219803006739,0.075778038338551,1.421099677509513,0.9634627991157695,0.6219284603421462,0.02358526464332197
1.6949710855657196,0.9802143657075557,0.48515057113187954,0.009792767901597645,0.7866485716400989,0.8595219694028488,0.09423676012461059,0.015401810475372323,1.0456238575307948,0.9174078809146643,0.8262720664589823,0.07438737156021288,1.428775693362004,0.9640799161087196,0.6221183800623052,0.02317914109479843
1.8273040649085295,0.9853350739514435,0.48088106633729605,0.007157042779068875,-inf,0.0,0.0,0.010547220937575184,1.0346656774806733,0.9154757782540085,0.8199269208995934,0.0757023686741346,1.4355620290689493,0.9646171391056817,0.6170037568833308,0.022632148254503305
2.1081673125590132,0.9922649992536192,0.48319371186265386,0.0037666386748655555,-inf,0.0,0.0,0.010546588289623555,1.0337689943425938,0.915315875742071,0.8341090081704416,0.07717094476843557,1.4264069090626954,0.9638905548194092,0.6196607715379047,0.023213845750986485
1.9336477596836166,0.9884834697837064,0.484923971145363,0.005649706582875585,0.2335211781476556,0.6312777719421244,0.030307748196585188,0.01770241395967683,1.0302715674110063,0.9146895648696093,0.8187243759406301,0.07636004109581089,1.4302110719988232,0.9641941951346739,0.6239036794851834,0.02316895653918065
2.028917857151954,0.9907308940007448,0.4831187632490564,0.004519975155616011,0.6252255195908251,0.8083981167195883,0.030194922703066025,0.007156627329725351,1.0422884911813304,0.9168240963471017,0.8413215449046068,0.07632617864092447,1.4317523002720314,0.9643165117101307,0.6197714699343364,0.02293397211521035
1.9944286510463234,0.9899724586505637,0.4834186972942211,0.004896601853768842,-inf,0.0,0.0,0.010546527069655967,1.0381728279930338,0.9160985674682645,0.8343939158776967,0.07641846338803313,1.4081185447350688,0.9623958982922378,0.6216048424646904,0.024288228741995134
1.638380945645461,0.9775226107721912,0.49881296449215523,0.01146982487280833,-inf,0.0,0.0,0.013560231576557518,1.045873809484538,0.917451479155764,0.8417630057803468,0.0757383824728331,1.4336574211025397,0.9644671518623467,0.6202518579686209,0.022851286364433804
1.7628810277987814,0.9830298501293614,0.45813503477851575,0.007908834304633284,0.3179444564505203,0.6752646545229687,0.03054233565190105,0.0146878351371761,1.0306457104306677,0.9147567656110932,0.8405418126667016,0.07832738214618058,1.4201650394662944,0.9633869653566105,0.626327074943779,0.023803243886033852
1.849497074174756,0.9860554576053855,0.4794745484400657,0.006780605610254505,-inf,0.0,0.0,0.007534006233616116,1.0428446725384573,0.9169217039923949,0.8433908045977011,0.07641598034966045,1.3979257496200235,0.9615372472937077,0.6171490147783252,0.02468677111069829
1.9336933992267447,0.9884846660441587,0.4849743084029688,0.005649699295399945,-inf,0.0,0.0,0.016572451266506506,1.0360225061730888,0.9157172159231762,0.8337572014325012,0.07673916899114816,1.423109732069794,0.9636253773478883,0.6238646390200862,0.023549442930620272
1.7923010104845014,0.9841237221794755,0.5136589403973509,0.008286551638735243,-inf,0.0,0.0,0.0090398745149839,1.0396815679947016,0.9163652004727395,0.8342301324503312,0.07613849789482374,1.4227193323055203,0.9635938554056712,0.6217922185430463,0.023492322298357137
1.6555112950333557,0.9783731518257395,0.4249417852522639,0.0093932989221957,0.2087446179668738,0.6179018812301285,0.031047865459249677,0.01919937670392211,1.0346339774364888,0.9154701299668807,0.8266494178525227,0.07632861582994027,1.3935155601080664,0.9611599220008967,0.6196119016817594,0.025038262665377592
1.9355138089170436,0.9885322808846526,0.45454545454545453,0.005273069679849341,0.47418682138061313,0.748730964467005,0.030303030303030304,0.010169491525423728,1.039259969078634,0.9162907707633514,0.8419468659194687,0.07691742125222506,1.4187718657790809,0.9632736462529992,0.6245848899958489,0.023813301344065216
1.6628320628004065,0.9787269632576723,0.4852009554470869,0.010546044137052138,0.1924490499514865,0.6090046685165212,0.03453110395679718,0.022169781507532245,1.0371966528962844,0.9159256411142028,0.8412088482708485,0.0772159784951507,1.421851156927015,0.963523662311326,0.6227541800810052,0.02357574874204629
1.8998605084573337,0.9875633204908676,0.5085284023971726,0.006404049877795402,0.1402576783542186,0.5800442973073853,0.032730625416175795,0.023697177715609356,1.040512624091667,0.9165117402812497,0.8283562977001485,0.0754578721499301,1.403973031755536,0.9620489212434503,0.6159401731291297,0.024297718653988436
2.06661548847947,0.9914949859805858,0.4830188679245283,0.004143321248646358,-inf,0.0,0.0,0.013559960450115354,1.0359181979707446,0.9156986772877211,0.8341173429826829,0.07679075776211634,1.468945533835016,0.9671490542063053,0.6242439906952701,0.021203562585499536
1.9636197209825303,0.9892431936603402,0.5195185766614338,0.00564912728721943,0.43240968126486096,0.7302044446141822,0.03945578231292517,0.014578101764255986,1.0249139895190933,0.913721995832617,0.8334903192046049,0.07870214524963855,1.437998792835384,0.9648081443144149,0.6262166405023548,0.02284156261567491
1.8559473411226803,0.9862582105331457,0.51363236587511,0.007156571940123692,-inf,0.0,0.0,0.012053173793892534,1.036055287325278,0.915723041333583,0.8353251590873817,0.07687768105398193,1.3992243169810914,0.9616476773768965,0.6202597133840344,0.02473712690983274
1.9584504709375916,0.9891157961605224,0.5134464211832851,0.00564995072417405,0.7015724391188672,0.8341639394732698,0.06418080264791064,0.012759472052093062,1.0392104845781795,0.9162820307492283,0.8188870500620604,0.07481927897341169,1.3855240826889377,0.9604671230393215,0.6211212246586678,0.025565382055343717
1.9339216671461774,0.9884906473435611,0.48522615152931403,0.005649662858303746,0.6405437992438933,0.8138020203085222,0.06870229007633588,0.01571909050747,1.0260736801981467,0.9139322730603405,0.7941527756140624,0.07478773455613708,1.4199840520719218,0.9633722630871581,0.6249675442696162,0.02376147587768093
1.941791967358081,0.9886950050489587,0.42817491489918824,0.004895862957108965,0.4182455901524072,0.723731262618767,0.030583922492799162,0.011674750128490608,1.0311720175011214,0.9148512156531116,0.8317360565593087,0.07741293108840734,1.4297491727282836,0.9641574588407574,0.6295888976171773,0.023404959189319383
2.052045629452911,0.9912073680947251,0.4631352146723422,0.004108300236722181,-inf,0.0,0.0,0.015063552586694421,1.0376290822539969,0.9160022845179586,0.8466551053654948,0.07763855598824579,1.4239298232777986,0.96369150824167,0.6297230542855642,0.023725740167904446
1.754233901773706,0.9826944815208172,0.48973958333333334,0.008624447952781906,-inf,0.0,0.0,0.01807825656265478,1.0342770031401463,0.9154065009331882,0.8257291666666666,0.07630633977216444,1.429857345889813,0.9641660654435638,0.6232291666666666,0.023162766220901437
2.0831273010683105,0.9918096767941623,0.4560837194772739,0.00376632045324829,0.9749333352147969,0.9042068493961068,0.16551257354089655,0.017534672397836945,1.0327218532389393,0.915128795125104,0.8401103764252617,0.0779138196229165,1.3775578298059044,0.9597647267673951,0.6276878221481751,0.026313939577643275
1.7793195018043217,0.9836498764065637,0.5211001469661978,0.008661671202135755,0.15363169618303782,0.5875266607544973,0.03584925467142557,0.02516798431716471,1.0364742699481593,0.9157974649067265,0.824690321226118,0.07582573481047758,1.392128456867257,0.9610405121928393,0.6282804954860383,0.025469775719978847
1.831464866489683,0.9854728705523893,0.485453034081463,0.007156198082737413,0.1120152052893247,0.5641260299597025,0.030704488778054862,0.0237239317297671,1.0458389310751062,0.9174453966949296,0.8331255195344971,0.07496723730510066,1.375666414746967,0.9595962096348417,0.6245324189526185,0.026295932266352972
2.328925964280631,0.9953329503909911,0.4819973176519137,0.0022600531731688345,0.6676018703479581,0.8230587919400755,0.03311668214175178,0.007119425492419405,1.0354962068167175,0.9156236392559586,0.8278138863097081,0.07628453450257545,1.4099808481843097,0.9625507778804653,0.6178169813267307,0.02403692968164468
1.6703250404574543,0.9790832323334878,0.47612738853503184,0.010171807295601054,-inf,0.0,0.0,0.010548540899141834,1.043961035967142,0.9171173070759409,0.8446369426751592,0.07633242095851608,1.4470314909447997,0.9655075392775367,0.6113121019108281,0.0218389373532013
1.9304419057707034,0.9883991329412747,0.48140133951571357,0.005650220397295634,-inf,0.0,0.0,0.015067254392788358,1.0486606929661368,0.9179361686222899,0.8278722308088614,0.07401208218361668,1.4085841898228266,0.9624346815597575,0.6195775373518805,0.024183072300891006
1.9038200059941779,0.9876748002283106,0.4829439735373165,0.006026660750081912,0.2519232304111159,0.641084588852731,0.039487285507546,0.022107215739491398,1.0339685960852896,0.9153514937901432,0.8119702294810833,0.07508816829243752,1.3998808498706712,0.9617033929714383,0.6207359933843292,0.02471872573275784
1.8273743370756983,0.9853374118666204,0.4555856043270231,0.006779468632059044,-inf,0.0,0.0,0.01657203443392211,1.037298714043922,0.9159437360675542,0.8252548366964843,0.07573373301585745,1.4115663310238582,0.962682152192751,0.6228416892032452,0.024144117882267356
1.9103037882848002,0.9878552239025455,0.48715025906735754,0.0059890666962486745,-inf,0.0,0.0,0.012052948354457811,1.0412108236053594,0.9166346731077715,0.8351295336787565,0.0759526653475155,1.3995893454534674,0.9616786645229584,0.6180829015544042,0.024629601442638854
1.9093771040220602,0.9878295978065884,0.5196545406961528,0.006402323615275036,0.7191245627793372,0.839679522010712,0.03705836168542266,0.007075573600604119,1.029141921949926,0.9144863749343869,0.8175870191049464,0.07645256586274342,1.42865771707924,0.9640705077140759,0.6270609788013609,0.023369641971590655
1.7446467727324058,0.9823150424445555,0.481227790080857,0.00866371039264694,-inf,0.0,0.0,0.010547125695396274,1.0346878734147082,0.9154797329028991,0.8272132667250348,0.0763712005160042,1.3658191142935183,0.9587078798225159,0.6199721893186383,0.02670257195839716
1.8283236137114454,0.9853689578042831,0.4819973176519137,0.007156835048367976,0.2080966365493691,0.6175495517511801,0.03100175384297947,0.0191994871020881,1.039732373911729,0.9163741657647162,0.8267822139688435,0.07544991440951596,1.4378800202527475,0.9647988574260534,0.6217373362220159,0.02268438073640066
1.7849032874350634,0.9838553745138733,0.48204704911267027,0.007910175902085129,0.541274763495465,0.7766641285616961,0.03012794056954189,0.008663525987997998,1.0400469877565988,0.9164296635718086,0.8427569129178704,0.07685202862730327,1.4166007622868457,0.9630963784829912,0.6202022286421791,0.023764712256386707
1.9022093347253437,0.9876295713062623,0.5413255059477831,0.006780303836560621,0.19601137560266774,0.6109560893226023,0.037128585406045626,0.023642697595997866,1.0389479640624704,0.9162356501799053,0.82712807044647,0.07561793194282924,1.4199348563933083,0.9633682657602715,0.6198053452803954,0.023567876891560934
1.8983987578206443,0.987521913731246,0.477026751072085,0.006027593787656335,0.5401500639525604,0.7762146024014962,0.06008780886256892,0.017323526452002445,1.0400294945503856,0.9164265786534298,0.8508270369614049,0.07759107833549649,1.4207379397542734,0.9634334667284731,0.6159893812538288,0.02337950360081641
1.8080477748979915,0.9846803967823277,0.4841952533941341,0.0075330830045134,0.46581772857967685,0.7450881924445992,0.03399315991294435,0.011629841843954249,1.0435013411190097,0.9170368126484042,0.848170794901026,0.07673296381669326,1.4261918628858372,0.9638733164685696,0.6236915742563997,0.02337642067624899
1.9367671807870224,0.9885649510515161,0.532441367909908,0.006158920663504541,0.14367555408470817,0.5819601444957767,0.022677962599442093,0.016290277431996462,1.0446256921045942,0.9172335654419207,0.826893274098564,0.07461459178526787,1.376360818132852,0.9596581564568336,0.6204669903915694,0.026083019335231297
1.8332043426121019,0.9855300993223695,0.48737742541205925,0.007155847338483961,-inf,0.0,0.0,0.015064941765229392,1.042390570514165,0.9168420186787504,0.8322553724181098,0.0754859346583947,1.4444438928974779,0.9653085648413228,0.6258606300855414,0.022492293405218557
1.9849027913839732,0.9897523624669995,0.5093632958801498,0.005273814568912747,-inf,0.0,0.0,0.010547629137825493,1.0361860606216526,0.9157462769068085,0.8284849417679955,0.07622519755840962,1.4285865232126278,0.9640648289845215,0.6165409676260838,0.02298134362294806
1.9595902986493,0.9891440151400962,0.480510130618122,0.00527366149233784,-inf,0.0,0.0,0.013560843837440158,1.0315608744813782,0.9149209381919066,0.8352360382597963,0.07766911386232493,1.4267445805131227,0.9639176069786977,0.6188419212177312,0.02316515152101531
2.108764607814863,0.9922755479499412,0.49948717948717947,0.003888299752562743,0.2230869326486837,0.6256679697306603,0.024666666666666667,0.014757864969954047,1.0372544360144829,0.9159358862191377,0.8428717948717949,0.07735832991462253,1.439965699990146,0.9649615949400278,0.6150769230769231,0.022333857105629133
1.8449400664681865,0.9859104410180015,0.4481276856967465,0.006404153152665,0.43316651751527835,0.730547625092365,0.035553509310415385,0.013113419564920103,1.0437111465956654,0.9170735592526228,0.8436668712911807,0.07628863585345275,1.3920401841119372,0.9610329012580071,0.6132085123797831,0.024863827887738964
2.035032367461825,0.990859296518384,0.4491846990052302,0.004143740848486412,0.40897209973009624,0.7194415208097819,0.029945646600348683,0.011677815118461707,1.038027563586568,0.9160728548129998,0.8423751410111784,0.07717523818124351,1.417303841972878,0.9631538739240214,0.6163983181212184,0.023580749408175245
2.176140001830548,0.9933782217545645,0.4520590360202291,0.0030133886819907457,0.7270474707111289,0.8421201857166757,0.030137269068015275,0.005650103778732648,1.0427785266210732,0.9169101011032331,0.8355867478583962,0.0757204204812392,1.3693228040281096,0.9590260710914531,0.6199814222313964,0.02648840890239639
1.904001855835835,0.9876798964448793,0.48314374353671147,0.006026629653804181,-inf,0.0,0.0,0.009039944480706271,1.0323000231195467,0.9150533257110427,0.8119441571871768,0.0753747939310601,1.4035004798367703,0.9620091741975894,0.6204239917269907,0.024501242218398247
1.7725852679770893,0.983398614887747,0.5355887298109747,0.009041618150325934,-inf,0.0,0.0,0.025617918092590144,1.049248295053005,0.9180380319155532,0.844448973353034,0.07539197440272487,1.402379254068799,0.9619147061824151,0.6124216640342386,0.02424774136946712
1.8345791583726492,0.9855751735475046,0.4982823155411988,0.007292833787764733,-inf,0.0,0.0,0.01958860573738187,1.044892790131276,0.917280243105807,0.8284879249346254,0.0747125213427948,1.4120427937085727,0.9627215456097443,0.615956519509819,0.02385103680668572
2.064212596092746,0.9914482020104625,0.48038661251349546,0.00414360453603433,0.48321831885113176,0.7526230647938923,0.03974088735797646,0.013062287587053429,1.0424832323390651,0.9168582845136318,0.8438640686854146,0.07652251988433513,1.435399609005104,0.9646043724028548,0.617448974345792,0.022656950954660943
1.9858000526556772,0.9897732961453193,0.474025974025974,0.004897811725846408,0.42527251179298625,0.7269546398321377,0.031047077922077924,0.011661333608587943,1.0328201545623887,0.9151463734235838,0.8450689935064936,0.07835595582163501,1.4188273600258596,0.963278166533994,0.6099837662337663,0.023253638521882742
1.7833181684445738,0.9837972975427642,0.480312532127069,0.007910533057952524,-inf,0.0,0.0,0.015067682015147665,1.0414926641266207,0.9166842504723285,0.8275932970083273,0.07521843623777524,1.393190969971379,0.9611320109333397,0.6177649840649738,0.024982294183590933
2.10837200335316,0.9922686158602452,0.4834186972942211,0.003766616810591417,0.13340000905509125,0.5761930881936501,0.03021366858088882,0.02222303918248936,1.0401659915250479,0.916450647081757,0.8195974959904806,0.07471961601147528,1.4173152452408648,0.9631548057337652,0.6216565781985618,0.02378128339728197
1.878550922281471,0.9869460338013257,0.47076297686053786,0.006226605890349825,-inf,0.0,0.0,0.013558587492357816,1.0376892708490366,0.9160129472596243,0.8333333333333334,0.07640635520094105,1.3956184561464966,0.9613402817828375,0.6253387533875339,0.025147619895215027
1.9311901457892942,0.9884188714361448,0.48222119007070235,0.005650100134480123,0.269692966609464,0.650443903531846,0.030138824379418897,0.01619695371884302,1.047563235412492,0.9177456109800683,0.8344945037931568,0.07479287803588072,1.419256141176533,0.9633130748430943,0.6195489497858285,0.02359497295885295
1.6771341329002014,0.9794019163946509,0.4478069727021777,0.00941795733536314,-inf,0.0,0.0,0.012054985389264819,1.0470454179719955,0.91765555966119,0.8364175442183825,0.07505466930713507,1.4118072936619095,0.9627020797204446,0.6140476433902464,0.023790018255355656
1.822824334503792,0.98518527556089,0.4508956145768993,0.006780343196823455,0.7487810309394809,0.8486603038882207,0.0631562693020383,0.011262516415499843,1.0377392798646976,0.9160218056975071,0.8196417541692402,0.07514235366662281,1.4458246204181286,0.9654148737699343,0.6192608606135475,0.022184467647597596
1.9536376820032535,0.988995842845607,0.47405002282989195,0.005274563071220149,0.7313988133375742,0.8434477326905483,0.06838820962914109,0.012693530209066495,1.0356299247465035,0.9156474234009185,0.8445030693521384,0.0777985150453428,1.4325428705970884,0.9643790975469744,0.6117396377657146,0.02259559339157115
2.1308278159571157,0.9926553572728007,0.5091282051282051,0.0037670322752100895,-inf,0.0,0.0,0.012054503280672287,1.0419899806857877,0.9167716659353744,0.8364102564102565,0.07593279201595571,1.4167781987664259,0.9631108967630535,0.6141025641025641,0.023521375328002726
1.8045005719726113,0.9845566981837159,0.5043946552862877,0.007911701693235766,0.7540986780147063,0.850226212585762,0.12767362698775594,0.022490676462106857,1.0502197999363456,0.9182061938176143,0.8523090992226795,0.07592369310803304,1.4110208992222653,0.962637007361714,0.6122034242747548,0.023761554832595642
1.8531580118487796,0.9861708920154065,0.5103845362944684,0.007157139724189533,-inf,0.0,0.0,0.019587961350413456,1.0382312127160873,0.9161088998917873,0.8501953526629652,0.07785518015403073,1.41012665677089,0.96256287822668,0.6175200493522517,0.024017312331488575
1.825136797612264,0.9852627896132762,0.47851692528294154,0.007157485978203726,-inf,0.0,0.0,0.007534195766530238,1.0321403274880419,0.9150247387630465,0.8286987248425257,0.07695845548986786,1.4183684677045005,0.9632407713943503,0.6135094996671275,0.02341277136489568
1.926045967501747,0.9882824953210668,0.4766131089007906,0.00565093114572629,0.6340504588119319,0.8115258126544784,0.06768681458811528,0.015720038937237894,1.0360836864831398,0.9157280877413609,0.8295842897220097,0.07634433781214782,1.4252442390512243,0.9637972594417731,0.6127008416220352,0.02301464274955215
1.7761235396384238,0.9835311013032426,0.5173258298160596,0.008662447657392198,0.4660616372663228,0.7451948473423251,0.04251993121775832,0.01453887879602812,1.0299745770249182,0.9146361875058635,0.8239278828617581,0.07689792538506038,1.3956524761260543,0.9613431929682532,0.6265436923557918,0.025194102157808488
1.926141969328728,0.9882850548765622,0.47629233511586455,0.005645879739923117,0.23128237985250555,0.630077047048114,0.030150241914947796,0.01770143282261087,1.0348094475275642,0.9155013907798238,0.8371785077667431,0.07726959269286918,1.398512187926973,0.9615871557170313,0.6136490960020372,0.024513646037143334
1.787359463418634,0.9839449618125029,0.49433615675068887,0.008066087212310202,0.8180522932924574,0.8680280942210457,0.0823553423818757,0.012521013498955614,1.0418480326910098,0.9167467236355938,0.8366159812225737,0.0759762971602264,1.4031971564503596,0.9619836401492997,0.6135319930605164,0.024245997597720028
1.896248601272799,0.9874607591324202,0.4747002641739484,0.006027967083583854,0.3521805569225233,0.6923067303604031,0.029668766510871775,0.013186177995339679,1.0394233053843493,0.916319613540702,0.8294045925624873,0.07574310951236946,1.415138556535346,0.9629765278937474,0.6093273724852672,0.0234267547809572
2.1711306920236755,0.9933019161304213,0.44693877551020406,0.0030138202235594044,0.46676565580095064,0.7455025315092103,0.02979591836734694,0.01017164325451299,1.0454616702521322,0.9173795799493123,0.8298979591836735,0.07474170941405968,1.4069762474046406,0.962300594079776,0.6137244897959183,0.02404347332459463
1.677719024667394,0.9794290681923862,0.4484029484029484,0.009417799382811613,0.6705684681024751,0.8240513940278128,0.10662366912366912,0.022765917371066455,1.0509437648903492,0.9183313035532266,0.845004095004095,0.0751475885273142,1.4019534589732134,0.9618787720710711,0.6137387387387387,0.024323724597743856
2.1724340031342093,0.9933218528116471,0.4482652747927541,0.0030137074665376553,0.3956228734406962,0.7131956132033109,0.032698802579060486,0.013149492017416546,1.0392556239697603,0.9162900033580135,0.828881383686419,0.07572456055474923,1.432586349506344,0.9643825365047652,0.6142667076041347,0.02268666344138042
1.8745866441235595,0.9868279072944149,0.5080079823977894,0.006780846173743702,0.3956003702188161,0.7131850143314528,0.04359617254259837,0.017532667332796216,1.0514597179711669,0.91842035994069,0.8430640126899657,0.0748860344370485,1.40514587421477,0.9621473982444857,0.6151051527401116,0.024199338299847314
1.9866208077697733,0.9897924078211915,0.5113571980427505,0.005273556044755566,-inf,0.0,0.0,0.0030134605970031803,1.0484905651787009,0.9179066547416146,0.843265516353335,0.07541778548056376,1.4278260386791,0.9640041155255265,0.6186968838526912,0.02310212290301004
1.7770707814261906,0.9835663928946016,0.5269488662537749,0.008804357992717327,0.37274202653193755,0.7022991299728271,0.03106925321185443,0.013170091372064596,1.0306306624815291,0.914754063738944,0.8376925833034754,0.07806457647290284,1.4012272356338085,0.9618174087907292,0.6136561396324922,0.02436115348765203
1.9254631069610415,0.9882669435014272,0.4759818654169426,0.00565102592569417,-inf,0.0,0.0,0.0060277609874071145,1.047582151347397,0.9177488988679122,0.8369925118435129,0.07501349859788757,1.4117458021333291,0.9626969953643874,0.6119402985074627,0.023711730587984085
1.9297400539109266,0.9883805879439901,0.5126510379014768,0.006026730717880118,0.7760265361822235,0.8565427483333251,0.06697304554373644,0.011216917156962021,1.0286427699102607,0.9143964525138978,0.8271196943096147,0.07743291198677009,1.4286273738660424,0.9640680875143001,0.6220696065269028,0.023185240701587822
1.8990278469316644,0.9875397504892368,0.47770961145194274,0.006027484918386409,-inf,0.0,0.0,0.015068712295966024,1.043501273263918,0.9170368007614563,0.8432515337423313,0.07628793625728278,1.3886248110970592,0.960737327839948,0.6160020449897751,0.025174296492395977
1.730615895194302,0.9817449601523986,0.5065047701647876,0.00941819427412493,0.31228196288531007,0.6723990622737622,0.0331615733891128,0.016156718752721438,1.045462645876411,0.9173797502178273,0.8216417529717871,0.07399797831364006,1.4176465036109562,0.9631818643808335,0.6147135350237233,0.023497749632142104
2.194316779648714,0.9936479230660495,0.4715143563607004,0.003014242165196213,-inf,0.0,0.0,0.015071210825981065,1.0334489685535224,0.9152587401707996,0.846545894938689,0.07837932869884998,1.40880655922831,0.9624531889948199,0.6053388504819095,0.023615219600316133
1.8001436811853964,0.9844034180391997,0.4755700325732899,0.0075347838652409065,0.559898182080717,0.784013986637434,0.06275447882736156,0.017288071301762933,1.0481966984191378,0.9178556517754238,0.8213558631921825,0.07350800957846497,1.4277365633357155,0.9639969657514782,0.6125305374592834,0.022876584368936047
1.9025264710852907,0.9876384896852577,0.48152538005668644,0.006026882320349694,0.5458159041233919,0.7784726092184385,0.06086060293738727,0.017318901667777144,1.0450822474603565,0.9173133378730927,0.8567894872455553,0.07723103973395029,1.4363675287899162,0.964680388269736,0.6188611182684876,0.022658213723412285
1.8454803212891036,0.9859277107943346,0.4486785494775661,0.0064040540087262334,-inf,0.0,0.0,0.021095707322862884,1.029500123480716,0.9145508522894418,0.8207334562589633,0.07668351536637537,1.447064731725625,0.9655100881686288,0.615959844294202,0.022003292333970643
1.9256423674456682,0.9882717286801329,0.47617591601691894,0.005650996762288499,0.3895788292208555,0.7103405138638769,0.03225806451612903,0.01315404965523114,1.040563755606176,0.9165207486569306,0.8443153442389033,0.07690258287967312,1.4155154003652088,0.9630074518807488,0.6116292106201906,0.023494857657455414
1.9617381922162278,0.9891969945307538,0.4484259022267725,0.004897252520066028,0.6208366845145544,0.8068279638725903,0.059790120296903,0.014315045827885313,1.0394246157961866,0.9163198449035441,0.836447402098797,0.07638604437844822,1.418628877675233,0.963261996698128,0.6147939595597646,0.02344772511912541
1.9587689520521192,0.9891236881666119,0.513818445295518,0.0056498997078305285,-inf,0.0,0.0,0.007533199610440705,1.0349181909559877,0.9155207586602933,0.8271400476141186,0.07632395338187775,1.4288759146833956,0.9640879067140566,0.6200186316116344,0.023095577470057468
1.765168188566299,0.9831174816604105,0.4819773429454171,0.008276723263836034,0.1432747983703085,0.5817356327014573,0.030895983522142123,0.02221402347307614,1.0372505802791288,0.9159352026220184,0.8351184346035015,0.07664741107295539,1.4221787927657275,0.9635501673743508,0.6202883625128733,0.02346469105479201
2.019032040156728,0.9905195054696851,0.5116207163102293,0.004896841885284126,-inf,0.0,0.0,0.016573926380961657,1.0450091579387273,0.9173005718837224,0.8273125483122906,0.0745865387158174,1.4600279320226899,0.9664903724946396,0.6198402473589281,0.02149076327394386
1.6873609587144565,0.9798716473455631,0.5134198686456017,0.010546581487369837,0.14736207021448516,0.5840238043273174,0.031183741014635155,0.022210899381149403,1.0326371033666537,0.9151136374528653,0.819672131147541,0.07603316445817518,1.4019617303759087,0.9618794704293001,0.6205719604902519,0.024594070772773154
2.2004177214276206,0.9937359777438751,0.47810069586573883,0.0030137113545703653,0.4018437996786739,0.7161166265226465,0.03315595579205895,0.013143703459059453,1.0527300764691487,0.9186392538841438,0.8452210397052804,0.0748583452454059,1.4158619792914817,0.9630358703887785,0.614203847728203,0.023574937687389372
1.754032190626388,0.9826865811752346,0.4893373556642047,0.008621367939191237,0.4171547705978847,0.7232287793913484,0.061011130760428585,0.023348248317066157,1.0432042849503074,0.9169847590991681,0.8342869031519817,0.07552854892987464,1.3998087090576297,0.9616972746614656,0.6228024550088422,0.024805135673038103
1.8590664344118315,0.9863552083752053,0.5278333589861988,0.007301807842477042,-inf,0.0,0.0,0.018081649950557988,1.0435907277044938,0.9170524701677797,0.819968190446873,0.07416624255547793,1.418440542157633,0.963246647165912,0.6163357447026833,0.02351672352659258
1.9976251035727464,0.9900452594605824,0.4860050890585242,0.004886700396959759,-inf,0.0,0.0,0.013559190859928993,1.0316160719441894,0.9149308309675634,0.8326322895570442,0.07741714956450516,1.4306981438039097,0.9642328942065703,0.6257464817988264,0.023211343181547016
1.9057787949568836,0.9877295845564252,0.515418959609594,0.006402971887032176,0.3147141879303843,0.6736315183069563,0.03031876232997612,0.014689170799662052,1.0284570972748273,0.9143629816572393,0.826393936247534,0.07739805098901666,1.412881379596774,0.9627907819070619,0.6226248572318555,0.02406273983734594
1.7515752654700203,0.9825900668314868,0.44650593812120903,0.007911375052977957,-inf,0.0,0.0,0.01506928581519611,1.04736846859493,0.917711750476148,0.852337020235486,0.0764263085474976,1.3973063069460026,0.9614844624547398,0.6128752739691116,0.02455080820011702
1.930985955608593,0.988413488215419,0.4819973176519137,0.005650132932922086,0.07947461586029729,0.5456220218655062,0.016042504900443618,0.013359726420047393,1.0413590195613343,0.9166607449690358,0.8422572990818116,0.07657478105734884,1.42773587119341,0.9639969104386105,0.6184359847312494,0.02309717583652282
2.0641899889210347,0.9914477606428161,0.48036191651244087,0.004143607208741309,0.7789718139970572,0.8573740583116801,0.10106929878675715,0.016813086161745167,1.0352080244837407,0.9155723601312019,0.8135410240592227,0.07501902808416218,1.4337251414523988,0.9644724953017522,0.614898210980876,0.022650515370821883
1.9614711845643265,0.9891904225330097,0.48256984971337086,0.005273379174409148,0.6255077971007932,0.8084987704725688,0.03021226049682384,0.007156083896779537,1.0307751252105293,0.9147799989400266,0.8262665909208284,0.076974179404539,1.3946338985275786,0.9612559391957677,0.6206166399834736,0.025014366991329497
1.8344450730805089,0.9855707835700169,0.5145374449339207,0.007533068429026305,0.3309312514086708,0.6817872264625195,0.03772998186058565,0.01760983736182656,1.0469333758146089,0.9176360631039648,0.820005182689816,0.07360091635133767,1.385253068600849,0.9604434216787555,0.6204197978750972,0.025552451891232297
2.031471453665251,0.9907847344838344,0.48593270580893444,0.004519648669547771,-inf,0.0,0.0,0.01205239645212739,1.0461224437622894,0.917494826779949,0.8189713453637735,0.07364550811543936,1.4203675482080373,0.963403409154069,0.6260855998751885,0.023782974313201075
1.6906523907050344,0.9800205832228698,0.4801334702258727,0.009788352280057176,-inf,0.0,0.0,0.019588315126245554,1.0324501443297036,0.9150801907962078,0.8285420944558521,0.07688903910954697,1.4106801577256456,0.9626087779018094,0.6169404517453799,0.023964208494806207
1.836941401351157,0.9856522983393792,0.5433962264150943,0.007909976929233956,-inf,0.0,0.0,0.015066622722350393,1.0386594537979865,0.9161846509692604,0.8423882140087878,0.0770642272841316,1.3626654791482606,0.9584194582685831,0.6219695011630912,0.02698383111451085
1.9604730990384018,0.9891658211000317,0.48147575617045396,0.005273528833160795,-inf,0.0,0.0,0.01054705766632159,1.0383718013918175,0.9161337753174268,0.8271242335239862,0.07571796682759444,1.3871399878150497,0.9606081585699757,0.6208069253362188,0.0254575476413923
2.03211214788156,0.9907981943035802,0.48664132076454353,0.004519567055400167,-inf,0.0,0.0,0.006026089407200222,1.042063098282926,0.9167845110951373,0.8178740690589031,0.07423750041113356,1.40996716149845,0.9625496418583938,0.6253320139576064,0.024330078015414768
1.8077972132999707,0.9846716912675874,0.48391941581645864,0.007533136448448645,0.3606391819577515,0.6964400093787984,0.030244963488528665,0.013182988784785129,1.0439907811355837,0.9171225131273985,0.8562846341084468,0.07737975843656461,1.4094016243848466,0.9625026721874058,0.6217307991092237,0.024221484530949387
2.092853516205117,0.9919896109839645,0.5131014522714352,0.004143331938033195,-inf,0.0,0.0,0.009039996955708788,1.0374340314811223,0.9159677217482695,0.8185952762416663,0.07509918133075515,1.3974324470010229,0.9614952169176947,0.6215308284665875,0.02489030554493135
2.113428055892716,0.9923574187433785,0.4890098388109692,0.0037660800008254424,0.8854650275949638,0.8848169894894742,0.1797153024911032,0.023394837374990648,1.0471641437360655,0.9176762146544631,0.8258844463052125,0.07408924061897847,1.3899374064855148,0.9608511761032873,0.626439187774754,0.025523575402854482
1.7489477297616551,0.9824862656402047,0.4859579779488246,0.008662654363186556,0.5199344240633006,0.7680251027500336,0.03832951945080092,0.011577077760092456,1.041000954476016,0.9165977385054606,0.826919076346994,0.07524229893122761,1.416404338132244,0.9630803001772043,0.6232577491158727,0.02389259650037019
1.9936104518457185,0.9899537391927722,0.4825200103279112,0.004896715549974297,0.3184306454793411,0.6755100910369791,0.030570617092693004,0.01468498678106096,1.041996406659723,0.9167727949104504,0.8416214820552543,0.07640475817307103,1.41970665412394,0.9633497180113554,0.6199328685773302,0.023585115584287424
1.8400864051376997,0.9857543491239308,0.518531976744186,0.007493576381722871,-inf,0.0,0.0,0.009039501382754778,1.0387731841594188,0.916204758157552,0.8411544850498339,0.07693121310934081,1.3926520578733914,0.9610856281014758,0.6231831395348837,0.025232694927147397
1.8785832820403725,0.9869469937347161,0.48414507772020726,0.006403128813305712,-inf,0.0,0.0,0.012052948354457811,1.034613822251137,0.9154665385548025,0.8348186528497409,0.07708649899515767,1.4133764799626582,0.9628316009002936,0.6212953367875648,0.02398399991744556
1.8529545989308456,0.9861645029186857,0.5101485021324701,0.007157181272902368,0.08620135722424702,0.5494592191498154,0.032577976465752015,0.0267130051582533,1.0406165116888209,0.9165300423238049,0.827912234725862,0.0753993824544565,1.4547538310303778,0.966094829945732,0.6160012332357022,0.021618609187328382
1.8511472953670227,0.9861076084775735,0.45449828784891566,0.006403021441866524,0.36143691333933975,0.6968281989009073,0.030299885856594377,0.013182691203842845,1.0249287464981562,0.9137246745149566,0.8195496523814465,0.07738317130146183,1.395542466199078,0.9613337783491722,0.6221853273840406,0.025025185131678576
1.9579425662113241,0.9891031984915324,0.47871304882422255,0.005273909821044423,0.7257594757904546,0.8417254821256954,0.037553153337773454,0.0070613369387198255,1.0435542585809188,0.9170460823301698,0.8380552282391516,0.07580858339144138,1.40133195405459,0.9618262629727137,0.6141708079307342,0.024375706730362975
2.0198031700844847,0.9905361648586305,0.5125187135408601,0.0048967344998552004,0.5774287513410943,0.7907709606414557,0.04893913582158897,0.012948741019374738,1.022073779814488,0.9132050377102116,0.8423932682876465,0.08006470500593064,1.401905016289158,0.9618746817868851,0.6191213669918951,0.024539786290304375
1.7166168928137435,0.9811582104113922,0.49026706542840653,0.009414902500946327,0.3246804426145781,0.6786564744976505,0.03100897213914686,0.0146827339071265,1.047748445198874,0.9177777982132498,0.8548192455008132,0.07658184871283451,1.4020851667611645,0.9618898907588223,0.628417020830054,0.024897903120653264
1.7910723053107183,0.9840794575605954,0.5124193131939065,0.008289974310302903,0.9886345679889973,0.9069048304756232,0.13085463465014202,0.013432428614826753,1.0320646051358544,0.9150111807341312,0.8418280402788536,0.07819136276651528,1.4132752071987822,0.9628232548803988,0.6196230312419313,0.023925021945567254
1.8355859453402823,0.98560809392721,0.5158742530527409,0.0075328255125449274,-inf,0.0,0.0,0.006026260410035942,1.0369324261895743,0.9158787785464751,0.8489477786438036,0.077973773126516,1.4008767411893044,0.9617877593347147,0.6231748506105482,0.02475900440296231
1.960798926856511,0.9891738583889117,0.516196121249935,0.0056495754111904155,0.23434340659820072,0.6317183470427906,0.030364477720584412,0.017702002955063304,1.0349453300986462,0.9155255916819012,0.8419903291218219,0.0776894010482671,1.439531127214865,0.964927746813748,0.6235116726459731,0.02266279451475242
1.9661740301169541,0.9893055996728334,0.487759043691601,0.0052726786123104405,-inf,0.0,0.0,0.01205183682813815,1.0365910138335204,0.9158181914030649,0.8334290337735554,0.07660861518023261,1.4449600263624347,0.9653483412883266,0.6264550816933758,0.022486916650275534
2.407653789316389,0.9961037145177212,0.4815005668349995,0.0018834019399039982,0.4111421171622105,0.7204489649493581,0.030093785427187467,0.011677092027404789,1.0363976849984793,0.9157838656376164,0.8436566010512213,0.07758325991075771,1.4218237837859415,0.9635214470415374,0.6158404617128723,0.023315484014948536
2.2076770547989146,0.9938391724031842,0.48605909280066584,0.0030130893969177747,-inf,0.0,0.0,0.004519634095376662,1.0356976806346871,0.9156594726837702,0.8180919683728672,0.07535367684616218,1.4182175831918473,0.9632284678143854,0.624427798585102,0.023837716243337925
1.9675388152669429,0.9893387967035673,0.45438041392188394,0.004896443951131013,-inf,0.0,0.0,0.01205278511047634,1.043324765457558,0.9170058746389363,0.8424710825250272,0.07624831265523088,1.4280153723831734,0.9640192402512513,0.6199491674879403,0.02313879341869433
1.8585940355516053,0.9863405611772397,0.516733461718628,0.007156036551507533,0.7013940529217766,0.8341071108770733,0.0641752979753292,0.012763619267383345,1.0274894372239245,0.9141883513405749,0.8400562119398324,0.07885312518742998,1.4193534625934936,0.9633209936142236,0.6234840993077604,0.023739519237652516
2.199496113405458,0.9937227543983188,0.47709982129180495,0.0030137910614517933,0.6903352680075381,0.830553583604404,0.06259892775082972,0.012771197652958605,1.0429187701260954,0.9169346999623316,0.8512637222364055,0.07711615287506765,1.4323890667098793,0.9643669298851187,0.6134286443706919,0.022666005249621504
2.235128102759384,0.9942143530886774,0.5177574967405476,0.0030129941823158137,-inf,0.0,0.0,0.015064970911579068,1.0408491817888623,0.9165710189548992,0.8405736636245111,0.07651147897901286,1.4028325947700033,0.9619529291922283,0.6236766623207302,0.024667600058557334
1.877650181821305,0.9869192858867474,0.4831187632490564,0.006403298137122682,0.42653116243480543,0.7275295197497794,0.038932836978439585,0.014580918713329219,1.0255329492073577,0.9138342845570725,0.8264308980921359,0.07792442328070993,1.3945476441828883,0.9612485417697884,0.6216845044206608,0.02506238507376241
1.9628358257681813,0.9892239696633703,0.4840698337046055,0.005273175107982062,0.41348218495622185,0.7215328715117907,0.030254364606537843,0.01167631631053171,1.0451184883595586,0.9173196671296283,0.8490908148992384,0.07653069450992558,1.388739919491869,0.9607473244826726,0.6198518365020981,0.02532491362402442
2.0692142859448874,0.9915452986043414,0.48588216941396706,0.004143016624305654,0.48730253570076953,0.7543698016048661,0.031199625604492746,0.010158903777407016,1.0494961513388599,0.918080964305454,0.8412459050491394,0.07506315456147807,1.4343501188228898,0.9645217723030032,0.6273204721543342,0.02307487419069614
1.6917797443343596,0.9800713468680733,0.4260108378491038,0.008662453243905585,0.6924032395064709,0.8312226611039896,0.09790537724051689,0.019879401521991486,1.039287289261504,0.916295595732857,0.8405585660691955,0.07678576035083194,1.3940086019948892,0.9612022812150057,0.6272926219258024,0.025319876176963754
1.861049412996251,0.9864165238149193,0.5196273421961688,0.007155542772682542,-inf,0.0,0.0,0.010545010401847956,1.0364649476310623,0.9157958096397901,0.8406783209462996,0.07729740256892756,1.442031342094899,0.9651220542511176,0.6279702711190202,0.022693827119094387
1.9598390309971638,0.9891501634401465,0.511681524746388,0.005612556231995118,-inf,0.0,0.0,0.007534152027319042,1.0454318358406094,0.9173743730151734,0.8357413669433343,0.07527314526335345,1.4377313717922355,0.9647872312006641,0.6140485705502613,0.022411522092223697
1.7512484684931993,0.9825771896472429,0.509860312243221,0.009040714175138036,0.1606480993322874,0.5914362448879936,0.02999178307313065,0.020718303318024666,1.0398973986253202,0.9164032802599451,0.8284716516023007,0.07557536508591775,1.4256989462813534,0.9638337738110314,0.6176047658175843,0.02317457041126993
1.826693454191457,0.9853147438141722,0.4802137938123137,0.007157167423277822,0.6256945376586756,0.8085653357366019,0.030218933086648164,0.007154587334084139,1.0470318557141476,0.9176531999039221,0.8507040805838215,0.07633903404040678,1.4089779120998613,0.9624674444308913,0.6168670983657107,0.02405546159730742
1.8841079801075071,0.98710986364391,0.49026706542840653,0.006402133700643502,-inf,0.0,0.0,0.015063844001514122,1.0429434032398264,0.9169390199526811,0.8172516921139619,0.07403079704887947,1.3965676829723241,0.9614214308716754,0.6278923343302377,0.025195181891402324
1.7566477725185559,0.9827887503505436,0.4516860884809735,0.007910226922377351,0.5113097381090804,0.7644681438890661,0.03289677219758688,0.01013546199105004,1.0282027085682939,0.9143171042254172,0.8200474373517582,0.07684865434552934,1.4129633623897644,0.9627975440278714,0.6184386923790863,0.023896444654856366
1.8529760666796447,0.9861651773471474,0.4563926226945921,0.006402691090792069,0.595994027021561,0.7977558491609383,0.06798999687402313,0.017236575824294886,1.03807438521667,0.9160811432988823,0.8412003751172241,0.0770593022820873,1.4058122444009409,0.962203240204726,0.6238407835782015,0.024505384374286565
1.9954991233846453,0.9899968976998363,0.4845970335027487,0.004896453425002096,0.31425788600905813,0.6734004832990808,0.030287314593921793,0.014689360275006289,1.036232390198867,0.9157545072705077,0.8340421118141271,0.07672830230053337,1.4269962363444688,0.9639377554076767,0.6221864951768489,0.023276857292116787
2.137851375656017,0.9927723304426798,0.5173258298160596,0.003766281590170521,0.7487694877102719,0.8486568901219838,0.039497681204731384,0.007043720467096307,1.0296377745431269,0.9145756181707533,0.8322651242770048,0.07773630998561203,1.4077422981550003,0.9623645328645105,0.6276900630503882,0.024547256192921325
2.0268537896653784,0.9906871471895939,0.48085631947303414,0.004520240460280193,-inf,0.0,0.0,0.012053974560747182,1.0377098032170418,0.9160165844006456,0.8277068752573076,0.075886890786656,1.4292889005486182,0.9641208158576082,0.6180526965829559,0.023000464408266467
2.1773670505418306,0.9933967810503608,0.45332229352101017,0.003013283731105705,0.6116049573416048,0.8034933218478633,0.06447940385013455,0.01576943219724625,1.0311656424784217,0.9148500721720125,0.8422686814324156,0.07839439446670296,1.4034235430950228,0.9620026991498882,0.6192299730904575,0.024458421586256537
1.790033652892098,0.9840419449899198,0.5249535027898327,0.008513089221354509,0.47227446623123714,0.747901640482999,0.030171523041950817,0.010170042491273422,1.043440929738457,0.9170262290868065,0.819435833849969,0.07414366023492747,1.4183424251807237,0.9632386480908878,0.6208410828683613,0.023693980273935846
1.7875039814815477,0.9839502177480695,0.5080859774820881,0.008287684840916186,-inf,0.0,0.0,0.01808222147108986,1.0400343998515404,0.9164274437113359,0.8438075742067553,0.07695007005312685,1.416420106318089,0.9630815911312339,0.614790174002047,0.023567136181730453
1.8069099929861214,0.9846408265057992,0.4829439735373165,0.00753332593760239,0.2022753569304059,0.6143788203740488,0.03059747777548067,0.019204821328600064,1.0352639396422023,0.9155823118783804,0.8267004341534009,0.07622268201882816,1.3980627979271465,0.9615489162654203,0.621046102956378,0.024834821509193496
1.8217843777299412,0.9851502853045472,0.4498305432884872,0.006780544378637157,-inf,0.0,0.0,0.006027150558788584,1.0394696024576566,0.9163277872768036,0.842251206737188,0.07690809240426803,1.41396385083266,0.9628799713861486,0.6158981205710178,0.023743515846426345
1.9279117580424734,0.9883321412989123,0.47863948365946113,0.005650628600179323,-inf,0.0,0.0,0.009041005760286918,1.0372506468591691,0.9159352144262749,0.8436635590615715,0.07743167319241165,1.3867464498364965,0.9605738552489257,0.6149472390123962,0.02524011946306127
2.0058960840515194,0.9902312155117385,0.45811107624725445,0.004519336802801369,1.0638880310292063,0.9205389771828718,0.03054073841648363,0.0026362798016341324,1.0216169658878542,0.9131216299228418,0.8252274866645748,0.07851573835825805,1.4268406719911846,0.9639253016705114,0.6247254471289614,0.02338021629360212
1.7386719379467832,0.9820744506196111,0.4539800995024876,0.008286380616267311,0.19743318361537196,0.6117339595485191,0.030265339966832505,0.01920933688316513,1.0411398594929617,0.9166221858876197,0.8195480928689884,0.07454775762078715,1.4220869558927864,0.963542739830623,0.6224087893864013,0.02354988339215322
1.9315841891087977,0.9884292529126103,0.45050141424530726,0.005273658090737106,-inf,0.0,0.0,0.01506759454496316,1.0303098749180841,0.914696447581257,0.8357932630496272,0.07794513099325506,1.4053887327203318,0.9621677590107852,0.6169195165852405,0.024257150173477293
1.9045478514018017,0.9876951850945859,0.4535100434872644,0.005649877843965337,-inf,0.0,0.0,0.013559706825516809,1.0386364454308712,0.9161805826255927,0.8270863532822531,0.0756683753892353,1.4233315444739592,0.9636432753851562,0.6211430938082418,0.023434738751196407
2.1013975722493683,0.9921444367587557,0.4758122008351156,0.0037673676292807037,0.40591589575917103,0.7180189093496229,0.029738262552194725,0.01167883965077018,1.044385214431522,0.9171915194142886,0.8443833384255016,0.0762350063284035,1.435894429971065,0.9646432529835541,0.6123841531724208,0.02244551186527274
2.15301620298341,0.9930186214129075,0.4821963050882444,0.003390062267239589,0.8617460446085851,0.8791328054652715,0.030137269068015275,0.004143409437737275,1.0351242203280693,0.915557442722355,0.8272267519867892,0.07629575068336586,1.4073829600243313,0.96233455352468,0.6199298173186087,0.024263841786774373
1.958291315764177,0.9891118501512585,0.5132606110737734,0.005649976232691304,0.32055838515183144,0.6765830746005888,0.036860879904875146,0.01762005715763627,1.0347964269328147,0.9154990714607999,0.8349273639042548,0.07706412787521551,1.3969071141074507,0.9614504090222618,0.6200692757069741,0.0248618303472091
2.051038091239817,0.9911871259918968,0.5084242331131255,0.0045205174599181434,0.3602690385063178,0.6962597961394702,0.03021457469145286,0.013180972285383466,1.0392928840513214,0.9162965837876843,0.8353561735033543,0.076309534176415,1.4240246574478659,0.9636991480560031,0.6154043119782865,0.023181198053236058
2.018918751241897,0.990517055545183,0.5114889232354456,0.004896857677656216,-inf,0.0,0.0,0.006026901757115343,1.0341449712689972,0.9153829558464137,0.8281298299845441,0.07655145635075743,1.4228275146876037,0.9636025929780895,0.618650180319423,0.023367789357719583
1.7026552408849096,0.9805546149572467,0.5128364068391963,0.01017006216972936,-inf,0.0,0.0,0.01958678640096025,1.0402612081263878,0.9164674328369252,0.8350637946174906,0.0761129310328147,1.3959169471824409,0.9613658173263084,0.6194018286068496,0.024891756044924225
1.8722270080962247,0.9867570954191144,0.47719728308053727,0.006404289480593287,0.6519772065702701,0.8177583012914772,0.06399060313569277,0.014260639358126088,1.0376048584983963,0.915997992799013,0.8277411776722333,0.07590837634360742,1.4162776350506374,0.9630699253182372,0.6142178642561666,0.02355292279567104
1.7988026668806574,0.9843559390596036,0.4741221838847169,0.007535075518488031,-inf,0.0,0.0,0.013563135933278455,1.0392350941309583,0.9162863774227387,0.8371219809214532,0.0764810165126535,1.4367331320380572,0.9647090600872157,0.6110209052161559,0.022352337034638122
1.9592738223307198,0.9891361873265195,0.48016443987667007,0.005273709115208872,-inf,0.0,0.0,0.009040644197500922,1.0408463603036493,0.9165705221593423,0.8364850976361767,0.07613982037395861,1.4415819736700155,0.9650872076517455,0.6168550873586844,0.022315220223797224
2.133247403509627,0.9926958647023905,0.5119372969628216,0.0037667722953897676,-inf,0.0,0.0,0.010546962427091348,1.0367824380684756,0.915852166486297,0.8425720620842572,0.07741491061333244,1.434709884917413,0.9645501085781352,0.6196050121177744,0.022772202510450534
2.1249358743382665,0.9925557825688845,0.5023528816475231,0.0037676714435665396,-inf,0.0,0.0,0.009042411464559695,1.0409371573941786,0.9165865079900345,0.8379294641501797,0.07625534748059552,1.4100626425134966,0.9625575662816488,0.6077012599301725,0.02363891256228109
1.7804341757728166,0.9836911038223835,0.4771729139005209,0.007911186226382231,0.835607972153122,0.8725903215938876,0.037994076192421615,0.005547635481644423,1.0557674782338695,0.9191604562381523,0.8446021856807272,0.0742821940253256,1.415853302384332,0.9630351591628112,0.6157695843121234,0.023635507447378096
1.874998133766012,0.9868402176468692,0.4802137938123137,0.006403781378722263,0.3606590697938206,0.6964496905423446,0.04368383184294378,0.01903976820478684,1.0336429457548424,0.9152933759233639,0.8207935039572413,0.07596105097353216,1.4339393722106393,0.9644893939732857,0.6175865967725357,0.02273832606393203
1.6608274128061142,0.9786306457451439,0.48299390054791685,0.01054664270796919,0.699108570584317,0.8333776425896401,0.06383748578517523,0.012763424201810317,1.040299392033743,0.916474163425117,0.8342809883179986,0.07603489576547652,1.3993258760795928,0.961656301109839,0.6210586167683242,0.024763197170362593
1.930139199348997,0.9883911381343883,0.4490235276026449,0.005273875802030984,0.8014682642215762,0.8635918630411852,0.07068532472192321,0.01116505825065488,1.0414882262509126,0.9166834700322785,0.8509918499154236,0.07734587813966869,1.4401511267053118,0.9649760279242587,0.6165872161566457,0.02237913980866719
1.9252893407334914,0.9882623031450112,0.5074886264887798,0.006027496582762934,-inf,0.0,0.0,0.015068741456907335,1.043801210987268,0.9170893291345885,0.8300362930020958,0.07504052627063486,1.405102033215255,0.962143721582184,0.6131983847058222,0.024126758046714387
2.033258543158773,0.9908222293965017,0.4879118583885959,0.004519421323181833,-inf,0.0,0.0,0.009038842646363666,1.0266879552095611,0.9140434663599828,0.8248133256748995,0.07756534233262244,1.4113226278042779,0.9626619876106847,0.6266513497989661,0.024305432398601612
1.922493421801969,0.9881873894584942,0.4727787897186804,0.0056515108114176,-inf,0.0,0.0,0.0150706954971136,1.0415125885465208,0.9166877542774877,0.8388990082979154,0.07624249368398506,1.3884713987120056,0.9607240008732313,0.6084800647642178,0.024875679665141533
1.8021628028785222,0.9844746382046148,0.47775846201043054,0.007534346427700592,0.22773379965429547,0.6281705564527855,0.029911033848041724,0.01770506904118991,1.0334512836964365,0.9152591536287369,0.8289702423560691,0.07675163878485441,1.3930232030084806,0.9611175773352102,0.6148890479599141,0.0248755994256351
1.6554011549098748,0.978367785071667,0.5110939510939511,0.011300550127808447,0.1640268400883472,0.5933148145871999,0.03238095238095238,0.022195389865754367,1.0329911932387426,0.9151769507832169,0.8574517374517374,0.07947279579609215,1.3954622451594705,0.9613269116673834,0.6176576576576577,0.02484766510123087
1.8018031783018542,0.9844619766931239,0.4773679370593645,0.0075344241906622166,0.35464514695963484,0.6935142718587327,0.02983549606621028,0.013185242333658878,1.0396314871158634,0.9163563622673353,0.8221109635230408,0.07504105874141573,1.4160859797637024,0.963054226634099,0.6139777255543067,0.023554106583719193
1.782753419112599,0.983776556158116,0.47969608296113764,0.0079106606214358,-inf,0.0,0.0,0.016574717492532153,1.03022724867427,0.9146816014917818,0.8123620309050773,0.07577437588409566,1.3857125107509847,0.9604835938672979,0.6153806663586426,0.025318113181015706
1.8500615658022272,0.9860733185512028,0.48009042799157375,0.006780496268856482,-inf,0.0,0.0,0.019588100332252056,1.0401102858525577,0.9164408252954317,0.835225813081231,0.07615415824641092,1.4197999766507412,0.9633573041405132,0.6172224220315471,0.02347695231141261
2.126419365369507,0.9925809792928084,0.45353352316852186,0.003389924520002554,-inf,0.0,0.0,0.013559698080010216,1.035621788884367,0.9156459764650531,0.833756148071447,0.07680991075649622,1.4199255563795992,0.9633675100533451,0.621175252394512,0.023620472925428754
1.7833633793453403,0.9837989568624204,0.48036191651244087,0.007910522853051589,-inf,0.0,0.0,0.016574428834965235,1.037944994813448,0.9160582364635366,0.8506066214271026,0.07794419288672162,1.4189003525431878,0.9632841113208532,0.6184454040715608,0.023572248668034108
1.8989604020111424,0.9875378394080235,0.4477840821959822,0.005650778046340251,-inf,0.0,0.0,0.010548119019835133,1.0369651955005568,0.9158845917153139,0.8510964575985278,0.07816522591178465,1.420558129986253,0.9634188779873458,0.6171855032459235,0.02343460224263641
1.764337090662802,0.9830856900816516,0.4816494845360825,0.008286936465100439,0.47816582667057494,0.7504507067339917,0.03056701030927835,0.010164526132745783,1.0315792478767538,0.9149242312830027,0.8345876288659794,0.07760553460028173,1.3870107351460035,0.9605968952272752,0.6202577319587629,0.02544259774302241
1.7827961496783487,0.9837781264239392,0.4782608695652174,0.007886216570666628,-inf,0.0,0.0,0.01506928581519611,1.046596490471599,0.917577416067446,0.8519292522554667,0.07652565229816286,1.4319873213432914,0.9643351283061706,0.6142005199041746,0.02271552916997006
1.8313963421987312,0.9854706115432627,0.48537738299309124,0.007156211928610724,-inf,0.0,0.0,0.018078851188069196,1.0283950953603487,0.9143518020472566,0.8174640278427094,0.07657262852127096,1.4329014119599162,0.9644074467705189,0.6243831489273285,0.023043569953970906
1.811562202425108,0.9848019903738934,0.4857644809590244,0.007496586450676228,-inf,0.0,0.0,0.016573370509900744,1.049698090988002,0.9181159281091668,0.8261768201312458,0.07368429199729883,1.452947847318728,0.965958353673299,0.6229008422466801,0.021951847186506532
1.7633634991299287,0.9830483729258088,0.48058427197448955,0.008287166309005263,0.4103045034619375,0.7200603599862894,0.030036516998405597,0.01167737070814378,1.0283251666254754,0.9143391915593503,0.843079771640179,0.07898479632650454,1.4193397269938408,0.9633198760866076,0.6170858406624492,0.023496644948976006
2.0619125556393176,0.9914031816018182,0.4778806321280622,0.00414387716990735,-inf,0.0,0.0,0.009041186552525126,1.0434161666012385,0.9170218904403181,0.8294379379123408,0.0750529434493649,1.3994492291561138,0.9616667729406168,0.6145859970337033,0.024498158025955997
1.8052540349545412,0.9845830550302616,0.4811286751454611,0.0075336806480513375,-inf,0.0,0.0,0.015067361296102675,1.042566359579789,0.9168728741879117,0.8350239431543175,0.07570639543696316,1.4216135983792362,0.9635044327188834,0.6192266103702178,0.02345503108610778
1.7127083749169496,0.9809911126080771,0.5054989816700611,0.00979516847380128,-inf,0.0,0.0,0.016576438955663703,1.0470912562288188,0.9176635348067788,0.8443991853360489,0.07576289292920953,1.4119994289938824,0.9627179619164254,0.6148167006109979,0.02380927805789368
1.7877170531686524,0.9839579638033427,0.5086396964569554,0.008292647370909553,0.8492978807529376,0.8760538798789759,0.07824437266061632,0.011070194008988002,1.0390652519409314,0.9162563747918718,0.8287442957493719,0.07574523201803018,1.4176144262723374,0.9631792449980726,0.6150848587396811,0.023513680352502016
1.8782924547759121,0.9869383640126994,0.5123071365911553,0.006780128907587849,-0.8625525162580698,0.1206700149513129,0.0018576809948913772,0.013537038195629165,1.0327495393056934,0.9151337462974697,0.8187728984983745,0.07593009088546084,1.434178232835483,0.9645082263376451,0.6192269982971258,0.022786186648331767
1.7811309309151802,0.9837168221193366,0.47792951767173036,0.007911028027255117,-inf,0.0,0.0,0.013561762332437343,1.0357553499232972,0.915669726997882,0.8364789524832489,0.07703705423866354,1.4222890813641722,0.9635590853247473,0.6168482430566211,0.02332863083868895
2.0737049029011057,0.9916315422155495,0.44641492126586146,0.0037673311748589993,0.8966072067237391,0.887406021636312,0.129592824746471,0.016442723341777574,1.038071534531825,0.9160806386845473,0.8292310044335729,0.07596333044977677,1.406734335567678,0.9622803811201948,0.6101003923966773,0.023914811868899457
1.7033456018100932,0.9805849014166074,0.47569108588301173,0.009418449452278458,-inf,0.0,0.0,0.015069519123645533,1.0311665474053475,0.914850234488649,0.8434556839586621,0.07850471148257361,1.4241200210561533,0.9637068289617701,0.6140609886473553,0.02312551890173138
2.068049790533257,0.9915227906086674,0.4845970335027487,0.004143152898078697,0.44584824124101885,0.7362568865220307,0.03251737371641946,0.011648425356818079,1.0537514433847472,0.9188148560315273,0.8417176641427238,0.0743729482557352,1.4004573528405122,0.9617522528663661,0.6229125609376621,0.024772494211581994
2.033716577156734,0.9908318150460778,0.48412330811589727,0.004479601847569695,0.3639485100090134,0.6980485500861412,0.030466779887808142,0.013178866083447661,1.037316571168626,0.9159469016867627,0.8279553291132726,0.07597843341002515,1.3995293978225098,0.9616735772386753,0.6194740363336936,0.024688443530248762
1.7555615413937926,0.982746392391836,0.47213379819109697,0.00828902691030522,-inf,0.0,0.0,0.01205676641498941,1.0480035971402182,0.9178221217716616,0.837855590925168,0.07501801611740895,1.4178139655272208,0.9631955361359632,0.608609974230711,0.02325546886743944
1.7692442309355256,0.983272552128366,0.42070597921169084,0.007157056628211033,0.6293382856653048,0.8098606474723612,0.06092415354533292,0.014303793059409504,1.0411112868761905,0.9166171576189031,0.835237213131625,0.075979870455727,1.4303575776047208,0.9642058396087606,0.6188638468663168,0.022974048574587288
1.587407962340307,0.9747939460766081,0.4807326233472244,0.012430701355496,0.5638562561834708,0.7855532869374043,0.07387971394762566,0.0201682840381719,1.041285532247524,0.9166478173981325,0.8118536811236302,0.07382309213051204,1.410910456754217,0.9626278597632001,0.6180480526830272,0.023994504484456787
1.8104163174126366,0.9847624493426728,0.5112255406797116,0.007910359578217356,-inf,0.0,0.0,0.009040410946534122,1.0442820373223012,0.9171734735812165,0.8278578784757982,0.07476076709331696,1.3969824561572313,0.9614568383418904,0.6182286302780639,0.024783729324317
1.7599613703657222,0.9829173350047135,0.4768806777584975,0.008287973536283752,0.3426371925811327,0.6876061082834659,0.041951617842196594,0.01905950078635116,1.0396216504182847,0.9163546262005998,0.8156578544452383,0.0744537149448006,1.4310785463815678,0.9642630901285751,0.6129937736041645,0.022718388231696855
1.9904202355841405,0.9898804197627646,0.47903209268942887,0.004897160910954495,-inf,0.0,0.0,0.0030136374836643044,1.037345950068629,0.9159521095914139,0.8511227314672408,0.07809913783650242,1.40126170130215,0.9618203231595219,0.6143750640828463,0.024387758129790243
1.8269195087000085,0.9853222734793892,0.4804607157548334,0.007157121258249782,-inf,0.0,0.0,0.01205409896126279,1.0349962425621315,0.9155346576522032,0.8428630193336075,0.07776080663388255,1.4544623467255622,0.9660728385692896,0.6167215137803373,0.02165841903474326
1.6702354102160601,0.979079005380855,0.47603036323806613,0.010171833542666158,-inf,0.0,0.0,0.016576321328789296,1.0472036304823737,0.9176830832090246,0.8520046869427887,0.07642551138170631,1.4021159933266665,0.9618924926680746,0.6135819450812573,0.02430841143802297
1.9872100751166775,0.9898061073901947,0.5120429109288772,0.0052734676080993135,-inf,0.0,0.0,0.004520115092656554,1.031311056857435,0.9148761515319008,0.8341843313218835,0.07761594888554782,1.426201362359604,0.9638740781245952,0.6204548971066068,0.023254598965559276
1.7327583780989253,0.9818331630261561,0.5089445896765595,0.009416990317251753,-inf,0.0,0.0,0.010547751604061968,1.0280036197978408,0.9142811842592306,0.8360243989953355,0.07838181802935335,1.3584661631642823,0.9580324092791533,0.6152544979240351,0.026951853306783343
1.829504673675623,0.9854081129312737,0.4832936795282921,0.0071565950190201864,0.671993521842827,0.8245266473103839,0.06687700424123307,0.014232568699055375,1.043328634664678,0.9170065526792621,0.8403848143167477,0.07605881616915776,1.4172413925747367,0.9631487705149724,0.6210303092996793,0.023761365996370104
1.9282666219277829,0.9883415601578174,0.510936132983377,0.006026983392900105,-inf,0.0,0.0,0.016574204330475288,1.0418201109582745,0.916741816586635,0.8428284699706654,0.07654539813630502,1.4202342589257675,0.9633925868060609,0.617827183366785,0.02347646773880406
1.9601821132032053,0.9891586382799362,0.5154724818276221,0.005649673789383257,-inf,0.0,0.0,0.009039478063013211,1.0326650049931343,0.9151186279818058,0.825441329179647,0.07656339888502785,1.4064857801512285,0.9622596022106055,0.6245067497403946,0.02449352867273942
1.9676222555087788,0.9893408229939258,0.4893683879752802,0.005272464399902496,-inf,0.0,0.0,0.004519255199916424,1.0365571626822452,0.9158121820084121,0.8408924269404001,0.07730067363213211,1.4017363569466805,0.9618604376557481,0.6269508746202995,0.02485977282488273
1.8100115869909887,0.9847484591275852,0.48636268998542576,0.007532665196249145,-inf,0.0,0.0,0.010545731274748804,1.0454774413465384,0.9173823323230491,0.8262544243181345,0.0744108656115776,1.4466151171277568,0.965475596492161,0.6231521965438268,0.02228327464561648
1.8093712548002072,0.9847262990901828,0.4856548856548857,0.0075328012217584445,0.4149195739739909,0.7221973812664417,0.030353430353430355,0.01167584189372559,1.0264526321085001,0.9140008846176266,0.8187110187110187,0.07703321139826333,1.4253588294969912,0.963806464744739,0.6227650727650728,0.023386510094469584
1.928791161321382,0.9883554688136588,0.47959759790586665,0.005650486451410654,0.3202532027034277,0.6764292899498802,0.030693425037211928,0.014682234315868643,1.0501471440966321,0.9181936283910493,0.8281578812297901,0.07378464551260426,1.4080669421734113,0.96239159798195,0.615254324282708,0.024042948857292322
1.865216457864466,0.986544488345886,0.5051775913844879,0.006890133236330989,0.5164640303950409,0.7665983797209952,0.052293672983328154,0.015921541614908434,1.0363609875243902,0.9157773485222332,0.8341099720410066,0.07671182693337152,1.4350157571793687,0.9645741828632343,0.6223982603292948,0.022858757105873158
2.03915537953077,0.9909448818897638,0.453416149068323,0.00414325444122822,1.0875615363651394,0.9244359398430921,0.06397515527950311,0.005229375312807971,1.0372496591230709,0.9159350393062172,0.8265527950310559,0.07586141510456171,1.4012625932501388,0.9618203985785628,0.6234989648033127,0.024749882616390363
1.9546914558869615,0.9890222182526964,0.5090759922059276,0.005650555702481471,-inf,0.0,0.0,0.022602222809925885,1.0390254465336675,0.91624934175173,0.8205312275664034,0.07500145134136194,1.4051172513376686,0.9621449978669817,0.6194749256486515,0.02437285927149114
1.7078009397152418,0.980779250027588,0.4805348418616611,0.009417246590601974,0.26815251015176805,0.6496369970525653,0.03003342761635382,0.016197664135835396,1.0348520250410322,0.9155089745796612,0.8273592183080484,0.07635580937686853,1.4143301443698488,0.9629101053218815,0.6178966315248136,0.023800478215522072
1.991210003417896,0.9898986198522411,0.47989317446458835,0.004897050352797905,0.3167822588869746,0.6746775671908595,0.03045554927841405,0.014685345809029226,1.0428056621457666,0.9169148612197876,0.8351907965692569,0.07567981082627405,1.4082479405776995,0.9624066794440775,0.618560936777772,0.024162092882699777
1.9640363458966537,0.9892533970278649,0.5175169979758135,0.005621966753196498,-inf,0.0,0.0,0.015065864787733188,1.037544937435619,0.915987375738105,0.8327191571080085,0.07637542122829365,1.439943773953101,0.9649598879130493,0.6263559453988685,0.022744554263878364
1.8611886741855632,0.9864208196669663,0.5034010073212524,0.006929875081665466,-inf,0.0,0.0,0.0075328935275805154,1.0294707862662218,0.9145455731598796,0.8103224466483203,0.07571589898441375,1.3886457636007183,0.9607391476517568,0.622098759021756,0.025422225776555545
1.9614938943465223,0.9891909816544798,0.48259477326722444,0.0052733757731726035,0.8617034742979741,0.8791223894507774,0.1406362979031092,0.019337216127138922,1.0400214251849351,0.9164251555898906,0.8573494473711394,0.0781873415762079,1.4364052880040743,0.9646833505112243,0.6201838653031712,0.022704669027302102
1.9656164858271845,0.9892920085667922,0.4989234081820978,0.005400293881258039,0.6095135662108833,0.802731865724757,0.05249666769199221,0.012900845392398564,1.0396296285769475,0.9163560342585819,0.8287706346765098,0.07564926729648594,1.3854149636361148,0.9604575817416148,0.6171947093202091,0.02541015012713783
1.9592926660740462,0.9891366535691827,0.5144307995232914,0.005649815897266225,0.36163122617457377,0.6969227123139429,0.03031245142235349,0.013182258804135202,1.044457601499414,0.9172041778873428,0.8571428571428571,0.07737409972183042,1.4145741397534781,0.9629301650802873,0.6215866107052179,0.02392916317584149
2.0293500263378266,0.9907400277898211,0.4835938308663699,0.004519919766264423,0.5573763228535844,0.7830290652234219,0.06764310112824759,0.018743348791011756,1.0292539561198317,0.914506546161041,0.826570748369734,0.07727269795610363,1.4140820964847898,0.9628897016942531,0.6229168823103198,0.024007558998239243
2.000060287504504,0.9901003706270491,0.4896504742440916,0.004895825070983659,0.8269120703972934,0.8703475726492179,0.037363098045380704,0.00556584117329557,1.033504373935617,0.915268634433488,0.8321542734370906,0.07703701984060195,1.422645862998163,0.9635879203553437,0.6292511659592307,0.023778155669438947
1.8022954460089002,0.984479305684473,0.45393305005700074,0.00715642885428773,0.16459509841180398,0.5936304981385084,0.03026220333713338,0.020715978262411852,1.0461444813007303,0.9174986678689979,0.8407607005907348,0.07560106649880619,1.4435220473506638,0.9652374121603888,0.623277023525754,0.02244703945968188
2.0394968972002316,0.9909519353923321,0.45376845376845376,0.004143214357811449,-inf,0.0,0.0,0.010546363819883688,1.0317331901537565,0.9149518180452663,0.8343952343952344,0.07756014723116027,1.402497762253756,0.9619247016512704,0.6227920227920228,0.02465160946205934
1.997098230348133,0.9900332957740274,0.48636268998542576,0.004896232377561945,-inf,0.0,0.0,0.007532665196249145,1.0484175918175342,0.9178939923130891,0.8339579429523215,0.07459789240155297,1.4320796024398361,0.9643424355607741,0.6231521965438268,0.02304170052496485
1.967288009877211,0.9893327037684563,0.45412130637636083,0.0048964786888375505,0.31407549610186747,0.6733081119952475,0.030274753758424054,0.014689436066512651,1.02868769041326,0.914404548466922,0.8186625194401245,0.07663324523283427,1.4112681002119363,0.9626574744348161,0.6222395023328149,0.02413734390539322
1.8117315740131903,0.9848078262998324,0.512756946596426,0.007910063659758906,-inf,0.0,0.0,0.012053430338680237,1.0303247351433686,0.9146991173831067,0.8415452949075509,0.07847887360280696,1.4159364722168428,0.9630419758597915,0.6210102262163,0.023832098192114445
1.737433756925276,0.9820241916326475,0.5028069445888346,0.009203807155378014,-inf,0.0,0.0,0.007532791505487716,1.0386641856086272,0.9161854876266391,0.8329348165089926,0.07619857160730939,1.4307752722689895,0.9642390185609738,0.6243892296496517,0.023156884571578933
2.1763823879105026,0.9933818919825986,0.5088933312829976,0.003390348729877061,0.3621868027751335,0.6971928518774899,0.030344968988671894,0.013179529156934572,1.0423349038795058,0.9168322455795613,0.8287457071095392,0.07517724183262024,1.431086623512616,0.9642637310157902,0.6154082731047209,0.02280744870452685
1.9292408078476717,0.9883673785607391,0.5120693212296266,0.00602681623628422,-inf,0.0,0.0,0.01808044870885266,1.0335805274631733,0.9152822321779497,0.8263874561584486,0.07648974073854299,1.4186794799479967,0.9632661197827223,0.6206932122962657,0.02366995957182773
1.9333968257893732,0.9884768903478098,0.4846473029045643,0.005649746664327654,-inf,0.0,0.0,0.01355939199438637,1.0239129324975214,0.9135401083386816,0.8327800829875519,0.07881654576036819,1.415932537216185,0.9630416533697693,0.6215767634854772,0.023854055950550526
1.836294757143893,0.9856312265588538,0.5167065681274071,0.0075326749121940335,0.46514556644209193,0.7447941215442773,0.07213490163422505,0.02471723447643395,1.0410107524485814,0.9165994631692068,0.8342874986988654,0.07591104736427319,1.411110639454722,0.9626444386749926,0.6237118767565317,0.024203232601004272
1.9021358598591538,0.9876275041697565,0.4667665134534938,0.005847413844813274,0.5300272917562027,0.7721397300051336,0.06367814904715179,0.018791573171038467,1.0337893920953622,0.9153195162546549,0.835820895522388,0.07732569501731457,1.4147958199803992,0.9629483811831533,0.6189123586221144,0.02381405404568671
1.6755773757174353,0.9793294776656787,0.48184818481848185,0.010170278637770898,-inf,0.0,0.0,0.02109391124871001,1.0484829487515348,0.9179053332128004,0.8276608910891089,0.0740234778121775,1.3957479537890012,0.9613513621367926,0.6179867986798679,0.024844556243550052
1.961966356107415,0.9892026073153434,0.5175685538525702,0.005649389595062588,0.27414023820523564,0.6527685864826499,0.030445209050151183,0.01619491683917942,1.0211151442909898,0.9130299207774848,0.8328641434678344,0.07933393954637208,1.4280693723798483,0.9640235528633418,0.6255864873318736,0.02334629597384255
1.927935604764608,0.9883327744783682,0.4467792115060948,0.0052742092072881625,0.549894587928408,0.7800879679852687,0.06650685979497119,0.018748729990291483,1.026197518343034,0.9139547001651496,0.8289896465548019,0.07804616868309266,1.4145840731121189,0.962930981517234,0.6117203039730709,0.02354880223973268
2.1046327262234152,0.9922022825308557,0.5010890986412198,0.003938059090234826,0.48312278063868963,0.752582105386726,0.030909656674618816,0.010161817724490652,1.030478921118041,0.9147268141071181,0.8279224146872731,0.07718105655558494,1.4068840647900056,0.9622928929828797,0.6205787781350482,0.024317160160205353
2.0554059673031766,0.991274546918265,0.5134995344988104,0.0045199547488548545,0.31913511595523797,0.6758655486357628,0.030619633805730836,0.014684693168083237,1.0368863285191068,0.9158706003525391,0.8267818351091342,0.07594594629457876,1.4371599974290636,0.9647425079103559,0.6198924175028447,0.02265459625478407
1.9362337576826245,0.9885510582003414,0.4877845061599499,0.0056492948699759325,0.5779987902808017,0.7909880442860544,0.03267905617039048,0.008635166473627595,1.0338427515755295,0.915329038978062,0.8180204635623304,0.07566959621729406,1.4134459887740456,0.9628373281691616,0.6280538734600125,0.02424102110359878
1.807000908623399,0.9846439921048019,0.48304383788254757,0.007533306502378667,0.31890774561416596,0.6757508455812092,0.030603804797353185,0.01468478788066417,1.0341136383242442,0.9153773674064587,0.842741935483871,0.07790780471192843,1.3912588483566788,0.9609654717533396,0.619520264681555,0.025164984572201066
1.8762881842509453,0.9868787379794768,0.48162465852275654,0.006403545944216653,-inf,0.0,0.0,0.007533583463784297,1.026409553316137,0.9139930874361296,0.8346992423070976,0.07854534759296203,1.4083054538696127,0.9624114704492197,0.617442399876295,0.02411520706712049
1.7852352471552637,0.9838675111883578,0.4929096102836156,0.008082245508286737,-inf,0.0,0.0,0.01205531200086699,1.0396287731178793,0.9163558832804184,0.8446235462150582,0.07709645539766789,1.3929413904916061,0.961110536843289,0.6160987553560497,0.024929234389635322
1.7138861783676842,0.9810416187124903,0.4483570478042788,0.0086643866101942,0.46815899117060844,0.7461107528227242,0.02989046985361859,0.010171236455445366,1.041616940489369,0.9167061028810275,0.8437915856280069,0.07666872654416632,1.4171433723317735,0.9631407588603575,0.6134711843586856,0.023477443051267727
1.7310873196250915,0.9817644039973916,0.5070480081716037,0.009418066690233335,0.29550585133652196,0.6638340748784994,0.037742594484167516,0.019112869723624897,1.0318482968779252,0.9149724400972953,0.8440245148110317,0.07843443348393639,1.406511905372569,0.9622617867622572,0.6126659856996935,0.024027681375192553
2.0922176584090995,0.9919779684023478,0.5123600144501212,0.004143406765285423,0.9658180801517409,0.9023733918786951,0.13732775971512617,0.014857312397003383,1.0256706677002103,0.9138592507834079,0.8353202250090314,0.07873762831241958,1.409431546996912,0.9625051587741554,0.6186716209939619,0.024100644021116925
1.9989950209959848,0.9900762996175565,0.5015470297029703,0.005027089783281734,0.5682377078509225,0.7872479202754432,0.06394389438943894,0.017280701754385966,1.0313039422244816,0.9148748757257349,0.8341584158415841,0.07761480908152735,1.4070590103785596,0.9623075069559207,0.6180899339933993,0.024209881320949433
2.0675483979617053,0.9915130811355582,0.4840447575631993,0.00414321168561124,-inf,0.0,0.0,0.0150662243113136,1.0429811245260574,0.9169456348629854,0.8198300870285951,0.0742579110576799,1.4176388879721973,0.9631812425165107,0.6218400331537505,0.02377058061719923
1.871419197845675,0.9867327671161006,0.47632155783249225,0.0064044382085893525,-inf,0.0,0.0,0.010548486461205993,1.037949380922309,0.916059013058274,0.837182035989193,0.07671327430773944,1.4292313918770008,0.964116234968966,0.6123770199316919,0.02279226538939152
1.9657861371390688,0.9892961459183037,0.45257284562926225,0.004896687125427944,-inf,0.0,0.0,0.010546710731690957,1.0456669872102995,0.9174154053686832,0.8424261210994007,0.07583415245776026,1.4013843298199589,0.9618306907237315,0.6208927464352139,0.024639520754162054
1.7122099344795227,0.9809696989683364,0.48537738299309124,0.009416068327119373,-inf,0.0,0.0,0.016572280255730095,1.0412719696692934,0.916645431328679,0.8345540491403044,0.07588964109946142,1.460022858374936,0.9664899941343925,0.6238636953924471,0.02163051476871621
1.7740441459082579,0.9834533673311004,0.4478069727021777,0.007534365868290512,0.2268850245808403,0.6277139539140054,0.02985379818014518,0.0177057597904827,1.0462063187250232,0.9175094451117886,0.8441877108680094,0.07589841507389226,1.4198865184601288,0.9633643377195624,0.613076372559043,0.023314604929591094
1.7684587324211054,0.9832427776394613,0.486185545553879,0.0082859691223825,-inf,0.0,0.0,0.01807847808519818,1.0450169610606899,0.9173019348810302,0.8263697382798273,0.07450020089347616,1.4203914788439136,0.9634053518625999,0.6212602112492845,0.023598372988566162
1.873979486510613,0.9868097224769502,0.5073071027082269,0.0067809642747941904,0.6052784897988748,0.8011831028960744,0.06934082779764947,0.017207212902410108,1.044152301715598,0.917150777549373,0.8369954011241697,0.075608525746635,1.4107477511001074,0.9626143794493404,0.615278487480838,0.023895932324531584
2.025475520715315,0.9906578216920208,0.4793515620992151,0.004520418319304857,-inf,0.0,0.0,0.0075340305321747614,1.0479479314590192,0.9178124536986808,0.8576412045349613,0.07679937870049584,1.4308223472542185,0.9642427560347829,0.6178628225516852,0.02291235432648799
2.148388503232051,0.9929443600577768,0.4771485472093142,0.0033905105698650954,0.5662254148583761,0.7864708328638766,0.037124036153806876,0.010079286083360372,1.0324636166489085,0.9150826013710768,0.8289843231374151,0.07692769168544371,1.414938820291453,0.9629601273635128,0.6130827758770362,0.023581981526361928
1.9303059971062233,0.9883955441184487,0.48125257519571485,0.005650242263812133,0.3112126664794805,0.6718564742589703,0.030078285949732178,0.014690629885911547,1.0440182366219677,0.9171273181707025,0.8494025545941492,0.07675299411239596,1.4182408507721873,0.9632303653816013,0.6182529872270293,0.02360072653343447
1.7820823033739281,0.9837518743292822,0.45231287654447055,0.00747062003372455,0.62353278536558,0.8077936793177128,0.08419279076891657,0.02003282144437578,1.0396676283612933,0.9163627405104261,0.8366179924435821,0.0763588839160731,1.3938430914906097,0.9611880664864915,0.6133462677422649,0.02476638588677892
1.9294688089994583,0.9883734130064371,0.48033722305042925,0.005650377111070547,0.50855518090786,0.7633242014366383,0.03269418598673726,0.01013713774858273,1.0331464694837669,0.9152047015633112,0.8280470878527734,0.07671999478823664,1.4258421634790595,0.9638452672439953,0.6166144039479772,0.02312978000295419
1.692128618616874,0.9800870307227657,0.4450314976630766,0.00904195062537578,-inf,0.0,0.0,0.015069917708959634,1.0395076335258548,0.9163345011091149,0.8232066653119284,0.07516250480611673,1.4113415401231573,0.9626635528355529,0.6113086770981507,0.02370931573800019
1.8976584702410317,0.9875008918378995,0.4464604250547882,0.005650989471484113,0.560502958128296,0.7842497020112172,0.06284083380051986,0.017287770187934107,1.0430739357881065,0.9169619084660973,0.8367565363640996,0.07577486612767237,1.3948466513117206,0.9612741797060423,0.6116405891646705,0.02464050740208661
2.1346099567719725,0.9927185781488119,0.5135260952775048,0.003766626528015252,0.5138446297014128,0.7655174761246039,0.03781099674132313,0.011581731603351008,1.0349337151185516,0.9155235232814107,0.8280142761082088,0.07640189131089567,1.4188121313599593,0.9632769261370826,0.6202348316350282,0.023645256017734102
1.900198517918336,0.9875728758969341,0.4789829813409883,0.00602728274303289,0.6166592544146905,0.8053243706169126,0.07109903629280295,0.017187173446929722,1.0554931833938064,0.9191135140330392,0.84262866516301,0.07415544506683937,1.4093685964514657,0.9624999273626144,0.6175415214271068,0.024060107696396275
2.4102900814482724,0.9961272031275334,0.48439606013478487,0.0018832610341682886,-inf,0.0,0.0,0.006026435309338524,1.0418450304135871,0.9167461960189822,0.8435458786936236,0.07660615723165788,1.4123503113359728,0.9627469496038432,0.6204250907205806,0.02400706351878295
1.5979528868525765,0.9753837093561283,0.5075145690624681,0.01280842197609387,0.192872657494548,0.6092369022799746,0.03225641549943768,0.02068918805596589,1.0342012583694284,0.9153929941853975,0.8275227481852572,0.07648542474342516,1.4037423192342067,0.9620295206622994,0.6159390655352214,0.02431058617108429
1.8762428560001512,0.9868773863859015,0.48157501417306603,0.006403554204783445,-inf,0.0,0.0,0.02561421681913378,1.03568156251137,0.9156566064793122,0.8424470442715044,0.0775998797721088,1.434452728384892,0.9645298563682647,0.6205225995980003,0.022819434348411913
2.079684057137366,0.9917450210212413,0.5430313048868685,0.00452002471566026,-inf,0.0,0.0,0.007533374526100434,1.0308807242327476,0.9147989524645301,0.827358198160967,0.07705713367998895,1.4307287702447486,0.9642353262075347,0.6178324207046182,0.022916164119207914
2.0383595221803983,0.9909284235768526,0.45259622836476365,0.0041433479722168655,0.5481007115212371,0.7793785488580981,0.030586411779901835,0.008658204106326152,1.0439243882919569,0.9171108925266453,0.8650994575045208,0.07818827853050463,1.4066722524425193,0.9622751920817699,0.619581503487471,0.02428992600150796
1.8447151535639859,0.9859032452986085,0.44789855813477863,0.006404194463545503,0.7502869391532155,0.8491051151446197,0.10292463442069741,0.018290787068274854,1.0379181243532978,0.9160534786968066,0.8374066878003886,0.07673938257063127,1.416409445005534,0.963080718285772,0.6130994989262706,0.023502903432643073
2.2052592682922643,0.9938049915167162,0.48339368856699433,0.00301329539195414,0.5425014366106901,0.7771536781998665,0.030212105535437146,0.008663224251868154,1.0364979389516893,0.9158016674328878,0.8189342990170719,0.07529239671788152,1.3813325012202307,0.9600990232868848,0.6231764097258148,0.025898732119845568
1.8084281445626909,0.9846936030478587,0.5089194176748001,0.007910808600230667,0.47420222976381465,0.7487376391968671,0.030295263481648554,0.01016652432715554,1.0431753830375745,0.9169796929931299,0.8438589296698791,0.07640019506103397,1.3836710817061202,0.9603047979360719,0.6147221652655321,0.025410182908421942
1.8258806067358613,0.9852876371679792,0.47932697240176464,0.0071573336223100335,0.31551104901547616,0.6740347832389443,0.030368318456961117,0.014686208716001698,1.0426666176376833,0.9168904673972559,0.8284600389863548,0.07509394967935197,1.424745311874383,0.9637571532524553,0.6159844054580896,0.023164578681001975
1.8238894133902344,0.9852210268975379,0.45198906145193746,0.006780137653822116,0.23097280150214167,0.6299108851436507,0.030132604096795832,0.017703692762757746,1.0385702361354285,0.9161688744849396,0.8502141272380166,0.07779614566718115,1.410880715319481,0.9626253960068333,0.618182756307724,0.02400137769920363
1.6558099678145075,0.9783876985840042,0.47751430907604253,0.010548153041108899,-inf,0.0,0.0,0.016575669064599695,1.042610279835794,0.9168805816985242,0.8435200327064595,0.07646894900349885,1.4239611335256166,0.9636940307575937,0.6141148814390842,0.023136011311913632
1.8286266757137486,0.9853790149380522,0.5077741407528642,0.007534317267003819,-inf,0.0,0.0,0.009041180720404583,1.0395248451064312,0.9163375394025898,0.8202229950900164,0.07488711425327692,1.4086265519995984,0.9624382079689621,0.6147197217675942,0.023991123955000516
1.8515107803306456,0.9861190695902051,0.5084763124199744,0.007157476744328557,-inf,0.0,0.0,0.00753418604666164,1.0378540576628374,0.916042133862273,0.8356466069142126,0.07658938750550712,1.3902675480604383,0.9608797611306766,0.6126504481434059,0.02494280017571167
2.0083508641765246,0.9902857413724346,0.42237950095572663,0.004143353316972334,0.8690733590261609,0.8809141340216256,0.061218163971689825,0.008275741969189293,1.0400208328184615,0.9164250511229239,0.8274009402283412,0.07545624292537256,1.4299286819424992,0.9641717400793154,0.6186909128480653,0.022990322070902684
1.9358666845092496,0.9885414881960355,0.48737742541205925,0.005649353161961022,-inf,0.0,0.0,0.0030129883530458784,1.031794584892173,0.9149628178411146,0.8109743375756311,0.07537243167249229,1.4126640028945112,0.9627728464786582,0.626330064677655,0.024218054713598433
2.234290820054472,0.9942032528166145,0.4522223943007589,0.0026367031922297232,0.6855177957059472,0.8289867392767194,0.10329874554746786,0.02130969588260221,1.0355019412362387,0.9156246593508057,0.8359919467244851,0.07703714023481364,1.432219880351413,0.9643535406690752,0.6188632491869289,0.02287572214256644
1.8452101119611577,0.9859190758973816,0.4484029484029484,0.006404103580311897,0.5631485556257854,0.7852786478750077,0.06321662571662572,0.017285532195972793,1.035730457968658,0.9156653010387558,0.8365069615069615,0.07704404949892146,1.4165443384012075,0.9630917605933863,0.6147624897624898,0.02355933471633072
1.9019829469524845,0.9876232010355512,0.48093056770806525,0.006026975617968179,-inf,0.0,0.0,0.015067439044920448,1.0380981858952323,0.9160853562714075,0.8419373102063925,0.07712258354978802,1.4183362070460965,0.9632381410954358,0.6198980904832981,0.023658330339410834
1.8202289818009667,0.9850978006871193,0.44824233740981423,0.006780846173743702,-inf,0.0,0.0,0.010547982936934647,1.0395991375195517,0.9163506528033861,0.8294530010745536,0.07571686870947829,1.3923257497514858,0.9610575177586638,0.615360998823108,0.024934704037867465
2.024866826438565,0.9906448413712721,0.4786885245901639,0.004520497048259919,0.8902281273701371,0.8859300373686707,0.11726434426229508,0.015098640754654667,1.0492552359984322,0.918039234469224,0.8440573770491804,0.07535580852908393,1.3940107725793576,0.9612024676006083,0.613780737704918,0.024774362176443875
1.955986759057205,0.9890545533718327,0.47658879934713866,0.005274205804980821,-inf,0.0,0.0,0.012055327554241877,1.0415689695272585,0.9166976684185194,0.8288279098235234,0.07531741352328043,1.4256741772840629,0.9638317856986153,0.6139957155972662,0.023040460951137477
1.9018019195622697,0.9876181048189824,0.4506868343880228,0.005650318797952727,-inf,0.0,0.0,0.012054013435632484,1.045223829394731,0.9173380618093663,0.8357771260997068,0.07531242844380803,1.4176824431033574,0.9631847989278433,0.6154756392447395,0.02352493461175021
1.8321720611309948,0.9854961641111835,0.5118845063160609,0.007533554308993116,0.531133295473134,0.7725874800771652,0.06383088424851766,0.01878873604631588,1.0403006399790573,0.9164743833892057,0.8494972931167827,0.07742146043884243,1.3983669049451959,0.9615747973065903,0.6199020366073731,0.02477171975951966
2.104792145210683,0.9922051220512205,0.479499153281675,0.003767000686961598,0.40931046872048515,0.7195987564066503,0.029968697080104686,0.011677702129580953,1.042038697994381,0.9167802246994736,0.8438446143582902,0.07659912081816159,1.3880459396881135,0.9606870184521741,0.6156411966952328,0.025193107162784098
2.032633728686941,0.9908091373838938,0.5185796010926146,0.00481040564658289,0.49639641437879184,0.7582290972113387,0.04092150698345617,0.013048338191253938,1.0401902648848793,0.9164549265287056,0.8429108900685461,0.07684071545915251,1.4302655457840907,0.9641985252145722,0.6170179869092408,0.022910379266106763
2.0269443171597166,0.9906890701530734,0.48095532221535925,0.004520228797882304,-inf,0.0,0.0,0.010547200528392042,1.047426485086371,0.9177218380570823,0.8275684578958205,0.07419547925519426,1.4443915162813763,0.9653045259150751,0.6187461395923409,0.022239293482046795
1.927362311791157,0.988317542964068,0.5098864978686252,0.006027138895751267,0.44725771620858923,0.7368866106055966,0.032612603358841356,0.011644685197452657,1.0426302935205523,0.9168840936594109,0.8358070977350932,0.07576624453903417,1.4161903260440698,0.963062774542254,0.6155307893790766,0.023608014082244902
1.6880208888454844,0.9799015958004452,0.5141910089082246,0.010546384225828837,-inf,0.0,0.0,0.01807951581570658,1.0456562117807195,0.9174135255331715,0.8343691733996271,0.07511073961421079,1.4232627616598625,0.9636377262083112,0.6214004557696292,0.023448161993287257
2.0006618444543185,0.9901139380012463,0.4526897834737223,0.004520004308451595,0.4123901376119893,0.7210273624136292,0.030179318898248153,0.011676677796833288,1.0526746979813655,0.9186297228530504,0.8339620691437135,0.07387059552733706,1.4377373328665761,0.9647876975047043,0.6201229910598935,0.02263291540922873
1.8048919065542133,0.9845703929679667,0.4807326233472244,0.007533758397270302,-0.03771733305634876,0.47830179423910973,0.030045788959201524,0.03277184902812581,1.0462448756804141,0.9175161643044277,0.8273910582908885,0.07438167387469322,1.4061019794303682,0.9622274953660624,0.6187683284457478,0.024289920695582626
1.9288363057677553,0.9883566650945119,0.4796468353780607,0.005650479161922995,0.8674650715562837,0.8805251016692038,0.12196499153020893,0.016548937600262142,1.0419932968040382,0.9167722485437174,0.8510856732200606,0.07726449725248676,1.4422168082428315,0.9651364265822931,0.6177300959909655,0.022314232434653435
1.674241517091984,0.979267118985933,0.48038661251349546,0.010170665679356993,0.19391512249711018,0.6098082004702751,0.030024163282093466,0.019211257394340986,1.0457019306888504,0.9174215011911278,0.8438640686854146,0.07595748290214863,1.4071623659900483,0.9623161381464801,0.6154439360444193,0.02410050434065796
2.0409569897237025,0.9909820299314237,0.45527779221454184,0.004143043343946765,-inf,0.0,0.0,0.012052489727845134,1.0268665057493511,0.9140757623550991,0.8193960812847565,0.07702423203106508,1.3879065452594657,0.960674894527546,0.6204978951197963,0.025400002966687325
2.017471192849003,0.9904856961862811,0.5098079490602855,0.004897059829015725,-inf,0.0,0.0,0.00753393819848573,1.0344402439807816,0.9154356032578719,0.8435863202218342,0.07792723815372073,1.4163724517324685,0.96307768947941,0.6154873164218959,0.02359644924460659
2.0069971853950914,0.9902557106802313,0.5060153869985026,0.004979279874873018,-inf,0.0,0.0,0.009040101907541481,1.0370703160529762,0.9159032372960857,0.8431868642536273,0.07742006224099844,1.4130515831373203,0.9628048193491991,0.6183198223782723,0.023886998726155732
1.7817663177348253,0.9837402404449219,0.4899847483477377,0.0080987173912763,0.35554295215024007,0.6939534994375901,0.0398576512455516,0.017577971282260366,1.047736820702162,0.9177757783528533,0.8444331469242501,0.07565340018398552,1.4397827930705624,0.9649473524727981,0.6121504829689883,0.02223695941351713
1.8196892452867335,0.9850795453837803,0.44769254356825267,0.006780951152252092,-inf,0.0,0.0,0.01808253640600558,1.0403825384057501,0.9164888177368147,0.8515357489650943,0.07759260752471416,1.413408784002552,0.9628342627391896,0.6123575407573977,0.0236372139528133
1.8100315462066243,0.9847491493491384,0.5107784123064258,0.007910446317133817,0.8923102012067227,0.8864136291582259,0.11781653547358131,0.01509718741836547,1.0415424989767232,0.9166930139191398,0.8432371250707413,0.07663148117689174,1.4099662379272961,0.9625495651989634,0.6185625353706847,0.02406674600333472
1.8466168376074792,0.9859639725667741,0.49189078218025045,0.007002479507297905,-inf,0.0,0.0,0.01657477094874051,1.0366362726202365,0.9158262253192135,0.8283719975364402,0.07613583881396471,1.420568981517841,0.9634197585775962,0.6166598234448778,0.02341405707769037
1.993360746116873,0.9899480193262625,0.48224607762180016,0.004896750291534659,0.44664701637088644,0.7366138813501042,0.03664327002477291,0.013102289966047821,1.0213565423117095,0.913074047793967,0.8105388109000826,0.07716445134725132,1.4285440318402802,0.9640614392778311,0.6190648224607762,0.023077677216953387
1.749963056134971,0.98252644812598,0.5083721644733473,0.0090410465837087,-inf,0.0,0.0,0.015068410972847833,1.033120979078003,0.9152001465144839,0.8366019765476983,0.07751716966734032,1.4063231227545934,0.9622459983108189,0.6148292283271033,0.024123003645187945
1.7756198004868413,0.9835123030435858,0.516733461718628,0.008662570562351224,0.31583410809966106,0.6741981993890133,0.030396085983448708,0.01468870660572599,1.0330649942667673,0.9151901414398022,0.8334981522927185,0.07723953439328148,1.4111548182098013,0.9626480965587186,0.6244730130640712,0.024230303647863154
1.8196442967536448,0.9850780241135287,0.44764678828759774,0.006780959900607848,-inf,0.0,0.0,0.013561919801215697,1.0274797120180252,0.9141865946290488,0.8366293627676427,0.07853321747903366,1.4327114132533298,0.9643924266204973,0.6139301957177168,0.022667706517062385
1.9639762304713144,0.9892519253600921,0.48532696203189113,0.005273005064690407,-inf,0.0,0.0,0.006026291502503323,1.0401818600788704,0.9164534447653911,0.8181582091102685,0.07458567633577742,1.4370699737380341,0.9647354564807613,0.626136186568327,0.02288752491875406
2.1211689759455408,0.9924914204673935,0.4481506113470098,0.003390431834968021,-inf,0.0,0.0,0.009041151559914723,1.0497410978980632,0.9181233725640178,0.8512303678313807,0.07591122693509736,1.422596528271989,0.9635839344396117,0.6150304394536246,0.0232434228138133
1.7423651969901182,0.9822235455763064,0.4785992217898833,0.0086617728639067,-inf,0.0,0.0,0.009041064079573748,1.0411643688348906,0.9166264988731202,0.8139463444603727,0.07403403300091597,1.423008531738185,0.9636172086794375,0.6127892688920745,0.023136764155690014
1.6051370239620084,0.9757777823927322,0.4855287087555209,0.012052520820071884,-inf,0.0,0.0,0.016572216127598842,1.0245154251905395,0.9136496200653019,0.8269160820992466,0.07815306469265362,1.4381011503266672,0.9648161458045592,0.6219797349961029,0.022681672983792173
1.8775916481560027,0.9869175458316507,0.45438050803525143,0.006023210547293715,0.649131131031713,0.8167796261050764,0.050907205806117156,0.011419527353076617,1.041528739944931,0.9166905944803434,0.8420943494038362,0.07653005284740039,1.4351881935097706,0.9645877478652697,0.622706065318818,0.022860983088057934
1.710933201520931,0.980914740932794,0.49278539744047317,0.009587925007370117,-inf,0.0,0.0,0.009041536493527522,1.0425050390561352,0.9168621120390368,0.859531943098965,0.0779393863547371,1.4110100585146275,0.9626361095556302,0.6120940192729312,0.02375790150685824
1.7432448778289253,0.9822588778968064,0.47969608296113764,0.008664056871096353,-inf,0.0,0.0,0.015067924993211048,1.0402350332225536,0.9164628187629857,0.8353611581703373,0.07614462369856925,1.416262381780906,0.9630686761420144,0.6175368345397607,0.023681024412489607
1.9640403308075234,0.9892534945742333,0.4507796017084341,0.004896930323879824,0.4105307302244063,0.7201653488369932,0.03005197344722894,0.011677295387713426,1.039582929562867,0.9163477920860099,0.8353831112025936,0.07626104663500519,1.4365685584951662,0.9646961564611222,0.6176606802861112,0.02260379692703432
1.9029572320083497,0.9876505931996086,0.4819973176519137,0.006026808461783558,-inf,0.0,0.0,0.009040212692675338,1.0378936806043868,0.9160491503983004,0.8264211286495409,0.07573693600256964,1.4328146010094738,0.9644005847784111,0.6191581553698545,0.022855303707544992
1.875518646807964,0.9868557733435627,0.4524793388429752,0.006026707395100204,-inf,0.0,0.0,0.01356009163897546,1.0297065616723144,0.9145879917635562,0.8565082644628099,0.07998802914284535,1.3824336406087212,0.9601960409860613,0.6214876033057851,0.025763142143609006
1.9606846376140878,0.9891710398548664,0.5160619607027758,0.005649593629115787,-inf,0.0,0.0,0.009039349806585259,1.0402332298616301,0.9164625008606186,0.8410437675434037,0.07666292176860658,1.4070386439469567,0.96230580593841,0.6230377378105832,0.024404825630065127
1.8269629274596442,0.9853237192823878,0.4551595136651772,0.006779547333648921,-inf,0.0,0.0,0.009039396444865228,1.0387272306963875,0.9161966342502067,0.8493193390834459,0.07768618280270305,1.428048233119245,0.9640218646737924,0.624389483529045,0.023302759157096918
1.934628732655904,0.9885091550861397,0.4833530592291463,0.005618698636896358,0.4105307302244063,0.7201653488369932,0.03005197344722894,0.011677295387713426,1.0532344157166735,0.9187260074316413,0.8270467761025061,0.07316369950443737,1.4145721674036396,0.9629300029679773,0.618638398600319,0.02381577428195663
2.2641392522841866,0.9945861879858893,0.48437095018402365,0.002636567148295938,0.7188261726666615,0.839587008741181,0.08143693950546887,0.015559486901330603,1.0458512467092516,0.9174475444702487,0.833860349385724,0.07503123184054702,1.40858063791937,0.9624343858696309,0.6213260069462444,0.024251516122853194
1.8249570459249025,0.9852567786612956,0.45308782455777386,0.006779932123282282,-inf,0.0,0.0,0.015066515829516182,1.0473760039816358,0.9177130607503855,0.8343850212061653,0.07481531263665317,1.4270772296940781,0.963944237709063,0.6220130340333092,0.023266028489646286
2.200012878180539,0.9937301724154509,0.4776607708823229,0.0030137463473162047,-inf,0.0,0.0,0.012054985389264819,1.038569411154367,0.9161687285897943,0.8520601165524997,0.07796520516310483,1.4302509894748083,0.9641973681939483,0.6127696554544525,0.022753397882894797
1.8038585203387294,0.9845342036146729,0.49502435990463356,0.007776211255996461,-inf,0.0,0.0,0.010546288998760398,1.0418739084149746,0.91675127087809,0.8344563076604126,0.07577565401567754,1.369023322319381,0.9589989653376907,0.6222659894267648,0.02660435550384457
1.9024584942778677,0.9876365786040444,0.4814509480626546,0.0060268939823940396,0.8112248684001744,0.8662167588219772,0.06316982687551526,0.009756292634598913,1.0417415923231932,0.916728016076988,0.8346042868920033,0.07581218588427126,1.4094045654269816,0.9625029165967683,0.6177349546578731,0.02406565083230993
1.7462121526325096,0.9823775504207412,0.4829439735373165,0.008663324828242749,-inf,0.0,0.0,0.013559986687684301,1.048455613659607,0.9179005901323768,0.8185859003514575,0.07321644638568049,1.4295923231950594,0.9641449758548118,0.6200640893115568,0.023059201106263753
1.9326787695153027,0.9884580425253814,0.5160887872329365,0.006026229317889401,0.5746889798261929,0.7897252810239389,0.03243749025315798,0.008636907429920255,1.0396620138461539,0.9163617496841849,0.8409835213390862,0.07675832202017988,1.4096673555062291,0.9625247490561131,0.6220824452877268,0.024220359806649876
1.963291637188398,0.989235151968813,0.48457190271223355,0.005273107089349368,-inf,0.0,0.0,0.009039612153170345,1.0253474352737086,0.913800643398729,0.8113882694601462,0.07653873663422786,1.4109166066707297,0.9626283691978259,0.6215837784577088,0.02413143038834344
1.962699173285714,0.9892206149647816,0.48391941581645864,0.0052731955139140516,-inf,0.0,0.0,0.006026509158758916,1.043410772285804,0.9170209452973317,0.8406442591537625,0.07606790916120977,1.4166653416506894,0.963101663157971,0.6243720544823658,0.023920933025386282
1.6030400730144205,0.9756633979997849,0.5134198686456017,0.012806563234663374,-inf,0.0,0.0,0.013559890483761218,1.0425113879162344,0.916863226363881,0.8426332936856803,0.07640595825096504,1.425803506043293,0.9638421652629645,0.620158245849925,0.023264783563534574
1.9027304637909583,0.9876442229288976,0.4516395133017117,0.0056501693760819816,0.19034837518909536,0.607852290680291,0.03665704268921427,0.023648796823521216,1.0297186581939355,0.9145901675466999,0.8279026603423386,0.07731444095573002,1.405335114951821,0.9621632647106455,0.618890492885131,0.024337653089920253
1.8790646072567379,0.9869612637460262,0.5132075471698113,0.006779980225057677,0.5256392608037629,0.7703571789581339,0.06306539157405014,0.018799739687973854,1.041393091210327,0.9166667380879214,0.843422072887051,0.0766746622103174,1.4219998180483415,0.9635356909865349,0.6213491858361334,0.02351450904158607
2.030443694297915,0.9907631023784108,0.48479817370551004,0.004519779841317547,-inf,0.0,0.0,0.01355933952395264,1.0390818722439972,0.9162593112003927,0.8253087060288472,0.07542834072226184,1.4124121867244643,0.9627520591106984,0.6218740271868839,0.024059701338520416
2.2079287107901413,0.9938427193433088,0.4863373757351793,0.0030130680216873826,0.4155370212918876,0.7224825294406533,0.030396085983448708,0.011675638584038608,1.0393417964808593,0.9163052214020897,0.8332899599229688,0.07611221356667412,1.4171634714014896,0.9631424017881953,0.623432051215323,0.023857539667440357
2.0721734430120047,0.9916022285455808,0.48916343838341536,0.004142671971831894,0.3297492707735997,0.6811964717793008,0.034499005339755,0.016145715778137473,1.0328450391717217,0.9151508227795918,0.8175060203120093,0.07579593600268268,1.4234491180601898,0.9636527589580844,0.6279447178305937,0.02368494025240377
1.9655817282454748,0.9892911607251103,0.45236250968241676,0.004896715549974297,-inf,0.0,0.0,0.012053453661475193,1.0377998150470842,0.9160325275716321,0.8272656855151046,0.075830722762181,1.4126857320192048,0.962774639690213,0.619416473018332,0.023949531322661435
1.853463625500382,0.9861804857171638,0.48381918914720656,0.006779840294515437,-inf,0.0,0.0,0.010546418235912902,1.0344025003341262,0.915428875186641,0.8272148293895304,0.07642154456784,1.399954374646747,0.9617096276906538,0.6221715942629317,0.024771699584451
2.021486142298063,0.9905724229400303,0.514484116702078,0.004896500794907433,0.6351112994170894,0.8118991397157078,0.06788619992744986,0.01572788045108175,1.0345177102691252,0.9154494106484019,0.8436544540602167,0.07791963211748507,1.4197470362829512,0.9633530008369242,0.6193190651396591,0.02355957291058662
1.8742755294644953,0.986818592273554,0.479425346331452,0.006403913560067651,0.7351080773302942,0.8445721985224806,0.06131349409953823,0.011283607967995914,1.0352487383040607,0.9155796064585188,0.8206259620318112,0.0756652574788654,1.4015918546257495,0.9618482296417219,0.6156490507952797,0.024419758214851043
1.9007398672139237,0.9875881645466406,0.47957298296037776,0.006027189435905639,0.7633006438697862,0.8529043916446047,0.09772120714432354,0.016853425254852585,1.0390598948489191,0.9162554283023925,0.8360706220488606,0.07641578318630879,1.405229158769171,0.9621543818389366,0.6162492301375487,0.02423969946617059
2.1256687556105343,0.9925682409711118,0.45275997519123423,0.0033899966719210754,1.0101458739349705,0.9110032677169378,0.06837916063675832,0.006680021980800339,1.0386024019639128,0.9161745627244463,0.8277858176555717,0.07573830464047718,1.4141368158717418,0.9628942036639789,0.6210977878850528,0.02393443426528143
1.9498975208287692,0.9889017216693381,0.4786231318023226,0.005371507214355319,0.4157659229755688,0.7225881945046373,0.030411914804978388,0.011675563285951339,1.0517704139640358,0.9184739451125323,0.8415351767952924,0.07469677651524678,1.4501585514027724,0.9657465276150935,0.6240170806644795,0.02213287982824591
1.603495092550283,0.9756882630455179,0.4837190039861262,0.012053080507586385,0.5119679866253419,0.7647409414548838,0.06118962571827924,0.01882390880214128,1.0236831199464063,0.9134983034784294,0.8339804317440597,0.07897192795756139,1.4053195988715788,0.9621619640401022,0.6202308847129472,0.024391234944130025
2.0625427574029005,0.9914155403281347,0.47856594110115236,0.0041438023256639015,0.8779299990692264,0.8830369041211853,0.0623303457106274,0.008255997192741638,1.0436330638105527,0.9170598850897499,0.8445582586427657,0.07638297144943419,1.4282792006631386,0.9640403056967664,0.6119334186939821,0.022825745500613764
1.986824696696519,0.9897971499887751,0.511594352262187,0.0052735254317311945,0.7055832502678019,0.8354375510686324,0.050345254045140675,0.00991688521439177,1.041218269747155,0.9166359832716664,0.8428321137792435,0.07665187895143533,1.4244815674430182,0.9637359349213617,0.6203236112542513,0.023341929042186915
1.7641784538944336,0.9830796151438146,0.48147575617045396,0.00828697388068125,-inf,0.0,0.0,0.013560502713842045,1.0361095993084093,0.9157326920991813,0.8278456227134539,0.07617978760114423,1.4184696961487757,0.963249023648686,0.6197248415520173,0.023644449604453086
2.083699325276767,0.9918203692676053,0.4711449439358091,0.0038855742251749604,-inf,0.0,0.0,0.007533782694230335,1.037192338258821,0.9159248760716803,0.835819360148133,0.07672203050923986,1.4240014999995572,0.9636972826411829,0.6178376710214999,0.023274099396910376
2.1091233423692333,0.9922818766175421,0.4842454394693201,0.0037665366437578686,0.8141177504845126,0.8669868018305572,0.09991708126036485,0.015329288176170722,1.0394568827090194,0.916325541680814,0.8430762852404643,0.07698568716075373,1.4157764226198948,0.9630288569318561,0.6215277777777778,0.023860751656244194
1.8729892765794074,0.9867800118071635,0.50658835546476,0.006786813674516776,0.19100823082091878,0.6082144011751449,0.02982635342185904,0.019212856048076005,1.04255594789958,0.9168710469599253,0.8506639427987742,0.07712622531627931,1.402561811149414,0.9619301027503161,0.6136874361593463,0.024287645818765434
2.017448612042079,0.9904852061915104,0.5097817715019255,0.004897062987763148,0.7404685489573709,0.846185574300755,0.06978177150192555,0.012684502588825383,1.0351689133656554,0.9155653985243066,0.8358408215661104,0.07708229994252788,1.4124633756916376,0.9627562856517702,0.6155584082156611,0.02381254930443258
1.9021640479625976,0.98762829725212,0.45105813294886976,0.005650260486038503,-inf,0.0,0.0,0.015067361296102675,1.0449133062108107,0.9172838274754517,0.8206580505638227,0.07400293220138922,1.3844016208232133,0.9603688701951849,0.6163946243756758,0.025436492297650045
1.8502197517638437,0.9860783196287553,0.48026315789473684,0.006780465653896962,-0.22651648018671247,0.3724843773065,0.009765625,0.01645191751981506,1.0401171668197953,0.9164420385749964,0.8434416118421053,0.0769020392998679,1.433897674038501,0.9644861053993122,0.6184724506578947,0.022773127889696168
2.074602289071132,0.9916486719136643,0.5367921156104785,0.004520680759820128,-inf,0.0,0.0,0.009041361519640256,1.0398522043053373,0.9163953077653137,0.8514527906857989,0.07767984833012839,1.39999544771232,0.9617131101607548,0.614512587448297,0.024464443181532295
2.2036017903864815,0.9937814504991858,0.48157501417306603,0.003013437272839268,0.4112101008882276,0.720480491030642,0.030098438385816627,0.011677069432252165,1.0406926233558624,0.9165434487221181,0.8428593516466526,0.07674719054379256,1.4350309987034713,0.9645753820657068,0.6181002937690048,0.02270010945640094
1.9354336893442197,0.9885301893678484,0.4855410447761194,0.005633681093017976,0.7423955429709557,0.8467621966120554,0.10126451077943616,0.018325748663653437,1.0485775171610487,0.9179217404361738,0.8421434494195689,0.07530235485934823,1.3962740357137682,0.9613963445461475,0.623082504145937,0.02501909066518069
2.025881779578942,0.9906664751769776,0.4797946084724005,0.00452036583485829,-inf,0.0,0.0,0.007533943058097151,1.0392275673835643,0.9162850480293074,0.8282413350449294,0.07567097567787749,1.4157364915742359,0.9630255831703326,0.6166367137355584,0.02367515804832173
1.8082756805929807,0.9846883109130238,0.48444628784736626,0.007533034419775763,0.03012443020933718,0.517334066485514,0.03027789299046039,0.02824887907415911,1.0374356801630573,0.9159680139469092,0.8261094981335545,0.07578825981745291,1.406950824245385,0.9622984703355054,0.6233927830775612,0.02442367127076099
1.7402551525961216,0.9821385139243586,0.5177304964539007,0.009415612891908764,-inf,0.0,0.0,0.010545486438937816,1.037706549642007,0.9160160080659843,0.8189403420942846,0.07508370866803903,1.4506273771179938,0.9657822200792037,0.6240613266583229,0.022110567671170683
2.102328536070834,0.9921611262320226,0.460050289936881,0.0036347686422994185,0.46930839839577054,0.7466117717994234,0.029968697080104686,0.010170901854796315,1.0368793317835274,0.9158693589976247,0.820649663878483,0.07538387607599795,1.426311571248088,0.9638829134068426,0.6154872479088623,0.023062558657812496
1.9894743591398671,0.9898585794540576,0.47800286474319625,0.0048972935873320585,-inf,0.0,0.0,0.010548016957330588,1.0381229469275388,0.9160897390328149,0.8359934520155514,0.07657375226093441,1.3967504060515026,0.9614370330306133,0.6148455084919173,0.024661279127672804
1.8773320095605932,0.9869098246910699,0.4827693102557479,0.006403355957062428,-inf,0.0,0.0,0.010546703929279293,1.0381351143550575,0.9160918926201289,0.8269697752518729,0.07574509638250378,1.4446299601228796,0.965322909407545,0.6200981658486179,0.02227565518624749
1.832793285378923,0.9855165956149303,0.47049129673498813,0.006914460639819812,0.7308774491989505,0.8432891508598435,0.06076835925430013,0.011292759037496759,1.0432053297271409,0.9169849422288483,0.835204449479864,0.0756114331122684,1.3969418182658957,0.9614533706321741,0.6181378102791225,0.024782407341712387
2.0251823418433523,0.9906515719219344,0.47903209268942887,0.0045204562254964565,-inf,0.0,0.0,0.007534093709160761,1.0452732995920064,0.9173466990234185,0.8511227314672408,0.07668649526603478,1.4114373393151123,0.9626714804173361,0.6153491233466626,0.023860758595510765
1.8487266312672248,0.9860310437547114,0.5052674436358084,0.007158049289646181,0.7256767802068289,0.8417001128692573,0.06005394676573871,0.011294441867621244,1.0483868765829238,0.9178886620355301,0.8299659015725991,0.07424605342861916,1.3851034387957453,0.9604303300645046,0.6111252481042292,0.025178322258011036
1.9592926660740462,0.9891366535691827,0.5144307995232914,0.005649815897266225,0.3206838895696202,0.6766463065266967,0.03072698067257371,0.01468371672751828,1.04272929238769,0.9169014637957078,0.8349655422560754,0.07567270539112399,1.4235274987435766,0.9636590798798275,0.621690243017773,0.023444801105196863
1.926135706088309,0.9882848879058437,0.47671037191980004,0.005650916564474958,-inf,0.0,0.0,0.003013822167719978,1.045651182228096,0.9174126480855316,0.8283761032600377,0.07457210111528192,1.4280141416533527,0.9640191419554393,0.6154788021019336,0.02297200796547006
1.8063194933871574,0.9846202502102868,0.48229586043150613,0.007533452269001005,-inf,0.0,0.0,0.021093666353202815,1.0444230699142396,0.9171981394987561,0.8493857747496645,0.07667996630586074,1.4133163524487888,0.9628266459311255,0.6210385052131723,0.023977404803091813
1.8800430745573309,0.9869902252569726,0.5143508444720755,0.006779792194725538,-inf,0.0,0.0,0.01657282536488465,1.0421702910465818,0.9168033392567325,0.8340068386695679,0.07568317112654709,1.4140609476207566,0.9628879615569755,0.6230960522225676,0.024015633767389664
1.6881969655266942,0.9799095790016712,0.47773403548238663,0.009794656674190267,0.640914964468915,0.8139314876450081,0.0687151694871926,0.01570860638368555,1.0354133846078506,0.9156089047795765,0.8286722225062632,0.07637819605181931,1.438656283097433,0.96485951112021,0.6138861905005368,0.022357929420932208
1.852258592741196,0.9861426196931681,0.4824950944955076,0.006780072057615133,0.643465233371763,0.8148191775497665,0.06284209439223382,0.01428188123780174,1.0354227445357571,0.9156105700736376,0.8259836827429515,0.07612875429075622,1.434947908259224,0.9645688440385465,0.6200041309511515,0.02277438587846179
1.9575916217524447,0.989094485518236,0.5445580338703015,0.006004164022228758,-inf,0.0,0.0,0.013560161607405459,1.037969872045788,0.9160626410848257,0.8420074349442379,0.07715179847577179,1.4320105790214481,0.9643369700952733,0.6211276332094176,0.02297049065287947
1.87635618527969,0.9868807653702428,0.4816991442416744,0.006403533553406424,0.8154267293144821,0.8673339981339718,0.17300752654912877,0.026462950708013577,1.0281258913699658,0.9143032463402301,0.8269924734508712,0.07751319987048454,1.4445446296745426,0.965316331698049,0.6188266831632127,0.022234348172142048
1.8545618312884682,0.9862149060266764,0.5120165033522435,0.007156853512830866,0.6724175894847493,0.824667877993566,0.06023723568849922,0.012807001022960497,1.0533261613595097,0.9187417799240125,0.8656523981433729,0.07656272373229653,1.4490178207863376,0.9656595318899803,0.6164517792676637,0.021922056344096563
1.9867340678704957,0.9897950423599251,0.5114889232354456,0.005273539037475925,0.7345037838165026,0.8443894569703573,0.07655847501287996,0.014108780932699167,1.043531082214107,0.9170420225850231,0.8275631117980422,0.07486348525718178,1.4203601105386219,0.9634028053377921,0.619526017516744,0.02353419995846185
1.9527446146710945,0.9889734407877242,0.5066578235804295,0.005648981319076166,0.5786066717638714,0.7912193565877526,0.05994592112647314,0.0158180508079327,1.0354398452723887,0.9156136125152378,0.8375082903933473,0.07718790781265018,1.3942455347018046,0.9612226212838091,0.6124177337890924,0.024705987842788404
1.894999119471674,0.9874250856164384,0.44376899696048633,0.005651423307089052,0.2396472196857788,0.6345549858246536,0.033282674772036475,0.019167744049877037,1.0361699881445916,0.9157434214904183,0.8380952380952381,0.07711225171800688,1.428266425972672,0.9640392859714877,0.6072441742654509,0.022651498143288096
2.0524365779096447,0.9912152100901047,0.5100436681222708,0.004520336677359035,0.5236611479197397,0.7695504156417224,0.033804264063704084,0.01012302565845786,1.0365004623599445,0.9158021154628718,0.8273311071153352,0.07606395295960143,1.4305993147459495,0.9642250452492601,0.6176213716927819,0.02291516563924901
1.9349960968745228,0.9885187593869054,0.4864133263925039,0.005649491610246991,0.3628993289240037,0.6975391060095405,0.030400832899531494,0.013182147090576312,1.0350190827724992,0.9155387245160521,0.8260281103591879,0.0762036448249754,1.440249684277935,0.9649836969780453,0.6238417490890161,0.022637306508136945
1.8057671184903084,0.9846009778293328,0.4952533278299453,0.00774569307473507,-0.1340971867426166,0.42341495154580094,0.013156536993086368,0.017915906115156637,1.0385879331632482,0.9161720040896555,0.8348467650397275,0.07638689120942202,1.402165635670813,0.9618966823602669,0.6189763698276751,0.024519320695815944
1.8725640285797054,0.9867672322326038,0.4775631196974343,0.0064042275126336414,0.8429668435807376,0.8744622798671867,0.1736686088112031,0.024931848646584435,1.0465324215491585,0.91756625826151,0.8373709496064602,0.07522903112191384,1.4113973473991468,0.9626681712001173,0.6151998364509864,0.023857166632478104
1.9575417780903779,0.989093247480309,0.5123864574731627,0.005650096490232299,-inf,0.0,0.0,0.010546846781766959,1.0347344307028723,0.9154880274679228,0.8202931461601982,0.07572419273278913,1.4018920785015165,0.9618735893064867,0.6204066886870355,0.024591464484370645
1.8111539692976877,0.9847879150793742,0.49725739478136055,0.007681168301312339,-inf,0.0,0.0,0.018081836565534724,1.036023080513331,0.915717317990082,0.8209360742297637,0.07555901011749452,1.4335988179090435,0.9644625271827281,0.6145486235710258,0.02264422348148889
1.8537914468780685,0.9861907692602428,0.5111202635914333,0.007157010464612272,0.3448372401812345,0.6886932259445966,0.042164332784184515,0.019059345910132305,1.020493808836502,0.9129162488217469,0.8123970345963756,0.07749514953869018,1.4087728283905736,0.9624503821972775,0.618513179571664,0.024131045016409006
1.9878126868284212,0.9898200983757317,0.47620018346753645,0.004897527367966094,-inf,0.0,0.0,0.015069314978357213,1.0440426286384998,0.9171315868570281,0.8521047803485883,0.0769928459459285,1.4419801085223096,0.9651180830004822,0.613647946182856,0.022178857802692607
1.8708417677341147,0.9867153500058791,0.44769254356825267,0.006027512135335193,-inf,0.0,0.0,0.010548146236836588,1.0449401580209214,0.9172885185487419,0.8365104512699953,0.07542776048638102,1.4020132196435962,0.961883817414914,0.6133796698523023,0.024306149107387636
2.3074103399875545,0.995097076575182,0.5187841882547218,0.00255609146976227,0.5414108937492172,0.7767184941896932,0.030137269068015275,0.008663492460723394,1.0323132670292767,0.9150556960976688,0.8421921766952214,0.07818040858764175,1.4103719377450423,0.962583225098886,0.6190009288884302,0.024061315235801534
1.725982229195582,0.9815527591089485,0.481029601029601,0.009040440102246758,0.5325214895844763,0.7731485917637605,0.07387387387387387,0.021675512959189663,1.0446725631455818,0.9172417582902987,0.8349034749034749,0.07532926074922905,1.4071265899040926,0.9623131507131225,0.6184298584298584,0.02421942675508444
1.6253660783511816,0.9768546438924611,0.5003369796256933,0.011854862583303611,-inf,0.0,0.0,0.010546254989509856,1.0280883631237772,0.9142964754754923,0.8256519259681684,0.07739423915980814,1.399116356524272,0.9616385080406359,0.6240344237648401,0.024893857025752288
2.1034334291442147,0.9921808881065872,0.494110479285134,0.003893952374562608,-inf,0.0,0.0,0.013563030934858228,1.036958199628343,0.9158833507010411,0.8450446791226645,0.0776106770161332,1.4013434835080285,0.9618272376938702,0.6090069049553208,0.024170115915401368
1.958438501643142,0.989115499449351,0.47925321844386315,0.005273834979794168,-inf,0.0,0.0,0.009040859965361431,1.0465756199667298,0.9175737815538304,0.8653639021387906,0.07773617279292006,1.4200538306578943,0.9633779321300677,0.6172744524798687,0.023465211459754432
2.3281101385804535,0.9953242160923813,0.4811039027906498,0.0022601056521991524,0.8722113681131325,0.8816700406063577,0.07187725260014417,0.009646729490379716,1.0396377516467952,0.9163574678696781,0.8346205334157142,0.07618181466359643,1.433449067734261,0.9644507069921116,0.6187828236021007,0.022808103871978947
2.021053420473239,0.9905631135096132,0.5139780492855663,0.004896560798103292,0.6239642634684371,0.8079478883257515,0.03613584593083454,0.008589620219855064,1.0468234756748387,0.9176169351991472,0.8188030648167323,0.07351161836752068,1.4361901928173257,0.9646664729142189,0.621971422654794,0.02278139100508489
1.9034338214966304,0.9876639707681019,0.4825200103279112,0.006026726830737596,0.31236921447013116,0.6724433156290905,0.03015750064549445,0.014690146649922893,1.0417145713724207,0.9167232663681141,0.8429641105086496,0.0765763238127303,1.3875229455646243,0.9606415121702117,0.6203459850245288,0.025416224046665853
2.302283033268745,0.9950391381834262,0.45329883570504526,0.0022599642559306323,0.4828989482160584,0.7524861255053793,0.030892626131953427,0.010161454581103629,1.0343306604990927,0.9154160678869108,0.8333247089262613,0.07699873650970966,1.3977922331531967,0.9615258757711105,0.6226649417852522,0.024915073974486397
1.7963430222595453,0.9842684846860486,0.44782986554879606,0.007157642957726945,-inf,0.0,0.0,0.010548105411387078,1.0266708368087984,0.9140403694277084,0.8282296406114207,0.07788968224735539,1.3895385735477235,0.9608166167694184,0.6144368897295639,0.025057555938437562
2.0306947053588997,0.9907683902551236,0.4850750142760733,0.004519747776404053,-inf,0.0,0.0,0.009039495552808106,1.0349450936247564,0.9155255495709909,0.8265586876395161,0.07626558419739328,1.402481133519426,0.9619232992672416,0.6228001868867777,0.02465287653439568
1.992136944852951,0.9899199397630701,0.480905815748842,0.004896920848163203,-inf,0.0,0.0,0.009040469258147452,1.038176616098366,0.9160992378894645,0.8194544518785384,0.07504956906838532,1.3926457595442776,0.9610850857060087,0.6176016469377251,0.025007062866607928
1.901078544989537,0.9875977199527071,0.4499460681082747,0.005650435425391999,0.4417476112637028,0.7344193185184978,0.06040371873234372,0.02184319009651537,1.0289617106970068,0.9144539196927689,0.835173866146181,0.07812952526667023,1.3928918765219733,0.9611062752543871,0.6167240228054857,0.02495737984923142
2.2074484000021446,0.993835947890461,0.4858063845273994,0.0030131088292085816,-inf,0.0,0.0,0.010545880902230036,1.0400168975078157,0.9164243571070245,0.8125194967245503,0.07409977569365352,1.4143328658016237,0.9629103291183477,0.6243631069980243,0.02404940672970634
2.066115707536033,0.9914852762629909,0.4824701812361233,0.004143380040956512,-inf,0.0,0.0,0.016573520163826048,1.043386590935617,0.9170167083403205,0.8421541797903651,0.0762087814631472,1.4203870318896097,0.9634049908627291,0.6186812619404141,0.023500653046745246
1.9322579962285265,0.9884469837483189,0.48339368856699433,0.005649928859914013,-inf,0.0,0.0,0.015066476959770701,1.0462751652076043,0.9175214424104431,0.8417485773409209,0.07566712373473197,1.4220801582743545,0.9635421899978363,0.6219865494050698,0.02353427559011443
1.956929457045093,0.9890780270446281,0.5116734525588826,0.005650194886573628,0.2788897072845131,0.6552432133435337,0.030768437870432406,0.016188840349099485,1.0301895821455234,0.9146748328809411,0.8268824408596609,0.07713548019239043,1.4028673805704635,0.9619558606029289,0.621192599082616,0.024567382766518597
1.9574963920894028,0.9890921200427444,0.5123335741562597,0.005650103778732648,0.7595935409276622,0.8518302588543837,0.04040664671276706,0.0070284453055764464,1.031449588248319,0.9149009897231558,0.8273299618123645,0.07695363947951966,1.4462633664379672,0.9654485891485624,0.619362163277944,0.022165692518256414
1.932189758993942,0.98844518934856,0.4833186779082398,0.005649939792022878,-inf,0.0,0.0,0.021093108556885412,1.0369108750547231,0.9158749552466043,0.8187037707546682,0.07519966667935109,1.423191826915391,0.9636320025669638,0.6218900325867688,0.023470469067547094
2.0511056589423453,0.9911884849149516,0.5085023560745748,0.004520508712042047,-inf,0.0,0.0,0.01506836237347349,1.0471726482648427,0.9176776940257954,0.8358942839582053,0.07498574440032305,1.4043606239355462,0.9620814923789013,0.6165232534316738,0.024299024426744278
1.680224738634907,0.9795449921718132,0.450965250965251,0.00941712510650704,0.8359334641201691,0.8726736220724087,0.1806949806949807,0.026364080246806077,1.03136801512141,0.9148863647441834,0.835006435006435,0.07768225200871794,1.4160520777716419,0.9630514490187172,0.6174517374517374,0.023689229711416716
2.0623400952865754,0.991411567895474,0.47834544896078635,0.004143826382447309,-inf,0.0,0.0,0.021095843401549935,1.044568239356562,0.9172235219519044,0.8213883485205283,0.07412766133121068,1.421251577939881,0.9634751095824656,0.6147230469949831,0.023303862969905654
1.806115271990784,0.9846131276860344,0.482071918691637,0.007533496000087719,-inf,0.0,0.0,0.019587089600228067,1.0299672602356267,0.9146348720949088,0.8266006294175309,0.07714867496254214,1.4014658865456346,0.96183758439765,0.6203374090698034,0.02461286021946467
1.9966579086274545,0.9900232864912806,0.44858664481769767,0.004520520375884365,-inf,0.0,0.0,0.006027360501179154,1.0423828875809502,0.9168406698885677,0.8360303154444899,0.07582966514090503,1.4174742387033468,0.9631677954081729,0.6150143383859075,0.02351857490079109
1.9576374762053783,0.9890956243477598,0.44426412415052235,0.004897830684212495,0.40412787562226116,0.7171845880225712,0.02961760827670149,0.011679442400814413,1.0372549385924614,0.9159359753226142,0.8238158028197586,0.07560929349179459,1.4195997401624194,0.963341025186192,0.6089867126483416,0.02317437748133315
1.9296038403724005,0.9883769853870831,0.5124922568655792,0.006026754040840547,0.36301555438954086,0.6975955648317325,0.030404707825727854,0.013180299531739787,1.04128322319241,0.9166474111695897,0.8421949205038199,0.07658247442628449,1.4127582843173971,0.9627806265190186,0.6201734462110262,0.02397479392680693
1.904001855835835,0.9876798964448793,0.48314374353671147,0.006026629653804181,-inf,0.0,0.0,0.012053259307608363,1.0302975282250402,0.9146942293053114,0.8353671147880042,0.07790760371814155,1.444664174701352,0.9653255465052933,0.6203205791106515,0.022281889410313897
2.1359766924083763,0.9927412908766579,0.5151247859700099,0.003766480771922176,-inf,0.0,0.0,0.009039553852613222,1.0348009750206193,0.9154998816044435,0.8352617651637005,0.07709418588227555,1.4428523956011903,0.9651856368733709,0.621698749545997,0.02242474939036542
2.081003479818403,0.991769856181435,0.4538860103626943,0.003766546360768066,-inf,0.0,0.0,0.007533092721536132,1.028419579914366,0.9143562170329058,0.8412435233160622,0.07879563390201304,1.4403118807700053,0.9649885358366012,0.6241450777202072,0.022645070080980746
2.137713935712903,0.9927700593004278,0.5171641402302443,0.003766296163730697,0.6370462826126715,0.8125786279348253,0.030994426212429024,0.007148868660094996,1.0337431166576803,0.9153112569878512,0.8185654008438819,0.07573737823222698,1.4026313685391392,0.9619359675347616,0.6247330312027921,0.024720832970569363
1.9044112897295267,0.9876913629321591,0.4835938308663699,0.006026559688352564,0.7196782635232357,0.839851077752345,0.07416416520028983,0.014142163344018266,1.0373954072549034,0.9159608760483977,0.8421488458751683,0.07726689326462298,1.4230213070435025,0.9636182399713611,0.6200186316116344,0.023409030810012447
1.9614165962686285,0.9891890784362025,0.5169217952723107,0.005649477036423649,-inf,0.0,0.0,0.009039163258277838,1.026980187458251,0.9140963192298719,0.8250546704154952,0.07753584773756503,1.4199101983793256,0.9633662620495367,0.6256378215141102,0.02379100546503064
1.7611130855638115,0.9829618060485588,0.5214285714285715,0.009038195662491488,0.6744451361642322,0.8253418914222865,0.06727941176470588,0.014237608592476424,1.034380013144121,0.9154248664554612,0.8320378151260505,0.07687109221848497,1.438108594633222,0.9648167276725307,0.6299894957983193,0.02297337033903551
1.7458653269271451,0.9823637198856493,0.5456481096800997,0.009795967330007172,0.2686265749149703,0.6498854083709356,0.030068550062318237,0.01619891443990981,1.0412882484805537,0.916648295258561,0.8190693809721645,0.07447876089300733,1.4378776730107758,0.9647986738702234,0.6214167012879103,0.022672804759128456
2.155564970369213,0.9930591898665468,0.48499948095089795,0.0033898173910015053,0.5439596611350205,0.7777346406881068,0.030312467559431122,0.008662866665892735,1.0295820579771557,0.9145655945507818,0.8193709124883214,0.07654176711644951,1.4052507715974378,0.9621561939201932,0.6233260666459047,0.024516841381569867
1.883002143586742,0.9870774245747467,0.4890354320406134,0.006402331872688521,-inf,0.0,0.0,0.012051448230943099,1.0377267351366308,0.9160195836440469,0.824723923169519,0.07561045602427315,1.4272098193254166,0.9639548470970507,0.6282514261788873,0.023492198609001827
2.0287360165933683,0.9907270481782301,0.4829190139025273,0.004519998477854394,0.6936076401827036,0.831611365246756,0.09111581993901494,0.01844956570476954,1.0416753558850793,0.9167163726807545,0.8347718228332214,0.07583896989441083,1.4457567252163122,0.9654096535389188,0.618016434957879,0.02214334870743394
1.901327072488361,0.9876047272504892,0.4802137938123137,0.006027088356444482,0.31275186028018054,0.6726373545230202,0.03319971220063727,0.016157808575442453,1.0315516670726412,0.9149192878908006,0.8360571487305992,0.07774711771785951,1.4437462599305095,0.9652547309525824,0.6167643128790214,0.022201022489347456
1.9606317358067702,0.9891697349759182,0.4816494845360825,0.005273505023245734,0.8154747147557142,0.8673467112955279,0.08195876288659794,0.012534894400899901,1.044276309914956,0.9171724717441773,0.8361855670103093,0.07551380554079226,1.3761422476899947,0.9596386678905439,0.6178865979381444,0.025987621195155807
1.6742641254114057,0.9792681758860876,0.4804113110539846,0.010170659119084692,0.20785682249508663,0.6174191253578298,0.03336760925449871,0.02067608308360349,1.0386743811853787,0.9161872903366675,0.8355784061696658,0.07643861805975714,1.3943453521023415,0.961231187289093,0.616401028277635,0.024860966161014797
1.6800889335890774,0.97953872573363,0.45082599969121506,0.009417161551406414,0.29548963277708995,0.6638257410635389,0.034841233081158975,0.01764427768758373,1.0550041871153806,0.9190297666374493,0.8505995574082651,0.07494125561724012,1.418002464373892,0.9632109195253478,0.6172610776594102,0.02357579944283944
1.6183773249050253,0.9764879993302292,0.484923971145363,0.011676060271276208,-inf,0.0,0.0,0.019585649487302025,1.0514466736272765,0.9184181095046515,0.8490321241372152,0.0754184233319983,1.428413413722963,0.9640510174206648,0.6232809175359385,0.02324183517432505
2.1052211153241496,0.9922127576374016,0.4799671255393466,0.00376695452047443,0.86535657425829,0.8800134087916908,0.10119169919868502,0.013797115957696584,1.0363288397248278,0.9157716390086073,0.8360386274912677,0.07689489422856126,1.3930144314469601,0.9611168225446085,0.6151119786316006,0.02488512078765471
1.761552005037752,0.9829787240389132,0.5219494243204879,0.00903808492678803,-inf,0.0,0.0,0.00602538995119202,1.033986599592445,0.9153547057678307,0.8386520161926292,0.07755239168129917,1.3952615455572668,0.9613097272526312,0.6300930550444246,0.025359643686914443
2.1535838607624727,0.9930276770920662,0.4828192011574433,0.0033900076042978795,-inf,0.0,0.0,0.006026680185418453,1.0264004048222455,0.9139914314932673,0.8269518937632409,0.077817959945538,1.4304303386924797,0.9642116214083392,0.6233142148504108,0.023135382946378413
1.8766509764605848,0.9868895507358215,0.4820221820995615,0.006403479860449547,0.7983211215538975,0.8627359595085836,0.08779984524116585,0.013969235175021785,1.0321061925579555,0.9150186271729636,0.818571060098014,0.07602390856078436,1.4126941618627091,0.9627753353467204,0.6207376837761156,0.02400014963812728
1.8276663037728333,0.9853471215019299,0.48127736286376516,0.0071569689178825535,-inf,0.0,0.0,0.015067302985015903,1.0481358274978754,0.9178450835255472,0.8343548802472315,0.0746818354503453,1.4202016785895217,0.9633899409958405,0.6181818181818182,0.02349170556580754
1.8283916667019364,0.9853712167407268,0.482071918691637,0.0071568212000833326,-inf,0.0,0.0,0.018080390400210526,1.0278757817568032,0.9142581122880162,0.81246453077439,0.07619537812280501,1.413920512402269,0.9628764044988857,0.6177578290254346,0.023817586198222534
1.8360431140841609,0.9856230181872746,0.5164109232769831,0.007532728350338941,-inf,0.0,0.0,0.0030130913401355762,1.0326211568150556,0.9151107851079395,0.8264239271781535,0.07666227902438269,1.456900968340431,0.9662563999332209,0.6227828348504552,0.02174881833548631
1.7686189018327636,0.983248853120473,0.48636268998542576,0.00828593171587406,-inf,0.0,0.0,0.013558797353248463,1.0274629042304215,0.914183558479308,0.8258380179054757,0.07752324936475384,1.4028216380962342,0.9619520058248459,0.6264313970435145,0.024777180151943145
1.7561945361072278,0.982771088675304,0.45122076851756465,0.007910328964936294,-inf,0.0,0.0,0.02109421057316345,1.0349438572444631,0.9155253293979603,0.8213660245183888,0.07578667911954375,1.435846322581095,0.9646394747494056,0.6169259297414237,0.02261448498366205
2.1782799001902124,0.9934105545107426,0.5110939510939511,0.0033901650383425345,0.8644530051230412,0.8797935507129353,0.09091377091377091,0.012421575020624149,1.0269596563813894,0.9140926069590463,0.8505534105534106,0.07993591194859023,1.3835145971054532,0.960291060476028,0.617915057915058,0.025551369449943143
1.8516686347731166,0.9861240440244852,0.48184818481848185,0.0067801857585139316,0.35875311287022227,0.6955211024978467,0.030115511551155116,0.013183694530443756,1.0450353185832695,0.917305141370051,0.8503506600660066,0.07665892672858617,1.3982742303810358,0.9615669120059392,0.617832095709571,0.024694272445820432
1.6784837915003572,0.9794645172813466,0.5271955832736939,0.011053198557633384,0.24014287376953422,0.6348196035577253,0.03588590123709232,0.020643388400430902,1.0455461680495952,0.9173943255434928,0.8430630814845108,0.0759126065164524,1.4191726379485992,0.9633062791084893,0.614558838564564,0.02340942956851564
1.7813425311999636,0.9837246247104862,0.4553014553014553,0.0075328012217584445,-inf,0.0,0.0,0.0075328012217584445,1.0392337171543842,0.9162861342190378,0.8338877338877339,0.07618577126081551,1.4415661058202378,0.9650859765546876,0.6201143451143452,0.022433946104355094
1.8554471518717068,0.9862425924688364,0.5130484212702185,0.007156673488381692,0.4328136239576623,0.7303876430229542,0.03948116376414656,0.014573918001394442,1.0443039488312547,0.9171773062365759,0.834633869050695,0.07536887891896564,1.433962924331709,0.9644912513085926,0.6204330525554235,0.022841888211160566
1.987459615466846,0.9898119033375357,0.5123335741562597,0.005273430193483805,-inf,0.0,0.0,0.015066943409953728,1.0416226834311213,0.9167071125779018,0.8208793477139024,0.07458588480238182,1.408113796556552,0.9623955026215253,0.6200330271441842,0.02422707741287166
2.028074203693835,0.9907130378681678,0.5222514466070489,0.004895594609687241,-inf,0.0,0.0,0.012050694423845518,1.0249141204110337,0.9137220195924132,0.831299316149395,0.07849523659676215,1.4599082828583374,0.9664814487259,0.6288269331930563,0.021808352173290635
1.9872100751166775,0.9898061073901947,0.5120429109288772,0.0052734676080993135,-inf,0.0,0.0,0.012053640247084146,1.04267932777871,0.9168926975214884,0.8198463046057043,0.07431100172019792,1.4331142399349444,0.9644242644187269,0.6211253803703131,0.022912107368213298
1.9617830273833878,0.9891980976943783,0.51735278791037,0.005649418741882185,0.3163607580342959,0.6744645091021708,0.030432516935904118,0.014688488728893681,1.0400999782186504,0.9164390077823878,0.8174048983845753,0.07453105310066671,1.415913607841918,0.9630401019893067,0.6274622199062011,0.024080969842680457
1.9921143135545216,0.9899194197677351,0.48088106633729605,0.0048969240067313355,0.761983821583299,0.8525235823478993,0.12994699192012762,0.022479280632059243,1.0505057771859219,0.9182556349276744,0.8577530749832741,0.07635834492740723,1.4052307875466399,0.9621545184031962,0.618805002315887,0.024340137555059756
1.9074482770229941,0.9877760875326158,0.48694564594298817,0.006026042771747508,-inf,0.0,0.0,0.016571617622305645,1.0414889924419564,0.9166836047742861,0.8188024388972849,0.07442008044612322,1.4119337809300077,0.9627125360798581,0.6275991453436864,0.024307962773192106
1.9045250882142644,0.9876945480675147,0.45348656623699335,0.005649881487931118,0.473161324055277,0.7482864663417685,0.03023243774913289,0.010169786678276012,1.0327706931252252,0.9151375291142243,0.8271470725267899,0.0767029458714265,1.4163795429594124,0.9630782700887021,0.6221980638815551,0.023853335268224255
2.0179682604947717,0.9904964760339643,0.5103845362944684,0.004896990337603364,0.7145823107991206,0.83826655781623,0.08066008636644047,0.0155623927654579,1.0364334679888465,0.9157902199086164,0.8353896771540201,0.07681669827263697,1.4261528110425237,0.9638701851778252,0.6175714579477689,0.02314911567785131
1.8782872092254141,0.9869382083097201,0.48381918914720656,0.00640318250037569,-inf,0.0,0.0,0.010546418235912902,1.0420731558509535,0.9167862778484408,0.8337907109201056,0.07568048325710958,1.4525352448547648,0.9659270994486624,0.6225858230207633,0.021961600253857034
1.9094691617249624,0.9878321459148729,0.5197633631747028,0.006402307100511965,-inf,0.0,0.0,0.007532126000602312,1.0361204400090616,0.9157346182769799,0.8247735720642898,0.0758951976892882,1.433156930365985,0.9644276368912437,0.6282393591958536,0.023172250306476273
