SK_precision,SK_accuracy,SK_TP,SK_FP,msSK_precision,msSK_accuracy,msSK_TP,msSK_FP,ConvRFI_precision,ConvRFI_accuracy,ConvRFI_TP,ConvRFI_FP,AOFlagger_precision,AOFlagger_accuracy,AOFlagger_TP,AOFlagger_FP
1.9784827266673934,0.9896013359836354,0.46583355490561024,0.004894947539856878,1.0825984073986694,0.9236337627394612,0.06354692900824249,0.005254073696297906,1.0471163849981902,0.9176679065244441,0.8457325179473544,0.07587813437507858,1.4094656167415491,0.9625079897971346,0.6342993884605158,0.02470749271270488
1.8904502211434702,0.987294363205954,0.4973916746513361,0.006401006830405556,-inf,0.0,0.0,0.013555073287917649,1.0386865786872412,0.9161894469667049,0.8450974129671032,0.07730724445940247,1.414003343500481,0.9628832214682816,0.637708932183541,0.0245821099338107
1.9760598611634244,0.9895437695206507,0.49885217019913514,0.005271230467402636,0.5962935933451546,0.7978671159204113,0.07944049970636913,0.020125578555582276,1.04437726185428,0.9171901286236813,0.8607121883508622,0.07771067675610437,1.441359221660346,0.9650699217489702,0.6372323954941007,0.02306421217476295
1.8936909180516157,0.9873876282458308,0.5010725010725011,0.006400437354623426,-inf,0.0,0.0,0.009035911559468366,1.0369612409559954,0.91588389021137,0.8282925782925783,0.076071596189651,1.439916403904808,0.9649577569362284,0.6407657657657657,0.02326927738494943
2.0843054375512424,0.9918316838211616,0.5028522225809924,0.004141283256296697,0.45269223325005203,0.7393055731731696,0.03304272952319449,0.011651549435601885,1.0359214669426828,0.9156992583363732,0.8196103756323324,0.07545464508351545,1.4483435151851483,0.965608007041701,0.6422882359272414,0.022876335247967717
1.8416778275957784,0.985805715547833,0.4968627033925343,0.007154158709362948,-0.09997172384923149,0.4427044295023957,0.0082952249282144,0.010442389550905037,1.0370843004907035,0.9159057174792431,0.8304796341593108,0.07625084945963406,1.415594879437634,0.9630139707995982,0.6384132723598851,0.024519241308432183
1.8491755681719,0.9860452748183501,0.5322926724600365,0.007533120587950875,0.7081188384506267,0.8362386537962169,0.10143761398991524,0.01986461657479934,1.0360161987938403,0.9157160950215275,0.8520545005900655,0.0784243948038552,1.404420431048191,0.9620865158508985,0.6410256410256411,0.02526125777648841
1.8424966499757895,0.9858320735502762,0.4977891428267008,0.007153997270185252,-inf,0.0,0.0,0.010542732819220371,1.037827377535059,0.916037408974083,0.8446007138671354,0.07741481256540046,1.4297898483713452,0.9641606953585176,0.6376857919130574,0.023703740955151476
1.9185374792068957,0.9880805864726028,0.5305969750414194,0.00640069732012706,0.462633011419575,0.7436929056643596,0.037999037999038,0.013096027867016616,1.0326727623727554,0.9151200154316742,0.8297792742237187,0.0769643880622611,1.433975355933123,0.9644922316348892,0.6381273047939715,0.02349264803063154
2.011754770402631,0.9903608509916991,0.5028522225809924,0.004894243848350643,-inf,0.0,0.0,0.0150592118410789,1.032210221222157,0.9150372514410553,0.8197180066731246,0.07611219628548037,1.4236678331824981,0.9636703943500016,0.6416962652028845,0.02419143765189755
1.9179036834407548,0.9880633867416829,0.4674991994876721,0.005647772417981579,-inf,0.0,0.0,0.010542508513565614,1.0257301109379096,0.9138700248957824,0.8126801152737753,0.07659307799728443,1.428620530065824,0.9640675416254442,0.6389155726331519,0.023813484250064795
1.7827052786260413,0.9837747869090614,0.43378607809847197,0.007154352445994182,0.32426623687413303,0.6784484448052857,0.03098471986417657,0.014685249757567005,1.0368882919872568,0.9158709487064102,0.8308573853989814,0.07631997028906266,1.411346397647896,0.9626639548447427,0.6347092529711376,0.024616620587203663
1.806665418259335,0.9846323074495344,0.5429042027522448,0.008473401501382037,-inf,0.0,0.0,0.027110758357183982,1.0343093883321366,0.9154122752378367,0.8455448700919186,0.07813169943216218,1.4297562386266,0.9641580210869852,0.6368418256203178,0.02367420151634041
1.7810812490167247,0.9837149896058945,0.5003480589022757,0.008283063108714558,0.6812877825262669,0.8276014987501613,0.07518072289156627,0.015660972060779425,1.0303629684789504,0.9147059860713812,0.8126372155287818,0.07577635987485148,1.4001549857273687,0.961726634057265,0.6430522088353413,0.025591235219522446
1.9185139891817884,0.9880799494455317,0.5305686190679778,0.0064007014467338886,-inf,0.0,0.0,0.012048379193852026,1.0272960366552086,0.9141534103293959,0.8358272766139376,0.0784911158676535,1.4205412785440685,0.9634175104703057,0.6425288584865327,0.024397838925136035
2.0688196397486425,0.9915376773151157,0.5294086279528609,0.004518261629784938,-inf,0.0,0.0,0.004518261629784938,1.0491715497662393,0.9180247343378769,0.8448781528288807,0.07544362198500489,1.4138682961520197,0.9628721065018077,0.6377646243267744,0.024591902589167648
1.8998375753961039,0.9875626719187194,0.5081298602425363,0.006399368829375733,-inf,0.0,0.0,0.015057338422060548,1.0280609072896307,0.9142915215732252,0.8029800424166621,0.07527380055343454,1.4214195384110233,0.9634887169573614,0.6485942683125782,0.02457839774707152
1.9166154040448977,0.9880283502527722,0.4972064066407705,0.006024504206643589,0.5438971527986843,0.7777097593224128,0.06571595806949396,0.018783377681094574,1.041752846858191,0.9167299943123931,0.8375458947480445,0.07607741848963152,1.4162176482572053,0.9630650124273207,0.6362475389772788,0.024401047324982158
1.670013244390004,0.9790685244598234,0.5283661522086216,0.011295923538460944,0.6571844107137151,0.8195383682452742,0.07131452900478978,0.015703396900842166,1.0326446610815643,0.9151149892639665,0.8212879191059074,0.07618171994620251,1.4264874440812592,0.9638970085619033,0.6377860564129856,0.02388842825476692
1.9407551442952717,0.9886682897628278,0.4928270042194093,0.005648580890773468,-inf,0.0,0.0,0.012050305900316733,1.0319875424681235,0.9149973807080763,0.8229957805907173,0.07645573472819751,1.4607138776145656,0.9665414879849836,0.6334388185654009,0.02192758467712815
2.1618857118212778,0.9931587891081938,0.49202253699120635,0.003389216282424373,-inf,0.0,0.0,0.007531591738720829,1.0270226780749103,0.914104001593512,0.8234426833763362,0.07737678786639936,1.4636279590391088,0.9667578023962717,0.6312463798641462,0.021705557321667963
2.10740582994338,0.9922515301524226,0.5303702120839788,0.004141649039084557,-inf,0.0,0.0,0.010542379372215234,1.0264914925948825,0.9140079177441849,0.8202361237245579,0.07716980438702756,1.3828435144842748,0.9602320958195897,0.6419146321918906,0.026584822248856114
1.7604835273086237,0.9829375111049358,0.4988788040576615,0.008659873041825536,-inf,0.0,0.0,0.009036389261035341,1.0414731316682924,0.9166808154654623,0.8602242391884677,0.07818771912405822,1.4248430814241608,0.9637650158107851,0.6392952482648158,0.024035789671850643
2.395494329789705,0.995993527314135,0.467998717811732,0.0018825665313195888,-inf,0.0,0.0,0.009036319350334027,1.0425543479637054,0.9168707661713057,0.8365209958328881,0.0758442214878207,1.4194804459721482,0.9633313234239279,0.640506464365851,0.024380526009719718
1.9404021755867262,0.9886591807680056,0.5252354248227701,0.006024927622204025,0.46069073907029634,0.7428395050847947,0.03782668500687758,0.013095061545306243,1.0330786232393423,0.9151925771791942,0.8215003703311818,0.07612532158953891,1.4481055595637813,0.965589806653284,0.6356999259337637,0.02265408894247819
1.8448897233772552,0.9859088306879673,0.5269079715529137,0.007530868177568587,0.27702908512589997,0.6542747626523755,0.03343594098291052,0.01766788097617589,1.035641489404198,0.9156494800978254,0.8378091497717864,0.07717979303007834,1.4328661205597923,0.9644046573071331,0.6362912641970067,0.02348496083045875
2.3007516966435633,0.995021702381167,0.5268240912708941,0.002635808960589885,0.8946864145422249,0.8869633541142599,0.06473865746882462,0.008250443116366968,1.034977414868181,0.915531305112126,0.8303528787476784,0.07660996797440532,1.4327218951630376,0.9643932554160357,0.6372512602812417,0.02352820567047101
1.7084460966806163,0.9808072342040302,0.47470837751855777,0.00928925317164131,0.44249395623030097,0.734754377173545,0.06458112407211028,0.023313723619088393,1.0348785405052738,0.9155136971354112,0.8211028632025451,0.07577379279039959,1.4421510540133782,0.9651313317420247,0.6376988335100743,0.023039050067959137
1.9192427572968338,0.9880996972847358,0.5001873561372517,0.006024069199431891,0.3289402377339785,0.6807917804042557,0.037578288100208766,0.01761962876931438,1.02496832937121,0.9137318592140701,0.8205128205128205,0.07746705425981765,1.4284037977364066,0.9640502500580812,0.6416680049247899,0.02392801031002939
1.8933845673257923,0.987378840684561,0.5004281738385785,0.006396717701152983,0.30942535915918795,0.6709485242755595,0.03596660244059088,0.017639003860466195,1.0332701383685632,0.9152267976212952,0.8210233354742025,0.07604757373438858,1.4499690345930818,0.9657320892023151,0.6408691928923143,0.022740518390724565
1.8926080607857036,0.9873565397854163,0.49983952070182947,0.006400627168625064,0.4275753056737801,0.7280058499623582,0.03123997004386434,0.011671731895728059,1.0326896505121612,0.915123035896827,0.8209051032416819,0.07613832265917433,1.4265886902807923,0.963905120437326,0.6411147961912913,0.02400750951906327
1.6831719192351995,0.9796805216620763,0.5264888370366442,0.01091986446885266,-inf,0.0,0.0,0.0180742584312044,1.0410364049778824,0.9166039784383117,0.8451503420480458,0.07689490533130015,1.4052593230232924,0.9621569108731489,0.6350426897173463,0.024977191178224747
2.1385109348892,0.9927832195548596,0.4661806183811399,0.003388779246435044,1.0356171319869882,0.9156451482412918,0.14448406151881218,0.01331075866488803,1.0340776510297893,0.9153709484188582,0.8218828162418179,0.07598576661136905,1.4375312571876677,0.9647715738164432,0.6348783992336757,0.023182447980368805
1.941846216404604,0.988696401140835,0.4940517104637022,0.005648409708300906,0.5729633351334691,0.789064694286826,0.06466451647015281,0.017286326012538697,1.026016250319663,0.9139218707045208,0.8238777560408185,0.0775972851524845,1.4343966264840242,0.9645254366157774,0.6340612277269603,0.023320323506862882
1.837434157997273,0.9856683350379708,0.46613100622572234,0.006777567232474037,0.5799333541014685,0.7917235338432281,0.03831213749800458,0.010078665427895182,1.0277210121641907,0.9142301722298315,0.8459532804767733,0.07936433227874422,1.4062037511014625,0.9622360116297318,0.6376310328313733,0.025024516456812675
1.8111319087334479,0.984787154097257,0.4631489901660146,0.007154656910472648,0.6350406496777666,0.8118742945927326,0.030876599344400974,0.007154656910472648,1.043583030507369,0.9170511219838373,0.8391667547848155,0.07590410077388421,1.4313751177707055,0.9642866145958854,0.6332346410066617,0.023452521732850683
1.767157249649228,0.9831933299535042,0.5286474973375932,0.009036680567268338,-inf,0.0,0.0,0.013555020850902507,1.0376239362180997,0.916001372812254,0.8369542066027689,0.07674988974940232,1.4076815922239572,0.9623594698193471,0.6400958466453675,0.025035912036786304
2.00304632976977,0.990167536257027,0.5308239319895204,0.005271135312029162,0.4319468718347206,0.7299944521722466,0.031545741324921134,0.011667931369508777,1.0367668309545723,0.9158493969115221,0.8367641554830776,0.07688404727259364,1.4217389598481316,0.9635145815375274,0.6401112121050099,0.024239099110366976
1.8146123727593038,0.9849067508391313,0.4914790658531454,0.007531693728317363,0.3212198662045048,0.676916270844019,0.03692404796970335,0.01762338952011246,1.0412920094613582,0.9166489569148735,0.8311592678308437,0.07557745134706406,1.421691952266213,0.9635107762891252,0.6305491268672417,0.023879596074233612
1.9497662004110592,0.9888984025650869,0.515413593675386,0.005786149734516698,0.4239924726368246,0.7263692147159847,0.030986363877540193,0.011672883306629184,1.0386495612511695,0.9161829017893143,0.8229426433915212,0.0752870024404476,1.3999736493890753,0.9617112619799011,0.6360694009656709,0.02532391541930887
1.757117032366791,0.9828070176828275,0.49507258662710607,0.00866067709575877,0.9744684177829447,0.9041140849211928,0.30576454381689094,0.03242789109417777,1.0263950849977896,0.9139904685536906,0.8379781710289287,0.0788565223951234,1.412097043248237,0.9627260283671102,0.6364840521352124,0.024642824443329693
1.972933619451943,0.9894690249500353,0.5462341536167039,0.005813601131643862,-inf,0.0,0.0,0.00903664560952871,1.031325279840556,0.9148787019656068,0.8137850218387132,0.07571543334764651,1.4099272054436556,0.962546325237117,0.6380100138489401,0.024825630650321274
2.0404795276626864,0.9909721997038814,0.4959923562821806,0.0045185121663906,0.6569733371747601,0.819466477813175,0.09719199532883911,0.02141199636610523,1.033976244389025,0.915352858325621,0.823292106799724,0.07613383513233477,1.4283075336257163,0.9640425672442567,0.6354371251127979,0.023700911633041104
1.8689661096762473,0.986658618468482,0.5290700772715161,0.007153969595629218,-inf,0.0,0.0,0.016567087484615033,1.014657138817747,0.9118418659167504,0.8142819078070876,0.07872590225702067,1.4208096704860322,0.9634392849898141,0.637783106847855,0.024202673454427292
1.9246275001944433,0.9882446123495868,0.49746352178233355,0.005917438321861955,0.4776452993180321,0.7502261799821766,0.03054233565190105,0.010168501248814223,1.0441399636698978,0.9171486188290233,0.8171120757282568,0.07381449707900645,1.4094289401630566,0.9625049421510228,0.626379373463731,0.024401049610136515
1.9405928728149149,0.9886641029528397,0.49264512047239944,0.0056486063869230895,-inf,0.0,0.0,0.007531475182564119,1.0417997476723053,0.9167382377159367,0.815785311330205,0.07409282156271661,1.416424145126727,0.9630819217847549,0.6316760689618811,0.024214208566408203
2.1058587946951874,0.9922240944956441,0.5285067873303168,0.004141825278673791,0.6401319086706019,0.8136582661197537,0.03747671014107,0.008582811038248055,1.0303103575887649,0.9146965342995094,0.813840830449827,0.0758977876953489,1.4382213673263855,0.9648255411698606,0.6376364120308757,0.023246187799281372
1.8607631318598932,0.9864076885628597,0.4919189260331666,0.006778450048587919,-inf,0.0,0.0,0.006025288932078151,1.0337406839279517,0.9153108227726215,0.8311660963411424,0.07690368242909935,1.3960590209593138,0.961377965877071,0.6318504869702554,0.025383722047437544
2.075028327568113,0.9916567921462179,0.49197495132347524,0.004139183344736131,-inf,0.0,0.0,0.00451899001089123,1.0314955663962408,0.9149092319904047,0.8237646687365153,0.07661390427711313,1.4073986628300263,0.9623358640785741,0.632636952060201,0.024760299434674865
1.9671389900015381,0.9893290819262217,0.48883076118231755,0.0052725358021045,-inf,0.0,0.0,0.012051510404810286,1.0416417001083973,0.9167104559207879,0.8403871305257651,0.07635503718698348,1.4111042271746428,0.9626439077265985,0.6278838608422704,0.024365486816403416
1.7020013459049175,0.9805258855747802,0.45513586532966177,0.009039402274684062,-inf,0.0,0.0,0.02109193864092948,1.039035805080871,0.9162511720089602,0.818101522315166,0.0747775782063726,1.4227801510634475,0.9635987678060005,0.6219151036525172,0.023493674804665455
1.7994032855019282,0.9843772216879645,0.5349178865627787,0.008489533659243726,0.13159579978950753,0.5751782996810446,0.03410462248806338,0.025189378184381193,1.0286406278724725,0.9143960664403917,0.8240726166115746,0.07714803257556266,1.4568504066973849,0.9662526037755663,0.6293089878797419,0.021979283345359903
1.8865366189207051,0.9871808245396395,0.49298301150153,0.006401700242062679,-inf,0.0,0.0,0.010543976869279706,1.053974888551745,0.9188532265481234,0.8240476944180648,0.0727742033661801,1.4025786025723124,0.9619315186114239,0.6326896697267068,0.025038721001161952
2.0676167364374316,0.9915144051596457,0.48411999378270554,0.004143203669031294,-inf,0.0,0.0,0.007533097580056898,1.0351830517401552,0.915567915152882,0.8348790218123413,0.07699109507891372,1.3933994139243358,0.9611499369578196,0.6207450391171442,0.02509076157165698
1.724823409368381,0.9815043825685639,0.45964949102739006,0.008661704715315457,0.8593902733944413,0.8785552353281041,0.11008500367299821,0.015217309996427498,1.0380590626935653,0.9160784309481252,0.8236960856333299,0.07545846031621155,1.4049372569594325,0.9621298997906655,0.6301815510546752,0.02480438295671598
1.9663576708022152,0.9893100724951307,0.4879628179017181,0.005272651409770012,0.36429767947425296,0.6982179860216187,0.03049767611885738,0.013181628524425028,1.0396183783551067,0.9163540487109104,0.8331505561648128,0.07605103173328742,1.4413175674349985,0.9650666884008781,0.6271345762180792,0.022700905366354475
2.00390027468493,0.99018666110838,0.45603623301577384,0.004519590373427285,0.4156285678426008,0.7225247919212026,0.030402415534384924,0.011675608464687154,1.0329962169830413,0.9151778487496103,0.8342964235514603,0.07732575424856328,1.4354663043056366,0.9646096153898347,0.6247071685147587,0.022919766307253467
1.6388168848688784,0.9775446555717957,0.4590473196038359,0.01054485399904173,-inf,0.0,0.0,0.01807689256978582,1.0395292671452045,0.9163383199917317,0.8251323167216894,0.07533457276639266,1.3962929677988056,0.9613979623888614,0.6273122674631871,0.02518783343618951
1.989803031218054,0.9898661737837973,0.5150713359273671,0.005273079882387617,-inf,0.0,0.0,0.015065942521107475,1.0408470322121384,0.9165706404664803,0.8337224383916991,0.07588823598838323,1.4415821826586646,0.9650872238657179,0.6217380025940337,0.022491852717512934
1.9367619562255198,0.9885648150601539,0.48837087754142056,0.005649211077354854,-inf,0.0,0.0,0.010545194011062393,1.0396563420993292,0.9163607487471039,0.8560079443892751,0.07813065283856735,1.4398032268872865,0.9649489438756299,0.6247321381905608,0.02269293248870319
1.8818301946570177,0.9870429581995104,0.48773358388140725,0.006402542443929386,-inf,0.0,0.0,0.016571286325464295,1.0396357241631562,0.9163571100485451,0.8258690886313812,0.07538335932270285,1.4430280458474996,0.965199224764201,0.6255350245328323,0.022554000492701697
1.965094551946136,0.9892792700432131,0.5212643074661346,0.005648894145140468,-inf,0.0,0.0,0.018076461264449496,1.0286776515099092,0.9144027392310629,0.8321957366376141,0.07790186142669399,1.4221259450223773,0.9635458933548114,0.6293184920718261,0.023809186030465338
1.6608046844769568,0.9786295512740704,0.48296893575231303,0.01054664951030188,-inf,0.0,0.0,0.01657330637333153,1.0505446315889564,0.9182623501609735,0.8266914767147361,0.07358661545556276,1.4108099185015446,0.9626195306276388,0.6219052049413346,0.02414984085214245
1.8745915245862512,0.9868280533676043,0.4797699733004724,0.006403855730057614,-inf,0.0,0.0,0.006027158334171872,1.0485047044360527,0.917909107997508,0.850379954816184,0.07605159206252145,1.414769098389205,0.9629461858493236,0.6166563976175806,0.02372871079186437
1.8063467215798716,0.9846211995886783,0.45813503477851575,0.0071556119899063055,-inf,0.0,0.0,0.019583780182901467,1.0326243504063144,0.9151113563496156,0.817948852047487,0.07587554033060527,1.4387149454700459,0.9648640906398375,0.625908686784164,0.022792713605916406
1.623601209959388,0.9767625854485363,0.49043250327654,0.011667506063324257,0.4871114320277474,0.7542882562206303,0.031192660550458717,0.01016110612058809,1.0396059170389413,0.916351849367635,0.8480209698558322,0.0774106429477461,1.4456176595967842,0.9653989588849732,0.6277850589777195,0.022500559418643117
1.931104486029032,0.9884166134238976,0.5142442763907593,0.0060264974982037894,-inf,0.0,0.0,0.01807949249461137,1.0417665467545452,0.9167324023169064,0.8260126385579613,0.07502744300819227,1.418251390694271,0.9632312249247562,0.621620221692738,0.02372868894011297
1.8559750943624602,0.9862590765967809,0.4865906368796542,0.006779359327326584,-inf,0.0,0.0,0.010545670064730242,1.0407081882029117,0.9165461900914773,0.83382804770088,0.07592211733734729,1.4072281793465018,0.9623216332069332,0.62537103577566,0.024485534206678882
1.9343745131069698,0.988502504169791,0.45336921643722183,0.005273239727308494,0.4513430805298322,0.738706396138549,0.0329158472207846,0.01164292117873935,1.0391535720808402,0.9162719777678483,0.8415277921540213,0.07689797287274182,1.4270971866577153,0.9639458347920715,0.6214677569609771,0.023244564551394092
1.904001855835835,0.9876798964448792,0.513340227507756,0.006403294007166942,-inf,0.0,0.0,0.012053259307608363,1.038878309924966,0.9162233401811806,0.8264736297828335,0.07557022081302743,1.4185204876850475,0.963253163559331,0.6207342295760083,0.023680191324852367
2.1077354963124364,0.9922573641438802,0.4827194296636876,0.0037666848336112124,0.23904950687337975,0.6342357733021747,0.03068657333264452,0.01769696891517542,1.0333004850095415,0.9152322188912241,0.8206850235057085,0.07601092596593859,1.4295742025579896,0.9641435334408309,0.6189492173373973,0.02301870120321071
2.105175941112362,0.992211953894767,0.4799178222907036,0.00376695938005137,0.5545993523207866,0.7819407577886267,0.031022085259373396,0.008651106028296057,1.039099564155553,0.9162624368336109,0.8434514637904469,0.07708334139617447,1.3809996964581694,0.9600696564004302,0.6168464304057525,0.025655315476397808
2.0223283161177963,0.9905905151101481,0.4759333774766974,0.004520826573274096,-inf,0.0,0.0,0.015069421910913655,1.0341087615753362,0.9153764975755976,0.8144960016299089,0.07529743723063247,1.4119357096529557,0.9627126955003399,0.6135078694035553,0.023762078599679128
1.903751831446262,0.9876728891470972,0.5130484212702185,0.006403339436973093,0.6279071364077224,0.8093526913311283,0.06681825228670353,0.015739392856613053,1.0415381556389804,0.9166922501775434,0.8345305152188517,0.07584100265666349,1.4216992449717543,0.9635113666562797,0.6199679603121285,0.02347848128371218
1.6954703028114586,0.9802366468059384,0.4484259022267725,0.009041081575506513,-inf,0.0,0.0,0.006027387717004342,1.0437558619284175,0.9170813890532546,0.8291783977476325,0.07497079516493071,1.422288323183884,0.963559024025358,0.6149987202457128,0.023258724198632872
1.6842790957655447,0.9797312088953035,0.5098341293072459,0.01054750667443281,0.6916198018056328,0.8309694334582215,0.09767370204899091,0.019868169067140375,1.0536792126463295,0.9188024488662239,0.8509217891439429,0.07519871716724107,1.387786347913743,0.9606644374031047,0.6171108714630514,0.025268347998057175
1.9847080961609838,0.9897478145069304,0.4728505642427003,0.004897966556797896,-inf,0.0,0.0,0.010549466430026239,1.0415896203694737,0.9167012994342962,0.8226810384089874,0.07475527908796663,1.4081383635394178,0.9623975497708624,0.6081676028541065,0.02376210540305323
1.8972551949885497,0.9874894253506197,0.47578797291104435,0.00602779209536091,0.6668062736102758,0.8227918446552471,0.059473496613880544,0.012809058202641933,1.0432130975035825,0.9169863037620813,0.8369061561179286,0.07576413424997404,1.3819064095310596,0.9601496166698171,0.6126075665767096,0.025425877316626166
2.021097972865083,0.9905640724149609,0.4746038195855343,0.004520986978938188,0.66884980673275,0.8234768770630534,0.059731816334823246,0.012804302162951647,1.0408358432163844,0.9165686703300114,0.8290329134498171,0.07546332375118056,1.4389886714399545,0.9648854516502905,0.6108797236895571,0.02223141156980435
1.754927922778199,0.982721636937588,0.44992295839753466,0.007910614698107877,0.709568445275685,0.836695237081344,0.0652799178222907,0.012741224081190876,1.0467495432355798,0.9176040651275198,0.8354391371340524,0.07501796401005727,1.4522076621529492,0.9659022656737,0.6171545968156138,0.021786441784351896
1.6691357651599703,0.9790270781474412,0.543624852010089,0.011645644735272017,-inf,0.0,0.0,0.019587645489933015,1.0408932049523931,0.91657877002489,0.850362896999022,0.07739467802743225,1.4133225504195848,0.9628271567209004,0.6182117671282236,0.02386792787504878
1.9929799021726624,0.9899392893435248,0.4448507007921999,0.004520998645248694,0.2626014335850196,0.6467222060899779,0.029656713386146658,0.016200245145474485,1.0417995179604604,0.9167381973430204,0.8388177940280317,0.07618476227340172,1.3908024325984134,0.9609260311599307,0.6100446881982531,0.024806141539255533
1.7796039890702637,0.9836604082044462,0.47627300066262296,0.007911375052977957,0.8133167053475707,0.8667739517356097,0.06340792089301188,0.009746008993834881,1.034178063506315,0.9153888577042649,0.8299097813344207,0.0767101478351126,1.38385499834079,0.9603209377736543,0.6112951730465365,0.025257826061994372
1.8387292071474544,0.9857103980686749,0.46787842371438587,0.0067827187784911935,0.29714996320087345,0.6646783626257682,0.03204646737769766,0.016167028321335174,1.0463988501142345,0.9175429919518796,0.8324570627409744,0.07481057489864959,1.4213338010950425,0.9634817715289536,0.5994191577787792,0.022719397917565963
1.896248601272799,0.9874607591324202,0.4747002641739484,0.006027967083583854,0.3097375822998003,0.6711072255564482,0.03297094086567771,0.016158228975013355,1.04724158727331,0.9176896851425009,0.8444421865474497,0.07574052904700834,1.4546833962766015,0.966089517173419,0.6111562690510058,0.02145205366335765
2.0756815445230647,0.991669227165697,0.4484259022267725,0.0037671173231277138,0.9222774900611964,0.893178039015484,0.034195034553365755,0.0040896444912037165,1.0475315729430414,0.9177401072757173,0.836447402098797,0.07497337538227533,1.4098009635835225,0.9625358444586207,0.6168415664192475,0.024008922391577654
2.01718355408436,0.990479452667581,0.4703987112364076,0.004521500353564811,-inf,0.0,0.0,0.007535833922608018,1.040956610303569,0.9165899325274204,0.8456504228755538,0.07695454240455041,1.3525566665772952,0.9574818946274554,0.6084877164720097,0.027020609989625324
1.9523676372616146,0.9889639710053014,0.4726831242411979,0.005274757036020088,0.30580047807574734,0.6691031686075708,0.03267907729664104,0.016161040087121232,1.04507197659969,0.9173115440484676,0.8302812626467018,0.0748433572641456,1.4395118301887075,0.9649262430711296,0.608559287737758,0.02212030265337827
1.9512323211876297,0.9889354029278626,0.5050875050875051,0.005651117063277028,0.6433930613796117,0.8147941011980102,0.04395604395604396,0.009991381401373815,1.04063762523521,0.916533761484807,0.8515466015466016,0.07754803449503786,1.4137758771792106,0.9628644981861946,0.613044363044363,0.023643731904813513
1.7087623573921888,0.9808209376598396,0.5009840036332441,0.009796287036887692,0.2003179080353922,0.6133104386545658,0.03280012110813948,0.020680333553766996,1.0461003067401509,0.9174909681872803,0.8464449714891255,0.07611993741834545,1.3978216285274756,0.9615283796356829,0.6066508553262351,0.02427264955886385
1.8189257364404408,0.9850536838946791,0.4469159736748125,0.00678109987736995,0.2721851022288382,0.6517474848683191,0.04407938370491302,0.023553226666907498,1.0397230611517652,0.9163725224858277,0.836640987704709,0.0763512367185721,1.422737623979844,0.9635953329121052,0.6125197693995205,0.023141019396964634
2.00914914969934,0.990303407965098,0.5002519399375189,0.004898235164321854,-inf,0.0,0.0,0.010550044969308609,1.0374521795989144,0.9159709381185225,0.8253552353119017,0.07571618624132712,1.4210117445551482,0.9634556709411345,0.6057643857704323,0.02297692951883485
1.9236719204882162,0.9882190235066125,0.4424689362561875,0.005274859128486949,0.34964065276049744,0.6910595276522967,0.029497929083745832,0.013187147821217372,1.0347751212529366,0.9154952762200717,0.8372562885139914,0.07728287980469602,1.4126190719608738,0.9627691382578365,0.6089503990302051,0.02354847825217388
1.8912936586756113,0.9873187020955643,0.4107098005726629,0.005275230097716927,0.18372348257767496,0.6042102152629367,0.02933641432661878,0.019216909641683093,1.0408863469239074,0.9165775625886323,0.8471391972672929,0.07710249470121977,1.401259466406522,0.961820134186345,0.6042095745215251,0.023984360129945124
1.7541414562761006,0.982690861182062,0.4706119365399144,0.008289369180811865,0.08194502772769137,0.547031896047266,0.030470914127423823,0.025231348112858782,1.0397267175579332,0.9163731676788394,0.8309242004532863,0.07582888852901763,1.4251982091733169,0.9637935611259524,0.6071014857718459,0.022806733434971874
1.7307222724269278,0.981749349445644,0.44584690553745926,0.008288262251764997,-inf,0.0,0.0,0.01205565418438545,1.0423879820312676,0.9168415642555306,0.8290920195439739,0.07519946533999422,1.4111079893699507,0.9626442192440574,0.6124287459283387,0.023765534040708476
1.7920917549109128,0.9841161922237492,0.44352184699508884,0.007158520323010811,-inf,0.0,0.0,0.013563512190967852,1.0480407074190832,0.9178285665479404,0.8307427472026733,0.07437480685994757,1.3913513840117977,0.960973463447511,0.6084248898789935,0.02470902382582138
1.696922978168142,0.9803013429433187,0.506194870748993,0.010171728555218461,0.44807725549204147,0.7372523189380467,0.0939172997501657,0.03347097335210966,1.0471087769655043,0.9176665829574214,0.8371998164482741,0.07511390620050974,1.4309830169052007,0.9642555094169287,0.6132667108550451,0.022733503679252524
1.7288905625834252,0.9816736253635742,0.44399391789153575,0.008288700710036115,-inf,0.0,0.0,0.01959147440553991,1.0415619226827475,0.9166964293463629,0.8145970603142423,0.074025426079731,1.416792775377116,0.9631120892122556,0.6105423213380639,0.02338422592128573
2.250028440924843,0.9944083968363653,0.46907630522088356,0.002637637172618126,0.7574675899129576,0.8512113463211451,0.01606425702811245,0.002807973819773504,1.0423389048907734,0.9168329480509658,0.8168172690763053,0.07409450586887176,1.4481265505255094,0.9655914125515814,0.6043172690763052,0.02153468157370415
1.920783135134734,0.9881413314692998,0.4709440048384658,0.005651791572765848,-inf,0.0,0.0,0.013564299774638036,1.0421868657446538,0.9168062502184106,0.8396754195857064,0.07619466679914397,1.4123415752239676,0.9627462281444105,0.6050602288191119,0.023412998217363
1.9805987265701932,0.9896513548139446,0.5403515986429526,0.005650380755680374,-inf,0.0,0.0,0.009040609209088599,1.025273318605677,0.9137871997322675,0.8510332065385011,0.0802921685464718,1.4402063177876518,0.9649803227036454,0.6163770946848977,0.022368670573771655
1.8554791922436231,0.9862435934318142,0.5401294830952625,0.007533879883637677,-inf,0.0,0.0,0.015067759767275354,1.0496012291105081,0.9180991591532164,0.843078820265132,0.07520850399592345,1.4371505648459963,0.9647417691330559,0.6168944610009249,0.022545522566163333
1.84269603187086,0.9858384843732193,0.44584690553745926,0.0064045662854547705,0.40569200035918007,0.7179145177544609,0.029723127035830618,0.011678914991123406,1.0312344365888193,0.9148624109633349,0.8221701954397395,0.07651160150282812,1.4085936263580696,0.9624354671249469,0.614413680781759,0.023980997894389167
1.7941653187885787,0.9841906535208006,0.4455007625826131,0.007156210930494503,0.1561988305900836,0.5889583931743955,0.029689883070665987,0.020720949705894116,1.0365283632310214,0.915807069105503,0.8444331469242501,0.07763130901954814,1.434148611384135,0.9645058914315375,0.612709710218607,0.022547902681208317
1.8716485085524317,0.9867396775977119,0.5046253939209109,0.006781419220988337,0.699315092285741,0.8334436644337049,0.07090576395242452,0.014169889001998557,1.0424527395790637,0.9168529321411382,0.8445664328555453,0.07659158851132623,1.4279213557834254,0.9640117305979711,0.6103995120463556,0.022787297483159347
1.820499206722368,0.9851069321366956,0.47349751697577785,0.007158441813145056,-inf,0.0,0.0,0.012056323053717989,1.0496329464008687,0.9181046504694674,0.8445829532786054,0.07533718093129418,1.4172658143450767,0.9631507663602799,0.6093544137022397,0.023313321178949433
1.7744264882071983,0.9834676874492089,0.4481964696853415,0.007534283246476207,0.7071498128927379,0.8359328672848548,0.03607060629316961,0.007079517005999689,1.0430803126298756,0.9169630264803108,0.8353031465848043,0.0756421396074303,1.405434296072071,0.962171577777801,0.6127909951394218,0.024092289809301358
1.9302068286124958,0.9883929247692497,0.4490925868963396,0.005273865596412533,0.4688798410760652,0.7464250428994852,0.029939505793089304,0.010171026507367028,1.0425903111548456,0.9168770775003292,0.8209781605659797,0.07442884732236503,1.4245098161828331,0.9637382081138154,0.6161181175023069,0.0231821741278706
1.7989365867951257,0.9843606869168596,0.4742665719216323,0.007535046352147295,0.6038178482539913,0.8006468321032343,0.06334382296213582,0.01577198743298776,1.0413509322905217,0.9166593223805406,0.8525530403004771,0.07751227348089466,1.4271830892986699,0.9639527084897396,0.6096842960105573,0.02279932132972924
1.780501556073776,0.9836935926760114,0.47724602890852447,0.007911170916512764,-inf,0.0,0.0,0.01356200728545045,1.0270259180147323,0.9141045873536758,0.8287450840185914,0.07787445983229402,1.4587405909154096,0.9663942384780788,0.6149956586138209,0.021386093394907667
1.953191639822038,0.9889846597767454,0.4735695099082662,0.005274631127420147,-inf,0.0,0.0,0.006028149859908739,1.0455238229055266,0.917390426356119,0.8458770462723633,0.07616990557145815,1.4033941274666892,0.9620002232308091,0.6091429729866707,0.0240616337034478
2.0570743756199596,0.9913077119616748,0.49347592488359004,0.004327046816350147,0.7480762024327317,0.8484517436013808,0.06304047485033004,0.011260126599017319,1.0463121995887366,0.9175278954242974,0.828838970475362,0.07450028995342038,1.4388547252120498,0.9648750003267522,0.6143376144911221,0.02236414924312159
2.0399070644855577,0.990960399547809,0.4541919427593716,0.004143166258735057,0.3141438835616023,0.6733427483760354,0.030279462850624772,0.014689407644606111,1.0215997293723693,0.9131184813584593,0.8270856017006274,0.0786956507718453,1.4165338934672913,0.9630909056896431,0.6231140146212475,0.023879961689901034
2.1446761095775315,0.9928842202205751,0.47313788039900756,0.0033908736725368266,-inf,0.0,0.0,0.012056439724575383,1.0535533352693447,0.9187808226188392,0.8288520937769001,0.07326958026325721,1.4177256312226878,0.9631883250452943,0.6077269735176465,0.023226452427448786
2.026356217130868,0.9906765708465275,0.480312532127069,0.004520304604544299,0.3573494361722927,0.6948362067883695,0.03001953325794181,0.013184221763254206,1.0449754222087295,0.9172946789161754,0.8435283232240156,0.07605438297971152,1.434300361378896,0.9645178515379615,0.616993934409376,0.0226976310972188
1.7133582433192183,0.9810189963035723,0.5062464943144154,0.009794985230756925,0.5240634492893241,0.7697146529232768,0.06282188567640609,0.01879522455764843,1.0356253962143918,0.9156466180194115,0.8368772627606955,0.077096803534555,1.4053016832108618,0.9621604621658635,0.6125643771352812,0.02409073521092053
1.8484377630200022,0.9860218792194642,0.478320962375224,0.006780811181629884,0.8159588474293855,0.8674749186642098,0.10023035577169183,0.015312299831576313,1.0336798726117429,0.9152999679717974,0.835730739697978,0.07733685446993628,1.4092353467518086,0.9624888515303305,0.6154594317890965,0.023986345489812336
1.9816656658643357,0.9896764851783822,0.5056277056277056,0.005274304473675892,-inf,0.0,0.0,0.012055553082687754,1.0440603008801557,0.9171346794348169,0.8228163992869876,0.07434343747117228,1.4304051024769457,0.9642096161699232,0.611764705882353,0.022708022477723223
1.9969056944677326,0.9900289203203855,0.44883947327970486,0.004520488300462821,0.6278504033020349,0.8093325337558018,0.10928933750064047,0.02574704487913435,1.0408843678355857,0.9165772141439944,0.8280985807244966,0.07536985373562755,1.461403214827545,0.9665927803777908,0.6154122047445817,0.02126977471738885
1.7962995666749921,0.98426693527565,0.5026069898301585,0.008033946908613854,0.7428231069997762,0.846889898099331,0.09354189251974601,0.016911535640964617,1.0476750365363314,0.9177650420426522,0.856847865365753,0.07677656584888878,1.4114647454122895,0.9626737480310477,0.6197924732848071,0.024031537240530153
1.8754503575895238,0.9868537335331521,0.48070789175841133,0.006403698768152306,-inf,0.0,0.0,0.0075337632566497715,1.0177111350487218,0.9124055144394879,0.8268340364235004,0.07937929014921753,1.4025655617050306,0.9619304190034126,0.62172034159893,0.02460534819789545
1.9840012272817087,0.989731285689344,0.5083201064973631,0.005273950644439872,0.5379525055640799,0.775334412950606,0.02990118273513901,0.008664347487294074,1.0362325791143199,0.9157545408294939,0.8436843991603092,0.07761531767876506,1.4066230294375848,0.9622710774318295,0.6159950847370846,0.024152062136633765
2.0870286176072135,0.9918823273384119,0.5063497730402408,0.0041440215200121274,0.7218811223314836,0.8405321288951303,0.03723160095884123,0.007063673045475218,1.0236338366473416,0.9134893360440003,0.8220533482939767,0.07785135322558276,1.4184295153653839,0.963245748280238,0.6141684092415974,0.02343462231927157
1.964318922269182,0.9892603120256337,0.48570537477908304,0.005272954053841401,0.9610984484904681,0.9014118300789654,0.09897078698409398,0.010824518204461115,1.0411093712612303,0.9166168204951256,0.8325189728662024,0.07573293158445304,1.4614552269178014,0.9665966474261851,0.6251169560245348,0.021602601392792513
1.9044340470998158,0.9876919999592303,0.45339268153822265,0.005649896063841245,0.36036600274954006,0.6963070113432128,0.030226178769214844,0.013183090815629574,1.0440323826737221,0.9171297938025084,0.827907458206097,0.07480823569096101,1.4298730047448067,0.964167311147283,0.6193261218363438,0.02301687680711216
1.8755408574877674,0.9868564367129897,0.4808068333847895,0.0064036822462940814,-inf,0.0,0.0,0.012053990110671212,1.03112398622719,0.9148425999913347,0.8354430379746836,0.07776655456352662,1.4115206377895957,0.9626783722237429,0.6172687043326129,0.023930601835189035
1.7719732888048279,0.9833755939979484,0.5124658029215919,0.008663464521526117,0.17484430710200807,0.5993107114488601,0.030970938935632065,0.02070666058658982,1.0360762780666963,0.915726771324186,0.8342538584628091,0.0767753749147811,1.387350592205337,0.9606265044546486,0.6202446704175915,0.025422160074147698
1.850672021514649,0.9860926084524351,0.48075735748096315,0.006780378184107392,0.7456364253316884,0.8477279849576935,0.0784111957192838,0.014084507042253521,1.0432222550093893,0.9169879088605243,0.8424572957398642,0.07626506428201006,1.4116519204427578,0.9626892315801029,0.616124717019963,0.023879031654665123
1.9618975989883083,0.9892009162081161,0.5174876205368778,0.0056494005250846925,-inf,0.0,0.0,0.006026027226757005,1.0405558371506254,0.9165193536373069,0.8263747719572583,0.0752698781831889,1.4094412608092963,0.962505965963633,0.6242376856919468,0.02431692878982231
1.9327587224096732,0.9884601426667756,0.48394447897244663,0.005649848692408306,0.5674165613058888,0.7869310675099126,0.037238450383260825,0.01008265806032181,1.0326750076387052,0.9151204170059577,0.8198674124715144,0.07604464154418879,1.3883652994002569,0.9607147814655341,0.6199502796768179,0.0253507936876485
1.8139627703588959,0.9848844994978239,0.5153654485049833,0.00790956370991043,-inf,0.0,0.0,0.01506583563792463,1.0342980529763555,0.9154102541758734,0.8407392026578073,0.07768966442398977,1.4152193521777368,0.9629831601159381,0.6215739202657807,0.02389315123622405
1.7477830551564302,0.9824400607881671,0.48467244151667616,0.008662939298154869,-inf,0.0,0.0,0.01807917766571451,1.0337655934743968,0.915315268754361,0.8254058820478241,0.07636633810874208,1.4260341770587122,0.9638606711565734,0.6231651019243737,0.0233651701082158
1.9375719171622654,0.9885858786524716,0.45667813575226773,0.005272763622058416,-inf,0.0,0.0,0.012052031136133522,1.0388619484000592,0.9162204483650991,0.8407882389740382,0.07688200127691683,1.4308003226867032,0.964241007461956,0.627358982379314,0.023265682537839946
1.961816619077231,0.9891989241407492,0.49976677895827937,0.005456959929622566,-inf,0.0,0.0,0.009039682114831566,1.0361812359513478,0.9157454197710803,0.833894791396735,0.07672378598604189,1.4374926785809412,0.964768554574622,0.6242549883389479,0.022796561360647585
1.6998820895304365,0.98043248820257,0.5240923060894932,0.010459855732799344,-inf,0.0,0.0,0.021091258516891902,1.0368846030039665,0.9158702942146462,0.8409647340730323,0.0772490560075326,1.40049940151022,0.9617558142405407,0.6245767567849143,0.024836272527642613
1.9724501408419346,0.9894574184732229,0.5057322197437361,0.005388532197366682,-inf,0.0,0.0,0.013559365759118744,1.0431666525838612,0.9169781626099055,0.8257508948487835,0.07476225641157938,1.433128756311262,0.964425411222682,0.6228147533329875,0.022973657139724542
1.908205034082381,0.9877971094259622,0.5182710377949468,0.006402534185972724,0.2398887432549895,0.634683939581907,0.030747546460638965,0.017697899442551315,1.043645282414838,0.91706202499489,0.8399457089162664,0.07596366910093665,1.4194831657478852,0.963331544640899,0.6260701607851326,0.023830866818518336
1.6963716844452423,0.9802768150774365,0.449345986150295,0.009040848301970526,0.6551432977779321,0.8188422407333503,0.07088997178763785,0.01568344646219402,1.0347768697960795,0.9154955876988115,0.8422672480123109,0.07774510303509585,1.39703863608826,0.9614616317907153,0.6157476275968197,0.024681077238748447
1.8775218619393568,0.9869154709687012,0.45454545454545453,0.006026365348399247,-inf,0.0,0.0,0.010546139359698682,1.0334907544817449,0.9152662023760754,0.818700705687007,0.07579392719861724,1.3976261296986294,0.9615117243278274,0.6224055624740557,0.02491422232541341
1.7497716913120462,0.9825188816164863,0.4868695289704043,0.008662453243905585,0.1763093356044913,0.6001205075008077,0.033295122967903296,0.02218560557203663,1.0360779583912105,0.9157270699062374,0.8342017507294706,0.07677028247130144,1.3949553212206383,0.961283493417274,0.6271884118382659,0.025260544305430156
1.9033430032107908,0.9876614226598174,0.45226908978264235,0.005650070980629157,0.4355528270591189,0.7316278697191336,0.06355516547059735,0.023312992647812888,1.0273615667083102,0.9141652508609637,0.8276111311890134,0.07770782554180375,1.4143755335433492,0.96291383772288,0.6173782848882234,0.0237780270287528
1.8384461574711772,0.9857012150534075,0.4928338075666561,0.007149148769613893,0.37582734900313736,0.7037823068675707,0.03129939930445779,0.013173726829909969,1.0355090880950284,0.9156259306885454,0.8405522183580989,0.07745609724957345,1.417085588509206,0.9631360351324808,0.6293076193487196,0.024086705433404652
1.7667690280049095,0.983178552362971,0.4843207380915358,0.008286364583272868,-inf,0.0,0.0,0.016572729166545737,1.0402852965500664,0.9164716789045148,0.8190535427357073,0.07464951605902358,1.408518530090326,0.9624292151334152,0.6226092365106516,0.024305078558580172
1.9643874922938525,0.9892619893563341,0.48578112815180663,0.005272943851790034,0.5707114835656556,0.788200387780622,0.06430985183259683,0.017280886803903373,1.04512926239057,0.9173215486647737,0.8411749415128672,0.07581533603730789,1.4371803771883296,0.9647441040397616,0.6253704185079283,0.022853722887968646
1.8578335485960817,0.9863169489415111,0.4886518146637381,0.006779005204202055,0.6440626885142026,0.8150266641835139,0.08184290346198096,0.018574551645417787,1.0331137999802213,0.9151988635940546,0.8169647526409372,0.07569889144692295,1.399936929908169,0.9617081485081485,0.6277063068716662,0.024993067512752553
2.069142014135169,0.9915439034219795,0.5063184940485554,0.004317991437531316,-inf,0.0,0.0,0.007531980285299548,1.0300813226973824,0.9146553761323408,0.8326778878926118,0.07769547197722866,1.3951330546619025,0.9612987216849926,0.63069582087987,0.025391414703225146
1.7934262796091978,0.9841641542341035,0.5149362099367285,0.008285660847076123,-inf,0.0,0.0,0.010546207376927592,1.0390133218153192,0.9162471993826127,0.835131210455347,0.076338108106365,1.398660138754892,0.9615997371444587,0.6216160149362099,0.024823445189002327
2.035472873714625,0.9908684786426393,0.48681415470701,0.004486320784835255,0.6269179984538852,0.8090010119054463,0.030309310398424952,0.007155797744069459,1.0384625808739991,0.9161498340624097,0.8413553701880732,0.07700463917559018,1.40553940816304,0.9621803860461374,0.6221957411533081,0.02445612389881657
1.7780865483905406,0.9836041549167551,0.4519424237734097,0.007533496000087719,0.5559903181228982,0.7824863750819568,0.06743022235979983,0.018744086237889486,1.0279568639490755,0.9142727465035014,0.8347521023577361,0.07827095946940453,1.437602823275406,0.9647771740668233,0.619873084661817,0.02263080258177036
1.8592382649677204,0.9863605323104614,0.49021562352447406,0.006778738543306351,0.2073472734762788,0.6171419435153216,0.030953255338124968,0.019202556729697156,1.037085146732988,0.9159058675607905,0.8175331829389854,0.075062019138071,1.4246444518916879,0.9637490404431045,0.6277215256282461,0.023611445182949203
1.7467806801606578,0.9824001988283432,0.48356880401593955,0.008663185139464253,0.5280827139691755,0.7713509892001906,0.0975521399368628,0.028917056709937446,1.0401345667366835,0.9164451065262518,0.8495575221238938,0.07745656314315216,1.4105479579807543,0.9625978200116945,0.6223671272576722,0.024182360305172176
1.729984383128701,0.9817188816249546,0.4854278144319185,0.00903941393434429,-inf,0.0,0.0,0.0165722588796312,1.034175324788684,0.9153883692799636,0.8414982596498519,0.07778178354292657,1.386758720645998,0.9605749252847674,0.6226816977505325,0.02555685330880859
1.9931338623574375,0.9899428194345442,0.4819973176519137,0.004896781875199142,-inf,0.0,0.0,0.009040212692675338,1.0411410408013058,0.916622393770793,0.8336944186526359,0.07583432984650472,1.4188397414762268,0.963279174991371,0.6204477457959352,0.023651869252311976
2.003946055020686,0.9901876853586569,0.4560837194772739,0.0045195845438979485,0.47567227785364197,0.7493739047561974,0.06081116259696986,0.020338130447540768,1.0398851076694693,0.9164011121448312,0.8478679648044983,0.07734693680127178,1.4462996319245072,0.9654513745465367,0.624355703649711,0.022342535236700985
1.9641132755385289,0.9892552800287167,0.4854782563516392,0.00527298466023237,0.5216860478394858,0.7687429021860163,0.033667584558632516,0.010128051749546127,1.0356407052825276,0.9156493406484775,0.8259988569647218,0.07609195476429255,1.4291686337043101,0.9641112352855398,0.6248246479970905,0.023258918638285248
1.8571443272420582,0.9862955146528464,0.4878863826232247,0.006779136356601145,0.27482839410985294,0.6531276535522219,0.030492898913951544,0.01619460351854718,1.050545977274076,0.9182625827276574,0.8397034252297411,0.07474462157560749,1.4293433295327413,0.9641251509132335,0.6257309941520468,0.02328328948047258
1.9668323617201244,0.9893216256754009,0.45365095805282235,0.00489654184956678,0.9036154078632954,0.8890083216965377,0.09875712066286899,0.012329714243699701,1.0248794133004198,0.9137157192729786,0.8342827550491974,0.07878324288834053,1.4065237746277068,0.9622627792113543,0.6218021750388399,0.024385320177854372
1.8520291139898137,0.9861353971425307,0.5090759922059276,0.00715737055647653,0.7026246607453942,0.8344988290355905,0.06430109732335144,0.012752452766901677,1.0349939678789661,0.9155342526187606,0.8435032304379038,0.07782027878654961,1.3989788399851932,0.9616268253885918,0.6177315147164394,0.024650226731772765
2.2566393237446762,0.9944924031082004,0.5440993788819876,0.0030132759572568868,-inf,0.0,0.0,0.009039827871770661,1.0359182352918783,0.9156986839214464,0.8333333333333334,0.07671857344086187,1.4327504917385177,0.9643955164280531,0.6210144927536232,0.02292721184258729
1.9052768885536637,0.9877155699608611,0.5148309479361128,0.006403062738147756,-inf,0.0,0.0,0.015066029972112366,1.040780412010924,0.9165589094881572,0.8426674963700477,0.07671421237426701,1.407232839991301,0.9623220223164545,0.6198921385604647,0.02427075513315636
1.825093523880809,0.9852613427469863,0.45322847682119205,0.006779905886237926,0.4129130760941612,0.7212695010122663,0.030215231788079472,0.011676504581854206,1.0386824956487302,0.9161887250537164,0.8425082781456954,0.07707112193511104,1.3889377014140043,0.9607644952460889,0.6191018211920529,0.025282754065879633
2.0898412455923445,0.9919343074099952,0.5095986038394416,0.004143687391553947,-inf,0.0,0.0,0.013561158735994736,1.04017680770992,0.9164525540236462,0.8361564521096396,0.07622733517812566,1.4223414076568366,0.9635633157012232,0.6171850939328611,0.023338558094832648
2.2304749728872744,0.9941523955161073,0.5123071365911553,0.0030133906255945995,-inf,0.0,0.0,0.0030133906255945995,1.0425022590544426,0.916861624100722,0.8488054079157852,0.07696723389187268,1.4158698001086454,0.9630365114317582,0.6198462252954229,0.023791080183151198
2.1779818452903634,0.9934060604735193,0.4539565735606571,0.003013231258404574,-inf,0.0,0.0,0.013559540662820583,1.0341387482637618,0.9153818459585255,0.8250505259884956,0.07626790154112074,1.4102769228363394,0.9625753445578097,0.6212882831528217,0.024155511626932046
1.9867114135456976,0.9897945154524159,0.5114625727680181,0.0052735424389230776,0.5406626918280688,0.7764195721827654,0.03008603369223636,0.008663676863945056,1.043352934907936,0.9170108109416634,0.8199474524754006,0.07420498574221433,1.4078461909865292,0.9623731963001971,0.6208850651692339,0.024275323291500606
1.8466852985014741,0.9859661539413143,0.47641870188140517,0.006781152370145641,-inf,0.0,0.0,0.010548459242448776,1.0422192316451178,0.9168119342719189,0.860857594452659,0.07811097944172898,1.392093208177867,0.9610374731988033,0.6116861265487177,0.024799071591087223
1.8036267710989586,0.984526076256525,0.4793515620992151,0.0075340305321747614,-inf,0.0,0.0,0.009040836638609714,1.0278384066499875,0.914251365835352,0.8269635253680808,0.07756181226976215,1.4011644228968205,0.9618120968839362,0.6167342122813317,0.024486889303289235
1.8234358769256698,0.98520581351059,0.45152311736508427,0.006780225117405867,-inf,0.0,0.0,0.013560450234811734,1.0372958200108138,0.9159432230180555,0.8190299469099531,0.07516297501726983,1.3980632688616539,0.9615489563572569,0.6200195866192464,0.024793745577728458
1.6761219245427148,0.9793548448226036,0.48244527054935976,0.010170121205554094,-inf,0.0,0.0,0.01506684623045051,1.035423137615372,0.9156106400086889,0.8502684840974803,0.07836694994401532,1.3846904597498135,0.9603941755814346,0.6191140024783147,0.025531725515084907
1.8221458264407362,0.9851624557820898,0.4502004316990441,0.006780474401000043,0.814843440649176,0.8671793803350246,0.1182033096926714,0.0181044858720766,1.037980581473668,0.9160645371705812,0.8280398807688354,0.07587010282945482,1.4245194574837212,0.9637389839234928,0.6169698838524,0.0232137074978682
1.8121178176261248,0.9848211265915314,0.5132075471698113,0.007909976929233956,-inf,0.0,0.0,0.0060266490889401576,1.039308898085248,0.9162994118502755,0.8344275006461618,0.07622188955830157,1.3781038763366893,0.9598132518231411,0.6206771775652623,0.02598734429490334
1.8099636799030532,0.9847468022984713,0.5106995884773663,0.007910461624198891,-inf,0.0,0.0,0.01958780973611154,1.0427760947610833,0.9169096744939931,0.8352880658436214,0.07569377792914125,1.419709653123554,0.9633499618216304,0.6191872427983539,0.02355658585921133
1.8234060585563312,0.985204812745606,0.4766374209345032,0.007157841500514776,-inf,0.0,0.0,0.013562226000975366,1.046337632866382,0.9175323267508597,0.8589063456437461,0.07719837851925057,1.4344007675275083,0.9645257628686169,0.6141093654356253,0.022586292759329836
1.784608481241449,0.983844588668752,0.48172397793473215,0.00791024222859336,0.9329894736913489,0.8955086561794604,0.1632726710316028,0.019051274030166505,1.0420769628136122,0.9167869465860862,0.8434293962983966,0.07655468445138175,1.3999817398232706,0.9617119479410788,0.6182914883744909,0.024615662460211754
1.8584796288296044,0.9863370115510254,0.5165990217504423,0.007156059626951052,0.5534577583005935,0.7814922216352653,0.0670725361640129,0.01875370024261983,1.0406771476503367,0.9165407229717213,0.8482672494536372,0.0772423631506784,1.4113668202065552,0.9626656449720397,0.6256114059735665,0.02426262790424707
1.7899412936131462,0.984038605081971,0.5109098394400988,0.008287107510513687,0.31402894097363954,0.6732845320125793,0.03329559489501853,0.01615689259268815,1.0350953822055367,0.9155523088906234,0.850298476739399,0.07842888103408241,1.3945935245164318,0.9612524767706959,0.6178983120625772,0.024907118346706572
1.8034463304926336,0.9845197453620758,0.4791549151325573,0.007534069410194602,0.4007331888255683,0.7155964614738999,0.033075226911440436,0.013145274016297585,1.0423177528438836,0.9168292342517058,0.835136659658479,0.07575997022494486,1.4073905033939138,0.9623351830986838,0.6164299266704272,0.02412643819773191
1.8211013787819748,0.985127260936726,0.47414624245192066,0.007158317124544783,-inf,0.0,0.0,0.01356312718334801,1.0379044311141452,0.9160510540353366,0.8303648449789415,0.07609647212894777,1.3881809884725103,0.9606987609924524,0.611914548130106,0.02503282078079589
1.8540999102614637,0.9862004386654835,0.4575607208148342,0.006402488767591851,0.8092240963935169,0.8656819800593756,0.0989292243405589,0.015349721761303508,1.0516540268795618,0.9184538758020931,0.8248628884826326,0.07323652643058026,1.4158364088537139,0.9630337744015111,0.6277357012274746,0.02409574841985313
1.7636576163375812,0.9830596547761661,0.480905815748842,0.008287096819968498,-inf,0.0,0.0,0.015067448763579086,1.038110121008109,0.9160874688406349,0.8274832732887287,0.07579649140007301,1.4396455710798308,0.9649366637047935,0.6203293875450334,0.02254118715499993
1.8444485882577435,0.9858947122880504,0.474001927661949,0.006781589841550011,-inf,0.0,0.0,0.007535099823944457,1.034835749368615,0.9155060756706886,0.8368589255821032,0.07723541832384027,1.3996098614453882,0.9616804054050306,0.6107644701466037,0.024336824123157595
2.132411737910624,0.9926818995710297,0.5286637267972516,0.0038973353372594804,0.21591833885769404,0.6217941224992594,0.021843913444774894,0.01328654638809513,1.0332189045710647,0.9152176442553239,0.8288380678904728,0.07678047333079617,1.4070323909802178,0.9623052836717938,0.6159881037842273,0.024129033922685433
1.9301701299084157,0.9883919552939067,0.4811039027906498,0.005650264130497881,0.6455719708801214,0.8155500132957461,0.06312429203995469,0.014276592039319646,1.036906328038305,0.9158741485586098,0.8273092369477911,0.07599089249662984,1.3935879104197855,0.9611661406847326,0.6196581196581197,0.025035959158136445
2.0988518113572616,0.9920986184583185,0.4730660186310247,0.0037676447059430723,0.6678134218516981,0.8231297208532187,0.05958890238963143,0.01280418569843359,1.026376856342348,0.9139871689170338,0.8453827460510328,0.07955665660241026,1.4371788642044787,0.9647439855462491,0.6078878088294857,0.022214910582952697
1.9226492284605727,0.9881915765344067,0.4729462975148049,0.00565148528904186,0.7446265184558594,0.8474275677868259,0.07035481095307992,0.01266681074943469,1.0450015241732036,0.9172992384486894,0.8457761805942198,0.07625247171838055,1.4040545123552797,0.9620557706593911,0.6074302778761957,0.023957523539791036
1.7982451001710689,0.9843361564183974,0.4735215121877059,0.007535197047338198,-inf,0.0,0.0,0.013563354685208756,1.035078262200021,0.9155492610121584,0.8371763036537779,0.07722157672707942,1.4082997579021819,0.9624109959866605,0.6081183803780469,0.023751353980719443
1.9272945624999152,0.9883157416716323,0.5098079490602855,0.006027150558788584,-inf,0.0,0.0,0.010547513477880022,1.0451931420935214,0.9173327035690305,0.8584779706275033,0.07736348284674499,1.3974671297758756,0.961498173400304,0.6155900174591763,0.024650426557648174
1.825767828502038,0.9852838723744018,0.4792040617467562,0.0071573567061194235,0.2669329912193556,0.648997592883307,0.029950253859172264,0.016198228334901855,1.0350016165989109,0.9155356145541229,0.8435304374583312,0.07782141827383598,1.4024932038133806,0.9619243172202139,0.6154161751884712,0.02435991131998919
1.9253511057814476,0.9882639527631869,0.47586066408637195,0.0056510441529755715,-inf,0.0,0.0,0.012055560859681218,1.0435212038036918,0.917040292154104,0.8374414341006315,0.07575882685355538,1.4274446005693195,0.9639736261517403,0.6116826237522917,0.022860279868606774
2.1531069796118136,0.993020070330099,0.48229586043150613,0.003390053521050452,-inf,0.0,0.0,0.012053523630401608,1.0368655567839238,0.915866915000223,0.8419015174976773,0.07733849839204653,1.4133199792552074,0.9628269448258399,0.6194900381955197,0.023917420979374594
1.6614066082016146,0.9786585181090156,0.4491386382280558,0.009794309186422136,0.4089270032824786,0.7194205610252299,0.029942575881870385,0.011677830183811008,1.0374323473046037,0.9159674232579127,0.8269073010664479,0.07586203337702414,1.4472429091378889,0.965523747652649,0.6192575881870386,0.022112020476195392
1.6907988450201172,0.9800271850715394,0.499195494770716,0.010173533328515831,0.46799903663876585,0.7460409779250896,0.029867256637168143,0.010167081316004087,1.0426939924308083,0.9168952705170637,0.8394006436041834,0.07608084113596714,1.3726398109639422,0.9593251446772902,0.6046862429605793,0.02563836211791182
1.8761550563763911,0.9868747679941094,0.45313469894475483,0.006026598557847348,-inf,0.0,0.0,0.012053197115694697,1.0352300650053476,0.9155762830174936,0.856403889923443,0.0789675322162455,1.42692946749552,0.9639324107203843,0.6189737223256776,0.0231602234175664
1.8960475551913083,0.9874550258887802,0.4744833189458183,0.0060280020824476374,-inf,0.0,0.0,0.016577005726731004,1.054416880509349,0.9189290777259302,0.8520286396181385,0.07516874728646364,1.415437105843524,0.963001029039166,0.6106230640329051,0.023460437043053377
1.8086085212231966,0.984699861727102,0.5091282051282051,0.007910767777941188,-inf,0.0,0.0,0.013561316190756323,1.0349156314250534,0.9155203028382369,0.8505641025641025,0.07848585943809296,1.4178288881477814,0.9631967541963788,0.6169743589743589,0.02357426858940122
1.931965129922966,0.988439280446413,0.492702388768244,0.005762614105501258,0.6675047545325805,0.8230262235066199,0.09923741225190646,0.021338833580324016,1.0451834330609762,0.917331008230983,0.830311600424221,0.07482688609159666,1.4319518502026036,0.9643323191494595,0.6095651734760871,0.02254593736350727
1.993224601989489,0.9899448993927257,0.48209679083685897,0.004896769241684458,-inf,0.0,0.0,0.015066982282106024,1.0352786590083594,0.9155849314454888,0.8337632855226499,0.07687127921001541,1.412747310560298,0.9627797210522601,0.6206789804973687,0.023994943273069703
1.9846858391790998,0.989747294470381,0.4728266369800627,0.004897969716715161,-inf,0.0,0.0,0.010549473236001883,1.0416746165182404,0.9167162427025346,0.837364639206558,0.0760746566195493,1.389444779605097,0.960808485166934,0.6101609148871572,0.024888550544183017
1.8493165878647215,0.9860497421177195,0.47927780057447683,0.006780640600246662,0.6008523008641398,0.799554699188431,0.06868075502667213,0.017218002239572313,1.030019925579382,0.9146443398502366,0.8128334017234304,0.07585454648660643,1.4207306756732472,0.9634328774707929,0.6166393106278211,0.02340456274156677
1.899117789382229,0.9875422985975212,0.4778073225608509,0.006027469365954603,0.19906705033035424,0.612627144257114,0.03037430967478012,0.019206107973237622,1.0396197848786928,0.916354296950103,0.8203620372264266,0.07488343710247988,1.415342793016685,0.9629932907221976,0.6149519329106157,0.023631885725786266
1.7320144975095675,0.9818025860595334,0.506735119198902,0.009392182148596334,-inf,0.0,0.0,0.02260471615405011,1.0267495963317774,0.9140546171707409,0.836679713312662,0.07867008919960339,1.39994599646618,0.9617089172908612,0.6107355258476084,0.024316842771425935
1.7707493006614596,0.9833294569053509,0.5110413342255624,0.008663766274393449,0.47587942193826893,0.7494634745174297,0.06516703556905339,0.021784547509779956,1.0356809405111551,0.9156564958703836,0.8423328357440676,0.07758947086653788,1.4156967664895066,0.9630223260179873,0.6180058681216863,0.023729895863232205
1.8301479172023192,0.9854293946404302,0.560768452982811,0.008291548710590627,-inf,0.0,0.0,0.01657793617081674,1.0449885626416202,0.9172969743364018,0.8383215369059657,0.075582640650524,1.393730835701982,0.96117842264964,0.6077856420626896,0.024548197046216417
1.9867793799779034,0.9897960961745875,0.5115416323165705,0.005273532234594785,0.31139388725136846,0.67194846261598,0.030090684253915912,0.01469055408208547,1.035168033509343,0.9155652419077621,0.828060593569662,0.07636495216668902,1.4044918079077466,0.9620925102819218,0.6189715581203628,0.024388151580511667
1.7248517839149609,0.9815055685886208,0.4797946084724005,0.00904073166971658,0.827062468543366,0.8703866455671918,0.10264441591784339,0.015285261014360289,1.038516535859052,0.9161593772892186,0.8433376123234917,0.07717647423075409,1.4025108820904777,0.9619258080774695,0.6169961489088575,0.02442145703104591
1.8697856217483206,0.9866834349378005,0.47455561198577956,0.006404739817121712,-inf,0.0,0.0,0.012055980832229104,1.0438795013101974,0.9171030352122582,0.8450990350431691,0.07638852152955096,1.3922778850073498,0.9610533927343783,0.6118334179786694,0.024794497394365015
1.956682671389775,0.9890718867677596,0.4773435504469987,0.005274100335630431,-inf,0.0,0.0,0.012055086481440986,1.0382410963588513,0.916110648899029,0.8360664112388251,0.07655960423605211,1.4054238900686165,0.9621707056598708,0.6132311621966794,0.02411017296288197
1.899140277833121,0.9875429356245923,0.47783175658399385,0.0060274654778591915,0.537412441815528,0.7751177248822751,0.029864484786499616,0.008664481624422588,1.0374677713248999,0.915973701333068,0.8285349015597034,0.0760051527605134,1.4163610077994353,0.9630767524645282,0.6135515213500383,0.023522854892509985
1.8968299112741311,0.9874773218362688,0.4753281106928477,0.006027865978038028,0.19677917222225616,0.611376220786943,0.03021670566690406,0.019207371749797114,1.0442549075482053,0.9171687279485599,0.8294333095940584,0.07490771765537689,1.3878928432425799,0.960673702591821,0.6105911079458745,0.024995258474428662
1.9888224243650545,0.9898434991127164,0.4772947846963273,0.004897385201407547,0.23705784370362862,0.6331712621494477,0.030546048934974715,0.01769690010740446,1.0447780698367675,0.9172601976885166,0.8371047657965981,0.07550952609799286,1.418566708301959,0.9632569305141828,0.6129131123256883,0.023379337704769982
1.7849032874350634,0.9838553745138733,0.48204704911267027,0.007910175902085129,-inf,0.0,0.0,0.013560301546431648,1.0358708870398212,0.915690267523399,0.8428600907965332,0.07760408873019231,1.4101362379949403,0.9625636732206119,0.6185513825835741,0.02405689341128271
2.06795858624018,0.9915210252562705,0.4844965259773929,0.004143163586596892,-inf,0.0,0.0,0.010546234584064815,1.0309498684080567,0.914811360790727,0.8188841646790418,0.07625575134826953,1.415666100975879,0.9630198114923058,0.6219537488333506,0.023883171042227504
1.8538367267336173,0.9861921890666331,0.5111728967150654,0.007157001231963982,0.24674446136039763,0.6383362151716026,0.039027906497786015,0.02211214097280004,1.0406901338075678,0.9165430102411247,0.8273092369477911,0.07533169501473842,1.39321858115304,0.9611343859303288,0.6214601997734528,0.025130130226978076
1.9604504412555543,0.9891652619745485,0.4814509480626546,0.005273532234594785,0.6237048933250388,0.807855201507345,0.030090684253915912,0.0071569366040929215,1.033571945942373,0.9152806999864522,0.8343466611706513,0.07722796416887687,1.400205754734205,0.9617309367389358,0.6175288540807914,0.02457262200848306
1.7631373872329332,0.9830396946268416,0.48033722305042925,0.008287219762903468,-inf,0.0,0.0,0.007533836148094062,1.0436314742133799,0.9170596066919732,0.8357579807741736,0.0755873392851499,1.3972181112764772,0.961476941345693,0.6171284634760705,0.02472620504289707
1.9988024370667352,0.9900719417660863,0.4507796017084341,0.004520243375889068,-inf,0.0,0.0,0.006026991167852091,1.0401202684321798,0.9164425854584175,0.8508207687953481,0.07757429085779487,1.4000239578048632,0.9617155272727712,0.6178150568620387,0.024594303641930677
1.8047335679314578,0.9845648533359413,0.4805595556469862,0.007533792413058229,0.6711946595612402,0.8242603525128449,0.06006994445587328,0.01280744710219899,1.0376039769035015,0.9159978366032289,0.8428306932729891,0.07729232404595614,1.4273154606962402,0.9639632980224534,0.6150483439621477,0.022992902238723176
2.062632859064201,0.991417305849175,0.4786640028687055,0.004143791633849823,-inf,0.0,0.0,0.012054666571199487,1.035768179507612,0.9156720081030242,0.842938374058706,0.07762965313806425,1.4158869115107549,0.9630379139517744,0.6175913119204959,0.023703597629059693
2.180754263340751,0.9934477453888024,0.5139780492855663,0.0033899267063792022,-inf,0.0,0.0,0.00451990227517227,1.037978954265222,0.916064249078636,0.8341271484779458,0.07642814206733932,1.3862550596902203,0.9605309822818733,0.622489128183889,0.02557859650842709
1.8022077763741728,0.984476220898074,0.4778073225608509,0.007534336707443254,-inf,0.0,0.0,0.016575540756375157,1.0316874644975635,0.9149436247639241,0.8286970750664757,0.07703859283360727,1.399643284723421,0.9616832413707218,0.6163837185518511,0.024558841363508523
1.8606312547328927,0.9864036166443405,0.530353086929589,0.007310277215206202,0.7412605907542422,0.8464227948173716,0.031075779475531695,0.005638472155931941,1.0337068723640221,0.9153047875749188,0.8356390666941979,0.0773235639375137,1.3996904407504194,0.9616872422176579,0.6186764402230023,0.02464751486693928
1.6786263299836384,0.979471117724651,0.4852009554470869,0.01016939970358599,0.2337722535509835,0.6314123290683563,0.030325059715442932,0.017702288372908947,1.0403554767121834,0.9164840484467796,0.841156921798733,0.07665165678404988,1.4164206205004066,0.963081633227022,0.6233772977463911,0.023896283473951556
1.8302558206428277,0.9854329616289451,0.48411999378270554,0.007156442701054053,-inf,0.0,0.0,0.016572814676125175,1.0319619324853884,0.9149927941408684,0.8330138334801306,0.07739096840936194,1.4485349784565964,0.9656226446533531,0.625459820734677,0.022267139893104828
1.9679216830157882,0.9893480912542253,0.4897017975997065,0.005272420199508483,-inf,0.0,0.0,0.015064057712881381,1.0351922545110672,0.9155695532081611,0.8251139877364918,0.0760889682216738,1.4386326276974388,0.9648576642819516,0.6268539384728263,0.022831462471085844
1.8242752829149864,0.9852339583372519,0.4523858706878744,0.006780063311550101,0.7364046986239057,0.8449637126619711,0.061505887213385665,0.011285270905840195,1.0451258443387996,0.917320951753639,0.8341251807477794,0.07518053079536748,1.4568322491474182,0.9662512404099078,0.6216690766370585,0.021713359149860556
2.0591770356283208,0.9913493312514438,0.4749174078780178,0.004144203308524453,0.3652046727865503,0.6986578559323056,0.030546378653113087,0.013175134522103815,1.0488868805212788,0.9179753928259509,0.8445235069885642,0.07546140065556342,1.4094196526006169,0.9625041703617696,0.6122490470139771,0.023851102852236315
1.7143161587864433,0.9810600241534861,0.4877081267289525,0.009415509666052509,-inf,0.0,0.0,0.019584260105389217,1.0333890125333052,0.9152480320765651,0.8567252988151782,0.07933276281363805,1.4115745798838395,0.9626828345397932,0.6244062842528316,0.024204308820978272
1.7980189596693235,0.9843281258673411,0.5262276785714286,0.00837827725020644,0.4484867853081711,0.7374349434510721,0.036779626623376624,0.013095453137902559,1.035426889781143,0.9156113075753977,0.8378652597402597,0.07722311106523534,1.4180210481072477,0.9632124358087336,0.6102374188311688,0.02330653901734104
1.9875184938637314,0.9898132704006185,0.4761880481337956,0.0049007212065695594,0.40264433986247467,0.7164912107110095,0.02952274117887008,0.011681869202286185,1.0405017737732445,0.9165098285531112,0.8288292881909035,0.07550284483092286,1.406540455843065,0.9622641739706579,0.6137058943503977,0.024066882555574192
1.9066470591349334,0.9877537915851271,0.4556803995006242,0.005649542619220828,-inf,0.0,0.0,0.015065446984588874,1.0369463784033905,0.9158812536682779,0.8328131502288806,0.07648938969461513,1.3976867428246238,0.961516888936693,0.6227632126508531,0.024925059720050977
1.8624712966903272,0.9864603223476764,0.5190676863846834,0.007124472210559851,0.5549698567175403,0.7820861874289681,0.031059778367410643,0.008654231247714552,1.0369183951732797,0.9158762893784174,0.8481348525050726,0.07790162462731472,1.4113309803780147,0.9626626788957292,0.6250455231257479,0.024242682211907743
1.783449947629498,0.9838021336044821,0.45748903279715897,0.007532354299245991,0.3173240772112986,0.6749513366321118,0.03049926885314393,0.014688090883529683,1.0359721739797676,0.9157082708742378,0.8315228744516399,0.07654239141930708,1.4223691748114988,0.9635655603753637,0.629883016503029,0.023817201111280217
1.9532056788233947,0.9889850119306521,0.5073589533932952,0.005650796272022624,-inf,0.0,0.0,0.013561911052854297,1.0529090240078007,0.918670045070733,0.8286488143908421,0.07336036598581883,1.4531198668007597,0.9659713758064027,0.6141148814390842,0.02163364778251401
1.809874295396103,0.9847437105315553,0.48621084400041625,0.007532694344159002,0.41542261456988666,0.7224297079855306,0.030388177750026016,0.011675676233446453,1.038215777175616,0.9161061683556894,0.8331772296805079,0.07629948651273658,1.4290342021305662,0.9641005234223349,0.622437298366115,0.023177223402430325
1.8800208920706045,0.9869895693845805,0.4857306232780579,0.006402868650257488,0.4263620944200778,0.7274523431425165,0.03113791131673338,0.011666145347956054,1.0408232563747375,0.9165664540130309,0.8338618287674794,0.07590507914907887,1.436520449043276,0.9646923835116242,0.6233820242241513,0.022815701474633278
1.8813026764622724,0.9870274145858507,0.48714874094155675,0.006402637411962123,-inf,0.0,0.0,0.009039017522770056,1.0451788526884385,0.9173302084204533,0.8249830561493144,0.0743474669017568,1.418251738986629,0.9632312533280813,0.624628538658047,0.023843504270252176
1.8787883709201691,0.9869530759573445,0.48437095018402365,0.0064030916458615635,0.7290260505868371,0.8427249593176894,0.030273184386501478,0.005649786746348438,1.046760900781272,0.9176060423546136,0.8418433466383287,0.07559105089258246,1.45171883501129,0.9658651756195553,0.621170494012752,0.02195290425481828
2.003305558324222,0.9901733458071644,0.4554198076423187,0.004519666158677172,0.8597027913140337,0.8786319927137201,0.10007798284377437,0.013824064513590922,1.039269752698233,0.9162924986602677,0.8330647257603327,0.07610426446754295,1.4217311166738438,0.9635139466616687,0.6251104756953471,0.02367149353425898
1.9719839053651664,0.9894462139520083,0.5098049551924091,0.005437761393635118,0.7107175080953929,0.8370564295153358,0.06552451238798103,0.012755171128601478,1.0344699833914417,0.9154409041753814,0.8469161834475487,0.07822948088175175,1.42544531900413,0.963813411145531,0.6329994728518714,0.02376610597476693
2.058578498265192,0.9913375041730147,0.5172180255274811,0.004519549567037728,0.70404607470856,0.8349503599397239,0.06454805939046626,0.0127596016244066,1.0383226561266699,0.9161250804330703,0.848866892419901,0.07771716313136166,1.388564560313612,0.9607320943587812,0.6254753842146392,0.025564992064346828
1.8540103753337844,0.9861976327009272,0.4844211726890974,0.0067797353503991934,0.35998092019587996,0.6961194770749931,0.0369122297682617,0.016113480593072056,1.0421355653319757,0.9167972401892861,0.8184975892996008,0.07428170084159785,1.400344530667152,0.9617426956521908,0.6240344237648401,0.024823557258515462
1.808298477580045,0.9846891023274756,0.48447140560999635,0.007533029561336468,-inf,0.0,0.0,0.015066059122672936,1.0518720464011235,0.9184914665109857,0.8431586042411987,0.07482336400076105,1.42188034576729,0.9635260243804964,0.619536475346088,0.023452359070109417
1.96696900721285,0.989324949107276,0.4537919602154994,0.00489652290117692,-inf,0.0,0.0,0.00903973458678816,1.0380606811161797,0.9160787174405918,0.8270824699544136,0.0757684032382063,1.4301377667947541,0.9641883673636876,0.6200269374222959,0.02302887864981864
1.7818455717958592,0.9837431591716269,0.5469871995004683,0.009039233212990803,0.44961371692479557,0.7379370618766848,0.03689249661775419,0.013101599794656688,1.0382391376193398,0.9161103022835494,0.8404620668123635,0.07696246680261633,1.442074764907494,0.9651254197277535,0.6230096784264751,0.02251230834516766
2.2031034839152444,0.9937743557299484,0.481029601029601,0.003013480034082253,0.9568449614502362,0.9005380218287945,0.06126126126126126,0.006766139888168415,1.0283115361709783,0.9143367333369157,0.8271814671814672,0.07749777955800143,1.3889993394462428,0.9607698449807657,0.6187387387387387,0.02526434063676536
1.902821157220498,0.9876467710371819,0.511963696369637,0.006403508771929824,0.2693527016409114,0.6502657432758898,0.030115511551155116,0.016197110423116615,1.0405596392214038,0.9165200234629126,0.8508663366336634,0.0775,1.400095057187455,0.9617215545058844,0.6178836633663366,0.024593008255933954
1.9602734390987138,0.9891608931147878,0.5155795596177815,0.005649659214619977,0.25095783160463014,0.640572947150602,0.03152264229331118,0.017687431959012883,1.0468685294686746,0.9176247772130067,0.8182384711258829,0.0734533090492578,1.4065844111471757,0.9622678489494478,0.6238574989613627,0.02446250844869129
1.6660984843114892,0.9788829960940937,0.4539565735606571,0.009793001589814866,-inf,0.0,0.0,0.004519846887606861,1.0466641044286582,0.9175891897615889,0.8269161009483339,0.07426725013624681,1.3963281738590527,0.9614009707522828,0.6227911074260247,0.025004272828999773
1.828986699998043,0.985390953518465,0.5081900081900081,0.007534239506249291,-inf,0.0,0.0,0.018082174814998297,1.0395664619216098,0.916344885443048,0.8131142506142506,0.07423096572437068,1.3968779581258721,0.9614479207180601,0.6150696150696151,0.024663023397425973
1.685569129299724,0.9797901112599726,0.49204682660507115,0.01014932841869994,0.14731529537850735,0.5839976387139711,0.031182739251404273,0.022212578099659326,1.0546042534763465,0.91896121368271,0.8405690587432411,0.07412575778191487,1.455136691739063,0.9661236944253128,0.6285369310724972,0.02203911286396263
1.7103637539605219,0.9808901784295071,0.48334367887440516,0.009416560246636481,-inf,0.0,0.0,0.015066496394618371,1.042698122631463,0.9168959951708917,0.8493689219946203,0.07698360486565277,1.3892969931065102,0.9607956693164853,0.6232671218704738,0.025431807334597475
1.9777147338984358,0.9895831227650951,0.536819528138086,0.005650847304558737,-inf,0.0,0.0,0.015068926145489965,1.0378827767311556,0.9160472195645085,0.8507813297926667,0.07797137162061914,1.4014262087900704,0.9618342307401182,0.6169951996731693,0.024482489469168693
2.1352472446810493,0.9927291775112275,0.5142709142709143,0.0037665585071013172,-inf,0.0,0.0,0.009039740417043161,1.038251395592235,0.9161124714138513,0.8427868427868428,0.07717317204207452,1.433076622510041,0.9644212924499744,0.6218596218596218,0.022941179126300316
2.0495800923152117,0.9911577520359557,0.5488148689568758,0.004896049239087395,0.41296466016067496,0.7212933792301534,0.04155789913334029,0.0160579064875232,1.0329034708463753,0.9151612695024633,0.823639970763287,0.0763543780044085,1.4269668567030855,0.963935403731308,0.628798162263757,0.023525800347985796
1.9305354644438053,0.9884016028269705,0.5135792250788889,0.006026594670875307,-inf,0.0,0.0,0.013559838009469442,1.0385249089332893,0.9161608581787818,0.8349800838032176,0.07641017736015289,1.403362312706006,0.9619975452018679,0.620712844653665,0.024520449079338338
2.4062962897827425,0.9960915642922615,0.4800164389191411,0.001883474830455014,0.6693569739528937,0.8236465668874939,0.03323743963834378,0.0071165677412363595,1.0393342309526428,0.9163038854323546,0.8357135518339669,0.076334912786085,1.4001060046801677,0.961722482465211,0.6163567245453612,0.02453161464104969
1.798831108455952,0.9843569475162322,0.5065741417092768,0.00805029710581404,0.8059703046777302,0.8648084305079499,0.05358447250339142,0.00837661692761504,1.040782422233497,0.9165592634849696,0.8323072106855891,0.07577068874119226,1.4375288941902133,0.9647713888905262,0.6260565584889909,0.022860444749410885
2.1085995479860653,0.9922726342937281,0.4836689269630933,0.0037665925172511872,0.5411972060173552,0.7766331506202169,0.040167710544024016,0.011552603624829327,1.0315520588757972,0.9149193581167072,0.8322376934623945,0.07739186686901352,1.4179092701147875,0.9632033147156959,0.6244112014079404,0.023854011001803965
1.8781506266077916,0.9869341535012485,0.4836689269630933,0.006403207279327018,0.7295767304315541,0.8428929448129338,0.060613903411149646,0.011297842658337165,1.0386297937179292,0.9161794064350673,0.834308194005901,0.07633025534788417,1.414242785233561,0.9629029206687663,0.6235312386769502,0.02402234672903043
1.875789827082538,0.9868638704619791,0.48107913298666527,0.006403636811623556,-inf,0.0,0.0,0.012053904586585515,1.0423410094463654,0.9168333175529144,0.8510528754569325,0.07719968601023369,1.4107255333439288,0.9626125383250744,0.6174638315399269,0.02398203266448181
1.8757808844618122,0.9868636035245174,0.5093894304771678,0.00678061435771869,0.4092427743525718,0.7195673040326908,0.02996408414571575,0.011677724727182188,1.0462008028692649,0.917508483841186,0.8426885582349923,0.0757645929631775,1.415679805882865,0.9630209352942464,0.6169317598768599,0.023689577901595947
2.061845086879929,0.9914018574443664,0.4778073225608509,0.004143885189093789,0.8310933453974141,0.8714301244364305,0.07527101656780527,0.01110540588658759,1.0382276692729597,0.9161082728368068,0.8289016158723665,0.07590586207519372,1.4113019476162776,0.9626602760009102,0.6166905297606873,0.023920228919983796
2.154493621164363,0.9930421659148231,0.48381918914720656,0.0033899201472577184,-inf,0.0,0.0,0.006026524706235944,1.0397142413165388,0.9163709661586974,0.8497902966913478,0.07755280787421177,1.4245365136385468,0.9637403563474956,0.6186506498213639,0.023276032761488548
1.7644400374314504,0.9830896312440898,0.4817258621578432,0.008286286122292864,0.2801580553468809,0.655902648850427,0.03366152894479097,0.0176593934570138,1.039486072431148,0.9163306948713301,0.8208670550028352,0.07495260879015837,1.409503598343112,0.9625111456334206,0.6175576060621681,0.02405325617440223
2.265280358467914,0.9946003173652073,0.48562964502884465,0.002636482127966123,-inf,0.0,0.0,0.015065612159806417,1.050384802023633,0.9182347234882704,0.8334286159763006,0.07421361825570394,1.4110615597218326,0.9626403745995744,0.6244997661244218,0.024236545589277618
1.9604051291481466,0.9891641437233142,0.48140133951571357,0.005273539037475925,0.40611232415545984,0.7181104750869607,0.0371973209685729,0.014601562711641388,1.0364567463666867,0.9157943534021001,0.8347243688820196,0.07675140707257953,1.4078397224707817,0.962372656958291,0.6215352910870685,0.024301107726998894
1.931674436552211,0.9884316292795872,0.4822146613052892,0.005643726691408764,0.6258845527465777,0.8086330501062771,0.060470151562016704,0.014310555897404143,1.0426211039160087,0.9168824811029633,0.8343128157542015,0.07563238763823905,1.4078926667042817,0.9623770712060191,0.6223321991957934,0.02432929951999298
1.7119587689407707,0.9809588996138003,0.4851001972796179,0.009416135127988494,-inf,0.0,0.0,0.012052652963825272,1.0197260022914478,0.9127755946537047,0.81881424566504,0.07824550315053562,1.424530739897144,0.9637398917688197,0.6235074239435158,0.02345907528393517
1.7209418734022737,0.9813414340237097,0.45560929942268685,0.008662648776413758,0.8561845210911698,0.8777654541201163,0.12914131169709264,0.017983767207437287,1.0325229593330116,0.9150932186987787,0.8334113486243304,0.07732794175026522,1.3993063190554207,0.9616546406002916,0.6257866541842201,0.024952839771309167
1.9358561669233771,0.9885412138744318,0.4548995170587319,0.005273018667750163,-inf,0.0,0.0,0.009039460573285994,1.0300498716948525,0.9146497228993635,0.841564106558654,0.07853031373042207,1.3965930388729277,0.9614235962956662,0.6229942358622839,0.02499717839326426
1.854466513635992,0.9862119219040509,0.484923971145363,0.006779647899450701,-inf,0.0,0.0,0.021092237909402182,1.042052358837918,0.9167826245228974,0.8266645907935025,0.07503726162075636,1.4276532961471171,0.9639903108290605,0.6221391872956562,0.02323990034330352
1.6822643401437924,0.9796388795636379,0.45186136071887034,0.00939162764776494,0.19337286687270572,0.6095110676371768,0.029987163029525032,0.019211554798147734,1.0422434716372089,0.916816191033666,0.8360462130937099,0.07585545407810144,1.3884769039165246,0.9607244791865699,0.6177150192554557,0.02525289989079653
1.9918428276452982,0.9899131798140044,0.48058427197448955,0.004896961909866746,-inf,0.0,0.0,0.007533787553641148,1.0421096508416376,0.9167926884205244,0.8286787018464229,0.07521016235699188,1.4371048273226363,0.9647381866743887,0.6140513295273363,0.0224439787428508
2.1987557139579974,0.9937121109653118,0.47629727800999083,0.003013855218833499,-inf,0.0,0.0,0.006027710437666998,1.0549995040600362,0.9190289642171433,0.8449892955449078,0.07444777166950291,1.428331226477031,0.9640444583112339,0.613773065552044,0.022891623779008035
1.9064412645339182,0.9877480583414874,0.516196121249935,0.0064028521326824715,0.2729728089543316,0.6521590458861918,0.030364477720584412,0.016195449512079192,1.0403141903025221,0.9164767717488738,0.832111475068892,0.0758345861073329,1.4016716944359384,0.9618549752257456,0.6272552383923465,0.024875544884135334
1.8515552708720624,0.9861204717893121,0.48172397793473215,0.006780207624508593,-inf,0.0,0.0,0.00753356402723177,1.0418235730153962,0.9167424250332058,0.8193019539103985,0.0744081347011568,1.40510462732257,0.9621439391428077,0.6209723153064907,0.024432483334892077
1.8217617969230173,0.9851495246513442,0.4498074454428755,0.006780548752287435,-inf,0.0,0.0,0.01808146333943316,1.032881355615477,0.9151573157621448,0.828395378690629,0.07679913204847783,1.4144194826181908,0.9629174513588759,0.6170474967907574,0.02376288204283382
1.9657179904144675,0.9892944841880875,0.45250271191693786,0.004896696600240062,-inf,0.0,0.0,0.015066758769969421,1.0446410399669073,0.9172362482608715,0.8204969264941371,0.07403480189082663,1.4070125878258133,0.9623036296068123,0.6199700397747817,0.024286118781011497
2.1009275218201537,0.9921359967339125,0.4753039320413042,0.003767418666656345,0.9033723326067546,0.8889530825139496,0.10951726944402056,0.013680761586263888,1.0447497543168809,0.9172552493537707,0.8375807518185056,0.075557387656414,1.4086292921773431,0.9624384360621502,0.6095427030876444,0.023788926498564962
1.9952711476725882,0.9899916979251517,0.48434584283640886,0.00489648500483715,0.3140299102970009,0.6732850229798409,0.030271615177275554,0.014689455014511448,1.0429025590332737,0.9169318568580688,0.863622226829774,0.07823863269912931,1.428637940609965,0.9640689303443437,0.6213974704540742,0.023159625927120283
1.701068104171771,0.9804848108055303,0.5109887281898193,0.010170521355321302,-inf,0.0,0.0,0.013560695140428403,1.0392132542331842,0.9162825199510506,0.8275258634000721,0.07560809952249893,1.434126894921495,0.9645041795408894,0.6169128622162746,0.02270371519444156
1.7278869688350096,0.981632005485868,0.503371698017543,0.009418935544159648,0.6171894759731718,0.805515705249417,0.10672818536733762,0.025768530304134847,1.0411779160401549,0.9166288827301385,0.8303503523804695,0.07552373474987242,1.389274026277797,0.960793677302497,0.608071794351772,0.02481308896571701
1.8997028584557671,0.9875588613013698,0.47844342037890425,0.006027368277104128,-inf,0.0,0.0,0.01657526276203635,1.041431892262544,0.9166735626199978,0.8507936507936508,0.07733789514288553,1.4364043947938239,0.9646832804409077,0.6167434715821812,0.022578764105680202
1.85230400651523,0.98614404859394,0.4825449287337327,0.006780063311550101,-inf,0.0,0.0,0.009040084415400135,1.032466558893426,0.9150831278126875,0.8353645940921297,0.07751923984860955,1.3783863326905832,0.9598383306242713,0.6196550299524891,0.025927679324676798
1.8069652859854162,0.9846427518337921,0.5072293465488172,0.007911140296951592,-inf,0.0,0.0,0.015068838660860175,1.0385185297441648,0.9161597299364804,0.8356409339396107,0.07647177592327277,1.3845674083191484,0.9603833968516534,0.6139069125836611,0.025324163876200716
2.151340164639935,0.9929918158589889,0.48036191651244087,0.0033902240798792524,-inf,0.0,0.0,0.009040597546344674,1.0507967936360108,0.9183059192887199,0.8423812461443554,0.07493969064850291,1.4192268873693477,0.9633106942212973,0.6176742751388032,0.02352516222248023
1.8578353075210094,0.9863170036004982,0.5430313048868685,0.007533374526100434,0.43029795121507497,0.7292454439745244,0.03926025415848745,0.014576563723447757,1.0361115928320817,0.9157330463118547,0.83438371732617,0.07678108194221747,1.4118588756488633,0.9627063442037189,0.6199504081000103,0.02401585620542377
1.9772526840482412,0.9895721498864027,0.5005798416780114,0.0052749782413599325,-inf,0.0,0.0,0.02109991296543973,1.042862209586891,0.9169247799809244,0.8308374930671104,0.07527553954652993,1.4149458455192865,0.9629607043300679,0.6071698684011496,0.023354166142459252
1.700473398612506,0.9804585917468055,0.45355700528114323,0.009039792889676603,0.6474160458022387,0.8161878967214525,0.10142901522211867,0.022842633046067085,1.0360048039516911,0.915714069978593,0.8416174795485141,0.07746578796990347,1.3943766233331818,0.9612338705110247,0.6218287252770012,0.025078072697581003
1.6122810441512478,0.9761635517590064,0.4782475176578974,0.011678086300696531,-inf,0.0,0.0,0.012054798762009322,1.0492273485689707,0.9180344027345271,0.8198894462073907,0.07320284288897175,1.407210904014648,0.9623201908843857,0.6158767529941652,0.024114757968694164
1.848010244972164,0.9860083050495752,0.4778561931062698,0.006780894288489896,0.5443678705961696,0.7778970790453851,0.03032627595376905,0.008658670475114144,1.0370418989889938,0.9158981972375011,0.8359414953462208,0.07675982655566435,1.386322785777686,0.9605368939246351,0.613685179502915,0.025212902792990495
2.0271027845708978,0.990692435333249,0.4811286751454611,0.004520208388830802,0.6835779372781802,0.8283525760865751,0.04114103290252819,0.008525056260727271,1.0412682551491053,0.9166447778209232,0.8510375366870913,0.07738921845158353,1.4099742487569014,0.9625502301190364,0.6178878533546162,0.024040052348760395
1.8410625319799994,0.9857858773009975,0.503898383848815,0.007265749713788155,-inf,0.0,0.0,0.012053469210055307,1.036223120771222,0.9157528606322521,0.8119997934631074,0.07470209781189029,1.4245908760287178,0.963744730285258,0.6186296277172509,0.02327232855507361
2.103507708419564,0.9921822148748481,0.47810069586573883,0.003767139193212957,-inf,0.0,0.0,0.007534278386425914,1.0329695054751664,0.9151730741169318,0.8210704052394597,0.07610459745795511,1.3984029656667525,0.9615778651465193,0.6144596807204257,0.024552200680149242
2.0258591999169004,0.990665994429119,0.4797699733004724,0.004520368750628904,0.24826312656883934,0.6391431189732429,0.03393920722941056,0.019161899896537223,1.0383134931024418,0.9161234592008508,0.8429862394742247,0.07718039419060373,1.4131787203539161,0.96281530159832,0.6173752310536045,0.023843526094035023
1.67554082989314,0.9793277741299512,0.4461875413844038,0.009418388694321034,0.5356617434919034,0.774414278135082,0.059491672184587174,0.017329835197550703,1.0426542773370744,0.9168883021132403,0.8359904242856415,0.07577867818720531,1.3881059272160978,0.9606922348045793,0.6144756277695717,0.025141937052908767
2.324255246190845,0.9952827247278592,0.47690501709794314,0.002260354960879216,-inf,0.0,0.0,0.006027613229011243,1.0490668149888636,0.9180065838793968,0.8212116572245189,0.0733480024177541,1.4525098489052282,0.965925174826719,0.6130250599703976,0.021625610647407204
1.7352891633733472,0.981936812969823,0.4378237013486488,0.008053971802713169,0.3092917364741907,0.670880592687476,0.029947182195784832,0.014691435349879474,1.040716414669044,0.9165476389504038,0.843341367109379,0.07678687420619741,1.4104147077498095,0.9625867719245559,0.6161735295625865,0.023949052145693938
1.990330065514754,0.9898783397428269,0.47893388006150694,0.004897173546490252,-inf,0.0,0.0,0.012054581037514465,1.0236544562659915,0.9134930880274903,0.8058431573552025,0.07631256764898257,1.4004874281758335,0.9617548001737313,0.6150179395181958,0.024456840755423852
1.987924766917112,0.9898226984700704,0.47632155783249225,0.004897511571274211,0.6289257239964986,0.8097143237658608,0.06693174287607687,0.015729191865434547,1.0395760832734953,0.9163465836837283,0.8444716317479737,0.0770919412324415,1.414746803992524,0.9629443541395183,0.6132945914258041,0.023600561226958246
2.0654350908171435,0.9914720356014046,0.48172397793473215,0.004143460214977473,0.7170051991069827,0.8390214955258075,0.044233644377996595,0.008486869475198255,1.041807822890548,0.9167396569614733,0.8347682631334743,0.07581551798090164,1.4253335480069054,0.9638044340206405,0.6193225756560293,0.02325858894023781
1.8980621109348295,0.9875123583251794,0.4766617354486558,0.006027652112097299,-inf,0.0,0.0,0.010548391196170273,1.021882640600573,0.9131701472031105,0.8139060347905933,0.07739120842684344,1.4265541200687075,0.9639023508589842,0.6130694281487528,0.022959135950519582
1.802298901990533,0.984479427275962,0.4776279497395035,0.0075299281260522745,-inf,0.0,0.0,0.02260333089496031,1.0431317866801582,0.9169720506219837,0.8224537746450097,0.07446971837436638,1.389159599319034,0.9607837511025605,0.6124221064460108,0.024997193935804993
2.2310426017211156,0.9941599888172568,0.5129688953187972,0.0030133420362504016,-inf,0.0,0.0,0.009040026108751204,1.0338524771781463,0.9153307745391305,0.8350728531569701,0.07724526875631273,1.4123336482402786,0.9627455734940702,0.6200268678309393,0.023992575001386705
1.8041459454483806,0.9845442776676482,0.4799178222907036,0.00753391876010274,0.1964248967551604,0.6111823849305352,0.020903954802259886,0.013298527660705325,1.0547002749522592,0.9189776776292184,0.8349255264509502,0.07361180451544905,1.421512691293243,0.9634962616671425,0.618387262455059,0.023428681267504428
2.0223955235848248,0.9905919574256119,0.4760061130922058,0.004520817824201599,0.4097652091972184,0.7198099835629943,0.03749363219561895,0.01459460366077868,1.0388859435988786,0.9162246893630848,0.8305654610290372,0.07594303047036374,1.4099169237882543,0.9625454717449029,0.6112582781456953,0.023785255992599483
1.872237427004977,0.98675740891104,0.449115611381697,0.006027271079483992,-inf,0.0,0.0,0.013561359928838983,1.0388777114515715,0.9162232344056583,0.8293258138938734,0.07583112030224082,1.3927024898411435,0.9610899709077556,0.6140476800820303,0.024859913035457305
2.1323866045837074,0.9926814791479782,0.510936132983377,0.0037668646205625657,0.36050446617731285,0.6963744267434157,0.03695126344501055,0.016111086385686948,1.034142684042627,0.9153825479156481,0.8271319026298183,0.0764596116646381,1.367049339183957,0.9588198724516739,0.6172610776594102,0.026510599789339385
1.5803976140835796,0.9743942731277533,0.4444444444444444,0.011679382123010267,0.30460344183567206,0.668492633169626,0.02962962962962963,0.01469341621927098,1.0339453081534706,0.9153473388624007,0.8228310502283105,0.07609661940465084,1.4003035912983572,0.9617392270939026,0.61298833079655,0.024386451813516962
1.9476222514170296,0.9888440755500055,0.5009587243919669,0.005651707706064747,-inf,0.0,0.0,0.013564098494555393,1.0426651879809685,0.9168902165459591,0.8606317489151276,0.07801034081862018,1.3819474458369017,0.9601532319043777,0.6077303461499647,0.025221068224370216
1.8187462773432668,0.9850475988709001,0.4467336427150798,0.006781134872463445,0.9174039116355542,0.8921026190959173,0.12407567953490745,0.015006615347994398,1.0414945615365943,0.916684584146778,0.8441531949614973,0.07672319977705858,1.4072401213422072,0.9623226302166635,0.6139527767861697,0.024037807149220446
1.9322125035768782,0.9884457874818606,0.48334367887440516,0.005649936147981889,0.7461631487673308,0.8478844768257008,0.03926132836747362,0.00704371605846007,1.040673905247552,0.9165401518740528,0.8258845437616388,0.07520477793687035,1.4150202068977162,0.9629668109371785,0.6193875439685496,0.02382002760471086
1.623720153054093,0.9767688009337491,0.5068667994077705,0.012055179798800804,-inf,0.0,0.0,0.015068974748501005,1.0479971978898128,0.9178210103959226,0.83698371368765,0.07494105618289194,1.4032155090484542,0.9619851855566744,0.6131617909838158,0.024230343728732652
1.8997929373377302,0.9875614094096542,0.4785414319369046,0.006027352725274243,0.38891987312988563,0.710028218849987,0.032213458977773224,0.013155806809928103,1.0461140826018418,0.9174933694075456,0.8432858752432654,0.07583343761651226,1.4193931571263851,0.9633242229751073,0.6150261190207927,0.023415336464838937
1.98657551179411,0.9897913540048671,0.5113045269609106,0.005273562847698137,0.24288745795252178,0.6362833933685563,0.030952258330329094,0.017693138756752397,1.0363282469737305,0.9157715337315246,0.8290673121491476,0.07625380956220269,1.41887147636163,0.9632817596460187,0.6170366173971262,0.02352011610094332
1.5460750334367608,0.9723467528733758,0.45033929673041334,0.012807513190654953,0.36648310198006867,0.6992772436364317,0.0306395229282336,0.013176464517460686,1.027232914411447,0.9141420034620785,0.8349784083898828,0.0784227975798857,1.3985040047497497,0.9615864597213543,0.6166975118239769,0.024635886321710078
1.700628943929487,0.980465452677183,0.5211916461916462,0.010384091401678175,0.1950204069437315,0.610413596486604,0.030098280098280097,0.0192097305219267,1.036881277641966,0.9158697042318544,0.8294430794430795,0.07619128711645044,1.4358998448035658,0.9646436782266116,0.6141994266994267,0.022511765798680992
2.176427472945079,0.9933825744406192,0.5089455067411698,0.003390344356037761,-inf,0.0,0.0,0.013561377424151044,1.0399126809091164,0.9164059759717286,0.8292407853591018,0.07564286566663549,1.4147880402927528,0.962947742049559,0.6137284051878813,0.023615012723466975
1.9622111900975658,0.9892086269728089,0.44890847596597316,0.004897186182091212,0.5575974084858109,0.7831155407216717,0.09367633493901814,0.025943733962553815,1.0499065113164991,0.9181519997230966,0.8285333606641385,0.0738590110934942,1.4092767428533612,0.9624922927473017,0.6145331556830993,0.023947962881496095
1.713637118558407,0.9810309496112072,0.46088164189084924,0.00891153035667407,-inf,0.0,0.0,0.006027022267860633,1.0335718997939243,0.9152806917467887,0.8180649143562574,0.07572091739225505,1.4050015123535653,0.9621352902497261,0.6198755208065428,0.02439512084682759
1.7697664332068368,0.9832923175326257,0.5100477977077659,0.00866651401148784,0.27915468449386704,0.6553810289557921,0.030785835431978208,0.016188114181773617,1.0365937367534628,0.915818674770009,0.8356375597471347,0.07681114081795225,1.4007834036661815,0.9617798598854695,0.6186462455671481,0.024584364024549533
2.2607559959003662,0.9945440794120307,0.4806584362139918,0.0026368205413996306,-inf,0.0,0.0,0.007533772975427516,1.0449491348243793,0.9172900867630667,0.8573045267489712,0.077301154834515,1.39648050369624,0.9614139847678372,0.6200617283950617,0.024885961381673323
1.9661270272924987,0.9893044545566615,0.4529238405459904,0.004896639751917346,0.7932291244031676,0.8613415686967304,0.06080347448425624,0.009788119714844262,1.0354800065226009,0.9156207573280842,0.8207952019026937,0.0756405716788212,1.4400371636736038,0.9649671581085546,0.6192544335866812,0.022481845604923986
2.067388982296767,0.9915099917398468,0.48386929729169903,0.004143230391085089,0.7356586943219348,0.8447385555068901,0.09212366009010409,0.01693216492172429,1.0480063413926666,0.9178225983694771,0.8327896017813682,0.07456395789435666,1.410865338534178,0.9626241221451699,0.6239966858267308,0.024227965386225306
1.8819679109670904,0.9870470130599259,0.4878863826232247,0.006402517670123304,-inf,0.0,0.0,0.006025898983645463,1.0467332432044578,0.9176012273911665,0.8397034252297411,0.07540370427694372,1.4481302661689839,0.9655916968066606,0.6264097744360902,0.02232175101893412
1.8262868450116962,0.9853011904620042,0.4797699733004724,0.007157250521829098,0.7711777231761512,0.8551653790183114,0.10767097966728281,0.01823563712172228,1.0316108168192284,0.9149298891617437,0.8351817621688231,0.07765513611418576,1.4210894883767216,0.9634619732150267,0.6152700759909633,0.023333307532141835
1.7889138391782882,0.9840014037363375,0.4864639733444398,0.00790927805265629,0.28481816297385776,0.6583203480894764,0.031184922948771347,0.016185514619008065,1.037890059460316,0.9160485091785788,0.832673885880883,0.0763106029728154,1.4359364460772222,0.9646465525053394,0.6240108288213244,0.022869447898340237
1.8757357605990013,0.986862256494394,0.5093371639647035,0.006780623105205444,-inf,0.0,0.0,0.01054763594143069,1.037054065767021,0.9159003551743087,0.8497845269854299,0.07802876862542733,1.42456997482929,0.9637430486579653,0.6175867022368151,0.023234212733019417
1.814442342025154,0.9849009297610366,0.5159278698747597,0.007909456586022112,0.41485102154652664,0.7221657114167042,0.03034869822792704,0.01167586448412788,1.0343269197362384,0.9154154009514315,0.818427480122642,0.07562289227879931,1.408199686915155,0.9624026593371862,0.6239151899391987,0.02437394755019029
2.100815678121575,0.9921339871916479,0.4751830756712775,0.003767430818616269,0.8553030103074253,0.8775475081973153,0.029698942229454843,0.004144173900477896,1.0399677595428132,0.9164156908878751,0.8367575264442636,0.07631885882972245,1.4291237642274626,0.9641076603091875,0.6126423921887714,0.022807793937016815
1.7351487015353197,0.9819310755100727,0.5117525773195877,0.009416973255795954,0.31157518180258414,0.6720404752162124,0.030103092783505155,0.014690478279041687,1.0402960895999724,0.9164735813322987,0.8340206185567011,0.07601174412664669,1.4381278510536153,0.964818232765583,0.6196391752577319,0.022594930830396442
1.9843878300013018,0.9897403289415848,0.5298775722844491,0.005492723125351075,0.507627435321411,0.7629380553212648,0.037301380567856215,0.011590374546061936,1.0342051019878227,0.9153936796235362,0.8256316749153425,0.0763099631948211,1.4106134787886988,0.962603251344473,0.6267257098202657,0.024348041431784016
2.0563621926541495,0.9912935703206363,0.5146174580136844,0.004519832312157368,0.41373282348922746,0.7216488127818177,0.030271615177275554,0.011676233473073202,1.0452398658184308,0.9173408617673597,0.8420070495542193,0.07587100935182199,1.4393684904013018,0.9649150712108845,0.6224860045614763,0.022633989035794905
1.9261894471796828,0.9882863205044777,0.5085284023971726,0.006027341061454496,0.13650815618726433,0.5779397737536786,0.030425651795318344,0.02221936967068296,1.0435880920136706,0.9170520085219733,0.8444911130461507,0.07638480805589223,1.3921458514351936,0.9610420117956615,0.6145571889566153,0.024912450677914606
1.9797857142344693,0.9896321647380399,0.5393535146228835,0.005650511964765574,0.19238390711987854,0.608968950970333,0.032221652129297076,0.020690162303860796,1.028221386096305,0.9143204733597442,0.8134427911749615,0.07622643846166746,1.4147490648492163,0.9629445398956913,0.6162647511544381,0.023714734290480176
1.8115054710223901,0.9848000351236562,0.4991991733402222,0.007704924482581362,0.6313401482113516,0.8105694277528632,0.06732110565745285,0.015732983668475403,1.0374750167045597,0.9159749853538726,0.8339963833634719,0.07650488217192959,1.4158137772306916,0.9630319192110764,0.6226298114182381,0.023901003394526832
1.6443391077302634,0.9778220840214302,0.48162465852275654,0.010923696022487231,-inf,0.0,0.0,0.02410746708410975,1.040007777028631,0.9164227486350706,0.8507808875831143,0.07759074968830443,1.4242045992353014,0.9637136398641032,0.617390856141436,0.023246393974165228
2.041685496297159,0.9909970083545253,0.539049279524127,0.004897145116626492,-inf,0.0,0.0,0.004520441646116762,1.0452358218552522,0.9173401556999253,0.8428285728936977,0.07594574179944281,1.4042376343426368,0.9620711599129893,0.6169940003076765,0.02432446553582521
1.912633686890031,0.9879194186236138,0.4619278633199747,0.00564859545997364,0.2867118066308037,0.6593004471087199,0.03701750685509386,0.0191291361775774,1.0425811868998895,0.9168754762883747,0.8317338114321873,0.07540552530648144,1.41147837420302,0.962674875644422,0.631723265133938,0.024493367414052364
1.9374748691145485,0.988583356874789,0.48916343838341536,0.005649098143407128,0.8077311700914476,0.8652817657910172,0.09862841587268349,0.015355744861964674,1.031760738296456,0.9149567538712537,0.8407496597214952,0.07814585765046528,1.4250192105934967,0.9637791758523603,0.6274735629776986,0.02358176037763834
1.7379888501115248,0.9820467404960747,0.45327538031667186,0.008286540949624178,0.4729565077190625,0.7481976269478658,0.030218358687778123,0.0101698457109024,1.042455903142059,0.9168534874536691,0.8270723377832971,0.0750045470200572,1.4202314167842207,0.9633923560064618,0.6217530787540101,0.023625800243281696
1.7601303801480084,0.982923868093103,0.45527779221454184,0.007909446383898368,0.7683295187003158,0.8543511987854283,0.03295047034977392,0.005617357958557958,1.039747953209833,0.9163769147371811,0.833844394781976,0.07609166031946063,1.436566184034343,0.9646959702548358,0.622057065641079,0.02276481070277598
1.8744071140475786,0.9868225328137153,0.45133700860425574,0.006026897869752184,-inf,0.0,0.0,0.012053795739504368,1.0276197021285072,0.9142118785863546,0.8278633623576691,0.0776853203369748,1.4531034022776192,0.9659701296252879,0.6195579370395178,0.021826219714741454
1.8798837766584502,0.9869855145515889,0.4855791716468326,0.006402893426779805,0.4387872096329182,0.733087638931094,0.04001455074572572,0.014569033290789263,1.0447682901509956,0.9172584886506009,0.8570389232448163,0.07730939170577647,1.42023801181874,0.9633928915622051,0.6224081484176064,0.02365033288209531
1.7066716410850542,0.9807301695108521,0.47930238522698126,0.00941755031455263,-inf,0.0,0.0,0.01657488855361263,1.0348234151985705,0.9155038787344261,0.8360605283406002,0.07716392407390325,1.3971187337985727,0.9614684649903374,0.6163118748397025,0.024699138294146217
1.8551744528441139,0.9862340702587001,0.48570537477908304,0.006779512354938944,-inf,0.0,0.0,0.013559024709877888,1.0418008181509353,0.9167384258572578,0.8345981910801539,0.07580129424708847,1.4324668693868663,0.9643730854746412,0.6230377378105832,0.023016934592410197
2.0278279260249414,0.9907078189182078,0.4819227396977668,0.004520115092656554,-inf,0.0,0.0,0.007533525154427591,1.0422332972940727,0.9168144043511521,0.835525297849296,0.07580996682797957,1.419889985498766,0.9633646194718015,0.6169477538810666,0.023461641908587638
2.0549059057208736,0.9912645821590057,0.5129158917131639,0.00452001888501041,0.8392610111563207,0.8735225477795971,0.06705930977474685,0.009709526868571162,1.0395308165149117,0.916338593488711,0.8356581938417028,0.07629531306032626,1.4049772978144524,0.9621332589506872,0.618774540194255,0.024353149694666534
1.8095541128954957,0.9847326305093357,0.4858569051580699,0.007532762356825921,-inf,0.0,0.0,0.019585182127747396,1.0479665266873093,0.9178156834523106,0.8183236272878536,0.07327546176865132,1.4016460346172148,0.9618528073787803,0.6253639767054908,0.02480200701681973
1.99236332111737,0.9899251397095714,0.4811534500514933,0.004896889262705983,0.4176827966883264,0.723472083695262,0.030535530381050464,0.011671392414207686,1.0509698341143594,0.9183358053708737,0.8502574665293512,0.07561024063902083,1.3965234675035694,0.9614176545390667,0.617816683831102,0.02479340442164848
1.9272364735996994,0.9883141970074655,0.4779050736497545,0.005650737950252864,0.41394686914099554,0.721747803307099,0.030278232405891982,0.011673031272577149,1.044362962461703,0.9171876278135174,0.8511661211129297,0.07685132624625865,1.4141417899589563,0.9628946128748014,0.6168678396072013,0.023771158014242955
1.9271947682123234,0.988313087879111,0.4968103314143457,0.005874837392317758,0.626591696075494,0.808884889271461,0.030288885431253566,0.007156350390290685,1.0426096884645177,0.9168804779238372,0.841242674135159,0.07626259987836269,1.4216192216743653,0.9635048880190354,0.6227374098853794,0.023587707536418638
1.9344883115917075,0.9885054818469724,0.45348656623699335,0.005273222722069044,0.6791676534455394,0.8269038657822524,0.06113785784542113,0.012798013511988261,1.0299589519798862,0.9146333784160267,0.8268882331624994,0.07717699414695496,1.416213125728589,0.9630646420088202,0.6214215457886836,0.02383269643173866
1.9052084905881015,0.9877136588796477,0.5147508684606211,0.006403075127135997,-inf,0.0,0.0,0.0045198177368018806,1.045534992240533,0.9173923754058846,0.8489656245139213,0.07644606112202154,1.3815856510478053,0.9601213475127839,0.6228547726447866,0.025870280972973322
1.905459334515189,0.9877206661774299,0.48474787300269767,0.006026380895134265,-inf,0.0,0.0,0.006026380895134265,1.0386126628658738,0.91617637719955,0.8335754305872588,0.07626622363135885,1.4332807314320781,0.9644374152269088,0.6234695995019713,0.022989765987580908
1.8744750873962397,0.9868245679442234,0.45140678140781204,0.006026886207692794,0.21432676985273827,0.6209319196601271,0.03627743996702051,0.022146742811145096,1.0510025183874958,0.9183414492024864,0.8197464701638668,0.07289152507827083,1.4230319829610487,0.963619101767744,0.6171802535298362,0.02330129400033282
1.9283571540231277,0.9883439618732295,0.5110413342255624,0.0060269678430563125,-inf,0.0,0.0,0.018080903529168937,1.037840466730235,0.9160397270210361,0.8496422504761415,0.07787456502178519,1.4325267832091326,0.964377825036396,0.619550110670716,0.02288493354790646
1.9089400897388737,0.9878174942922374,0.48860071114829534,0.006025790175588843,0.6330953947003343,0.8111892236797326,0.06761137837272538,0.01573708879012142,1.0354278494778373,0.9156114783191,0.8244091194310814,0.07598273776204835,1.4258748982271487,0.963847893771681,0.629889144530433,0.02362594701122355
1.7666550897397664,0.983174212898782,0.4841952533941341,0.00828639130496474,-inf,0.0,0.0,0.0150661660090268,1.0329203643428893,0.9151642895933653,0.8185304176598611,0.07587775250984526,1.4044411832515526,0.9620882587736486,0.6216706394445021,0.02449735374661237
1.933556494630346,0.9884810772622294,0.48482332797177397,0.005649721157883264,0.31446316400360325,0.6735044301757562,0.030301457998235873,0.014689275010496486,1.046684126178992,0.9175926758776509,0.834431588232242,0.07493877856382282,1.4490082005036822,0.965658797311429,0.6208166865563223,0.022077768798705467
1.7199596411042029,0.9812999767098828,0.4545926310326933,0.008662889014151362,-inf,0.0,0.0,0.02259884090648182,1.0421934186266517,0.9168074010547577,0.818681888946549,0.0742885299273406,1.4227078958412094,0.9635929315981767,0.6237156201349248,0.023565612097087303
1.905330442734213,0.9877170660926797,0.45426734418749354,0.0056491235764324675,0.7430983331940453,0.846972054380857,0.10142071969304159,0.01832434057011066,1.0337382702877136,0.9153103919626572,0.8423727055895468,0.07794100764524613,1.4115806257939705,0.9626833346508483,0.6219537488333506,0.024108903803016564
1.7631826004287652,0.9830414302833335,0.48038661251349546,0.00828720907206866,-inf,0.0,0.0,0.01657441814413732,1.0451288569688404,0.9173214778641947,0.8428872551539767,0.07596973827048371,1.4265851951346395,0.9639048404344221,0.6181173204462496,0.023146520668678696
1.9284024269736124,0.9883451627306654,0.5110939510939511,0.006026960068164506,0.24536828528926147,0.637604344656421,0.03371943371943372,0.019165139608879705,1.0332008676658526,0.9152144215910489,0.8416988416988417,0.07797508589901617,1.4046930447276105,0.9621094058191664,0.6191505791505791,0.024383903940163845
2.045658082441637,0.9910782538005741,0.49093070125574906,0.0044193877741881184,0.7898084791394253,0.860398201113871,0.060358637796496306,0.00979334266831179,1.0335744605398056,0.9152811489589884,0.8355123766213632,0.07733541618158962,1.4351465474414669,0.9645844721636678,0.6183142990026356,0.022701928032088935
1.9851058950723313,0.9897571047157923,0.5095986038394416,0.005273783952886842,-inf,0.0,0.0,0.010547567905773684,1.0455696414138274,0.9173984214228836,0.8655168873832255,0.07793022040753139,1.4006169533212045,0.9617657687754251,0.6162611641515244,0.024498971173507234
1.9306911794388686,0.9884057124453323,0.4816743131089231,0.005650180309121623,0.24329528769707287,0.636500689851145,0.030980978400948503,0.01769293334012731,1.04530338811536,0.9173519519062212,0.8425176555492551,0.0759059154678846,1.3847720985831442,0.960401325209803,0.6183823908448889,0.025496761143787412
1.7540479402933158,0.9826871981640922,0.4490235276026449,0.007910813703046476,0.19260579987361745,0.6090906090658571,0.029934901840176328,0.01921197613597001,1.0349549366268018,0.9155273023816991,0.8056794300066636,0.0743373951723653,1.3918353331840743,0.9610152333797722,0.613460454149367,0.024885778919074775
1.931516350374356,0.9884274662870134,0.45043192102015633,0.005273668295552471,-inf,0.0,0.0,0.006027049480631395,1.0384646435276312,0.9161501989100737,0.8433772110242699,0.07718932056369425,1.441772016890341,0.9651019487835554,0.6174413821472645,0.022326657825618056
2.120561940926267,0.9924809969817455,0.4475324409931542,0.0033904908857979974,-inf,0.0,0.0,0.00904130902879466,1.0373774656975294,0.9159576959414162,0.8364156534177991,0.07674404503108595,1.4113165854391034,0.9626614875180347,0.6152549300091958,0.023863740454568325
1.7683443609686518,0.9832384380225504,0.48605909280066584,0.008285995841523881,-inf,0.0,0.0,0.01054581288921221,1.0477280102776236,0.9177742474326017,0.8567415730337079,0.07675767847653248,1.4228494747664853,0.9636043663826013,0.6234394506866417,0.0235475000128985
1.7271155514474517,0.9815999511231389,0.4822709677419355,0.009040148553582681,0.5295345340456685,0.7719400439683493,0.02446451612903226,0.007227732926045057,1.0388197478385803,0.9162129892124531,0.8198709677419355,0.07497660306872281,1.418238083672334,0.9632301397181213,0.6208516129032258,0.02370007552806761
1.9614711845643265,0.9891904225330097,0.48256984971337086,0.005273379174409148,-inf,0.0,0.0,0.012053438112935194,1.0323568998015116,0.9150635050392928,0.8503847544285493,0.07893299209444611,1.4121983145229042,0.9627343952461167,0.618137685276042,0.02392692603144033
2.1549264094020697,0.9930490479918552,0.4842956359489997,0.0033898786067444136,0.6288504335241853,0.8096876111174348,0.06696382295013995,0.015739459193110858,1.0428898786122405,0.9169296329019511,0.848968591271898,0.07691335300013286,1.4246684882182972,0.9637509739962073,0.6215403752461905,0.023377650277523736
1.851419272275119,0.9861161851108533,0.48157501417306603,0.006780233863888353,-inf,0.0,0.0,0.016573905000615976,1.0443704810290966,0.9171889427387584,0.8335824357058187,0.0752624018875263,1.4361079356086397,0.9646600164900261,0.6201102922228522,0.02271752444064038
1.9245169472832,0.9882416547371714,0.4433198380566802,0.005274729812029687,-inf,0.0,0.0,0.02109891924811875,1.0418388293624592,0.916745106244115,0.8376518218623482,0.076071977868844,1.3870727888589516,0.9606023031004948,0.6082995951417004,0.024948517191903136
2.021349447861932,0.9905694831256436,0.5143241983111434,0.0048965197431262006,-inf,0.0,0.0,0.013559593134811018,1.040822757271743,0.9165663661288453,0.833549189245195,0.0758767072839601,1.4103768551724594,0.962583632907141,0.6229601616329068,0.02421494122176939
1.6914465567548442,0.980056356921162,0.48127736286376516,0.009793746940260337,-inf,0.0,0.0,0.009040381791009541,1.0388053408560718,0.9162104425707004,0.827813546227144,0.07570545744680166,1.3895185147830746,0.9608148778816523,0.6163275817666752,0.025135821803342027
1.5459020280350386,0.9723360395460185,0.4766860524436282,0.013562208503473767,-inf,0.0,0.0,0.01657603261535683,1.0356017417170873,0.9156424110472445,0.8144066931945719,0.07503080267580103,1.3912810375110611,0.9609673882273342,0.6135088256300377,0.024919525993587884
1.9936331593116994,0.9899542591798898,0.4825449287337327,0.004896712391675073,0.7754718967942973,0.856385749767815,0.10034083866969634,0.01682696648925329,1.0415556743492629,0.916695330665273,0.8426977897128692,0.07658014432143899,1.4374077069509612,0.9647619036391942,0.6195517455071267,0.022629235282128547
2.2874922876721895,0.9948681583938304,0.5111728967150654,0.002636789927565678,0.6703520687982295,0.8239791367162977,0.03331273813201524,0.007116365770751498,1.0403441000260623,0.9164820433721251,0.8439913500154465,0.0769119629507795,1.4045890103086887,0.9621006721510096,0.6156935434043868,0.024253565277965905
1.8511927002059023,0.9861090406558438,0.481326945861021,0.006780277596639273,0.8051262132025206,0.8645810346071076,0.11579869159841344,0.018137500572440676,1.032435595336345,0.9150775875044875,0.8288260444032349,0.0769179665101243,1.4020653597355546,0.9618882188612983,0.6172667799927883,0.024457245615426938
2.0164741235373875,0.9904640363387834,0.54314460243314,0.005229273352249968,0.5703371941730201,0.7880564771521614,0.05887788101226837,0.015834887322608175,1.0396025000523434,0.9163512462819904,0.8360967096144962,0.0763227507254996,1.411734366861853,0.9626960497787006,0.616908782916688,0.023904881020646824
1.7383530332047548,0.9820615191674708,0.45365095805282235,0.008286455437728397,0.07860965227045354,0.545128209455421,0.030243397203521493,0.02523602337853648,1.0408784460935916,0.9165761715352033,0.8272397721387882,0.07529271542655767,1.4177811107880265,0.9631928542278885,0.621387881926463,0.02374551913533985
1.9250824177936963,0.9882567749865482,0.4755700325732899,0.00565108789893068,0.41179281333499246,0.7207506228918589,0.03013029315960912,0.011673754180256802,1.0526869373208514,0.9186318294179061,0.829753664495114,0.07349575265265679,1.4448133780979444,0.9653370441370793,0.6121233713355049,0.021979893480863714
1.7775687367841768,0.9835849154927131,0.4740740740740741,0.007911839502684374,-inf,0.0,0.0,0.016577187529433927,1.03729603901501,0.9159432618428639,0.8374429223744292,0.07685270843736008,1.4164492991566544,0.9630839810577767,0.6113140537798072,0.02343230874237621
2.0637155032271894,0.9914384918814897,0.4798438864068197,0.0041436633363843185,-inf,0.0,0.0,0.01054750667443281,1.0367174999883242,0.9158406422951172,0.8438864068196991,0.07754726607878766,1.4318023296600264,0.9643204754446199,0.6154675704822061,0.022772087551013693
1.9669780180211498,0.9893251682282478,0.4886518146637381,0.005272559603268265,-inf,0.0,0.0,0.01054511920653653,1.042276619391178,0.9168220117583239,0.8396088275285012,0.07617288010988799,1.4078988782858874,0.9623775890666305,0.6258759543980755,0.024467488247015806
1.876719032918052,0.9868915781291686,0.48209679083685897,0.00640346746989506,0.32625027427016895,0.6794442590839496,0.031111340418945414,0.014678052902135565,1.0290383332400483,0.9144677204347033,0.8206067485295635,0.07675324591559651,1.4492556389066653,0.9656776862161751,0.6188731813022392,0.021996117156107095
2.0663428111542115,0.9914896897815725,0.4827194296636876,0.004143353316972334,0.5078800502355076,0.7630432416669558,0.03264968745156791,0.010139089997323332,1.047048119751472,0.9176560297484062,0.8576742263780545,0.07696162689825758,1.4250396568736567,0.963780819301921,0.6210673141499199,0.02333990138251523
1.8284274477371973,0.9853724043109543,0.45667813575226773,0.006779267514075106,0.20219972882474202,0.6143375627062362,0.03294755499947868,0.02068347295580449,1.0304952439928645,0.9147297457392181,0.8408925033885934,0.07838721535395747,1.4143714478453304,0.9629135017662885,0.6255864873318736,0.02409438865994673
1.8758351092402485,0.9868652220534034,0.4811286751454611,0.006403628550843637,0.6187514667148559,0.8060785327044756,0.07739045363266567,0.018618124307020707,1.0413012495147957,0.9166505824651615,0.8429020132845888,0.07664359046963598,1.4179949718697302,0.9632103081801818,0.6168580402656918,0.0235608122184948
1.8979275233908917,0.9875085361627528,0.4765158855627518,0.006027675442189729,-0.41042342519583414,0.279884447007121,0.008159518588403284,0.020993650427078608,1.046477478811534,0.9175566887146317,0.829721046458259,0.07455119814886371,1.4185984343127207,0.9632595159516321,0.6136977918302821,0.0234075589785206
1.898084546146401,0.9875129953522506,0.506478930721355,0.0064043762377515015,-0.2012448755546328,0.3861834829200711,0.015049484746454444,0.0239202936414246,1.0373681009739577,0.9159560360185305,0.8434853586368738,0.07739438391422987,1.4141660485276433,0.9628966085293044,0.6155494337312519,0.02371902799011734
1.9242326401240992,0.9882340453152422,0.4746520369805953,0.0056512264322568905,-inf,0.0,0.0,0.01054895600687953,1.037999205786674,0.9160678344804485,0.8450675607030377,0.07742696305930045,1.4182753443687592,0.9632331783034692,0.6097226455348979,0.02327324711987438
1.7186609433600868,0.9812450235208782,0.453251927355513,0.008663207489366094,0.7237441559675034,0.841106284058668,0.03740880633310912,0.0070669121844091935,1.0355935594752987,0.9156409557843459,0.8336524033735189,0.07680534549312626,1.3899854796601736,0.9608553397242163,0.6217209085734983,0.025328530473116128
2.1531069796118136,0.993020070330099,0.48229586043150613,0.003390053521050452,0.5415016703776209,0.7767547419364536,0.030143491276969133,0.008663470109351156,1.0274695638813847,0.9141847614867301,0.8206875193558377,0.07703857927346044,1.4291820161339082,0.9641123014644786,0.619644884897285,0.023065392687649396
1.7618507369993845,0.9829902291107793,0.47893388006150694,0.008287524463291195,0.4164052941661808,0.7228832082025893,0.03044592516658124,0.011671424940752715,1.039050164836929,0.9162537091818074,0.8277806253203486,0.07565978318783292,1.4401617836223592,0.9649768572482735,0.6167093798052281,0.022383024507799228
1.7038160304632204,0.9806055128498609,0.47620018346753645,0.009418321861473258,0.420634855521846,0.7248298986400902,0.030730812353480786,0.011666462387996155,1.0414867471944165,0.9166832099255168,0.8231576801549282,0.07481631046917435,1.415282274825994,0.9629883244173594,0.6110488227499745,0.02348516614306818
1.8824293678329258,0.9870605908732406,0.4711936284650393,0.006176892475503981,-inf,0.0,0.0,0.010546574685124892,1.039852725966241,0.9163953997927388,0.841745966073645,0.07679418184069718,1.4366599086698078,0.9647033194645501,0.62122465866777,0.02272944217701115
1.953013347920773,0.9889801865392117,0.47337757738487257,0.00527465835039189,0.9276765880198611,0.8943583930173701,0.06910177820558286,0.008162301547108388,1.0338365410353747,0.9153279306728593,0.8377324079234004,0.07749412439445619,1.392806085818755,0.9610988903236808,0.608389482749886,0.024624964436699908
1.895489569456534,0.9874391002120025,0.5034993407039253,0.0064048555101240325,0.3521857918796542,0.6923092980608816,0.029668323359367074,0.013185822096235405,1.0369449431307072,0.9158809990540513,0.8377117354701288,0.07693955256329697,1.4083528441207998,0.9624154177381143,0.6086824221523481,0.023770478054596103
1.8748399638566462,0.9868354870917516,0.480041099409196,0.006403810292925299,0.7906509705597055,0.860631046706237,0.10362188543539687,0.016780330859231633,1.037172484703992,0.9159213556912635,0.8428975083483174,0.07737528921317889,1.413054974518153,0.9628050989997043,0.617261751862317,0.023845937018448365
1.7238143025108201,0.9814621546292384,0.4786640028687055,0.009040999928399615,0.6729871547168625,0.8248574240637251,0.06029404231340608,0.012802277795301596,1.043245934890035,0.9169920592637028,0.8658367911479945,0.07837726436216635,1.4153654026809017,0.9629951459748571,0.614466472004508,0.02361200074051569
2.01266480532822,0.9903808339476916,0.5042665583096302,0.004897735893849703,0.14273696236941194,0.5814342724296967,0.020570906135717187,0.014808683804441508,1.041910965209458,0.9167577826207194,0.8144555058919138,0.07395310250150958,1.4221034455714052,0.9635440735831257,0.6090004063388866,0.023041679784066103
1.561306428094119,0.9732743156621811,0.45266639107069034,0.012430019865328552,-inf,0.0,0.0,0.022600036118779185,1.0443133519528067,0.9171789509357264,0.8483877635386523,0.07660922060834344,1.3882070274852139,0.9607010247070886,0.6226746589499793,0.025471479064007638
1.9930658197657296,0.9899412594646009,0.4819227396977668,0.004896791350377934,0.35751896918143333,0.6949189728650853,0.03336943627830213,0.014649739454838516,1.0296973602189847,0.91458633667834,0.8421269792150188,0.0786466486455457,1.428606747170431,0.9640664422223947,0.6200938676569189,0.02311270037532177
1.6965070491769472,0.9802828404233134,0.4494843244907384,0.009040813311978368,0.3565589874825964,0.6944501432975365,0.02996562163271589,0.013184519413301787,1.0513046201169856,0.9183935984893922,0.8579198522243316,0.07623283964489522,1.424771046819632,0.9637592229978252,0.6173225922315152,0.023213526646081444
1.8215256179598789,0.9851415664670141,0.4746038195855343,0.007158229383318796,0.644055492951122,0.8150241663488615,0.06288094270621698,0.01427130050628861,1.042241936445762,0.9168159214460441,0.8368549370174726,0.07592909895078008,1.3871833248598462,0.9606119343577351,0.6113368549370175,0.025066705201715497
1.7361549704985486,0.9819721392213931,0.5001545595054095,0.009182253147933864,0.588764243331208,0.7950566499170248,0.055744461617722826,0.014369361873396363,1.0463552666676847,0.9175353990208929,0.8506955177743432,0.0764572860108025,1.412705900965284,0.9627763040726028,0.6184956208140134,0.023912816325266935
1.8525765864689439,0.9861526220081147,0.4828441504754031,0.006780010835633755,0.37248404357225456,0.7021749186680336,0.031056221579164944,0.013172389773225665,1.0466792206770765,0.9175918217614936,0.8561389003720545,0.07688914114702923,1.4166973007538295,0.963104278174244,0.6208660603555188,0.023784861071695775
1.7644957839650712,0.9830917650397119,0.48182333831794977,0.008286899049857488,0.4714347179723655,0.7475368971220003,0.03011395864487186,0.010170285197552371,1.0413674367145735,0.9166622255619375,0.82766977775486,0.07524708155771515,1.4459207675798993,0.965422264898558,0.6197081421131336,0.022195576751532994
1.8765701094184901,0.9868871413145207,0.49782202862476665,0.006614606309673991,-inf,0.0,0.0,0.01355942697490113,1.0367661439111613,0.9158492749896985,0.8195913710848372,0.0753062867137738,1.4238771900802485,0.9636872674582792,0.6233146650072598,0.023487140988630823
2.0542008373623877,0.9912505130496838,0.5259859370223173,0.004642728585196682,0.41304251862933256,0.7213294174680149,0.030215020890655253,0.011672943413802135,1.045396043901405,0.9173681259328605,0.8296647304595944,0.07473199644425178,1.4203047079994195,0.9633983072623525,0.6123000101905636,0.023262669933413582
1.8350151437804072,0.9855894386962982,0.5152049818370524,0.007532946968827272,0.14599338796299927,0.5832579749718931,0.03316035288012455,0.02369331102686708,1.0379699977742862,0.9160626633450654,0.8270887389724961,0.0757848002156693,1.397299931020099,0.9614839187787844,0.6236118318629995,0.0249812643741914
1.9594094275002552,0.989139542105907,0.480312532127069,0.005273688705301683,0.8964865079216797,0.8873782499057202,0.11884445358281073,0.015083162510368706,1.0452304683426992,0.9173392209794935,0.8347897604605736,0.0752223063615805,1.4472234349686244,0.9655222549726771,0.6191014701346766,0.02210743721691657
1.9860902052097218,0.9897800565298118,0.47433879892380326,0.0048977706498900386,0.45402094395802095,0.7398948015588838,0.03309812680846744,0.01163543090640368,1.0347488490983392,0.9154905960741945,0.8304990101020356,0.07666378726953803,1.4001011241491828,0.9617220687718518,0.6114015939895426,0.024334668952120938
1.8238998695539068,0.9852213774563743,0.4771729139005209,0.007157739919107734,-inf,0.0,0.0,0.01808271137458796,1.0363061427580242,0.9157676077701614,0.8138596670411602,0.07485889008585933,1.4181866508274374,0.9632259450065499,0.6142375651108161,0.023450371240025546
1.8761778021212125,0.986875446375321,0.45315813977549013,0.006026594670875307,-inf,0.0,0.0,0.004519946003156481,1.0331749800210397,0.9152097960363484,0.8349283534219647,0.07735247774694107,1.446400851953494,0.9654591476815677,0.6203507319848948,0.022194044222976262
2.226341816902888,0.994096808626771,0.5075145690624681,0.0030137463473162047,-inf,0.0,0.0,0.016575604910239124,1.0389888130066667,0.9162428686627668,0.8283406604641652,0.07572166710746148,1.4104349679069585,0.96258845194357,0.6174215315407423,0.023996439238048548
1.8073348751652063,0.9846556150011331,0.5077765271666838,0.0079129376885991,0.5437824882423468,0.7776641120669492,0.030287526859715544,0.008659270851206841,1.039707766748568,0.9163698236550921,0.8223677478768034,0.07505131443654749,1.4009666982125053,0.9617953711978965,0.6140386779903817,0.024390967627073382
1.8288456192897355,0.9853862763582939,0.48256984971337086,0.007156728879555272,1.2080690440168413,0.941677877114486,0.06073439033207664,0.0037615395480863683,1.0299240641066099,0.9146271059287172,0.8195011103651294,0.07649366723661645,1.4165180218792925,0.9630896065851332,0.6220110520064039,0.02383856339116464
2.2082721074661444,0.9938475560395413,0.48671736639233254,0.0030130388741346865,-0.14922535206142487,0.4149342716014591,0.009532242941973123,0.013440655645513912,1.0468563477098043,0.9176226569364643,0.8166475674549433,0.07331254990023178,1.4289052385501875,0.9640902443704392,0.6256380873007605,0.023303327627992886
1.719495415758517,0.9812803516079688,0.510904540579192,0.0097464025911278,-inf,0.0,0.0,0.012055117587067067,1.044731026227287,0.9172519763414598,0.8360999029572501,0.07542705421771073,1.424627123938179,0.963747646469777,0.6177026405842995,0.023235516667709535
1.999070743532576,0.9900780125729001,0.48854961832061067,0.004895960832313341,0.36482606883321234,0.6984742864658687,0.030534351145038167,0.013181433010074382,1.0486222726068588,0.9179295042777837,0.8402697898149116,0.07512707443124438,1.4003064059771202,0.961739465575183,0.6283070166265816,0.02499571152008234
2.067184103131013,0.9915060196469458,0.4836438923395445,0.00414325444122822,0.32136554274676093,0.6769896258197433,0.033850931677018636,0.016151210728087964,1.0487570474596746,0.9179528799772271,0.841407867494824,0.07520548581335232,1.4342382448573616,0.964512956322075,0.6203933747412008,0.022825952355153785
2.265463207175586,0.994602578018588,0.4858316435293506,0.002636468525222194,0.5501144510435804,0.7801748038334688,0.030728435501481827,0.008658167796259284,1.0309028764836363,0.914802927993792,0.8261841626371341,0.07694386347117395,1.4219970008156746,0.9635354630701725,0.6227317631154786,0.02356698455202285
1.812731952834772,0.9848422507231427,0.5139248369396417,0.007909839184662239,-inf,0.0,0.0,0.00903981621104256,1.0411948390538717,0.9166318605299889,0.8413914483901025,0.07652498526257132,1.4177980281925495,0.963194235206588,0.6218034993270525,0.023760475828682067
2.288966395020529,0.9948854587196099,0.512889394017668,0.0026366793835278486,-inf,0.0,0.0,0.007533369667222425,1.0503923306910283,0.9182360250155422,0.8347367877253706,0.0743288173964081,1.4298363994235834,0.9641643990310603,0.6199824352947254,0.023043210453840373
2.1333381107949156,0.9926973789545084,0.5120429109288772,0.0037667625772137953,0.31863807523480825,0.6756147757743848,0.03058435195213781,0.014684569108805903,1.0434884041595192,0.9170345463061244,0.8349063902212595,0.07553519955779239,1.4333805041831942,0.9644452938199486,0.6193718087575429,0.02283341814999068
1.9032976010130476,0.9876601486056752,0.5125187135408601,0.0064034220382721855,-inf,0.0,0.0,0.007533437692084924,1.0325140906576837,0.91509163203159,0.8497238139486862,0.07884310132538194,1.4205367787164518,0.9634171452949648,0.6201022146507666,0.023546507690491807
1.930940592725566,0.9884122919436223,0.4819475964514132,0.005650140221516457,0.13205985748317842,0.575439372659871,0.030121724778213326,0.02222388487129806,1.036048760931499,0.9157218815828049,0.8278316484423355,0.07618917391853994,1.3994261303936213,0.9616648122229663,0.6178048277284919,0.024627774438146444
1.804710952723298,0.9845640619609428,0.4805348418616611,0.00753379727248158,-inf,0.0,0.0,0.004520278363488948,1.0429078013978077,0.916932776274549,0.8281820519413731,0.07502707458394799,1.4277033341539735,0.9639943101339619,0.6181023399331448,0.023086444518549718
1.8009531717593639,0.9844320096063767,0.4525494653097071,0.0071567011838613035,0.42137519432286713,0.725169771917593,0.03078989512837733,0.011668983220838022,1.037690438862948,0.9160131541675713,0.8497184481066281,0.07790845794889821,1.4583580950509916,0.9663656237971089,0.6219455494136488,0.021646828148229366
1.8036486073400546,0.984526842224593,0.45301823786283074,0.0071197882769248036,0.3571008582287198,0.6947148281817277,0.03000256871307475,0.013184315308963851,1.0409275475272548,0.916584816198573,0.8438736193167223,0.07679799164950363,1.4027530504223094,0.9619462251489753,0.6154122784484973,0.02434518653161559
1.6029945966249586,0.9756609115296347,0.452970681007291,0.011299923312735053,0.23192673435322222,0.6304227965841881,0.030198045400486064,0.01770321318995158,1.0319149663727634,0.9149843822581342,0.8336522053880759,0.07745865240674822,1.4236547765970748,0.9636693418052797,0.6198355654377166,0.023368009220531033
2.0575032403477813,0.9913162168364394,0.5159546824654402,0.004519686562832543,-inf,0.0,0.0,0.010545935313275934,1.0363929759797963,0.9157830293871927,0.8182621349132106,0.07524878269001323,1.3989528241994396,0.9616246148457032,0.6221806465024425,0.024829254135629295
1.9317351111461165,0.9884332266725382,0.4828192011574433,0.0056500126738297995,-inf,0.0,0.0,0.015066700463546131,1.0288514888441584,0.9144340637268433,0.8266418643104428,0.0773509954277466,1.4217751439468729,0.9635175103684418,0.6217123960109544,0.023540429517059362
2.2612992161476475,0.9945508623070358,0.48125257519571485,0.002636779723112329,-inf,0.0,0.0,0.007533656351749511,1.0487097932254186,0.9179446847707756,0.8436341161928307,0.07541267408680218,1.3955537299668632,0.9613347424004162,0.6172229089410796,0.024824945690593767
1.9364273492809954,0.9885561021654183,0.4554908485856905,0.005272933649778145,0.5516692290801768,0.780788166898988,0.030834026622296173,0.008656872355794036,1.03247008120972,0.9150837580398477,0.8332986688851913,0.07732690124858116,1.4187040274847325,0.9632681197612188,0.6241160565723793,0.023799143535238883
2.0680953996868294,0.9915236732838076,0.4846473029045643,0.00414314755384028,0.3143034951626305,0.6734235799363455,0.03029045643153527,0.0146893413272519,1.0359901162498755,0.9157114596774588,0.8489626556016597,0.07814450968454291,1.4104442382629636,0.9625892206387171,0.6222510373443984,0.024183624505969642
2.00000336139939,0.9900990857747158,0.4520123839009288,0.004520088853801441,0.35902530404105815,0.6956538126056664,0.030134158926728587,0.013183592490254203,1.0454190153735266,0.9173721353955632,0.8409700722394221,0.07574631775295856,1.4139791664001014,0.9628812318260611,0.6204334365325077,0.023917513538336908
1.6487748247997824,0.9780424994625496,0.452994104871238,0.010169924422137,-inf,0.0,0.0,0.013559899229516,1.036077336892063,0.9157269594702467,0.8344192781052849,0.07679041106669401,1.4255985469722627,0.9638257144925808,0.6193505016030614,0.02324544939740231
2.0105845548242827,0.990335094443114,0.5403793759317329,0.0052736853036658435,0.31643690938192537,0.6745030070376847,0.03043232406312651,0.01468582032703815,1.0365843650896014,0.9158170111216261,0.842852002261862,0.07747595848391868,1.4194501549880227,0.963328859575287,0.6186192361075412,0.02354904314475737
1.765638503257413,0.9831354463485441,0.4172705930386853,0.007157795326790513,0.2647956129524172,0.6478756571963523,0.029805042359906095,0.016199221002736425,1.03789706840456,0.9160497502942603,0.843523527610493,0.07730367346622818,1.4108850499723442,0.9626257550956843,0.6142696743901194,0.02384921152007679
2.0001622164522033,0.9901026708049863,0.45217570846022814,0.004520068446013626,0.700731833948015,0.8338960109286471,0.06405822536519899,0.012759776550725965,1.031601969140272,0.9149283034891151,0.8418933567335983,0.07828077442291406,1.3829476534713852,0.9602412514875119,0.6201414339544727,0.025676929913784598
1.8518550530582067,0.9861299163218413,0.4552304734189056,0.006402893426779805,0.8836755364169894,0.88439638327368,0.09473574806423114,0.01238335583074124,1.0392715914146222,0.9162928233945802,0.8330301927973809,0.07610078752751445,1.4315856469873274,0.9643033050240759,0.6261497687470768,0.023178886961972824
1.741368445994028,0.9821834276400867,0.5171467053460422,0.009380917491783233,0.5639669427931142,0.7855962182542366,0.06335474513054289,0.01729068525522287,1.04537376195823,0.9173642366520594,0.8265644426025694,0.0744565581932914,1.4084943423205718,0.9624272012155001,0.6217364276833817,0.024272358122088014
1.9554136207790298,0.9890402575488816,0.5099126861838726,0.0056504390700770546,0.715353364243976,0.838507116635538,0.11016949152542373,0.021218172740888667,1.0458394281012426,0.917445483374396,0.8348228043143298,0.0751198783220518,1.4164351516022906,0.9630828228602556,0.6172573189522342,0.023660891092302114
1.8825101452772053,0.9870629662073858,0.5172449723872043,0.006779319978485719,-inf,0.0,0.0,0.004519546652323813,1.0388314988923912,0.9162150663284666,0.8406793789725956,0.07687743696302975,1.4257537072034294,0.9638381688868932,0.6260289673856414,0.023487712482538996
2.028622403943085,0.9907246445341666,0.4827942544176914,0.004520013054375602,0.792314313974022,0.8610898015781857,0.0780200475353932,0.012586120825211973,1.0314960002350713,0.914909309759023,0.8346595019117495,0.07762709634309789,1.4273688797829553,0.9639675706289864,0.6219902862457373,0.02324955915683181
1.88278511005979,0.9870710485715268,0.5175685538525702,0.006779267514075106,0.2355108358491047,0.6323435137290981,0.030445209050151183,0.01770142073119611,1.0237926240161768,0.913518225483191,0.8400583880721509,0.07952741179277832,1.3892813890499756,0.9607943159186586,0.625065165259097,0.025506091151224358
1.929966406805677,0.9883865720538764,0.48088106633729605,0.005650296930843849,0.7346075836625774,0.844420859054312,0.10719983531470331,0.019750883826412043,1.0408552567025975,0.9165720885916939,0.8275436158715455,0.07532439218994802,1.4107997888224841,0.9626186913310077,0.6187020740054552,0.02402601716632449
1.9042975203219985,0.9876881777968036,0.5136855176695814,0.006403240318227112,0.3239237788406015,0.6782763960219446,0.034045635639261135,0.016148703775963984,1.043000332860204,0.9169490031061117,0.8343767785998861,0.07557216705955955,1.428323739557158,0.9640438607461042,0.6209447922595333,0.023159503761774693
2.074063864998939,0.991638398417156,0.46790174424605224,0.003945397809875298,0.7372539343708057,0.8452197022953932,0.03080813293425534,0.005641718921526767,1.0353083766318127,0.9155902199883451,0.8338321808236144,0.07687237086352419,1.4108309297673252,0.9626212714626162,0.622097223655692,0.02415612862112958
1.8786060650291043,0.9869476695370153,0.4841701642572154,0.006403124683568387,-inf,0.0,0.0,0.00451985271781298,1.037191100905777,0.9159246566713865,0.8419089071972641,0.07728122603584796,1.398471245680882,0.9615836733754312,0.6199803098606146,0.024768896086599552
1.96462477064261,0.9892677915586231,0.5004132658332472,0.005428802515940698,0.4859087312138898,0.7537746358778239,0.01777043082963116,0.005804826261549992,1.0298947848479427,0.9146218414911811,0.8417191858663085,0.07857283831494924,1.4006751546535574,0.961770696465872,0.6215518132038433,0.024705985549852493
2.109533698671275,0.9922891096693557,0.4846975827367984,0.0037664929178324092,-inf,0.0,0.0,0.01205277733706371,1.0422683420003331,0.9168205582884147,0.8260711692084242,0.07494611464327314,1.4537728931101621,0.9660207671395388,0.6238717709305944,0.02194433587829584
1.7387858878759934,0.9820790690213127,0.45409776579752215,0.008286353894644376,0.4700759323517589,0.7469459708408333,0.051474780985952,0.01743887943316386,1.0329244730956342,0.915165024110204,0.8346897516976829,0.07737499040632673,1.4081906560579003,0.962401906912936,0.6225182727696853,0.02431988112229531
1.7964363992259074,0.9842718135371316,0.5023711340206185,0.008027647201481948,-inf,0.0,0.0,0.013560441488346174,1.0415859296749805,0.9167006505139413,0.8425773195876288,0.07656386255863033,1.4099510123039123,0.9625483014006229,0.6172164948453608,0.024015216796784297
1.8072055367049444,0.9846511147172591,0.4832686837341609,0.007533262773491945,-inf,0.0,0.0,0.009039915328190333,1.0400574219039527,0.9164315035793289,0.8420998189811223,0.0767902624838999,1.434407700128167,0.9645263090483106,0.6203258339798293,0.0228145637060557
1.849632486924914,0.9860597442259063,0.4796222153782979,0.006780579367997368,-inf,0.0,0.0,0.01205436332088421,1.0418015022649776,0.9167385460931033,0.8662354994353763,0.07867458766311254,1.4022552041242107,0.9619042405990976,0.6179550354173082,0.024473814914436468
1.8492489243515609,0.9860475988117192,0.4792040617467562,0.006780653721586823,0.1320439703466354,0.5754304354531085,0.02610390276424432,0.01926023016294339,1.0433437900500735,0.9170092084623257,0.8286578798912765,0.07499485581112732,1.390795417200425,0.9609254246349114,0.614749474332017,0.02499785524413772
1.9386985242251569,0.9886151130876284,0.5347305078591067,0.006157953970132505,0.42093263060105107,0.7249666319793319,0.030762048036520204,0.011670315991783375,1.030696921209136,0.9147659599683868,0.8407947294703533,0.07834171226979424,1.4096950030488675,0.9625270452887872,0.6240597603361518,0.02429579849275886
1.991494296973296,0.9899051634240008,0.5170564033123275,0.0052728282313001945,-inf,0.0,0.0,0.010545656462600389,1.03591069704237,0.9156973440094509,0.8564137284516431,0.07884477595961797,1.4389234619717541,0.9648803639735741,0.6241862402999844,0.022719079370382003
2.037950777341603,0.990919959225183,0.45217570846022814,0.00414339607551249,0.6892557979870291,0.8302034908967941,0.0971971300263253,0.01987914234797174,1.0480749898541928,0.9178345198163126,0.8492231456150312,0.07602332014765041,1.4200812154460118,0.9633801567301106,0.6206576162700665,0.023592332137312558
1.904274769928434,0.9876875407697325,0.48344370860927155,0.0060265830099892675,0.23821236961663958,0.6337884962935519,0.030629139072847682,0.017697927846115742,1.0394456167596262,0.9163235526987039,0.8265728476821192,0.0754806303145381,1.4367661327734813,0.9647116470105233,0.6208091887417219,0.022708685915958062
1.743019178471204,0.9822498192795774,0.47944994612345426,0.008664112757312603,-inf,0.0,0.0,0.007534011093315307,1.0301042090123067,0.9146594896723773,0.8272358766483657,0.07718362152430848,1.4178380227532392,0.9631974997903442,0.6171686592436759,0.02358119670799837
1.9353085204057663,0.9885269210853177,0.4543332814688035,0.00527310028758261,0.5543586934768834,0.7818462573749068,0.031014988849126082,0.008653921191142791,1.048736752497074,0.9179493603541516,0.8424874228515119,0.07530549605904117,1.4278234855954934,0.9640039115332861,0.6182770603184482,0.023086582423472005
1.988049994616361,0.9898256027923262,0.5130219098801158,0.005273341761048477,0.37118040217202847,0.701546797063023,0.04128772219925589,0.017564691313433606,1.0423739996095636,0.9168391095210774,0.8496279454319967,0.07706457521735766,1.4142438180482222,0.9629030056180709,0.6221062422488631,0.023967389902221303
2.1062840306185224,0.992231645367191,0.4811286751454611,0.0037668403240256687,-inf,0.0,0.0,0.00602694451844107,1.0464601372779725,0.9175536680760682,0.8361052468976881,0.07512782424335852,1.3950224386128167,0.9612892447362024,0.6175274187734926,0.0248675962076174
1.9914585057021212,0.9899043398488612,0.48016443987667007,0.004897015606979666,0.4238339172441845,0.7262966450739017,0.03869475847893114,0.01458203791187952,1.045136632622721,0.9173228357511974,0.8428571428571429,0.07596566412871565,1.4342350233274588,0.9645127024252683,0.6177800616649538,0.02272997009672767
1.8793508210734708,0.9869697419238981,0.45644018340975406,0.006026054430543016,0.6313579782288957,0.810575731549764,0.061223426427678196,0.014307364891009932,1.0493338557936684,0.918052854622007,0.8559816590245936,0.07640655230233458,1.3833485644652015,0.9602764798301479,0.623697373905794,0.025800335354056493
1.7021026031438646,0.9805303371108284,0.48648098172004683,0.009659691656242964,-inf,0.0,0.0,0.010548636166881592,1.0374048065681676,0.9159625420152019,0.8433728804928968,0.07737752337995024,1.43656585815157,0.9646959446988883,0.6148480065176435,0.022501004739532163
1.8804036110488314,0.9870008807114579,0.484817133102271,0.006385197692815234,-inf,0.0,0.0,0.018079784012625923,1.0417647628017752,0.916732088758534,0.8122187160519373,0.07377483213057277,1.4395848704569005,0.9649319344892963,0.6223682168537582,0.022618434130236103
1.782414912954771,0.9837641114260403,0.47932697240176464,0.007910737161500564,0.31021170546991017,0.6713481450568761,0.030009233610341645,0.014690723976938626,1.0382903312016238,0.9161193609924433,0.8202523853493383,0.07510298020122583,1.3854453629188535,0.960460240056619,0.6185492972196573,0.02546413657245252
2.2293418813388146,0.9941372085271494,0.5109887281898193,0.0030134878089840894,0.5479521574534046,0.7793197271105392,0.030572855010551236,0.008657327348498384,1.0353056629270136,0.9155897370704126,0.843481393792784,0.07776243370101067,1.3961862090123822,0.9613888384576399,0.6173246178393124,0.02479290333941148
2.354756165272498,0.9956012501201226,0.5115416323165705,0.002260085243397765,-inf,0.0,0.0,0.01054706446918957,1.0215224881367226,0.9131043705678418,0.8272877164056059,0.07872888265100775,1.3629745810873906,0.9584478127357396,0.620414262159934,0.02689720740152117
1.8324215252273506,0.9855043721697107,0.5121749896822121,0.007533500859128694,0.31166055449459323,0.6720837999252445,0.03312009905076352,0.016159617339435814,1.036261367052025,0.9157596545837828,0.8417251341312423,0.07742994102197615,1.395424771639788,0.9613237036447951,0.6223173751547668,0.025037280509388495
2.105311477497138,0.9922143651203558,0.48006576243321003,0.0037669448013581642,-inf,0.0,0.0,0.01054744544380286,1.0332828197270496,0.915229063118443,0.8353884093711468,0.0773758843289936,1.4456297009226726,0.9653998850329616,0.6181154952733251,0.022153376575795573
1.9869606745291193,0.9898003114284881,0.5117525773195877,0.005273505023245734,0.5671393391516062,0.786824019159265,0.04252577319587629,0.01152160227864953,1.0215957096943726,0.9131177470760058,0.8125773195876289,0.0773159304227576,1.3780763983443882,0.9598108113000099,0.6180412371134021,0.025878616504729127
2.0596333991551776,0.9913583382231973,0.5184604940205755,0.004519415494088581,-inf,0.0,0.0,0.007532359156814303,1.0405713953826967,0.9165220945606958,0.8329416679722179,0.07586530232942076,1.3920122665005725,0.9610304938863393,0.6282312392292025,0.02547459344284919
2.131075953211146,0.992659521693394,0.5094155677561701,0.0037670055466576535,0.4938828690663575,0.757166532892336,0.040689619785520034,0.01304970705726558,1.049837626919008,0.9181400794003399,0.8424239314485095,0.07510918833286138,1.3880579134753506,0.9606880597132024,0.6194263430653189,0.02534730307559232
1.9317425196893163,0.9884334217038979,0.45066364852351065,0.00527363427965484,0.5290610450656597,0.771748050299546,0.03421133861508386,0.010118334264303508,1.0378638955778825,0.9160438760361821,0.8351682271838666,0.07654380870433462,1.4265300815528832,0.9639004249025933,0.6179648111945674,0.023143746524987196
1.9307138476022825,0.9884063105817787,0.4816991442416744,0.005650176664770375,0.4713213598430517,0.7474876334287945,0.03010619651510465,0.010170317996586674,1.0406576984417824,0.9165372972497933,0.835550056706877,0.07608775575756872,1.4533380388383443,0.9659878848443247,0.619393751933189,0.021808649930275786
1.8774812305282098,0.9869142627781613,0.4648783467372493,0.006163935526073028,0.39012351474752677,0.7105985029023304,0.050239234449760764,0.02046065338361677,1.0427577023440728,0.9169064479382153,0.8370151684821338,0.0758535002509441,1.4178519215951977,0.9631986342277497,0.6087244222742543,0.023257809264417673
1.927844183505444,0.9883303468716982,0.47856594110115236,0.0056506395349962294,-inf,0.0,0.0,0.00753418604666164,1.0428009102066973,0.9169140276520553,0.8495262483994879,0.07697964286151998,1.4229823899883511,0.9636150982879544,0.6176696542893726,0.023322434135539232
1.8742042632066322,0.9868164575902426,0.5075664621676892,0.00678092053318471,-inf,0.0,0.0,0.012054969836772818,1.046550513997222,0.9175694092579799,0.8438650306748466,0.07580929822116948,1.3873253440247424,0.9606243055016611,0.6139570552147239,0.025165910650792912
1.8238440389512156,0.9852195055553628,0.4519424237734097,0.006780146400078947,-inf,0.0,0.0,0.019587089600228067,1.0294940069867697,0.9145497516720564,0.8195841716968477,0.07657721285157658,1.4311309317251482,0.9642672464938239,0.6195635350564928,0.022959103049582402
1.7424779662305323,0.9822280788031234,0.4788602470148106,0.008664246887173212,-inf,0.0,0.0,0.009040953273572048,1.0360825556915785,0.9157278868098261,0.8507149080100446,0.07828913376237438,1.4046411625293045,0.9621050505609416,0.6164095731051095,0.024278855612441374
1.846856425927016,0.9859716051255574,0.4500847762421004,0.006403802031697788,-inf,0.0,0.0,0.012054215589078189,1.0333399918838726,0.915239276117955,0.8435492986692699,0.07812148260143492,1.4228071378031266,0.9636009473513932,0.6180958742228845,0.02334794743567333
1.989316908182209,0.9898549393812525,0.47783175658399385,0.004897315700760593,0.6927930121957695,0.8313485332082311,0.08391715673740731,0.017023848611534883,1.0448850204741116,0.9172788856300705,0.8502173357197648,0.0766734376743685,1.4118074020959817,0.9627020886856024,0.6161595499872156,0.023871833790575246
1.8257227252037858,0.9852823664582272,0.4791549151325573,0.007157365939684872,-inf,0.0,0.0,0.004520441646116762,1.0419033203531227,0.9167564392791658,0.8590328701092251,0.07800212992270483,1.4173511247573674,0.9631577374545071,0.6165324855135634,0.0235833143584011
1.824371745859789,0.9852371893067644,0.47768518991871584,0.007157642957726945,-inf,0.0,0.0,0.010548105411387078,1.0317657111075746,0.9149576448266966,0.8520014314196616,0.07919077866459902,1.3932535185969552,0.9611373909018114,0.6151525995603496,0.024873067304163058
1.8685587901051766,0.9866462670475271,0.4732337300582426,0.006404967075191914,0.01786286648522738,0.5102812431298895,0.015497594327677893,0.014873097396401528,1.0333545458074629,0.9152418757928596,0.837781716890352,0.07758474420453057,1.386364458838033,0.9605405310410945,0.6081033172955178,0.024981177990086752
1.9632688355313506,0.9892345928543881,0.4845467745281062,0.005273110490239328,-inf,0.0,0.0,0.006026411988844947,1.0363280616848805,0.9157715008227977,0.835096453018046,0.07680837506159272,1.39760269202547,0.9615097271164198,0.6199439950217797,0.02481702770962807
1.8784238337532588,0.9869422631201276,0.48396954472471126,0.00640315772161614,0.7784464932636453,0.857226080425942,0.03366654581239965,0.005607277722777066,1.031123199042029,0.9148424587825593,0.8351375148909722,0.07773825609406089,1.4014477066813642,0.9618360478277496,0.6200859791785363,0.024603914259086673
1.9555607689382037,0.9890439296351914,0.47612738853503184,0.005274270449570917,-inf,0.0,0.0,0.004520803242489358,1.038273487125345,0.9161163805297569,0.8367898089171975,0.07662013189546675,1.412504897968783,0.9627597137004995,0.6128917197452229,0.023707123168019963
1.9507626955245765,0.9889235643189824,0.5045484575900798,0.005651193621118433,-inf,0.0,0.0,0.012055879725052657,1.0386827012309787,0.916188761402393,0.8300045738679677,0.07592726991223232,1.4333010214335566,0.9644390175707426,0.609645779336281,0.02247897736619541
1.826716054479388,0.9853154967798863,0.48023847458498226,0.007157162806748219,0.5061088121076318,0.7623050375707746,0.060389577015983964,0.01883012381195032,1.0326885857542947,0.9151228454664123,0.8272601120419386,0.07672793299512685,1.4469712863640316,0.965502922349568,0.618183687104898,0.022087484317905484
1.9625493535477865,0.9892169358345426,0.44925380788758396,0.0048971387989238165,0.5386736107813492,0.7756235084577016,0.029950253859172264,0.008664168644249829,1.0459051752611785,0.9174569486987691,0.8513257090107185,0.07659326333796257,1.437198569557384,0.9647455287953874,0.6168008615826452,0.022539610254319668
1.8233836256045992,0.985204059806271,0.4766131089007906,0.007157846117919967,0.8552435884532177,0.8775328046343024,0.0990053557765876,0.013817042718072077,1.0316855426269786,0.9149432803808233,0.8356031624585565,0.07768095074981277,1.4310116227124359,0.9642577795841941,0.6129558786023973,0.022720484689911603
1.846887154405854,0.9859725837458281,0.4766374209345032,0.006781113000487683,0.4890134713350702,0.7550990573520908,0.053662517853499285,0.017404340634813324,1.0345498834576203,0.9154551445127522,0.8288104468475821,0.0765429741424911,1.4464116181174527,0.9654599743638286,0.6134972454601102,0.021948305624866146
2.0520968597861,0.991208396113671,0.5098633514846399,0.004522274669972638,-inf,0.0,0.0,0.004520339593092034,1.0418848240744485,0.9167531890620342,0.8199938354053221,0.07446046831440613,1.414212292212236,0.9629004125246664,0.6182061029487311,0.023818861323360377
1.7856908059699583,0.9838841521232466,0.518264492201392,0.00848908044531062,-inf,0.0,0.0,0.012055926389692596,1.0331816695625708,0.9152109913327318,0.8154244779759183,0.07554436494465873,1.428879113190487,0.9640881617015489,0.6100187979474674,0.022722918194785013
1.7258690554481815,0.981548039989693,0.480905815748842,0.009040469258147452,0.6182078515782913,0.8058827939423518,0.10108080288214102,0.02434786198320134,1.034850806900138,0.9155087576160479,0.8355120946989192,0.07710844306039492,1.4013979765881008,0.9618318443154531,0.6174472465259907,0.02450201952834241
1.674466887185357,0.9792776522941464,0.4450993343834155,0.009418680339665999,0.5946818870075107,0.7972679474083908,0.06209034093796047,0.015788546755683946,1.0366024065315569,0.9158202137937484,0.8373050149890757,0.07696287556181461,1.4066990017282064,0.9622774279275232,0.6098267364463188,0.02390602995527417
2.0735032399275077,0.9916276879932039,0.44621026894865523,0.003767353047427362,0.6782491246881448,0.8266009296682885,0.06774653626731866,0.014211436238839862,1.0446987720350027,0.9172463391653384,0.8449470252648736,0.07623084068741291,1.4201096418473669,0.9633824658079748,0.6106866340668297,0.023211797491871806
1.7090305250932645,0.9808325497479179,0.48072980729807296,0.009394431973578966,0.5021683483040686,0.7606570890249646,0.05986059860598606,0.01883530717031762,1.044217340066495,0.9171621561080707,0.8437884378843789,0.0762107490259824,1.413260215715813,0.9628220192597481,0.6154674046740467,0.023765384317671646
1.9041382919725272,0.987683718607306,0.4832936795282921,0.006026606331806472,-inf,0.0,0.0,0.007533257914758091,1.049657666605648,0.9181089301253048,0.8437984897072515,0.07526292231069787,1.447967061602822,0.9655792091554154,0.6194269163132305,0.022081217291922774
2.0365231178594865,0.9908903335853523,0.450710022638403,0.004143564445843406,0.5038845352899927,0.7613757798626498,0.060094669685120394,0.018834383844742755,1.0438410490383494,0.9170963037333165,0.8288742539617205,0.07492859704480777,1.4451195024450747,0.9653606226103902,0.6150956987034369,0.02207105980819889
1.9630700595024722,0.9892297174942231,0.4486864969845651,0.00488509417336569,0.226795109366337,0.6276655702340406,0.029847694981089645,0.017705805476104775,1.0416386446594776,0.9167099187471894,0.8518859245630175,0.07740032743612867,1.3979643105919066,0.9615405309095144,0.6155575999182255,0.024620926239141906
1.9612441504218334,0.9891848313134028,0.48232075569091004,0.005273413187015897,0.47188843928515944,0.7477340136677776,0.030145047230681878,0.010170154003530659,1.0348291284973061,0.9155048963815506,0.8339441490734527,0.0769675810216464,1.3967108127977292,0.961433652799157,0.622309399679967,0.024962929375865493
1.7491307005845367,0.982493513578675,0.48616024973985433,0.008662609669205944,-inf,0.0,0.0,0.013558867308322347,1.0240426548747996,0.9135636978665495,0.8183142559833507,0.07742433115005301,1.4204620927559424,0.9634110837792768,0.6235691987513007,0.023682228235773636
1.9566349358285724,0.9890706986647068,0.511330861145447,0.005650242263812133,-inf,0.0,0.0,0.009040387622099414,1.0373269343117262,0.9159487387618093,0.8343634116192831,0.07656465270360223,1.4427086389321992,0.9651745123895216,0.6189225381128965,0.022332002043375286
1.734129878437591,0.9818894059553781,0.5105682694780149,0.009417246590601974,0.40752179823100154,0.7187669759287284,0.06716379532013371,0.026279278122897647,1.0447395069517142,0.9172534584888298,0.8505014142453072,0.07672475903781541,1.40711617767127,0.9623122812110437,0.6187194651581384,0.024231349497886603
1.9920671255899212,0.9899183354528323,0.5177304964539007,0.005272743219468908,0.5621476150316831,0.7848897742734987,0.036816854401335,0.010090183514164693,1.0436445948170472,0.9170619045737912,0.8334376303712975,0.07537520572469264,1.3958433608724454,0.961359523611349,0.6247914059240718,0.025112600411707348
2.178053581450222,0.9934071423811496,0.5108309750450218,0.003390186905338577,-inf,0.0,0.0,0.009040498414236205,1.0441302610842484,0.9171469211847595,0.8586570620015436,0.0775692308287704,1.4095369144598464,0.9625139136111459,0.6148700797530229,0.023946742588964995
1.9628877739627681,0.9892252446750694,0.4495996715253541,0.004897091416673332,-inf,0.0,0.0,0.010547581512834869,1.0392170000624998,0.9162831815695843,0.8499281461712174,0.07765424676902913,1.4168124725734683,0.9631137004954374,0.6173783617327038,0.02364497893321843
1.8773774488235238,0.9869111762898072,0.4828192011574433,0.006403347697007106,-inf,0.0,0.0,0.009040020278127678,1.0401136190623121,0.9164414130222581,0.8493773575156307,0.07744387234841228,1.4017541688857136,0.96186194220507,0.6193871751149692,0.02455885075130334
2.1058766568666467,0.9922244118188941,0.48068316271413136,0.0037668840580177545,0.7436680428244792,0.847142000553411,0.07027110448068316,0.01267969294734812,1.0348546789544932,0.91550944726761,0.8435619116209682,0.07785065723741626,1.4258711733070621,0.9638475949056999,0.6155666443747106,0.023088935229589647
1.991300351841707,0.9899006998527552,0.47999178096265477,0.00489703771789786,-inf,0.0,0.0,0.01657458919903891,1.0414971649516689,0.9166850419757937,0.8430163867057071,0.0766194185090223,1.3934540469384136,0.9611546340439673,0.6163250629270047,0.024908970699692
1.9566377409936533,0.9890707684867378,0.4772947846963273,0.005274107139977358,-inf,0.0,0.0,0.00904132652567547,1.031081592033424,0.9148349948300473,0.836491801603923,0.07787177907580561,1.4033739672937817,0.961998526255695,0.6139857996628697,0.02425405508268208
1.9617892269627553,0.9891982502254767,0.4829190139025273,0.005273331557496793,-inf,0.0,0.0,0.012053329274278385,1.0476294804565067,0.9177571248893991,0.8190604165589953,0.07339837710899401,1.3944071844512642,0.9612364926296738,0.6222543800713215,0.02509347328473217
2.131843798171552,0.9926723933861485,0.5103058339758417,0.003766922933529936,0.5113433803342905,0.764482091523379,0.0328964276535595,0.010134570741716156,1.0312580597182965,0.9148666475924864,0.8123875610382935,0.07559711211175377,1.4409809684938617,0.9650405498164252,0.6178874325366229,0.022383520486191067
1.922443499193019,0.9881860475511586,0.5042153377348908,0.006027990416114552,-inf,0.0,0.0,0.006027990416114552,1.0380811163050223,0.9160823347923929,0.8524123920771965,0.07808518407175785,1.4016506214142055,0.9618531948989293,0.610411376333164,0.024208729490059363
1.6844351635691133,0.9797383438123389,0.49802917839774763,0.010299582585339076,0.7290208378811484,0.8427233684782717,0.060506782697722035,0.011292321208677012,1.0388428761610495,0.9162170773296494,0.8291272075761453,0.0758190416169706,1.4271586638417386,0.9639507541589039,0.6164320450473509,0.023052951865400382
1.9042520206972355,0.9876869037426613,0.51363236587511,0.0064032485780054086,0.4728882565382481,0.7481680182749406,0.03021366858088882,0.010169865388596825,1.0295716007913254,0.9145637131448432,0.8341869729422112,0.07792768998679749,1.443989748042963,0.965273529218507,0.6218635211340473,0.022372026936469946
1.9036382303902244,0.9876697040117417,0.48274436867121306,0.006026691846680547,-inf,0.0,0.0,0.00904003777002082,1.0408669984890597,0.916574155984376,0.835193221740029,0.07601861669878666,1.446987324727099,0.9655041523468797,0.6205311014672453,0.022170537835808767
1.9678064947518306,0.9893452957712782,0.4895735093786021,0.0052724371995723236,-inf,0.0,0.0,0.013557695656043119,1.0488059440056317,0.9179613592218366,0.8324426281043696,0.07439579133633326,1.4186144240071703,0.9632608189282671,0.6270564811904014,0.023916203329322257
1.677053738818936,0.9793981816056357,0.4834687225125472,0.010169852270125413,0.24164822156161986,0.6356227726477699,0.036011796967972264,0.020644129341842607,1.0366158306387887,0.9158225967362467,0.8344802607750815,0.07670086070952907,1.438657810854954,0.9648596303929757,0.6193925596316034,0.022558393772190922
1.705297872600086,0.9806702984133201,0.5159278698747597,0.010169301324885572,-inf,0.0,0.0,0.013559068433180764,1.039114417674328,0.9162650609256047,0.8409291690484851,0.07685019950998001,1.4101114609913339,0.9625616173364974,0.6239151899391987,0.02426688869555235
1.7183874425327785,0.9812334304110397,0.5120693212296266,0.009793576383961857,0.8116782432476293,0.866337689187416,0.06323499071590674,0.00975616677975547,1.0320310369502277,0.9150051697485734,0.8273674437796575,0.07685416188296727,1.4488856605974925,0.9656494391723124,0.620796368887972,0.022083276358936123
1.925851694051945,0.9882773140031215,0.5081379875115161,0.006027399381004661,0.1591600658353519,0.5906080513737196,0.02989046985361859,0.020719185372203523,1.0448143115490909,0.9172665307878934,0.8208619101238612,0.07403818987082117,1.429240733827784,0.9641169791461115,0.6147507421435152,0.022880121580076556
1.9990967037763383,0.9900785997644818,0.451081359423275,0.004520205473267061,-inf,0.0,0.0,0.006026940631022748,1.027370555248967,0.9141668748721046,0.827394438722966,0.07768587151986749,1.4391919749461586,0.9649013089374856,0.6173017507723996,0.022454610893385588
1.7540349596517364,0.9826866896526038,0.5131014522714352,0.009039996955708788,-inf,0.0,0.0,0.013559995433563182,1.033480501646182,0.9152643714616968,0.8263992971212982,0.0765084559703259,1.4363973082927497,0.9646827245162372,0.6218409220114735,0.022765751465871367
1.8359059141614804,0.9856185409022239,0.51624980500234,0.007532757498737554,0.39568509340073593,0.7132249171829542,0.03634756382923405,0.01461471041771333,1.0410952198918022,0.9166143299963828,0.8407259112890645,0.07648199587117178,1.3953605097340427,0.9613182017350026,0.6248245021059747,0.02514186800777267
1.9664816583897913,0.9893130913374009,0.5229116190877489,0.005648675591918009,-inf,0.0,0.0,0.009037880947068814,1.032141527604064,0.915024953627102,0.8177604550721584,0.0759424454122566,1.4252450645715862,0.9637973257656999,0.6274096702833667,0.023567099946737374
1.6151525563101472,0.9763169158698292,0.47270645782380183,0.01146671396094997,0.2869115390063318,0.6594037440034177,0.0541187490243014,0.027953501120552053,1.0420110662558544,0.9167753703930049,0.8177134828537233,0.07423181722909243,1.4127965140271075,0.9627837807638352,0.6241869178331686,0.024127823549328475
2.004106323279658,0.9901912702305052,0.45625,0.004519564140663695,-inf,0.0,0.0,0.004519564140663695,1.0445517032935658,0.9172206310268441,0.8330208333333333,0.07518031822684497,1.4240921191915288,0.9637045818136167,0.62578125,0.023568417739805184
2.0318145680379,0.9907919451165297,0.48631206411991257,0.00451960494731642,-inf,0.0,0.0,0.006026139929755227,1.0337590618200456,0.9153141029721706,0.8481315707296763,0.07847009308786788,1.4408016552626897,0.9650266175564125,0.6278755074424899,0.022754740490320384
1.9992955232721066,0.9900830956978489,0.45109646865026254,0.004518287939751001,0.4106891573664151,0.7202388584446885,0.030062802429733346,0.01167724266399031,1.0480418361505364,0.9178287625624761,0.8350664058478328,0.07476170143050093,1.4344743792027308,0.964531561895111,0.6188613198805725,0.02275720700789362
2.1600607284114184,0.9931301785337031,0.4899842684845307,0.0033893889426989494,0.6122664949549803,0.8037337188274297,0.05285789197692711,0.012907535973565861,1.037102044725887,0.9159088643784535,0.8392239119035134,0.07705056096450556,1.4220901685738128,0.9635429996890581,0.6285264813843734,0.023781180637148375
2.0204619554837144,0.9905503742028666,0.5132871471409368,0.004896642910122867,0.420208245412792,0.7246339329394504,0.03071037121290456,0.01167016027604889,1.0265491460433311,0.9140183511363557,0.8113431909833523,0.07632300299912928,1.4099764040520202,0.9625504090123023,0.6199979319615345,0.024122029088329194
1.9296044623604156,0.9883770018398448,0.48048542191597676,0.005650355243510315,0.5824625946539141,0.7926822303427162,0.06047205224456215,0.01581583454005399,1.038138317953909,0.9160924596363066,0.8437291098884147,0.07727957325627521,1.4309683865605773,0.9642543482937942,0.618295881112768,0.022920704746362906
1.993628958936827,0.9899541629958759,0.5195729537366548,0.005272512001155619,0.48483411107828267,0.7533151019875679,0.031034121833786895,0.010162612111816464,1.039717612943927,0.9163715611111485,0.848963784802177,0.07747677798958395,1.4347485338875643,0.964553151391843,0.6258635126648524,0.02300017282695894
1.719298426789542,0.9812720178056266,0.45390952899113945,0.008663051042474878,0.5142855521109002,0.7656996668883218,0.06150577750142495,0.018820465490653616,1.0431978324677,0.9169836280924832,0.8183843722472667,0.07408998299250626,1.4085798974337798,0.9624343242251405,0.6221047722679932,0.024281954191344303
1.7545351999886665,0.9827062757605738,0.5136855176695814,0.009039868684555924,-inf,0.0,0.0,0.02259967171138981,1.0385853305929242,0.9161715438486122,0.8351011538262534,0.07641062519953691,1.453431289433933,0.9659949387422415,0.6206343457339474,0.021847639256610114
1.8529320032297432,0.9861637930195812,0.5101222895899702,0.007157185889455794,-inf,0.0,0.0,0.01958808769745796,1.031786796876078,0.9149614225717229,0.8346521426369335,0.07757445189088774,1.4456197300565419,0.9653991181342658,0.6200801562018292,0.022224300632768507
1.933285491737423,0.9884739700018449,0.4980712852954791,0.005807724583303501,-inf,0.0,0.0,0.013560817596554066,1.0467768605753451,0.9176088207108903,0.8429769068559378,0.0756900543039019,1.3997903497168025,0.9616957174438389,0.6176001645836547,0.02459897739154216
1.9858514020817535,0.989774492879087,0.5104632628926937,0.005273671697166369,0.8221730093446709,0.8691112389824629,0.1477710936294925,0.022254430148683228,1.0309873587579734,0.9148180879678336,0.8280117229677618,0.07709906775468396,1.3986119432868973,0.9615956391376962,0.6189007146897013,0.02471775600625152
1.9887094192223618,0.9898408828587572,0.5137918542669357,0.0052732431283695445,0.5720548256487604,0.7887163011573334,0.06986492780624126,0.018715627335986723,1.0277360522461363,0.91423288772947,0.8346530041918957,0.07830146878138164,1.4384150735476828,0.9648406748808742,0.6214873466852973,0.022647340901365973
1.9674380924919916,0.9893363502108662,0.48916343838341536,0.00527249160051332,0.8416778484632199,0.8741360941741114,0.09637734268662967,0.013877048281732649,1.0380918579747722,0.9160842361811256,0.8253586011935923,0.07560505323436664,1.4278068787828593,0.9640025846161989,0.6290964296932259,0.023491477987218592
1.903570083665623,0.9876677929305284,0.5128364068391963,0.006403372477237004,-inf,0.0,0.0,0.012053407015975537,1.0455922186651065,0.9174023607647095,0.8413657730254662,0.07575174161024695,1.442933688983023,0.9651919261742039,0.6213130843535306,0.02240664382143569
1.804710952723298,0.9845640619609428,0.4805348418616611,0.00753379727248158,0.5812558438922361,0.7922252242610485,0.07127796348675752,0.01869387949923469,1.0396695151931366,0.9163630734882544,0.8499871432244793,0.07757876139986726,1.4235490653356924,0.9636608189077318,0.6179994857289792,0.023304460227291053
1.9342152440746787,0.9884983354196109,0.4532050287133323,0.005273263534827983,-inf,0.0,0.0,0.012053173793892534,1.0427815057288565,0.916910623710748,0.8349112732164106,0.07565869033959534,1.430529208642807,0.9642194764500079,0.6194836773759635,0.022987971979982754
1.9681521490087663,0.9893536822134311,0.4899585758481464,0.005272386199709683,-inf,0.0,0.0,0.015063960570599095,1.0327968421948908,0.9151422049916056,0.8471501232237428,0.0785531375405376,1.4179463893608877,0.963206343890312,0.6287032667400766,0.024015925495301862
1.8325397929763558,0.9855082619062515,0.48664132076454353,0.007155981171050264,0.20386171892719387,0.615243854437532,0.03307119420863497,0.02068179165234417,1.0352688608436988,0.915583187699955,0.8408937034529451,0.07753043839413488,1.3920719258743413,0.9610356382178121,0.6226759022967554,0.02524585786967679
1.9946334359824016,0.9899771384897995,0.4836438923395445,0.0048965734305424415,-inf,0.0,0.0,0.010546465850399105,1.032763814922978,0.9151362991413765,0.8575569358178053,0.07952417070414687,1.4290970544497323,0.9641055320443891,0.6223084886128364,0.0231690736756291
1.9957956664324612,0.9900036573883134,0.484923971145363,0.004896412371825506,0.3736294846708229,0.7027261872764657,0.031138097462245058,0.013172329594594856,1.0434808902876531,0.9170332299736486,0.8418703617208989,0.07616655799365762,1.4019387528442426,0.9618775303956822,0.6221391872956562,0.024657486538413168
2.0002446316630627,0.9901045302396337,0.48985583224115337,0.004895799813892541,0.5976800267896105,0.7983814781951974,0.034128440366972476,0.008618593850457563,1.0330066616534375,0.9151797156488305,0.8313499344692005,0.07705080939978087,1.387196487706233,0.9606130811165038,0.6296723460026212,0.02581773463501077
1.7321137750266997,0.9818066697480641,0.4877845061599499,0.009038871791961492,-inf,0.0,0.0,0.013558307687942238,1.03448996117343,0.9154444649567016,0.8568594696178743,0.07914429950033405,1.4154448781461217,0.9630016666830333,0.62549592816872,0.024031429684335977
1.9621529823713852,0.9892071961383213,0.4833186779082398,0.005273277139221353,0.318906897113081,0.6757504174925825,0.03672477111674339,0.017621878424389163,1.03857112761302,0.9161690321395148,0.8350488801531061,0.0764083410138546,1.4412931137522451,0.9650647900852731,0.6194589561888998,0.02242432724760861
1.9028665108630232,0.9876480450913241,0.542135121196493,0.006780177012155557,0.5106915578447748,0.7642117525690953,0.03285198555956679,0.010136080835809035,1.0236774340312425,0.9134972689300953,0.8266116554925219,0.07827518282355157,1.412062576002138,0.962723180323686,0.6208870551830841,0.024040861660395176
1.7339942113012827,0.9818838500992025,0.5104107757955889,0.00941728303644166,-inf,0.0,0.0,0.012054122286645326,1.0410541719920083,0.9166071055961738,0.8432471338234538,0.07671860577769665,1.4141533291370827,0.9628955621692663,0.6144671225129813,0.0236780166427902
2.0285769669985245,0.9907236830754662,0.48274436867121306,0.00452001888501041,-inf,0.0,0.0,0.012053383693361093,1.0335879309476492,0.9152835540162161,0.8274436867121306,0.07658619897886788,1.4254570152373816,0.9638143504294683,0.6201694564992767,0.023283773080604423
1.9982596857843484,0.9900596500186538,0.4502235699234209,0.004520313351630454,-inf,0.0,0.0,0.009040626703260907,1.0370354292168587,0.9158970497185305,0.8354833735930514,0.07671890268877371,1.3935738604204058,0.9611649331281505,0.6165390347946754,0.024910745097027415
1.7908491114669864,0.984071403887923,0.48644173049058165,0.007873751667238537,0.46959637269966,0.7467371955160208,0.06427240736907472,0.021798579525665798,1.0392438279409486,0.9162879199866186,0.8425791761540053,0.07697804791843495,1.415438148650194,0.9630011145921974,0.6215586835023804,0.023880531555633525
2.0958634236166933,0.9920444954571427,0.5166259041473695,0.0041429792173870985,-inf,0.0,0.0,0.010545765280621705,1.0381341297154782,0.916091718344623,0.8248946245511787,0.07555519726553053,1.3899242322594112,0.9608500350085076,0.6247072904199407,0.025453783273946762
2.148658072020413,0.9929487072990342,0.4774411118491646,0.0033904843244930882,-inf,0.0,0.0,0.007534409609984641,1.035871959370892,0.9156904581442668,0.8428797710898779,0.07760570912147365,1.4004140034008818,0.9617485809881806,0.6159112973276787,0.024496507272188932
1.9035927980816845,0.9876684299575994,0.48269449323277197,0.006026699620880347,0.5418649620640916,0.7768997648907534,0.030168405827048248,0.0086633807050155,1.0360831364538252,0.9157279900061313,0.8199194131625168,0.07545500163180116,1.4467030205539657,0.965482342518926,0.621190205599752,0.02220862029599454
1.8999731497767356,0.9875665056262232,0.47873757557126756,0.0060273216218552335,0.35590510542646003,0.6941305737788596,0.029921098473204222,0.013184766047808322,1.044703073258128,0.9172470909250865,0.8345117327595041,0.07528862639765616,1.3846714796999668,0.9603925132012592,0.6164566041602623,0.025423247761363475
1.9346986546752207,0.9885109837258759,0.4860843780887479,0.005649538975692149,0.5495752998682198,0.7799618199890628,0.030692399729490713,0.008658756882151003,1.0283141457845433,0.9143372039799204,0.8325443479165583,0.07799975363882548,1.4115567365409434,0.9626813585204731,0.6247724080528534,0.02421949619784737
2.090405908996341,0.9919447030721662,0.5102533792465437,0.004143620572327917,-inf,0.0,0.0,0.007533855586050756,1.0357276158124493,0.9156647956706034,0.8350722105154957,0.07691240925348393,1.3878229794012036,0.9606676246114065,0.6173613609497867,0.025276472504329708
