SK_precision,SK_accuracy,SK_TP,SK_FP,msSK_precision,msSK_accuracy,msSK_TP,msSK_FP,ConvRFI_precision,ConvRFI_accuracy,ConvRFI_TP,ConvRFI_FP,AOFlagger_precision,AOFlagger_accuracy,AOFlagger_TP,AOFlagger_FP
0.8088332785292459,0.8655773092304736,0.04771534106459836,0.007410111689031296,0.8814079199008056,0.8838614800313539,0.21513636024347377,0.02826870390282444,0.7130924076712672,0.8378009078867191,0.34554773682936707,0.06689838679800114,0.9188877177863464,0.8924310444948207,0.1582692642631435,0.01907694667322655
1.0789060819746008,0.9230319224694864,0.06431908337625489,0.005363320677740491,0.7615456835767019,0.8523966974185703,0.15295435857120912,0.026485987730485574,0.7040949836773301,0.8349658789153225,0.34380845238417956,0.06795502330516258,0.9274486108358301,0.8943087859488538,0.15516594829533645,0.018337824376098
1.2009174088599646,0.9407668797785093,0.0704493955999314,0.004435676477135922,0.9034607599207718,0.8889731805247758,0.21870570817271667,0.027314883858654892,0.7048738342362928,0.8352128529923958,0.33507641891830897,0.06611043748338445,0.930936785376301,0.8950655573454199,0.1597800868458351,0.018732074117781827
1.0894937292389018,0.9247461373032005,0.07224979991187129,0.005879534180369895,0.8532806051077578,0.877046222208338,0.19781521748905137,0.027731865982749185,0.7138638342812216,0.8380421421128954,0.33957653258513865,0.06562568281776311,0.9252534828149663,0.8938300815461578,0.15567755685650309,0.018491516293519153
1.05171532753964,0.9184644467970029,0.052409357308300736,0.004652576325679263,0.8789436501995497,0.8832777524390913,0.17911421953684858,0.02366935453398124,0.7027025263263639,0.834523589681705,0.3332691200667214,0.06608342572989687,0.8960652115288079,0.8872812664446929,0.15768587474333579,0.02003215076528106
1.149590093314792,0.9338276389762671,0.06021781202074052,0.0042671202166002726,0.894344305818371,0.8868843522830563,0.19726091798729278,0.025159195164433407,0.7077841069992804,0.8361330775078185,0.3531092529029431,0.06920301101971131,0.9073632341475629,0.8898569806666062,0.15733403929014825,0.019474192491420492
0.9610064222477919,0.9013929973880793,0.05455778463417811,0.005968295324582863,0.8478845245765596,0.8757000760704198,0.2083597184983585,0.029575305366596805,0.6920372520921474,0.8311044020055024,0.3435191298060297,0.06980936295263991,0.9304745480589075,0.894965549007434,0.1581672752096217,0.01856274013570406
1.3453443725629133,0.9568006617180917,0.054709230905470245,0.002470109676538652,0.9064809612315305,0.889657711652325,0.19555132708599662,0.024253800801679545,0.7047358850858623,0.8351691308470313,0.3420360080926247,0.06750500038039041,0.9286737605924809,0.894575133154171,0.15696603777012313,0.018498304969517508
0.8294994308221536,0.8710183641409988,0.04147135843991825,0.00614113763049175,0.8165944052511296,0.8676430668541623,0.20074781077490308,0.030623611926323627,0.7031874348216762,0.8346777199597952,0.34377114817472154,0.06808978923149113,0.9348362434727145,0.8959058917199956,0.16645127121041683,0.019339750758260135
0.9883618017455295,0.9068517901522284,0.05330753149386343,0.005475537661146982,0.8562593513915978,0.8777839398821013,0.19561563969938905,0.027236056272244877,0.7091725559399448,0.8365706454350351,0.34993106493412873,0.06836124169128109,0.9349261854610127,0.895925203891336,0.1675099572872925,0.019458727776744667
1.0665811909762757,0.9209913970585083,0.06429791396650796,0.005515891213284917,0.8187771044551629,0.8682191627069378,0.20280570273519083,0.03078244118791983,0.6988642955755713,0.8332995245604427,0.3518231247747536,0.07038175402958376,0.9239835220646834,0.8935522621487572,0.16173866716808474,0.01926772050435646
0.9976963809438928,0.9086515866641334,0.052254398203287165,0.005253230650501497,0.867228644894813,0.8804678193604176,0.201143362711403,0.027307193105067313,0.7104119515613108,0.8369604447708535,0.3400120234570842,0.06623420428450771,0.9366858019327968,0.8963023888093975,0.16713512777758874,0.01933668113904547
0.9225041373940558,0.8932278214086674,0.058578303028114335,0.007002169975663421,0.9234800656801132,0.8934419477837164,0.20054937613983134,0.02391890256290552,0.7176346647926729,0.8392171614951721,0.34935943735216046,0.06693261836525619,0.9147259021758215,0.8915076376001108,0.15868709485202506,0.01931148660623587
0.9574797665980205,0.9006688679969055,0.060280641790740316,0.006648108533232716,0.817856258593766,0.867976376896115,0.17845980195057604,0.02714464386251003,0.7152678380714182,0.8384804478144323,0.34214635893228285,0.06590890320783652,0.9340099632079911,0.8957283261614216,0.15994451533647777,0.01861913020759955
1.1290285517633016,0.9308412598052328,0.05280676603568913,0.003923385834392673,0.9276167185519714,0.8943453676109596,0.20083855272012008,0.023726318965428678,0.7141674757212242,0.8381370149666355,0.34235726486878204,0.06611683752175679,0.9242627845891463,0.8936134091042036,0.16200091372089204,0.019286555860936087
1.0470402968908528,0.9176546686288499,0.06083520443331263,0.005459019868092563,0.8362564239890281,0.8727562285531694,0.1961708991061943,0.028600798520531188,0.7110328265919352,0.8371554330761121,0.345408468518885,0.06718930588686421,0.9247423446716487,0.8937183407585274,0.1605938382232171,0.019097940382239255
0.8614676824566385,0.8790646823756919,0.05292888402873528,0.007281570434858669,0.8835489687651996,0.8843665840162133,0.179688331329652,0.023494754256446697,0.6944105782850643,0.8318701058833586,0.3428581778499254,0.06929532475231807,0.9309989292474573,0.895078996202859,0.16573953953817974,0.019427959913027187
0.9420617106020885,0.8974472691063315,0.06184404407842996,0.00706701755978039,0.8822884108154878,0.8840694320106642,0.19127697272669747,0.02508269971630378,0.7177528665663468,0.8392538824219087,0.34791540485079686,0.06663782169703492,0.9149675958654223,0.8915614535002172,0.16295504470218133,0.019819843178434767
1.0969078976611706,0.9259255918534767,0.044288025083483236,0.00354305926404996,0.8905423928213452,0.8860031448408362,0.19885320996995962,0.025585282294852928,0.7152988815457197,0.838490128219786,0.3339487909090497,0.0643251775848461,0.9065839750050766,0.8896809944829449,0.15591088476368695,0.01933269774567928
1.0129222666943618,0.9115202188626855,0.04447210028510658,0.004316834249549093,0.8308635700821208,0.8713708351537952,0.17178802552382677,0.025358836171982157,0.7196357794869191,0.8398379199850149,0.3479341087025388,0.0663531012733419,0.9202728720124348,0.8927368405198663,0.15675204778929266,0.018833903943147823
0.8291561640811279,0.8709295402155737,0.051385682596205705,0.007615281573050344,0.8515894107282889,0.8766256784882888,0.19502232933684466,0.027447002924964107,0.7091832707471024,0.8365740185343512,0.3446322711384013,0.06732442785421758,0.9171759583558908,0.8920520859156443,0.1530151938782188,0.018516487168361323
0.9776398821850707,0.9047452920740918,0.046746300264258724,0.004921611880489475,0.8847747654115236,0.8846549065656505,0.21027087087223556,0.02741601619713637,0.7109903350408708,0.8371420944231679,0.3404574879742967,0.06623271461178716,0.9245780524565197,0.8936824025557498,0.16713512187030646,0.01988335515501486
0.995649207729543,0.9082595693412805,0.05030958009681414,0.005081611799244165,0.8561984295148465,0.8777688901805535,0.20430034898120006,0.028449240650731775,0.7010063654887692,0.8339835512678517,0.3424766407745131,0.06817491254913198,0.9278455426698363,0.894395143732503,0.15947089947089946,0.018829374841182737
0.9572052402733602,0.90061230137885,0.05974377650376024,0.0065930661224083,0.7822569846870473,0.8582965617124738,0.21231829982706923,0.03505342376862086,0.7131113594669926,0.8378068378076016,0.34059761650483267,0.06593716112495951,0.912865551070629,0.8910926232370066,0.15400891017878449,0.01882262962156494
0.9602080357091789,0.9012294772313721,0.053761483558959426,0.005892006386928433,0.8988474837328176,0.8879204050482123,0.20227918307175088,0.025533109473511124,0.6954595129863221,0.8322076390217352,0.33391537673264654,0.06732508427197237,0.9219477814125518,0.8931055830340703,0.16544864534455173,0.019802290812948674
0.8688778784627602,0.8808669073294069,0.06280745599862612,0.00849441205434047,0.8547690993715693,0.8774153407998305,0.18693098749726014,0.026116333201348086,0.7131455688490201,0.8378175413073476,0.3417769572674294,0.06616026106069683,0.9118989609832259,0.8908764429032503,0.1570853001855187,0.019241396335491733
0.9647768596207538,0.9021619788019165,0.057298880049886015,0.006213971739744624,0.9377761438685324,0.8965355034726971,0.19973159154016298,0.023049983496754183,0.7143027035157568,0.8381792524947054,0.3494416064743374,0.06746397241500018,0.9172152537619724,0.8920607984906878,0.1614856453438588,0.01953973500811117
1.1852511653406375,0.9387244836154819,0.05443997510800061,0.0035535853649572703,0.8830973623272744,0.8842602027706494,0.19413955753569206,0.025410702588415365,0.705594858426879,0.8354412257516263,0.337678911245592,0.0665133895853736,0.919344600597363,0.8925319936830447,0.14957972203934017,0.0180105975211918
0.9098082165132002,0.8904075541810028,0.054153008174804645,0.00666521817617752,0.8930401250661575,0.8865827409278909,0.19268280585628036,0.024649200465678884,0.7120394462381868,0.8374711668318064,0.33545782062323304,0.06510262122730383,0.9139926470960241,0.8913442263058162,0.15747433255628351,0.019196282351872932
1.0630852164499958,0.9204036562775176,0.04648935931648465,0.004020391486229794,0.790336387884777,0.8605441412625714,0.15386495638328887,0.024934653079558184,0.7158668678014697,0.8386671628648396,0.33849034601843336,0.06511475622757505,0.9172526335187319,0.8920690857544262,0.1575807862220528,0.01906560668459761
1.0205598432720229,0.9129283360565055,0.05043448012595067,0.004810250631129301,0.8230628505152084,0.8693441432407238,0.2045410909550883,0.030740980645007934,0.7090460926922335,0.8365308296512531,0.33916103660836705,0.0662765451120366,0.9070127409430646,0.8897778565051979,0.15917987499802355,0.019718570084930314
0.9574504409128063,0.9006628267561536,0.07370103120784406,0.008128737955925329,0.7383310055280804,0.8455438727910106,0.21527255936914344,0.03932399829800837,0.7077522230560874,0.8361230182686379,0.3326097978325623,0.06519027532090534,0.9340831400064518,0.8957440624673085,0.1640788389631789,0.01909718847397443
1.0587188325083907,0.919663974492529,0.06570570974172883,0.00573963504084273,0.9816502652560194,0.9055381421939681,0.19546401451515355,0.020389968224410367,0.705059405190769,0.8352716538941171,0.33375445198575365,0.06582148289693775,0.9138737238071969,0.8913177030152046,0.15897229128866788,0.01938419232080895
1.1074668582146199,0.9275759787082003,0.056121019703053505,0.004381861992105424,1.025001882097404,0.9137379489551212,0.18006964736749806,0.016999597237491313,0.7139057166380669,0.8380552309338106,0.34240404127825014,0.06616573865943168,0.9228618028798519,0.8933063399860035,0.15978809708724598,0.019084580665997733
1.1433858453949386,0.9329393777516044,0.05780822165390976,0.004155313204301818,0.8937493676741635,0.8867468508110011,0.1809568132732087,0.02311136369038487,0.7087691725000972,0.8364436166343429,0.3410386864150227,0.06668597025374853,0.9096787700070131,0.8903784653670683,0.15678797025095112,0.01930340701109164
1.098333789549559,0.9261504658694392,0.05361830192965606,0.004275424743926068,0.9121913210684163,0.8909418696731533,0.2106179442943676,0.02578125464734776,0.7116187941631618,0.8373392862201718,0.33440923823683555,0.06496201274840158,0.9240984725203867,0.893577435297502,0.15856963878835864,0.01888519895109868
0.9744782610024618,0.9041160497600296,0.05487725939582785,0.005819881651931852,0.8233363543934575,0.8694156585090969,0.19202353476869233,0.02884151739517224,0.6929392875729359,0.8313957516556824,0.3361382801583865,0.06816770707932095,0.9202964732603798,0.8927420442579492,0.16219660817199308,0.019487013894683006
1.085609494597111,0.9241213639221174,0.05930345478674865,0.004869344481796987,0.8724746674387485,0.8817332768027241,0.21014197229050582,0.02818630431997561,0.7084177568111409,0.8363328881821616,0.3482951383334197,0.0681600115895588,0.9114231099495714,0.8907698793506538,0.15693334444897583,0.019243856966249195
0.8653595074693423,0.8800141219400571,0.03448886974585377,0.004702398764497484,0.9136617046737006,0.8912704025893174,0.19527690475068815,0.02382260105963605,0.7136873536753748,0.8379869800863429,0.34392855460363825,0.06649375836380332,0.9287875940240204,0.8945998504231437,0.1701808343820875,0.020050400623811887
1.0354139468241588,0.9156090048084837,0.0632158991097523,0.005826562003848312,0.8419312690594196,0.8742002805771963,0.1785437497332402,0.0256929151364571,0.7168974947671586,0.8389879969470976,0.3405113252178445,0.06534826569036185,0.9098175585402336,0.8904096532301943,0.15682781580431174,0.019302143294152394
0.8787532801767586,0.88323255246897,0.056395515823864144,0.007455749243549064,0.8121410705428889,0.8664610454681569,0.21307465848098084,0.032839061005224816,0.7101847611388438,0.8368890477362455,0.33717261744484534,0.06571545757165181,0.9336226192636184,0.8956449948159123,0.16743631859550864,0.01950864237077567
0.9667685870666368,0.9025660303340999,0.049785281474036554,0.005374429617248038,0.9706862558641343,0.9033564460910862,0.1775043623405768,0.01898990424561512,0.711764878460783,0.8373850955655632,0.3544493645356754,0.06883183119217921,0.9250603289266944,0.8937878680168326,0.15827440737909687,0.018808335677464847
1.07560830431395,0.9224907201642183,0.04466731164920217,0.0037530254586341707,0.8845025124760288,0.8845909233596568,0.2221737728298836,0.028986132797536254,0.7130112748363511,0.8377755198573585,0.3354885742706474,0.06496305784169742,0.9235610038683117,0.8934596892673557,0.15734848588078723,0.018762969141670777
0.963554759928932,0.9019133187745489,0.06249355840454564,0.006796424461498656,0.8538762440864727,0.8771940440350964,0.21207524679712672,0.029690241967000857,0.7109618486093028,0.8371331516674474,0.3447250615032331,0.06706732877134979,0.9104872992108559,0.8905600446438457,0.16093458027684296,0.019777075545538102
0.9074957516162474,0.889886883638064,0.05936738782141562,0.0073460213915710485,0.8973028523145161,0.8875659670365356,0.19630491753778345,0.024867282420738376,0.7228964202328702,0.8408452345351939,0.34759193202021726,0.06579202705325082,0.912911933870364,0.891102987410021,0.1570353712095435,0.019190467361556687
1.1095784603482344,0.9279019333140902,0.05674652930744293,0.004409210615166453,0.9126571663551944,0.8910460492741159,0.18980424051419342,0.023208589371328248,0.7143287188391159,0.8381873771927375,0.33656172693076686,0.06497346208386792,0.9184925423905183,0.8923436624338674,0.1584172060501316,0.019112161523397935
0.9983588382357947,0.9087781189218297,0.05135324575485563,0.0051547672415189925,0.8954233567126693,0.8871333697472669,0.19337056549166798,0.024601807193125536,0.6962370993147091,0.8324575065545033,0.3411242001492301,0.06865551528768721,0.9202359006779813,0.8927286884221386,0.16018721595405522,0.0192482811141297
1.0804718203209376,0.9232876632076884,0.05652213066774731,0.004696201299754539,0.816354133778341,0.8675795200041668,0.1691431401684002,0.02581667189307843,0.706703182488925,0.8357917737911402,0.34644288351569186,0.068065723029012,0.9167805949100926,0.8919643915541329,0.15494394164527894,0.01876696331058943
1.055512318296744,0.919116789543967,0.06176058248914616,0.005434993950916004,0.8525110342777767,0.8768550086018643,0.1895577062228654,0.02662137054960249,0.7009112730869831,0.83395323317569,0.3455748010130246,0.06880671016246111,0.9348565805713568,0.8959102587399267,0.16088096960926193,0.018691669547182856
0.9475387518830154,0.8986021594444404,0.04704868067404703,0.005308950764469446,0.9030339195979107,0.888876137636802,0.2092080442641623,0.0261543818443508,0.7150537798113773,0.8384136844562874,0.3393443213383696,0.06540136403106106,0.923188634498677,0.8933780451175725,0.16118016756632647,0.01923636320381851
0.8548647059356258,0.8774390168179178,0.06511437019300537,0.009095197588863173,0.8704516907083033,0.8812466696261144,0.14825723770134958,0.019978561435628175,0.714690817299601,0.8383004279343459,0.3445300029023364,0.06645631109882898,0.9083174165677601,0.8900721360806237,0.1523023690320708,0.018810019344364225
0.9132946444404829,0.8911884705231138,0.061112586119223655,0.0074616696533532905,0.8886322805313931,0.8855581653894482,0.1797984888916889,0.02323559279691216,0.6980558331282909,0.8330407730274924,0.3380261091436003,0.06774767779257002,0.9181020109769491,0.8922572459429449,0.16196714081927452,0.01955802084876695
0.9126795544680792,0.8910510538531655,0.05368438235414144,0.006563997491204643,0.9079743731396244,0.8899948268063033,0.20783398854624352,0.025688704267650898,0.706767534374966,0.8358121089870891,0.3430867102870694,0.06739634756531342,0.9245409868782176,0.8936742931427033,0.16596157595708697,0.019745428519303367
1.014344591967945,0.9117839975196866,0.04884398988633516,0.004725704272813047,0.9548737049200331,0.9001307282951823,0.1969248992050295,0.021848766680145574,0.7143881890164877,0.8382059487500898,0.3493405617184119,0.06743119018735678,0.9134551615387508,0.891224306452344,0.15922188560625042,0.019433346812238846
0.9796073897989633,0.9051350083468501,0.046177022587879216,0.004839701063344382,0.8571514744042867,0.878004140883302,0.17376505039467638,0.02414409638891717,0.714729495866792,0.8383124999986395,0.3494549053942535,0.06740027139819632,0.9240875143768016,0.8935750357856325,0.15928101004235942,0.018970399927167456
1.0564353752417017,0.9192746547438142,0.051163278232245285,0.00449286105999224,0.8704802580334062,0.8812535532583775,0.22035826114882645,0.02969265817407005,0.7167049500646607,0.838928096987204,0.3465926831226527,0.06654484840996829,0.9247465788314008,0.893719266820941,0.1538020642836115,0.018290079181866856
1.2229254526605957,0.9435284697471802,0.055707644393596836,0.0033341823024474054,0.9407622237276215,0.8971715542190788,0.20387849236831831,0.023367335265817267,0.7069801515025841,0.8358792816114992,0.3464129734048832,0.06801645561150597,0.9342590596178372,0.8957818845171266,0.1649641796736673,0.019192457700833356
0.922672206394763,0.8932647240593796,0.04871700613586029,0.005821144564269494,0.8839452551456846,0.8844598639421742,0.20097211632719747,0.026253701960852034,0.6989824509532222,0.8333373137668674,0.33325618124387324,0.06664932609202448,0.912887952677013,0.8910976289533435,0.15752868242384635,0.01925181536389304
0.939594239178748,0.8969231806206519,0.04830157452339298,0.005550946592149283,0.8116888487851646,0.8663405169351455,0.21602811745287898,0.03332893468768354,0.7111493908829223,0.8371920196116939,0.3308657854852419,0.06434317223834458,0.9125884878678215,0.891030695809303,0.1552194033811102,0.018982679791936848
1.095531209623221,0.9257078800856852,0.049636087047613846,0.003983513817206968,0.9318440642630906,0.8952616091997367,0.20914063709816996,0.024467768477400516,0.7129474804664064,0.8377555551179345,0.34485420708878745,0.06678640213431795,0.9132171159187535,0.8911711583337348,0.1606272602228113,0.01961562434623572
0.9268774557012178,0.8941844143076345,0.06081441234832231,0.007196628076052346,0.8307330471942194,0.8713371457516008,0.19077011283163048,0.0281693800635971,0.7104918650299658,0.8369855524550632,0.3408823173708752,0.06639151952032585,0.9380491833647269,0.896593806584289,0.16384102341289927,0.018896156132291498
0.8541865194005344,0.8772709855938294,0.03989490053085956,0.005581242173044507,0.8270841704586909,0.8703922828222458,0.16441006667024147,0.024481850129781213,0.7033108706247483,0.8347169361798328,0.33497774679607484,0.06632924995558406,0.9205467501274915,0.8927972130668415,0.15471338945787977,0.018577238238442106
1.1179976825532796,0.9291881440463505,0.05333090480623502,0.004064258001153027,0.8906087640167939,0.8860185795284152,0.2070251892227364,0.026632652730110555,0.6985079079638195,0.8331855008849406,0.34386819394037516,0.06884685399930558,0.9132204508167511,0.8911719030692559,0.1599544876032686,0.019533316099220894
0.8347730148287602,0.8723764250076904,0.06780875203332717,0.009920024317695165,0.818680983029459,0.868193837505087,0.20764234430930756,0.031523537017385105,0.7157637455927623,0.8386350325316863,0.3410696726828055,0.06562651749801529,0.9249855891106522,0.8937715297597012,0.15810787071575397,0.01879177919619023
0.8563285344064107,0.877801028421566,0.06706683986030644,0.009336396965359971,0.9573673819132406,0.9006457144043943,0.16726819993977177,0.0184521085728689,0.7133111852873539,0.8378693516552491,0.34379087317461243,0.06652473569142128,0.9237085426563021,0.8934920227713172,0.15565628553578412,0.018554878715005413
1.1258595435790957,0.9303700359095173,0.04450935838379577,0.0033311315996160692,0.8968833158665119,0.8874695294328183,0.20123907156761814,0.025516963308565174,0.7134166460131616,0.8379023363322848,0.3424047251641128,0.06624042393871321,0.9173489430247653,0.8920904354373356,0.15474178748225886,0.018717966523957717
0.9469373758798815,0.8984759192503694,0.05709844001669007,0.00645188870478456,0.8243027613949961,0.8696680863654389,0.17852544114282126,0.02675453169017514,0.7088308840641708,0.8364630552641716,0.3383283906194619,0.06614660500674789,0.9274557117343578,0.894310331390386,0.16440842220497381,0.019429800875114856
0.9150948406995099,0.8915897766138884,0.05380652157637658,0.006542444941302563,0.9457079781245358,0.8982174115503495,0.19512095520925263,0.0221103661837141,0.7020642099677767,0.8343205224361108,0.3448295419741687,0.06847629517257904,0.9285549391204605,0.8945493273508027,0.16019674079989474,0.01888420633391564
0.9441403610581355,0.8978869394036186,0.06354919864978598,0.007227194079565558,0.8848471824542918,0.8846719203778504,0.20078325083030923,0.02617461479806195,0.7171803904248395,0.8390759721075163,0.34703758337028623,0.06655736500921287,0.9021018781246002,0.8886639784046297,0.15534701043429472,0.019462607384558225
1.379366522043715,0.9599252436433798,0.04954707814751661,0.0020684809552542704,0.9087007796122398,0.8901584755523149,0.18392565661716664,0.02269559304632351,0.7251225745234695,0.8415300090718465,0.3499985202352143,0.06590883477550026,0.9235797874919616,0.8934638062268895,0.15730127328068405,0.018756528036382832
0.8854919934111951,0.8848233174062787,0.04451227097439178,0.005794123645578848,0.8315909720116073,0.871558447948988,0.21845844218158555,0.03219421650777395,0.7044941264172908,0.8350924844485462,0.3331556219011569,0.06578895981323417,0.9167232707626822,0.8919516714636371,0.1582387019956994,0.019168557902182262
0.9202832880962432,0.8927391371449601,0.055033955459542455,0.006612222208376023,0.8562686319194197,0.8777862323368385,0.2149493290365487,0.029927294813328256,0.7186842393115228,0.8395429883798969,0.34040264502206047,0.06505919520955229,0.9203491354186457,0.8927536547109279,0.15862321379553523,0.019055379799130183
1.2006609885820794,0.9407339697916534,0.04836202921694538,0.003046797050544708,0.8940881898635844,0.8868251768986759,0.20763149312310927,0.02649750832136841,0.7002973623876946,0.8337573947068312,0.342069927238785,0.06820520724330843,0.8995004809437062,0.888069950870609,0.16082365245555044,0.02026979890814994
1.0374829601298607,0.915976393061328,0.04927863193872602,0.004520387677958179,0.8487941847269491,0.8759278895016578,0.2177572729016029,0.03084455324357405,0.7099618532511855,0.8368189720717282,0.3418055069880768,0.06665261644794258,0.9240321639907385,0.8935629149470509,0.1536677533248356,0.018304192639306566
1.0641685026704877,0.9205862033858375,0.046439739282534885,0.004006095243046192,0.8685687006832192,0.8807921791457456,0.22037067689017925,0.02982531951831551,0.7200791710316082,0.8399752000838034,0.3342243118588869,0.06367352110754075,0.9251790402019708,0.8938138139618725,0.15909670434872078,0.018900885153187927
0.9592376090242415,0.9010303959088833,0.057787517246976706,0.0063474081776928384,0.9175040868182132,0.8921248195710747,0.202565177790403,0.02449405579060471,0.7101127062918613,0.8368663984682456,0.342869896923951,0.06683695419532117,0.9114065550795604,0.8907661703588852,0.14948732516300084,0.01833149209492575
1.1780783337971192,0.9377675543109742,0.05068106848616075,0.0033633141043616106,0.9411544274934792,0.8972548380015762,0.19077368386591317,0.02184560308139004,0.7109921584949332,0.8371426668472894,0.3392201974680915,0.06599173462182031,0.9210170225648194,0.8929008082090792,0.1543416563748146,0.018512545296682125
0.9718284602336827,0.9035858130331214,0.05949925639865059,0.006348674744630452,0.9233393748538606,0.8934111024527345,0.20215254195717658,0.02411791897866271,0.7019785282976134,0.8342932493741175,0.3397109876854265,0.06747316242039769,0.9278413553773397,0.8943942330563561,0.1632043309483091,0.019270382009757937
0.9568722019282433,0.9005436397888702,0.053837264785630126,0.005945806691341395,0.8071629736781034,0.865129182966603,0.1793407100358885,0.027958631573319105,0.7097650394376109,0.836757079470467,0.3459994617856505,0.06750102751360071,0.9266985562865975,0.894145431612358,0.16005092683676952,0.018947836874587173
1.1079520943181538,0.9276510015399674,0.05567697138162707,0.004342336837950434,0.9099001239899104,0.8904282032324008,0.19508209635489934,0.02400586115444196,0.7125683211125172,0.8376368545847233,0.33595021325920843,0.06511883166212931,0.9342855663628069,0.8957875823156539,0.16449656196896206,0.019136885531761887
0.9657940423292096,0.9023685157521606,0.05606251311097126,0.006065666377029704,0.8962122843317242,0.8873151312444405,0.1822698625514178,0.023147419464035066,0.7097028730329349,0.8367375258975133,0.3573161499803906,0.0697187790400583,0.9136974935617221,0.891278388182009,0.15073968679599783,0.01838781454897488
1.0135807890638036,0.9116424341612418,0.058647269026399905,0.005684169297177499,0.8902830110582807,0.8859428078868968,0.16895165962048292,0.021751011157394196,0.7136043040755972,0.8379610162722888,0.3494823837834031,0.06758043536550298,0.9169236420913167,0.891996127640007,0.16095285909979987,0.019488349233289938
0.8529315083852957,0.8769595145532069,0.05524454622477622,0.007751002951655485,0.9042091031863554,0.889143138679038,0.17585349025882818,0.021925115467226454,0.6953803814260401,0.8321821944240544,0.3440277593619302,0.06937661490496773,0.9231580873514975,0.8933713450330872,0.16125016012423393,0.019246070273957118
1.2380146967685117,0.9453514553915401,0.05320433390946633,0.003075617431414055,0.9349989500065425,0.895940825437748,0.19650741082208817,0.022823381170872493,0.7132112555998553,0.8378380919121423,0.344137148345562,0.06660706544419377,0.9170737230282819,0.8920294154087387,0.15871822113086675,0.019211136790744102
0.93870707117782,0.8967341683739668,0.05432030883077311,0.006255401058001642,0.8223413764038027,0.8691553338853507,0.19734011478057664,0.02970804000484581,0.7142068181606923,0.8381493042409106,0.3420002978338316,0.06604191624826695,0.9103948794894183,0.8905393024087255,0.15575563879629312,0.019144714702992286
0.9520496038202946,0.8995446395965548,0.05599679953710819,0.006253362458435152,0.8737339121997658,0.8820353032006679,0.2196295057364229,0.029373572643146204,0.7150283312868503,0.8384057457479802,0.34724118290555017,0.06692723693961727,0.9196144518332726,0.8925915787125608,0.15663282373043785,0.018848132471679727
0.9178430793360403,0.8921999161286324,0.0445644636294434,0.005384502766803544,0.8927465491240707,0.8865147504549978,0.20791403795286725,0.02661566146404236,0.7119140879323822,0.837431874175649,0.3429627270406838,0.06657832055592142,0.9173607605210821,0.8920930548586312,0.15616649386614623,0.018889788677039502
0.987997344808047,0.9067808779427152,0.06038650592899557,0.006207869181780004,0.8847000400448407,0.884637348142843,0.18485056419640133,0.024105755118475,0.7046645362953535,0.8351465136281941,0.34068627450980393,0.06724966122168008,0.9303607912956279,0.8949409240248113,0.15670353228208025,0.018395771007502913
0.982487279191554,0.9057028719917195,0.06965630815416819,0.007252256793835015,0.8795125773534117,0.8834127435650937,0.19467595387071865,0.025692107704990422,0.7083605843474207,0.836314867865468,0.3373801611290422,0.06603268502797977,0.9129852170090387,0.8911193606623349,0.15368530864844304,0.018777904959905282
1.0582835834223232,0.9195898987977875,0.059348993804897256,0.005189550912140525,0.8797982151206533,0.8834804666201969,0.1910141595883809,0.025192272591286955,0.6953555104582958,0.8321741965770545,0.3466791262597237,0.06991529313672441,0.9048558679794182,0.889289843581824,0.15793665518755007,0.019661971770139074
1.0523792273024948,0.9185788530494663,0.04305292161777902,0.003816132111090766,0.8848489403407624,0.8846723333522586,0.18270876044565096,0.02381828189252065,0.7154468539260292,0.8385362645754576,0.34796082358179875,0.06700134118273628,0.9189204597594792,0.8924382816737249,0.15615188660266857,0.018820310141080758
1.0134187026290291,0.9116123666587812,0.06492244785714446,0.00629471662154354,0.8712611823783787,0.8814415924648246,0.16857475819194523,0.022674168149901384,0.7050922378043138,0.8352820556394571,0.33635382080394555,0.06632910352446837,0.9379225349405068,0.8965667665030006,0.16449033782123673,0.01897657615196395
1.013696078939096,0.9116638151445761,0.03819104601880433,0.003700543166127626,0.9701288790383082,0.9032443420013216,0.19566959995394134,0.02096015442724364,0.7095952681542455,0.8367036758326675,0.3416091302441552,0.06667057511771494,0.9206495839304562,0.8928198735984706,0.15590635919556775,0.018716052117023367
1.079719239309403,0.9231648373638716,0.068737921396252,0.0057210686065902495,0.8442975270245515,0.8747982552177439,0.16095042179983304,0.023035338162355347,0.7160031694146016,0.8387096231525547,0.3478868497156483,0.066901344090935,0.9207208066475056,0.892835565817526,0.15452771794528825,0.018547508738580173
0.9760285937711249,0.9044250680526226,0.064327312971144,0.006797775489364275,0.8726466449534682,0.881774564579927,0.22281312082150276,0.029874050902088285,0.6982001980390997,0.8330870011162544,0.344480528316264,0.06901833537347556,0.9169429576498642,0.8920004123130202,0.15506136778032784,0.018774165970427654
0.9842545654461928,0.9060498402921299,0.05065424088286572,0.005252441763349099,0.9017821803987476,0.888591124511578,0.15733459748009418,0.019726137361900268,0.7066678067193184,0.8357805941859543,0.34750031453888597,0.06827903826763544,0.9306842196471844,0.8950109233711198,0.16192686521559393,0.018994798405767625
1.065068913167902,0.9207376424680057,0.04675338161197696,0.004024798246789455,0.8387663420048952,0.8733966545116768,0.21019495060769688,0.030468841177970753,0.7079614784810668,0.8361890283415687,0.3439717913062323,0.06738470781985502,0.9143906785449013,0.8914329573455808,0.15602595127589258,0.01900229957596165
1.0119566940806515,0.91134074205768,0.0627297047278546,0.006102623108405307,0.858553044416654,0.8783493977195848,0.20576543240743056,0.028498327483165595,0.7253535597372315,0.8416009239919355,0.3452827143853971,0.06498622014432032,0.9449166418164805,0.8980507072282157,0.160975709541852,0.018274424382873383
0.9906762570496735,0.9073009838639943,0.047894642658940945,0.004893399579223783,0.9019948356683878,0.8886395898179849,0.21587019700137494,0.027051904911269343,0.7049852648318651,0.8352481634455011,0.3475917901370198,0.06856212117858371,0.9133179382982668,0.8911936715903755,0.15999311389927717,0.019533647790762897
0.9575559504557902,0.9006845607326275,0.05586129221302469,0.006159635699391684,0.9566547230060821,0.9004987799928192,0.20096741996923304,0.02220603060538696,0.7055365571494132,0.8354227692127429,0.3441025382755842,0.06778776559995864,0.9205769631257633,0.8928038712624295,0.1560760200717896,0.018739552637474365
0.9135295125337153,0.8912409020259886,0.051252220809321535,0.0062543643269910515,0.8785282325830338,0.8831790993365175,0.20531551274767096,0.027157734073854682,0.7017894765375055,0.8342330601782687,0.3225314069785269,0.06408885823801175,0.9119992760831359,0.8908988961307743,0.1617425574704869,0.019807288615240934
0.9193142455276647,0.8925252892536214,0.06004500887737908,0.007230405724701276,0.820427532352924,0.8686533589467275,0.21270878803985208,0.03216309997974752,0.7219706260053338,0.8405597507975501,0.33909552512241736,0.064320799297914,0.9147531116697731,0.891513697280729,0.15578725954742328,0.018957402281779518
0.9448975183055957,0.8980466756415064,0.05840309182096476,0.006630378493086979,0.8649789451818937,0.8799215656734474,0.2192284600932751,0.02991699632645561,0.7196679533969605,0.8398478846746857,0.3408399325205052,0.06499538449351484,0.927249869083845,0.894265523654115,0.16388431695273925,0.01937704403888342
0.9871346858245338,0.9066128377729005,0.06052155579232375,0.00623412344667235,0.9055709572654734,0.8894518485640122,0.1975510259246161,0.024553213044087016,0.714724634310232,0.83831098268604,0.33681502722208584,0.06496311260723346,0.9151241191721194,0.8915962927171752,0.1630577036137685,0.019825182896272553
1.0976847237277312,0.9260481812470939,0.04437214941007403,0.003543445381461311,0.8712029127825167,0.8814275705986466,0.20189384737978427,0.02715940000464042,0.7132015057883546,0.8378350417414123,0.33774368358082907,0.06537109051460625,0.9253848053009731,0.8938587734598442,0.1630588518408369,0.01936241724811294
1.0345502849751682,0.9154552160684643,0.052654703909298654,0.004862805396542425,0.8734751910508738,0.8819733042295168,0.18715305852057698,0.025045040472988403,0.7094324007507191,0.8366524306809018,0.3405331829495603,0.06648551497308909,0.9021787380692421,0.8886814873165627,0.156326649861733,0.019581875400532224
1.0439460610160565,0.9171146860212086,0.060446587550502084,0.005462931151834158,0.857541378580446,0.8781002728527745,0.1932230045463173,0.026823623976611977,0.7109451494197532,0.83712790910097,0.34016034129014183,0.06618179303847659,0.9407988415177213,0.8971793324716824,0.1586285125498242,0.01817951992324995
0.9802745940046617,0.9052668411511446,0.0533312708147555,0.005580939806964633,0.8981351765062522,0.887757077313956,0.22484713097599593,0.028428384051499108,0.7262012804519238,0.8418609625255408,0.34912600775264335,0.06558143598638311,0.9166539456460744,0.8919362866285236,0.15779177055087446,0.01911746939867369
0.8979707587893664,0.8877193478039045,0.04222950583974893,0.005341278715323476,0.894255583770077,0.8868638561820535,0.21954715268713818,0.028007363326501212,0.7147129835417467,0.8383073463845817,0.3417134872478035,0.06590966996480078,0.9170560510951002,0.8920254962639708,0.15769680931124885,0.01908828256305646
0.9034601148100798,0.8889730339137145,0.053836855149685635,0.006723874024143444,0.8816017023396558,0.8839072748363481,0.2026693319466674,0.02661866886109923,0.7093699715412521,0.8366327843120054,0.3373695217128026,0.06587731254822174,0.9101719670196088,0.8904892588241377,0.15488563382564477,0.01904755210650928
0.9771548430081493,0.9046489975469006,0.06197205462051445,0.006531922931620702,0.8684231774654887,0.8807569921984826,0.19540897337023092,0.026455826002482596,0.6967485846633164,0.8326217038013887,0.34150523975865354,0.06865130336229694,0.9292933189246626,0.8947095994082104,0.16836864310665517,0.019813805386151438
0.991004748711978,0.9073645802960421,0.04886030549638611,0.004988286962936758,0.8778185667218242,0.8830104009794205,0.20925501119667922,0.027724090028603106,0.7098359599559558,0.8367793842255049,0.34419775338176123,0.06713856760126492,0.9090799337444433,0.890243808634534,0.15420922315072733,0.01901211425711734
1.0434375506386153,0.9170256370609055,0.0560962705300958,0.005075705762612896,0.8936159080900414,0.886715985759033,0.18961196852521023,0.02422422205942382,0.7122260764539148,0.837529650545655,0.33671270811522747,0.06531808314793239,0.914797650443546,0.8915236156308659,0.16074206657435863,0.019558335743770933
1.080798528688636,0.9233409279587207,0.06294541581056207,0.005225953945264609,0.9207096884415853,0.8928331163204416,0.1741818165611114,0.020907067774801603,0.7092075491624081,0.8365816613490075,0.34715134443706575,0.0678127415282853,0.9086682408547989,0.8901511496144409,0.15518409405933975,0.019150449154535825
0.964117974230807,0.9020279856130428,0.06547905961529717,0.007111880643386518,0.9260939617418107,0.8940135950184982,0.2111318266563594,0.02502993624389139,0.7135618365341341,0.8379477383388888,0.3487563093992997,0.06744662718318824,0.9339214414774704,0.8957092871993738,0.16596789595743713,0.01932424997572737
0.9660532318659043,0.9024210814809286,0.0708558322648222,0.00766165111283051,0.8785501165119343,0.8831842981224055,0.20546114532353313,0.027175627952815466,0.7158382660877888,0.8386582517951497,0.3487394578585231,0.06709077705783953,0.9297614024558492,0.8948110898552035,0.16228125620789915,0.019076862894267053
0.8765391408671301,0.8827057280427555,0.05881700194531821,0.007815625528091926,0.8523997736679569,0.8768273427789208,0.1896945691878806,0.026647417350407925,0.7065451297879808,0.8357418205486273,0.34534040804125254,0.06787381619674471,0.9219117933464491,0.8930976717646928,0.16625790073215527,0.019900798353513983
0.9663825883402091,0.9024878412131283,0.05274067145542549,0.005698532982532628,0.8259738379041899,0.8701035967233455,0.23131566759596436,0.03453275374956024,0.7278331676069774,0.8423605680644014,0.3428427428509158,0.06415962151510508,0.9289390951042373,0.8946327387427276,0.15507541841099173,0.01826433509381185
0.986311835434494,0.9064522989066675,0.06327306266486063,0.006529907376892789,0.9487533398066932,0.8988566998084906,0.1871858736722036,0.021062975907585036,0.714600547231837,0.8382722506877023,0.33761451129963643,0.06513592094080099,0.9250740961745482,0.893790877320264,0.15606063306480358,0.018544676773108077
0.8665814743418692,0.8803108991132137,0.05355855714688646,0.007281944999388209,0.8590786457467123,0.8784786549503,0.18665132542095156,0.025819773756195066,0.702795402684411,0.8345531197536195,0.3356307893429082,0.06653748658660318,0.9446605423939799,0.8979967050466872,0.16439607276048407,0.018673722302892097
1.082324067705688,0.9235891948826719,0.05089601337658915,0.00421075233547045,0.8353640597285025,0.8725278685945083,0.20163935915960124,0.02945854202767821,0.7042138690551445,0.8350035967524206,0.3399830066428578,0.0671805169217755,0.9139018625828458,0.8913239792793809,0.16253873485819179,0.01981778043448706
0.9912049888783773,0.9074033278428125,0.053036769908474654,0.005412178074292828,0.8494935422008629,0.8761027913951451,0.19586880606212767,0.02769948750559109,0.7098872977281125,0.8367955286066144,0.3553009380777395,0.06929614201106901,0.9223295876115812,0.8931894838914667,0.1635359368224043,0.019556161519268388
1.2646667600412085,0.9484366001469917,0.04412171289979613,0.002398753405445576,0.9001940213075729,0.888228590669023,0.18136229075959298,0.022821961655642858,0.7097846104455947,0.8367632348671127,0.34146505935268373,0.06661340911266676,0.9155591247135623,0.8916930653412429,0.15726157214368722,0.019101324750105064
0.8794764114343235,0.8834041663993223,0.05165734847018367,0.006817979624242783,0.7991464375198616,0.8629608500629088,0.20657929196889127,0.03280502303662945,0.7236798271399472,0.8410864869910275,0.34358069254506324,0.06491557729065514,0.9280974649466195,0.8944499204780448,0.16309083248881248,0.019245627893058278
1.0473802698914423,0.9177138025103633,0.05257321333845506,0.004713942193741893,0.9341237943583669,0.8957528040763315,0.1974656569536666,0.022980939534843633,0.7134906630617567,0.8379254832196493,0.3408833159560263,0.06593485914734261,0.9176557484036474,0.8921584226418612,0.16001527373831606,0.019342192018133943
1.3212490206241716,0.9544484202757134,0.056559639920071944,0.002699340155282411,0.9141098292461741,0.8913703557130012,0.18310342430270396,0.0223144731280904,0.7125721295510695,0.8376380472115914,0.34822527870536285,0.06749757421967802,0.9310295209151305,0.8950856112136711,0.1605333919412605,0.018816370729584888
1.0802836346871425,0.9232569670471953,0.06079715071749868,0.005053585196190698,0.9253793674838761,0.8938575855173021,0.1881976307009289,0.022347800417176242,0.7128245085594234,0.8377170649077854,0.3419386647815535,0.06624051540405433,0.9182857971350269,0.8922979215976561,0.16340599123782593,0.019723417990482155
1.1104039160124697,0.928028985440599,0.059240468719754025,0.004594249429300898,0.9081626729165029,0.8900372684943564,0.20395521682565262,0.025198352407101218,0.7089906960756867,0.8365133860809075,0.340280997762642,0.0665038827003827,0.9063858743404642,0.8896362166091414,0.1562819341217357,0.019387548756789726
1.0907151119086698,0.9249416162592082,0.05129854870099499,0.004162842374113631,0.8953081820041155,0.8871068131839103,0.163980132193467,0.02086810677442773,0.6896549587271137,0.8303330133332754,0.33732834128456274,0.06892834834216581,0.9052559118269438,0.8893804999559649,0.14956296757678011,0.018602365016171164
1.1735335811203669,0.9371540351243015,0.06107449945215945,0.004095682997152305,0.9093541152209901,0.8903054801741949,0.2060543814662912,0.02538795608505706,0.7163443071232325,0.8388158538287246,0.3377236824949505,0.06489589241345284,0.9139753564896077,0.8913403703598038,0.15670984580404465,0.019103851202393204
1.007615156836588,0.9105296876306553,0.06294873409749338,0.006185457739014567,0.8689229300955276,0.8808777929144749,0.20637719755996617,0.027908646878393402,0.7135188979251534,0.8379343122289076,0.35125870476670323,0.06793728666173474,0.9349214239214012,0.8959241815820671,0.16288260486207332,0.018921400667107943
1.0033950130235718,0.9097349046988932,0.05560854980605611,0.005517553544305712,0.8401397399410773,0.8737459201848832,0.19617039937069955,0.02834612750382961,0.7151281152172484,0.8384368717031538,0.3408439497644644,0.0656791425133037,0.9129457235289965,0.8911105371178183,0.1552726516514616,0.01897357839949356
1.1482308348655124,0.9336339741217614,0.060607839595375725,0.004308220954356847,0.9614789170516831,0.9014896569907317,0.1968208092485549,0.021507607192254495,0.720418851254961,0.8400803052874937,0.3329502348265896,0.06338120245504841,0.9038528891079932,0.8890622664070313,0.1546152456647399,0.019292984958506225
0.835523575805076,0.8725687151348115,0.06251215639799708,0.009129372015428768,0.8550331016541262,0.8774807087817563,0.1929079008671187,0.026934995890054363,0.708912514103993,0.8364887651930277,0.3529539481719039,0.06899307952123723,0.9268208050165065,0.894172071330662,0.15796984760965638,0.01869620210779183
1.0692283206710584,0.9214337883120339,0.07070438168634688,0.006028621360860219,0.9669300367455964,0.9025987174995451,0.1847496018084439,0.019936709202780213,0.7160277820833553,0.838717289458405,0.34086325222107416,0.06554693689185552,0.9212064066700432,0.8929425022717623,0.1591705884210859,0.01908342907291303
0.9382914067963491,0.8966455050985235,0.04921794384402325,0.005673251800363745,0.9482137994113304,0.8987436987709054,0.2014790274986875,0.02269948721493341,0.7012280879235997,0.8340542253013079,0.3352975252991546,0.06671173876041663,0.920121335031285,0.8927034234877547,0.1577418128496171,0.018959439435634027
1.0908960350276415,0.9249705328042528,0.05177610916573409,0.0041998460993091765,0.9875342887766086,0.9066907114954942,0.20038536514927258,0.020622044112433964,0.7167106064212418,0.8389298569159344,0.3329798563228764,0.06393039019877399,0.9320324010197851,0.8953022659059698,0.16643803472798815,0.019463465878141777
1.244334018666726,0.94609832572942,0.05074699596273787,0.0028911879158913427,0.9077988638351056,0.8899552550913042,0.19300982104431424,0.02386604989428993,0.7067625832216713,0.8358105444945102,0.34374338223741285,0.06752611478156217,0.9199850410632762,0.8926733600311714,0.15234117939060796,0.01831606906283346
0.9138862832884812,0.8913205044067786,0.07150342933657057,0.008718476232806995,0.9921172558996973,0.9075796722738713,0.19871965372453004,0.02023594851659682,0.7197558486405927,0.839875104447963,0.3571784187086962,0.06809721670076634,0.9312811699555844,0.8951400127512273,0.16388068591278096,0.019197585171416256
0.9675740721287929,0.902729011828719,0.04847097514787051,0.0052228515850042765,0.8809415761627262,0.8837512090247144,0.1933986741637145,0.025439695944027042,0.7090680335391479,0.8365377380834861,0.3500099965629795,0.06839311979236257,0.9201987718383872,0.8927205010462723,0.1640289967718964,0.019711599058101586
0.9884696452473473,0.9068727639280355,0.06129121416196466,0.006294026678754198,0.9392804221716119,0.89685635654153,0.2055354442354665,0.02363775918370217,0.6969521849465508,0.8326870278678611,0.34018691168771054,0.06835423318730571,0.924807320858939,0.8937325510611493,0.1597805057266703,0.018998375647807125
0.9856775381328932,0.90632837804131,0.06889523588796259,0.007120519060430274,0.9262777679848436,0.8940536907193096,0.19556103912038772,0.023174190262815614,0.705420229757616,0.835385938276762,0.3407134239030409,0.06713809512763148,0.9124816409684912,0.8910068058045628,0.15697007291474951,0.019201502759140444
0.9123375275939473,0.8909745760701261,0.05359396414856228,0.006558104819502248,0.9312242321669402,0.8951277061095972,0.20508279845666028,0.02402730176355394,0.7106065717142447,0.8370215862346424,0.346595560862859,0.06748642526849723,0.9258381547157207,0.893957770725386,0.1576404814568548,0.018699482934237486
0.9550140446766989,0.9001597737194087,0.0545703826714148,0.006052613672815405,0.8847711509743297,0.884654057324994,0.19477916189666017,0.02539635223101025,0.7139988133540357,0.8380843218998528,0.34730700138914655,0.06709879563356413,0.9210297848599376,0.8929036183549691,0.15346449531445844,0.018406793097601095
0.937684173841964,0.8965158582339418,0.04203517412610552,0.004852088090216181,0.9058648100159845,0.8895183613183602,0.1853630975560893,0.02302281735786664,0.7095612526611808,0.8366929741517446,0.33186718199560156,0.06477434870692989,0.9230429173438812,0.8933460807872904,0.15581422046744267,0.018602194199229743
0.8992923877157795,0.8880223134476596,0.05228393107503053,0.006592890242716873,0.8571234030239416,0.8779972172872398,0.18445117814662385,0.025630556185661665,0.7001266461095751,0.8337029030975845,0.33812129709194516,0.067444397636562,0.9204894351692023,0.8927845812713977,0.15603093482881825,0.0187379154649643
1.0733916531887626,0.9221249861750322,0.055680074696376,0.004702276428645074,0.9469953007075895,0.8984880848316678,0.20147851685994203,0.022763206832686733,0.7128755406931546,0.8377330388606149,0.3410061801279538,0.066052112083787,0.9262399978501553,0.8940454525912567,0.1578414197750497,0.01870600219054503
0.9764058551894033,0.9045001303921015,0.054130310654319,0.005715242525262597,0.8568748958640999,0.8779359100982274,0.2149911674963867,0.029891363248178187,0.7108795422673353,0.8371073109855385,0.3417799725210999,0.0665069556132601,0.9283052000889395,0.8944950705361472,0.1590653605267384,0.018761623395483727
1.0530209706290568,0.9186893021269279,0.05714016502671925,0.005057320994321471,0.937024450096026,0.8963748413319316,0.1987791253314668,0.0229798042655521,0.7054953512555638,0.8354097235872285,0.3324718561692085,0.06550275052028827,0.9102079504607445,0.8904973384217879,0.1626823347825892,0.020004718578971806
1.0924552261001266,0.9252193109445325,0.062339379640300965,0.005038569460934619,0.895152656388435,0.8870709440021307,0.2176693150864831,0.027710512263560593,0.7213764886980295,0.8403763203667897,0.35543318532674284,0.06751207944655645,0.925255194933707,0.893830455661351,0.16409938253854323,0.019491791267595444
0.9246932220945541,0.8937075965316976,0.058002901955990775,0.006898529094935229,0.816974433005449,0.8677435235941859,0.17537140283087843,0.026729100442821205,0.7013949172445658,0.8341073862625028,0.3403799706182615,0.06769694636415227,0.9221362788929887,0.8931470120831883,0.16029571882264793,0.01917721973510642
1.1258110305751268,0.93036279910868,0.06339716499890607,0.0047452468211309756,0.9401166211963352,0.8970343314778182,0.18972859067512637,0.02177790803664337,0.6941603682824237,0.831789511672626,0.3538592632681966,0.07155997838180846,0.932179740782458,0.8953340627763842,0.16655343551005838,0.019470354307102006
1.118084696170829,0.9292013258611391,0.06325855010506486,0.0048198612622885675,0.8435681650414706,0.8746141990191215,0.19403938120426056,0.027817731819831028,0.6966959648727068,0.8326048177083951,0.3412275378595754,0.06860378980286459,0.9178240095708075,0.8921956928494549,0.16021483950438373,0.01935881321377356
1.1200476997535005,0.929498102205438,0.05245058978013715,0.003978347143657125,0.8401375221893513,0.8737453568585861,0.17819328627063669,0.025748611528171168,0.7054826687716984,0.8354057081951172,0.3441667321354418,0.06780882508095473,0.93759781425127,0.8964974084074953,0.15954254161008294,0.01841953626528807
0.9460350632737657,0.8982862452676015,0.045836074862009725,0.005190059739834315,0.8616643737313846,0.8791128217238757,0.19802061629564646,0.027229899226744136,0.7036309802258264,0.8348186019643568,0.3342083379025478,0.06612813892744153,0.9214492832705056,0.8929959521241447,0.15408990386372776,0.0184639621389102
1.032681936605943,0.9151216562670144,0.049152863826020986,0.004558971632585139,0.9072169481072537,0.8898239625123049,0.19502646171630872,0.02414774569172318,0.7191279480934244,0.8396805713503251,0.34431840760074417,0.06574039255349957,0.9269924206430881,0.8942094588171772,0.16282761049798603,0.019263519150058136
0.9229938871807233,0.8933353236956484,0.04569583115376743,0.005456104677816911,0.8720031421566328,0.8816200105691282,0.2170984102435807,0.029151002928692014,0.7117727051474332,0.8373875495769286,0.335552320953399,0.06516097018990653,0.9252843781333061,0.8938368323058098,0.1537878960176488,0.018265761271149417
0.9787127267838042,0.9049579742314093,0.05045238908156481,0.005298696071770148,0.925796444854711,0.8939486660028315,0.17567701126704882,0.020840996923023658,0.7193429208147386,0.8397471946715881,0.34106857266078455,0.06508767867884763,0.9209304866825646,0.8928817520520032,0.15638196553397185,0.018761008521190458
1.0929605336665575,0.9252997729363007,0.05441207312975412,0.004392732319495614,0.9864491614248094,0.906479108528366,0.20340255868444018,0.020984916736429035,0.7072425829009099,0.835962161718628,0.33967404173366317,0.06665301143742546,0.9231927598369786,0.8933789499237378,0.16188087887405256,0.01931980745045881
0.924094365723971,0.8935765360351877,0.05997129375295202,0.007142480316189873,0.8983172227282117,0.8877988391783376,0.19841702931614016,0.025076199735360016,0.7085747395369872,0.8363823597129292,0.34627942275680856,0.0677410533274333,0.903566467431012,0.8889972018505387,0.15562133433606487,0.019431336259661567
0.8793219365039022,0.8833675247176261,0.05583632710223467,0.007372162614526311,0.7926058437570287,0.861170075766587,0.2153709454446226,0.034720124258311585,0.7123940871746851,0.8375822850186586,0.33841879387760165,0.065623650585109,0.9288051325832359,0.8946036582108714,0.1637653606843158,0.01929376184580231
0.8412909141679091,0.8740380373253018,0.05936760007090297,0.008555759709384686,0.7715674503097428,0.8552764908750238,0.1277094250951054,0.021610036456383427,0.703493166069755,0.8347748387799754,0.3442134542925838,0.06812941746389156,0.9141180861033145,0.8913721966281511,0.1578227334911985,0.019233196779236586
1.0156108260165972,0.9120182302637068,0.04366744191297672,0.004212568007823264,0.8838982609578918,0.8844488056284057,0.21536342493282454,0.02813673421975374,0.71606966906788,0.8387303356576358,0.3421320026192788,0.06578456850488143,0.9029259227202262,0.8888515725976314,0.15383972723372547,0.019237231818206378
1.148679489283528,0.9336979557885258,0.057409980185391854,0.004076692061746168,0.8879267513103042,0.8853934232848407,0.211089347939964,0.027323703691722066,0.7112386742486804,0.837220038887429,0.34509987018015353,0.06709746642296018,0.919714022903717,0.8926135573564427,0.15731660099756303,0.018926073899142175
0.9492001157066845,0.8989501875796037,0.06430132794755607,0.007228028001170592,0.9062030743448302,0.8895948831141222,0.20341793167281852,0.025245626913233912,0.7073302109200177,0.8359898285804195,0.33663728901899026,0.06604379334612474,0.928209607092817,0.8944742960554593,0.15307679001085092,0.01805925122130521
1.0361998273979438,0.9157487226253899,0.08113167825313355,0.007464326577246654,0.9589985839214045,0.9009813055357346,0.17773134639197194,0.01953284244299029,0.7159972798117928,0.8387077886269677,0.3402482393927801,0.06543326733293413,0.9227413312282421,0.8932798984326574,0.16149369214783893,0.01929364274147696
0.7847005004645098,0.8589794864300306,0.05120215606875603,0.008405968313300174,0.8279661597096912,0.8706212104277563,0.1902565032379085,0.028273094891720234,0.6964371516013654,0.8325217427402807,0.32492573963768556,0.06536525572800743,0.9152785220265685,0.8916306503266097,0.15465853663996204,0.01879729575354043
0.9291714580498742,0.8946831632127304,0.0411671352135667,0.0048459528898676515,0.9026856505743546,0.888796903096299,0.19479232792237236,0.024371720966383834,0.7155712481243941,0.8385750412486616,0.3420150539584656,0.0658375974264309,0.9192044681456107,0.8925010399950779,0.16631450077083523,0.02003206166202474
1.0527204019639298,0.9186375889064337,0.062157840320623665,0.005505230591396948,0.8922409978284038,0.8863975844296548,0.19798780392077706,0.02537449692322928,0.7275210911452575,0.8422651245485256,0.3456415500996903,0.06472988761710047,0.9187418045664087,0.892398787105807,0.15149782116753124,0.018266888686975718
1.056906948332378,0.9193551967021317,0.06342833025253516,0.0055638617534080476,0.9185307144991203,0.8923521058580417,0.18748857396285437,0.022617473562606006,0.7139066528366828,0.83805552349919,0.34074530488616844,0.06584506452447812,0.920304149292231,0.8927437366654684,0.15744797062295318,0.01891615735294833
0.9111606626644747,0.8907110670369243,0.05365768399644083,0.006583718611186656,0.777591680435767,0.8569850142347861,0.1775363634712815,0.02962754315759483,0.6886364890689077,0.8300023775897104,0.3425066734460404,0.0701507871755356,0.9012763823434335,0.8884757762244802,0.14950108046269225,0.0187658374019538
0.902885450083601,0.8888423654418381,0.05443883280990457,0.006808059694868599,0.8484424667205299,0.8758398484882768,0.20826412192863883,0.029523782204871774,0.7089760598008942,0.8365087770856352,0.3465950230555238,0.06774016690273064,0.9040147100100059,0.8890990114546896,0.1525990984023654,0.019034315240387453
0.9624535417456769,0.9016887721710898,0.05738704629438258,0.006256916085459212,0.877227410727504,0.8828697129104127,0.19996774860262873,0.026529712663119803,0.7127336283525203,0.8376886146698136,0.3393255823989135,0.06574806484489355,0.9193961881632137,0.8925433868237276,0.1688042680863338,0.0203229727608069
0.997917560185059,0.9086938504176442,0.04052954115850582,0.004072434677335994,0.8957531763687346,0.8872093881974902,0.1985196346847665,0.025237730065499904,0.7039887064157266,0.8349321553008524,0.33684925701446955,0.06659580720525991,0.9157925592992429,0.891744964594407,0.15673440649728346,0.01902706423731281
1.1256550834076928,0.9303395313829115,0.05261500119553422,0.003939621520888656,0.9395472754090296,0.8969131826113371,0.17998307859258034,0.020686375354528278,0.7080964269801873,0.8362315867942158,0.34091348010814987,0.06676482993402223,0.9176876183094432,0.8921654827634707,0.16435146866780703,0.019864881149639985
0.9884159967748494,0.9068623307179986,0.0638668429340396,0.006559329562808634,0.9149849264195414,0.8915653114478017,0.17773300907355855,0.021616390001804923,0.7169151174524153,0.8389934784014269,0.34369430545090307,0.06595644190145983,0.9281367368838103,0.8944584573175571,0.15788036980052608,0.01862907958631587
1.0489233936303526,0.9179817231281122,0.04178111865935961,0.0037329886553115047,0.9234018748764293,0.8934248060501073,0.19621872948238667,0.023406613527601147,0.709605464905782,0.8367068837426881,0.3404148410178076,0.06643593030021008,0.9367155926188644,0.8963087642131452,0.16241240235290966,0.018788997028127155
0.9344395823643975,0.8958206836182645,0.054766073073100455,0.0063690112965722155,0.9304455869729357,0.8949592802703186,0.19031922750772765,0.02233762929389416,0.7094966973107869,0.8366726627143671,0.34321060262056513,0.06699833322192729,0.9391695765751369,0.8968327439593694,0.16800931878071687,0.01932697097046159
0.9160381955686657,0.8917995530397627,0.057574531289916374,0.006985415049672442,0.8167960374466019,0.8676963744668711,0.19501233239361473,0.029734869660138195,0.7131015531291194,0.8378037694759817,0.33651948427761114,0.06514913615374934,0.922140995571621,0.8931480485603611,0.16485618236117297,0.01972260345927389
0.9102727001245402,0.8905118757709927,0.040488272159992046,0.004978018926735878,0.8394036468787642,0.8735588286706524,0.19887398276633336,0.028785536248513075,0.7091652979830638,0.8365683605455332,0.3459181875279584,0.06757843013324777,0.9242849977718713,0.8936182715447447,0.15260651300658348,0.018167203093448464
0.8283706302394684,0.8707260789115153,0.05260985621677396,0.007810817392245461,0.8118571941823721,0.8663853959862245,0.20737758237814316,0.031981925917909035,0.7187245739108435,0.8395554990732342,0.3403602431529127,0.06504504992018183,0.9366199415916322,0.8962882930307495,0.153677575648819,0.017782407532671338
1.069273712327573,0.9214413544200569,0.04426162647901161,0.0037735808260363564,0.9323171979903184,0.8953637192384046,0.1954942957640161,0.02284635347549443,0.7156914118811459,0.838612492050209,0.3422406392169322,0.06586279647150463,0.9175777856296078,0.8921411498811169,0.1560367108088681,0.01886466082908506
0.9153360551772413,0.891643450114448,0.06377606527651859,0.0077503562637647365,0.8249783748788989,0.8698443117772632,0.2166591115140526,0.03241892300384333,0.7184822496471528,0.8394803248209987,0.3342679057116954,0.06391641836161852,0.9188370199421931,0.8924198375638426,0.15639165911151406,0.018852830677548907
1.157812056908665,0.9349879365391128,0.051005821635198574,0.0035465630982325553,0.9424583226983794,0.8975312886233111,0.19392899499005678,0.02214034704649446,0.7130999169868086,0.8378032575344259,0.3361171361703471,0.06507148794590113,0.9201296754618347,0.8927052629630066,0.15660018308163368,0.01882186222126619
0.8583072944755598,0.8782889216357962,0.0644343809642119,0.008929155085182994,0.8347252377594899,0.8723641763693344,0.21238636235304748,0.031074302477289487,0.7037138488661615,0.8348449126042625,0.3425380297914149,0.06776336226340683,0.9207854759526632,0.8928498123980162,0.1592022496019153,0.01910573388114089
1.1558810085102478,0.9347171363989315,0.06360394463401783,0.004442250473795043,0.9444889741445195,0.8979605132756266,0.20711589906404265,0.023535556096847002,0.7171738849302104,0.8390739494591116,0.3475208097308812,0.06665104002670211,0.8989797552806416,0.887950711242455,0.1599019494777498,0.020177808839025264
1.0326280613776349,0.9151120201313317,0.052611898016997165,0.00488040550388392,0.8356599336387945,0.8726036227900782,0.2158186968838527,0.031508601842905035,0.7029968421480411,0.8346171529848395,0.34888611898016997,0.06913323005004021,0.9207463045484255,0.8928411831775414,0.159342776203966,0.0191243232155292
0.8466559149162094,0.8753918159036435,0.057676245048525025,0.00820996042049388,0.9078787491055484,0.8899732682023608,0.19664478215798495,0.024311047847093526,0.7069678201537004,0.8358753863431164,0.3456821765207979,0.06787489450760972,0.9247803034630819,0.8937266425556608,0.16001244876896778,0.019027138001550006
0.8494626168300634,0.8760950617630879,0.06555551271029776,0.00927142739180861,0.7578855226364151,0.8513331842456786,0.1955754962425969,0.034153004727192064,0.7052816998093302,0.835342069056809,0.33957261099253055,0.06693464342594327,0.9062299949043121,0.889600971059681,0.1584301699167315,0.019661103666312806
1.0396275414324325,0.9163556659024209,0.06494460975872082,0.005928100669455342,0.9543179456574168,0.9000156317618889,0.19488984691499658,0.02165066642417314,0.7117830130095159,0.8373907815006623,0.3402959523894884,0.06608056847410948,0.9298645859745847,0.8948334506171376,0.1624489119133833,0.01909203495370972
1.0276857666171457,0.9142238083109935,0.05798004286488565,0.005439923162910529,0.885709529989456,0.8848743544360941,0.20323713097628937,0.02644195279126627,0.7048190985836575,0.8351955059739168,0.33840995113043204,0.06677655754913048,0.9077795331777362,0.8899508958859349,0.15206689261064246,0.01880421197907963
0.9108950457803757,0.8906515161575508,0.0652279257697059,0.008008266597778351,0.8470849238263988,0.8754995293690019,0.2125964905096337,0.030232298516510273,0.7139823585405538,0.8380791803880748,0.3459143535107416,0.06683227187442192,0.9292105852969723,0.894691652018758,0.16093240602341935,0.018942309092448584
1.1246744221596419,0.9301930492661178,0.05573298393590741,0.004182518528745849,0.9446434978041623,0.897993110054337,0.19212763924715773,0.02182460280905603,0.7149513289976593,0.8383817228418976,0.3408990614493624,0.06571650776152471,0.9324614757126937,0.8953948392471971,0.16306578043465403,0.019050279751432735
0.9351347192599531,0.895969967686768,0.05954824524351513,0.006914077592213297,0.8505853303688122,0.8763754128298211,0.21950267249035918,0.03096381627338169,0.708734782334745,0.8364327832115444,0.35017272438758756,0.06847744262651964,0.9242848199195297,0.8936182326138461,0.16297967263420102,0.019402094753739534
0.8793674569879499,0.8833783232822352,0.04576477094294617,0.006041765098039003,0.8970556356601307,0.8875091488124571,0.20961491052927314,0.02656846945024711,0.7111007814512436,0.8371767631651527,0.33455855407665364,0.06506858417760554,0.913242191339333,0.891176757962493,0.15447775613591289,0.018863564489522925
1.1628818180601315,0.9356939265144506,0.05007237513885928,0.0034412511869881747,0.95968485672599,0.9011221923237256,0.20846733019894748,0.02287458100331951,0.7052883419259424,0.8353441726752282,0.3413009571471852,0.06727429639669619,0.9221692903692735,0.8931542660786137,0.16204625276315937,0.019385173942802727
1.1247938719729458,0.9302109068021718,0.04835357083275093,0.003627727686934451,0.9187877600216665,0.892408947507232,0.19047447279548027,0.02296407836151236,0.7003402804586981,0.8337710916480955,0.33802410464282656,0.06739185188147838,0.9150043879776473,0.8915696436336039,0.15838003814539436,0.019261763901515194
1.0184404705599674,0.9125396385752065,0.04685936357068171,0.004491132988399891,0.8819608183925374,0.8839920999307852,0.19938340580783262,0.026165449010489773,0.7210900233013878,0.8402878176742246,0.340383329518886,0.06469612344880055,0.9175610209879017,0.8921374353337861,0.15751423686371652,0.01904402717189568
0.9621258236362134,0.9016218596256114,0.051297356995622566,0.005597178610383295,0.8855967379413272,0.8848478943490187,0.17275438525891249,0.022481865357932396,0.7024635955878686,0.834447602148326,0.3372546915451582,0.06691051987959702,0.9178891558284379,0.8922101198432846,0.1575205569491207,0.0190304072753032
1.1920381076856936,0.9396172519102968,0.06118858157345302,0.003932169933666566,0.979316293639726,0.905077439247845,0.19647329495790328,0.020605693466756076,0.6932235782576371,0.8314874920103009,0.34739199550726674,0.07040382084033868,0.9223110501619428,0.8931854116776194,0.16174066240642027,0.01934230233057871
0.9198526004135661,0.8926441394328299,0.06227041799990529,0.007489092256299144,0.9117722837974208,0.8908480833359832,0.18335441710694547,0.022465655402312393,0.7146141398258148,0.8382764937857534,0.3391759063203967,0.06543511263903894,0.9099960634913357,0.8904497545277574,0.15932342508721015,0.019601241102075295
0.9463358569229888,0.8983495096080392,0.04948245734991941,0.005599063617915491,0.9740369812520355,0.9040279290248505,0.15385902133690796,0.016333753020042877,0.7195479198163328,0.8398107061155654,0.34915536225725,0.066599473582153,0.9253288456650886,0.8938465479883329,0.15504126552119338,0.01841274162368524
1.0103067967913912,0.9110333050435814,0.05677335744014645,0.005544185865727053,0.8233443203399473,0.8694177409308499,0.18784055971307453,0.02821272614690959,0.7051152388526619,0.835289342319045,0.3485065783958547,0.06872199227916784,0.9113891262471299,0.8907622654431322,0.15813978779660556,0.019393313830611356
1.0575824073751334,0.9194704334991701,0.05274501134265482,0.004619542666903149,0.8620960140895654,0.8792184059259849,0.18635504176007786,0.025600304606688003,0.7121004026973914,0.8374902704280495,0.33357625796818724,0.06472837881009216,0.933816503073467,0.8956867134145257,0.15364242530622946,0.01789347335694903
0.9281823460344008,0.8944683709609934,0.07026632205865828,0.008290197478377984,0.8970752221738301,0.8875136513286251,0.1808989774131925,0.022927721074637197,0.710143270631429,0.836876006179963,0.3496347904258906,0.06815086461020872,0.9306669879014277,0.8950071949562992,0.1583481290032588,0.018575732498201547
1.0744057359894255,0.9222924993524071,0.06165017457555399,0.005194318488026175,0.9147134993134294,0.8915048753264394,0.1964229548185342,0.023904449164097587,0.7131631094955547,0.8378230292389397,0.3422744377490502,0.06625388601875658,0.9069730239609601,0.8897688872195234,0.15318297735609113,0.018977433685903305
1.1056792037458814,0.9272989684748513,0.0534815574938715,0.004192999808649578,0.8205573526153938,0.868687460627655,0.18515478022917736,0.027988368050408708,0.7113904318293116,0.8372676551671626,0.3414195313836155,0.06635870927402727,0.9342957568993203,0.8957897727649975,0.16323356707143263,0.0189895080677111
0.9514351732992119,0.899416722146137,0.05833376650673151,0.006523562771668821,0.8870649488831668,0.8851919110817381,0.1860234908050471,0.024126973152219885,0.7091609810948297,0.8365670015265628,0.3490330439735033,0.06818762494672631,0.9217558975531586,0.8930633951842998,0.15897539047756803,0.019035925779281353
0.8698602641710342,0.8811040808787914,0.040549499198853,0.005471737200835365,0.948546057066762,0.8988132998728948,0.21950079440522982,0.024710983987758367,0.7126741585006537,0.8376699953322864,0.33909979392656414,0.06571331364099324,0.9234392715390052,0.8934330048060728,0.15921139269237078,0.01899043311428715
0.921019272661802,0.8929013036654893,0.06467136150234742,0.007756981066828045,0.8690577799721947,0.8809103708285405,0.20088931022029613,0.02715807901789574,0.7212553616378157,0.8403389033448957,0.3478376670278079,0.06608779285899542,0.9228891497602882,0.8933123413746803,0.15924070061394005,0.01901800380392496
1.1236432397764813,0.9300387135073784,0.051721193216804275,0.0038906780586960682,0.9104905599679792,0.8905607764094303,0.1828096417383175,0.02246510938576725,0.7076462178534809,0.836089570539669,0.33956879154662434,0.06657045897344084,0.9275496710283225,0.8943307788410154,0.15446242769370447,0.018250433529607125
1.0074354695767327,0.9104959759964629,0.04980276909053763,0.004895736343308575,0.9740137746615605,0.9040232928146575,0.1851231542576956,0.01965381966442376,0.7068872858611155,0.8358499450700307,0.3433119975214237,0.0674220098758726,0.9314174943529239,0.895169472984325,0.16035759748729841,0.018778982039588974
0.9435567519377126,0.8977636649989545,0.05626071038226788,0.0064069075841302085,0.9283681076005161,0.8945087397670953,0.2132271253221548,0.02514631458148784,0.7174312189773621,0.839153942511793,0.3478754649599021,0.06667953780708216,0.9149183795290314,0.8915504968142766,0.1614034929901813,0.01963335637159307
1.0987243329429945,0.9262119478523814,0.05480206899523115,0.004365888319831949,0.8055481396025639,0.8646947407038933,0.21575465943440508,0.03376074672936188,0.7215019020642811,0.8404150539744837,0.3390485433810974,0.06438133543612737,0.9273280110513695,0.8942825355348213,0.16516359892695248,0.01952478797996301
1.0722830575375477,0.9219414824992013,0.05279371125466855,0.004469913668200986,0.9013905712109856,0.8885018263545129,0.20880487305809578,0.02620294219290233,0.7078257877443525,0.8361462268447608,0.339994288682372,0.06662632116640681,0.9073564388600738,0.8898554470974602,0.15714218257778298,0.01945074955557755
0.9375899239851667,0.8964957225893265,0.043563127406181415,0.005029549958033002,0.8954700359138719,0.8871441313141147,0.18072896052962975,0.02299099223826871,0.7120132015614108,0.8374629412608114,0.34203756341524844,0.0663835697041543,0.9279375989427024,0.8944151629036166,0.15543257295002338,0.018348663545821903
0.9201038522097664,0.8926995675754895,0.05922391426959955,0.007118578121706989,0.8666131295504724,0.8803185787293608,0.1945335589396503,0.02644730371627281,0.705870209670834,0.8355283717216896,0.34147095318668924,0.06721768593522867,0.9149308192882968,0.8915532662819935,0.1563181049069374,0.019014217702146976
0.9889399094976156,0.9069641730185832,0.06054559646916707,0.006210730043331806,0.8503841425749571,0.8763252146376217,0.13643285996117344,0.0192546150564103,0.7122510709858761,0.8375374817141192,0.34523924677363843,0.06696827147028016,0.9028463253385655,0.8888334642847555,0.15996049858168312,0.020006283733835745
1.0544982860745944,0.918943040856193,0.05320661865956342,0.004693181756782312,0.8072299667804013,0.8651471808016599,0.19038804487685954,0.02967629689264468,0.7015726722211656,0.8341640137226017,0.3427955484322445,0.06814947292208108,0.924049997350507,0.8935668202969421,0.15492674778211699,0.018453400476558406
0.8894139050758096,0.8857404350589506,0.052623604754237746,0.006788388501704524,0.7503408943673875,0.8491210323290506,0.17792210141650233,0.03161469562700103,0.7202538514571962,0.8400292573773058,0.34805615355391933,0.06628197871614178,0.9178077689717757,0.8921920960159312,0.15878439495631094,0.01918668959527832
0.9712504903926115,0.903469811301636,0.05766533667756488,0.006161186307731093,0.8085612719075266,0.8655044183746267,0.20221272122114298,0.03142296789629471,0.7035568533368175,0.8347950639655507,0.33907245155282456,0.06710202909410101,0.910967026661856,0.890667656966879,0.15186345747320196,0.01864173184776747
0.9319918018985847,0.8952935028550171,0.05061952765695797,0.005920062427786841,0.7604910585045297,0.8520909074701812,0.2041571088558081,0.035438346354412606,0.6961808582027806,0.8324394441596037,0.34436934330749036,0.06931761701567332,0.9239541891520547,0.8935458376564034,0.156317003941108,0.018623102490473664
1.033769338706414,0.9153159372039819,0.06387857560904237,0.0059099782799813825,0.9427475926424362,0.8975925299905048,0.18927865974101982,0.021595042319560085,0.6982943268970632,0.8331171372575045,0.33963027653815203,0.06803181724155763,0.9405042913678733,0.8971167501594991,0.1608292486648621,0.01844423902363345
0.8966784194959105,0.8874224042627586,0.03810768310779385,0.004834305875966888,0.9230301373896953,0.8933432769902812,0.17080463334145424,0.020392454878545258,0.7047118905721581,0.8351615249810997,0.33278997142920425,0.06568381055774189,0.9186412729805672,0.8923765573952204,0.15865429337113243,0.019134210883430588
1.0711887216584504,0.9217599511048374,0.06892264385957812,0.005850233587490657,0.8644436472607193,0.8797912719222419,0.22024443874866786,0.030092710274712733,0.7124875685616736,0.8376115649569781,0.33827067229649216,0.06558081023869299,0.9224952434969551,0.893225868276502,0.15327784447831933,0.018322475129611583
0.9600480436700538,0.9011966797120844,0.044325789939489206,0.004859688588516992,0.8368115308064761,0.8728981064723113,0.15215300876246754,0.022154860202183373,0.7044777415671085,0.8350872888130192,0.34153580766259883,0.06744635772043897,0.9171030529608634,0.8920359196985496,0.16255266826257225,0.0196739267354235
0.8909280229666849,0.886092798070934,0.05803171753847967,0.007459975504074647,0.8452484523649377,0.8750378757156974,0.20312687695344817,0.029008076961900685,0.716537103032132,0.8388758656947899,0.34371621483793324,0.06601808423294772,0.9218004804934576,0.8930731985578706,0.15863075608501226,0.018992708980525793
1.114589607445198,0.9286700633378682,0.04745517857021172,0.0036449703886619624,0.9667990265152714,0.9025721938652811,0.2046964544903202,0.02209587955412236,0.7158555689846915,0.8386636426846737,0.34043616424416295,0.06549077346638518,0.9214838940331133,0.8930035670021947,0.159117495405988,0.01906487842275722
1.0718468537239567,0.9218691700856605,0.05730861463421262,0.004857055391272094,0.8201721142470948,0.8685862428020859,0.2014429053755698,0.030477536658728148,0.7218420767483373,0.8405200777473121,0.34403510798013626,0.06527707514128167,0.8987084368801218,0.8878885387673316,0.15453262954332905,0.019512447959156676
1.0102388353578156,0.9110206207038477,0.06279708496378553,0.006133390962510163,0.9251357310734976,0.8938043488168301,0.20270049813061347,0.024083471312964885,0.7100558677164284,0.8368485304011382,0.3417882196244243,0.06663481896368224,0.9292115067037194,0.8946918519142031,0.15889450313203254,0.018702401089321433
1.0407345564607289,0.9165508340321857,0.055287733867069075,0.005033780024137078,0.9236918101559533,0.893488356235501,0.18833386797269272,0.02245104786682902,0.7052220145147465,0.8353231652159433,0.3458770269232333,0.0681867047270425,0.9162918411938443,0.8918558960427876,0.16203864764856574,0.019648380903400906
1.1848628229217626,0.938673028800026,0.05935251389403904,0.003877718650208744,0.8584608619467808,0.8783267157649735,0.19114512360746808,0.026479047645243215,0.6953228398616089,0.8321636901127907,0.3427977350953303,0.06913772804518216,0.9132184748755036,0.8911714618108323,0.1589983097386806,0.019416637947818526
1.0232826228034628,0.9134254059024917,0.054733664202124166,0.005187664730089698,0.9492573625986059,0.898962160935778,0.21740025844880925,0.024434457066363987,0.708764931220127,0.8364422805981382,0.3463146150312198,0.06771827529992283,0.9316891051746536,0.8952281473573516,0.16394299642200028,0.019186853668111493
0.9643222084829468,0.9020695368741485,0.053955555955492965,0.005857522471320743,0.9710595867495754,0.9034314685100222,0.197726055872256,0.021135100467974514,0.7135741205722224,0.8379515791656715,0.3423671695379673,0.06620914686309988,0.9242142492509794,0.8936027840923791,0.15874190689157147,0.01890067627562801
0.923375014293437,0.89341891685654,0.04427443249182747,0.00528175179807469,0.8637041331148163,0.8796110703098649,0.19835430054346462,0.027147977950585475,0.716593596287165,0.8388934470132232,0.3418435763123448,0.06564986344384441,0.9237765806550116,0.8935069305612027,0.15430145723442992,0.01839049618725731
1.0320694344124057,0.915012045470963,0.05821152425067138,0.00540679043578666,0.8972070494913054,0.8875439514857026,0.19022943964818054,0.024102976599765607,0.7084794389158501,0.836352328113248,0.3449660256294721,0.0674989296695598,0.9084552909360951,0.8901031944347696,0.1603036065101022,0.019791923437858128
1.006747401889817,0.9103667797508127,0.05663065711949295,0.00557576163295098,0.900557091128712,0.8883115605293088,0.20651614993079734,0.02596551428141076,0.7196600285737162,0.8398454302976524,0.34078517273483033,0.06498612807947728,0.9048378213681132,0.8892857523962886,0.1586632446648258,0.019753247713791965
0.965388859064578,0.9022862907211571,0.04723258841149959,0.005115085378100707,0.8853053000860108,0.884779500930141,0.1836529057878671,0.0239162180388022,0.712684513710684,0.8376732375551554,0.3449194020868146,0.06683948744569702,0.9067061517076337,0.8897086028760206,0.16125509792344395,0.01998974718896707
0.8314132466870203,0.871512630268353,0.04744884119056357,0.006995396956568379,0.8010436657007542,0.8634766511360663,0.22382905195779185,0.035389366586939516,0.7207709007091516,0.8401891788382398,0.3511966499727594,0.06680046165199612,0.924148581417733,0.8935884070683202,0.1572593421673509,0.018726985456668375
0.9142317011255922,0.891397524987654,0.049342240446390656,0.0060115596969001345,0.8643713766743374,0.8797736716102709,0.20728672471815196,0.028326969356995902,0.71127774728406,0.8372322997272305,0.3477290058036265,0.06760256455852541,0.9325777734029332,0.8954199181477072,0.16292163049483793,0.019028343135257936
1.0341939569012868,0.915391692089932,0.056732476851956454,0.005243699403729742,0.8105761501195139,0.8660435628944053,0.18262665335098716,0.0282480199052061,0.705058749407675,0.8352714461292041,0.3452910846705499,0.06809678614760147,0.9205568385295826,0.892799436340954,0.16040498343824702,0.019260210007271062
1.1115166109628478,0.9281999219099908,0.051665273369445784,0.003996521196462244,0.925637016478956,0.8939138585027409,0.19512731111760562,0.02315693323277698,0.7174359486850664,0.8391554124546307,0.33693551639219843,0.06458190385135511,0.914601245617977,0.8914798722050588,0.15399898957632438,0.018746345879663846
1.1180716477387043,0.9291993492803714,0.06547008738768047,0.004988514890059495,0.8537120539590266,0.877153311657242,0.16859876827120468,0.023612520257894152,0.7121137676020792,0.8374944587126211,0.3414424015346129,0.06625271570768028,0.9038960912562215,0.8890720774615832,0.16056224268871364,0.020033061965482442
1.0280926836749826,0.914297255016172,0.05117169246454515,0.0047966396985433535,0.9460552286555444,0.8982904876375912,0.1716209176338542,0.0194318876621242,0.7179610424359026,0.8393185384914872,0.34127653104800576,0.06533492264558752,0.926681800049638,0.8941417797318885,0.1613338132938633,0.019100449986217176
1.0421843349282118,0.9168058057451327,0.04942739308178939,0.004485216079337528,0.8640337443876067,0.8796914173454382,0.17941232210380023,0.02453683389137347,0.7116430803279264,0.8373469026347332,0.33570829084280157,0.06521071869373216,0.9150175248023681,0.891572567833843,0.1556371774855833,0.01892761185480437
0.9551410971747164,0.9001860626677792,0.06260454327779631,0.0069416826349470336,0.8552569195663307,0.877536103466326,0.18452498485044497,0.025751246659072403,0.7115717980325331,0.8373245468886897,0.3480425867042512,0.0676177304302451,0.9270169800702232,0.8942148082820219,0.15886719911394961,0.01879391501942905
0.9519516253315172,0.8995242512781175,0.05197552076991418,0.00580560152452437,0.8699541546069764,0.8811267270832112,0.20388384542186985,0.02750607745197759,0.706242450004361,0.8356461232100287,0.34124804387139834,0.0671162557923603,0.9198930231905553,0.8926530587185879,0.1548216596990155,0.018618243057004283
0.8697266472775074,0.8810718462894345,0.052997839475736684,0.007153713089395163,0.8375906620975961,0.8730970140605061,0.17192528709871174,0.024989012606815863,0.7157430646462929,0.8386285882375069,0.3450653087936027,0.06639849488950904,0.9224407352445433,0.8932138973787456,0.1589173173639811,0.018998988943326703
0.8729248650024191,0.8818413322746234,0.0545374876762492,0.007307524209931149,0.8645568619621595,0.8798188390276684,0.21372122501995275,0.029193811052867308,0.7098171076370149,0.8367734553435968,0.341483589570474,0.06661203940744768,0.9247162451096649,0.8937126323088112,0.15805475881218045,0.01879712074989182
0.8943236386896078,0.8868795781611004,0.058304184273608464,0.007436628469536683,0.9043362197241681,0.8891719858041056,0.18013436617283837,0.022452275161725634,0.6958382367452471,0.8323293742567489,0.3429453210641946,0.06908545866220513,0.9247742836087421,0.8937253260184223,0.16995001068925208,0.020209097195029734
1.0971068164277442,0.9259570006286193,0.05580875985597739,0.0044626780381036586,0.8917671415298153,0.8862876682642967,0.17853106057153276,0.022905862184221592,0.706828990179831,0.835831527132319,0.3416526138279933,0.06710513547608009,0.928617775208798,0.8945629748691282,0.16948634975616425,0.0199763873764111
0.8425508113942811,0.8743570803561818,0.059371895427801545,0.00853159247397832,0.8158740417845298,0.8674524681330988,0.21781111499222014,0.0332817379233819,0.7101886569059238,0.8368902722350549,0.3421414346695941,0.06668328945564683,0.9227472363917653,0.8932811946537548,0.167532355596282,0.020014809393818698
0.8983624841970624,0.8878092201666736,0.05810252514127215,0.007342306722902697,0.8259536020957894,0.8700983303477856,0.18749522349545727,0.02799217253312016,0.7010602931102998,0.8340007429173609,0.35657674100780873,0.07097292730602518,0.9228213524428155,0.893297462421307,0.15918010456611356,0.019013734846182056
1.1564451043972548,0.9347963505566935,0.058150920749234024,0.004056126501863786,0.9581846887767399,0.9008139872237572,0.20892050556600922,0.02300363030346916,0.7047385398179086,0.8351699723360902,0.33747568960304675,0.06660455846798816,0.9224152842357882,0.8932083075190846,0.1580706005514117,0.018898869191271275
1.0063031081430067,0.9102832668412998,0.06806653644271315,0.006708579086879447,0.8596485643786305,0.8786186770592791,0.19961838194851553,0.02757731416010199,0.7075953833222453,0.8360735288174842,0.3514824480594292,0.06891412705586576,0.9292968574697451,0.8947103669639083,0.15980652010058782,0.018806052192356516
1.0620348650174032,0.9202262931414823,0.0551394508621604,0.004779996422837857,0.9572403753977377,0.9006195426301159,0.19931352128377386,0.02199360325597405,0.7162554744976374,0.8387881966906482,0.33762025225046316,0.0648892889930937,0.911302623058737,0.8907428826615423,0.15470368807418122,0.01897571042061915
0.9526162154218809,0.8996624735904851,0.052853363097995175,0.005894628120379629,0.9286098450792664,0.8945612525914935,0.20146051701036868,0.023745433310807123,0.710245626986453,0.8369081779518756,0.3485493116545371,0.06792327259900052,0.9113072323254551,0.8907439155366855,0.15237819798772206,0.018690271108597396
0.9549000964650449,0.9001361909959862,0.04169423777020616,0.004625683800853165,0.8522468184689047,0.8767893005491629,0.19159206580278454,0.02692344947869063,0.7254964826120405,0.8416447899334888,0.34298378034036386,0.06453229347441994,0.928070013456757,0.8944439527773784,0.1598256683796266,0.018861512503361846
1.0439602059476831,0.9171171618002159,0.05267329845283273,0.0047602560010387195,0.8921214548546617,0.8863698638655017,0.20411155772124043,0.026166530515085776,0.710768438504286,0.8370724239041829,0.34388431051130625,0.06693355983185731,0.9310154924815108,0.8950825778111511,0.15731704578627084,0.01843997338281677
1.0820492096657668,0.9235445188930896,0.05648992831774714,0.004676509425235624,0.9826163868537523,0.9057282582992715,0.21842981945776677,0.02273503043653011,0.7083611574615362,0.8363150485145054,0.3372615177947655,0.06600937682063356,0.9062320976599513,0.8896014465746329,0.15864219301418145,0.01968732030329963
1.090012098082923,0.9248291578771111,0.06139522453906588,0.004990252190490176,0.892893963871291,0.8865488952905508,0.2142842583722305,0.027421821811877804,0.7080583995519693,0.8362195950560053,0.3314105569257319,0.06490945146098366,0.9115070927967795,0.8907886933619907,0.15726453915646962,0.01928074069314997
1.0339078353967106,0.9153406527536629,0.056320832580758,0.005209082441944588,0.8833955947267889,0.8843304644793681,0.19269662792904224,0.02520452516816394,0.7100858014682336,0.8368579407257929,0.3433092433016985,0.06692674370937306,0.9207073652742396,0.8928326044877891,0.16095814461792418,0.019319931931783108
1.124764198056912,0.9302064709986547,0.05978751037194704,0.0044858657396598094,0.9265177264255562,0.8941060154010244,0.20089334030809192,0.023792923790005274,0.701524254854677,0.83414859092143,0.34867780222951766,0.06932662291055941,0.9233373713167288,0.8934106631365651,0.16265693206825643,0.019405963282918687
0.9929783832120445,0.9077458544105388,0.04960642053410796,0.0050414969342904925,0.9159987887399709,0.8917907971775355,0.1906243344043287,0.023130208710091523,0.7006939874675531,0.8338839398582539,0.33115508888959383,0.065968627086858,0.9261283515984953,0.8940210978775676,0.1634136504325522,0.01937135410537317
0.8445502203905544,0.8748619689590031,0.054444502502425184,0.007787603171580293,0.9094250745322987,0.8903214360762846,0.2083180931133895,0.025662674587165316,0.7222246438768335,0.8406381226305276,0.3387327255420028,0.06421441237988829,0.922525594953831,0.8932325334373765,0.16004389183343823,0.019129935632910676
0.8515720981251658,0.876621367036365,0.054480265777143974,0.007667735430410393,0.8456833714458444,0.8751473384480479,0.18791766666741644,0.02680922377901088,0.698662632564409,0.833235011577914,0.3401187179896667,0.0680719044201826,0.9159721713511435,0.8917848826678147,0.15976544312310637,0.019387002974836913
0.9196425292096253,0.8925977767230588,0.0479333346997989,0.005767599752193246,0.8710438174660691,0.8813892789455987,0.2081673647028279,0.028013593785636375,0.7053137640459531,0.8353522238912776,0.34547437990931223,0.06809293939464196,0.93385101262413,0.8956941373997538,0.15912036056471468,0.018529971083820256
1.096157688780699,0.9258070254326167,0.06687890867697945,0.005359589022611745,0.9103818448310442,0.8905363766956336,0.22355931665328815,0.027479633021977014,0.7113647186204055,0.8372595880412492,0.3483875502827626,0.06771703097119207,0.9366718004341698,0.8962993922763924,0.15931529276245673,0.018432560393878517
1.1319983724735503,0.931280183767947,0.06390913367467292,0.004715899681129227,0.9594070979170296,0.9010651919820881,0.20366519631571411,0.02236195258314457,0.7151146617942022,0.8384326754115184,0.35317511720765127,0.06805741292281665,0.9000628306110554,0.8881985973081064,0.15647761180462286,0.01969651443118169
0.7571945476357382,0.8511317031221326,0.05781019614851883,0.010111367501922932,0.8356845313909698,0.8726099189541227,0.2141861400294893,0.03126848451363385,0.7093087554957282,0.8366135178773755,0.343416290603637,0.06706750300627255,0.9039392159510155,0.8890818701693595,0.1531499932978866,0.019106351630970565
1.1857666165509144,0.9387927178375024,0.05579491934567128,0.0036377096953743313,0.8649352359285365,0.8799109312325712,0.19881732245905986,0.027134322647290116,0.7244394016121224,0.8413201168889826,0.34219412762485985,0.06454062262718299,0.9238652784081065,0.8935263623451943,0.15891477187875439,0.018936468527470073
1.020647188710288,0.9129443218199021,0.05704677523900293,0.005439812251111976,0.8777959202843979,0.8830050140991152,0.19645781059088435,0.026029952733223373,0.7013914226814104,0.8341062728431474,0.33727813323636957,0.06708057286317594,0.9311896769704406,0.8951202366621417,0.14993777906259811,0.017567962536662953
1.0764472346189997,0.9226287277150631,0.06273119399596704,0.005260612579711591,0.8883159027567351,0.8854843162330075,0.20544493854858023,0.026569265184102464,0.7036919987892697,0.8348379755716566,0.3414192807446283,0.06754544143495501,0.9097253866676859,0.8903889416972102,0.15416939314219072,0.01897897598324064
1.044001373027694,0.9171243668670805,0.0686182590806381,0.006200665767078873,0.8451968699676811,0.8750248877298459,0.19935471541150945,0.0284727649344644,0.7214865430160831,0.8404103107796471,0.34139826650028665,0.06482981295244174,0.9224590436947064,0.8932179183436235,0.1552775060987263,0.01856305722838623
1.0372814383901336,0.9159406734254675,0.06339661734567484,0.005818146432181994,0.9702780624273833,0.903274358333356,0.1881809787626962,0.02015104907202673,0.7089869267160118,0.8365121991112118,0.33730378578024006,0.06592259410832932,0.9161717345977031,0.8918292196473588,0.16214895389951128,0.019667194671654783
0.7683754495903425,0.8543643585349029,0.05205606630134505,0.00887351928039997,0.8828343717104228,0.8841982130335644,0.1945654635206739,0.02548187502024685,0.6972714514041459,0.8327894217886422,0.3373080929305738,0.06772598183722613,0.9162039260904641,0.8918363701381418,0.16526651872650694,0.020043841178312656
0.9066224227991856,0.8896896832226204,0.05782677222168357,0.007169791537743553,0.9196925397015899,0.8926088156346154,0.1936991682018142,0.023304254584348278,0.7148945526169623,0.8383640080979371,0.34206319321212997,0.0659495433892371,0.9320088423519071,0.8952971810026803,0.1644994216420855,0.019237805652493726
0.8955657774712451,0.8871662010655719,0.057774977433395,0.007348082218789338,0.833936690825446,0.8721618710738347,0.21102456855332422,0.030931168738313808,0.7108189357926044,0.8370882810257649,0.34091437202277214,0.06634777672576476,0.9343999132073518,0.895812158764232,0.1669548936018089,0.01941776496103339
1.2423355452796825,0.945863176125707,0.06081264845067358,0.003480634114532727,0.9145937764103723,0.8914782083519514,0.2180887712363788,0.026548471932529245,0.6960243120017005,0.8323891595937144,0.33644588689645166,0.06774713149973874,0.9327843857329718,0.8954644597620371,0.1585430529617609,0.01850814235188952
1.3193544879582417,0.9542583847376946,0.05640460095114957,0.002703709600037255,0.946964505521434,0.8984816172765653,0.1811568591484393,0.020468700757341928,0.7124635848824441,0.837604053272207,0.3336002755917841,0.06467892839312035,0.9315988741129141,0.89520865852722,0.16091696902724154,0.01883661969695493
0.7606809999304803,0.852146019868164,0.05413585832616686,0.009392993612309896,0.8657436193855823,0.8801074790229453,0.16157005215993317,0.022009858261122194,0.7102248234027185,0.8369016395614625,0.3372859320865545,0.06573147897180208,0.9376500326811789,0.8965085646785199,0.1621269037926536,0.01871565608940494
1.1637142745327809,0.9358091657446247,0.056070976149899296,0.0038461289633889926,0.958624306903991,0.9009043939258989,0.1974946913704011,0.02172356608505692,0.7085586749209258,0.836377297662907,0.3464302313924558,0.0677730622173629,0.9316110598134212,0.8952112906797162,0.16232558987304857,0.019000976897348143
0.8095459154443247,0.8657681195718192,0.05649913979281818,0.008759834885945485,0.8137507794118649,0.8668893276909053,0.16731258464804716,0.02569081186821899,0.7090953805555645,0.8365463484071826,0.3447326036824188,0.06735765806913074,0.9195506759695011,0.8925774991813703,0.15689401149383214,0.0188823346920485
0.96190757091743,0.9015772749052203,0.04861207360769977,0.005306847111336973,0.9510770511976911,0.8993420984777923,0.21188911130449403,0.023715461930911185,0.71724088221105,0.8390947788580959,0.3319571841124065,0.06365627038216097,0.9196343178174916,0.8925959641113664,0.16660342590720195,0.02004701013086123
1.041980625039749,0.9167700222232663,0.05393472820877137,0.004896523797019381,0.8125271574380492,0.8665638746244156,0.20345690481557635,0.03132890933315935,0.7151814803048995,0.8384535160776,0.3464737612681845,0.06675577933775877,0.9150702982143054,0.8915843142685126,0.16251687808387924,0.019761876132668242
0.9759855116310796,0.9044164927990914,0.050120385232744785,0.005296986776501192,0.9354154003074268,0.8960301917177974,0.1668896022828607,0.01936483849989161,0.7170306773590833,0.8390294190366653,0.34357722489744963,0.0659164318231086,0.9164727309869932,0.8918960618409882,0.15499152844658462,0.018786039453717755
0.9952647237393822,0.9081857752353522,0.06121126843805337,0.006188232971436062,0.9326033037999705,0.8954254229140628,0.1809560396345691,0.021133419748511333,0.7051141165450587,0.8352889867805647,0.3465069706014062,0.06832786630568641,0.9418889743586146,0.8974106570617304,0.1569607132222068,0.01794328639834808
1.1162089358193288,0.928916661475771,0.06244691047345637,0.0047786147682234255,0.8917997168547944,0.8862952274346717,0.1993395322216519,0.02557370893234621,0.7075392539494944,0.8360558147496107,0.33972981689507464,0.06661843270931325,0.9220218979630697,0.8931218744780203,0.1608606976247689,0.01924988103369579
0.8770450469264042,0.8828262828961903,0.06951804620100972,0.00922682982709128,0.8061025532999364,0.8648440287148909,0.19956237820096415,0.031187180765757872,0.708957744936858,0.8365030095472279,0.3424413370257673,0.0669311734343203,0.9295569725044855,0.8947667757241193,0.15517795480187357,0.018250427891807388
1.0666422865348568,0.9210016330416947,0.0626227386419872,0.0053714281383362,0.9042943180421595,0.8891624775938802,0.17549862398366248,0.021876578418682305,0.7049723804094703,0.8352440809026103,0.33809471560462984,0.06669081156638142,0.9077557803799454,0.8899455392481714,0.15698006399763537,0.019412824189941322
1.0670092755408556,0.9210630930699377,0.06179566424796202,0.005296009181265022,0.8696856262652541,0.8810619486029203,0.20895368628504882,0.02820748792793573,0.7088685025229204,0.8364749038542169,0.3486294006987369,0.06815465234620298,0.9140752399680172,0.8913626435310213,0.15764579414135985,0.019213529373551894
1.0058835579183114,0.9102043405325181,0.061304580947188665,0.006047966406433289,0.787088282802725,0.8596441748254682,0.18395654701024147,0.030034953656403286,0.7155273750752686,0.8385613658190775,0.3399124091537841,0.06543945060160725,0.9189124102266152,0.8924365024709453,0.16113066085130734,0.019420740178541503
1.1023627600480788,0.9267824736435277,0.06658388044713524,0.005260249476221172,0.9281935498295364,0.8944708061016888,0.19736443943343743,0.02328495246074568,0.7090636346992624,0.8365363530560856,0.34245251933857696,0.06691704133563466,0.9372067492004144,0.8964138250117794,0.1602630629257457,0.018519390506004717
0.989140934282965,0.9070032232705132,0.05517439962272364,0.005657136811924625,0.9227151421481921,0.893274149595294,0.1824122106943336,0.021794091230979154,0.7075219966515943,0.8360503681484572,0.35227499455851413,0.06908119159887387,0.9264055210473446,0.8940815510392496,0.1559529855619241,0.01847515847107795
1.0022433250610736,0.9095169043905568,0.06376750614736947,0.006343896773831196,0.8935482419962133,0.8867003338926869,0.19615028763128903,0.02506344166795827,0.7228496705055082,0.8408308284353773,0.3402735833904524,0.06441374714384233,0.9162064469742256,0.8918369300684222,0.16140153237463778,0.01957497457742908
0.7502913989872255,0.8491064308807541,0.033888857418002606,0.006022343564011693,0.8726334035756729,0.8817713860785054,0.15737834928907268,0.021101415164364742,0.7096482048399572,0.8367203292243854,0.33789157650257745,0.0659369964398211,0.9271199697697541,0.8942372386095203,0.1634577692176967,0.01933239222968687
0.8947281733851651,0.8869729940230627,0.056039558940547914,0.007141123355502694,0.8545679284348227,0.8773655099609782,0.1757985676935319,0.024572390245481173,0.7166935881565735,0.838924561776196,0.3431192451972263,0.06587968132217853,0.9285738277113145,0.894553429972226,0.16079117881095828,0.018953455129968554
0.9885273511778396,0.9068839850357336,0.05317533142037947,0.005459876939027406,0.8479576688407158,0.875718407432418,0.1764509246566891,0.025041841921140763,0.713794781762685,0.8380205603738751,0.34844178016884547,0.06734966534579852,0.9274359244645393,0.8943060248338702,0.15707161013431808,0.018563581592693182
0.9099396774735249,0.8904370887488633,0.05867486446403374,0.007219588053074138,0.8819486783919395,0.883989233278566,0.17586930934607412,0.023080296288606167,0.6953530384973392,0.8321734016430095,0.33161920751124685,0.0668785176702013,0.9122255652168149,0.8909495308606038,0.16034315523678566,0.019625686636786915
0.8237087493184221,0.8695129781348543,0.062231931465956014,0.009339089359341378,0.8458598577753667,0.8751917340073377,0.21299310313275613,0.03037425839098785,0.6998627731057668,0.8336186482918042,0.3394471068614107,0.06775000605944721,0.9287073973835718,0.8945824374248257,0.15383330855188662,0.01812771160262953
0.9054155920544529,0.889416667910578,0.04879795813820648,0.006067168521543306,0.9280558040104163,0.8944408636579363,0.19865311470058888,0.023444424412472457,0.7052085539781742,0.8353189016831174,0.3408331557735637,0.0671944311597684,0.9219377032409642,0.8931033675979821,0.15481247421605474,0.018529694039816604
1.0210050719757204,0.9130097930784861,0.06309329601068785,0.006011434835571639,0.9245325345057162,0.8936724438094082,0.20769279706265933,0.02471091919979888,0.7016334074182196,0.8341833586037598,0.34379018735543915,0.06833765457474344,0.9299546856405037,0.8948529725641624,0.15616209903527625,0.018349361308651006
0.9652050773474559,0.9022489750046685,0.059549816079282766,0.006451717564991686,0.8567406065768463,0.8779027696376039,0.21598479138778587,0.030038798988792904,0.7080087039090435,0.8362039227468003,0.3401419620459633,0.06662719173730246,0.9280530321846202,0.894440261056483,0.15229985263844675,0.01797407091968474
0.8529869801859506,0.8769732959939434,0.0620495816856686,0.008704661310228881,0.876116653298664,0.882604968994585,0.20840297689419163,0.02771961952807055,0.7104128442046925,0.8369607252440039,0.34478884978280266,0.06716459006622302,0.9116581152041525,0.8908225185608479,0.15685541770282696,0.01922389600405134
0.9195211198786477,0.8925709736560697,0.07027275248587134,0.008457964241366998,0.8984294335618963,0.887824573865025,0.20354819203157182,0.025718036932391306,0.6963229340436394,0.8324850702370937,0.3460873953706188,0.06964065519015855,0.9423982993611268,0.8975185770133097,0.16067572052759124,0.01834644641437336
0.9046990351284281,0.889254284988208,0.04192779391984613,0.005221592512856991,0.8333865001496018,0.872020555128888,0.20111958664207932,0.029516704508595525,0.7085070986665319,0.8363610448463361,0.34517110214413543,0.06753475529755522,0.9210752572892285,0.8929136304591404,0.16355355348543926,0.019614838065868164
0.8460857741763891,0.8752485440666486,0.045459333113712204,0.006479437218307401,0.7862932921022083,0.8594231643849465,0.17239362381589474,0.028198623356392862,0.7119435167593913,0.8374410991166313,0.34955840465417515,0.06785412146008443,0.8973763581834799,0.8875828561808399,0.1504270286381473,0.01905239245546909
0.9895545251127347,0.9070835194687278,0.0541990689785829,0.005551844598070879,0.8695436785205626,0.8810276934792233,0.21565505295635387,0.029121648789219055,0.7082998015496188,0.836295707849434,0.33700359056709306,0.06596821402785163,0.9163571007706955,0.891870388162207,0.15683921837504286,0.019015054237625218
0.76333930644421,0.8529155600937448,0.050120808006824204,0.008643283483446392,0.9267243888163268,0.8941510613766547,0.1813370610381896,0.02146654661955793,0.7062579190903805,0.8356510151093055,0.3458637214225422,0.06802163881638751,0.9110483369255611,0.890685887259097,0.1609336828800986,0.019751433143619896
0.9875829933286202,0.9067001989450236,0.05573973838520523,0.005735640632093214,0.8249900287612746,0.8698473497697095,0.19335137573297248,0.028930586480468666,0.715568298837049,0.8385741219716689,0.342893549842129,0.06600715536436152,0.9300682838690854,0.8948775814004812,0.16421290031574198,0.019290300265894206
1.0080503937481124,0.9106112962058067,0.057183535704902054,0.005613330469683634,0.9025631572713135,0.8887690229483645,0.18765649456662092,0.023485534150916143,0.7210011154979721,0.840260341773768,0.3458229565037738,0.06574348226656071,0.931397558094168,0.8951651651374136,0.1621188269560277,0.018986105708707315
1.1128640660793814,0.9284064216434836,0.058798157577518634,0.004534189341660313,0.9049260162007604,0.8893057449993472,0.19528407040069737,0.024307528437833365,0.7170230678512068,0.8390270525800888,0.3480716537989181,0.0667798730124813,0.9211366943773701,0.8929271563481956,0.1623515630852631,0.01946793017467124
0.8540666410582907,0.877241263277222,0.05815636253491738,0.008138241890842585,0.8214148606273493,0.8689125253615227,0.20918116649278093,0.0315578726938717,0.7053043312746471,0.8353492365581188,0.3459742649121036,0.06819294775887212,0.9294204005271433,0.8947371619386041,0.15436116626841226,0.018160075538468615
0.7978201062459076,0.8625992863947685,0.0534538414795304,0.008514493438691704,0.9234998878584505,0.8934462930048327,0.20065012955152808,0.023929826873947572,0.7157718251911307,0.8386375501215455,0.3507853284871047,0.06749468823318724,0.9298606772037716,0.8948326036291057,0.15892708293330862,0.01867829519971865
0.8894209467811798,0.8857420759882124,0.05613064469811185,0.007240675486138768,0.8115995263781718,0.8663166993771461,0.17932909756622872,0.027672680992536926,0.710750498901741,0.8370667902240643,0.34401922248546196,0.0669625850634621,0.9214808772391745,0.8930029032820268,0.1515991815636442,0.018164187633114576
1.1698584075571477,0.9366537830304894,0.049450697823044135,0.003344367673888194,0.9217314019611235,0.8930580084948613,0.20300327195971035,0.024309254246562897,0.7158744149334814,0.8386695141618383,0.34854021990089606,0.06704686656811101,0.92646889028559,0.8940953681725837,0.16112713836294,0.019085335718279334
0.9745522269458595,0.9041308132045172,0.06481158035414465,0.006872272698526466,0.8524407101768459,0.8768375225839545,0.18338265155493252,0.025758320212016694,0.7033922703719921,0.8347427932359963,0.3456888061534717,0.06843732821345233,0.9272571051797592,0.8942670990882718,0.1592817043295614,0.018832535243775414
0.8776256081450453,0.8829644952648744,0.05587472327479662,0.007406103501862325,0.8305818050746168,0.8712980990804159,0.2089982660817522,0.030871723652338624,0.714913964433518,0.838370064936481,0.3350944147912734,0.06460308015287372,0.9110188262695468,0.8906792710855715,0.16105746377106847,0.01976796800839747
1.0479048675631106,0.9178049736063343,0.06146666184291451,0.005504714005478789,0.9636905018715933,0.9019409659031752,0.21003445967946166,0.022834949316879682,0.7190305767372817,0.8396503871104908,0.351547519988423,0.06713569076815389,0.9163746995329599,0.8918742960069905,0.15459824174233927,0.0187426006100986
0.9495103400667259,0.8990150568420624,0.05781277108653767,0.006494017377733997,0.8520109071231599,0.8767306060949581,0.15529206578214458,0.021834254096010794,0.7083225043239622,0.8363028644523394,0.34636298886890143,0.06779676543939026,0.9106035041493103,0.89058612022534,0.1592824596166665,0.019568811472494594
1.0145863886171682,0.9118287694417008,0.05263739236283305,0.00508988508977699,0.862562372822253,0.8793323932276235,0.17323384878950454,0.0237722550725891,0.7103486380817725,0.8369405503582964,0.34376718813398854,0.06697547212643368,0.9288450624790665,0.8946123269177151,0.1618434696361751,0.019065584226058568
1.2328185244294945,0.9447300339492612,0.05807513537700098,0.0033975957631630564,0.9318374751304839,0.8952601865355483,0.15942753563634038,0.01865201937357064,0.698802088368838,0.8332796263007108,0.34098567241048683,0.06822350737501913,0.9286244236171795,0.8945644187614833,0.16287930672364828,0.019197359090037096
1.0642809501283201,0.9206051302409572,0.057253116284364504,0.004937625873871348,0.847758681932559,0.8756685320495051,0.18948374978655586,0.026903779114441088,0.7089294550514382,0.8364941004506391,0.34365985542717287,0.06717371200867063,0.9396390330546489,0.8969327158865658,0.1596903637088053,0.018350152464094775
0.76537352895305,0.8535021962196965,0.045033953277948714,0.007729769507313705,0.8363719274498567,0.872785760842911,0.20369265812414047,0.029689538587478703,0.7113603064703834,0.8372582037642963,0.3447321213539897,0.06700719610397124,0.9150166329150986,0.8915723693057948,0.15081692689635304,0.01834144104834188
0.9479864703285296,0.8986960535602373,0.05186556633062012,0.005846455576176544,0.9679798961420958,0.9028110338977008,0.19135912575215344,0.020600097792113418,0.7137289349259697,0.8379999783807685,0.3463371679517719,0.06695301926396577,0.928689179497858,0.8945784814439025,0.16129105092629178,0.0190073290056271
1.0441444184421937,0.9171493982620601,0.05860004138961121,0.0052936290425502,0.9486825297547482,0.8988418757737315,0.16630750681578924,0.01871670188902901,0.7270417870490785,0.8421184457274279,0.3476434914836376,0.06517669224163478,0.9274690964552194,0.8943132443905794,0.1580498294927973,0.01867776621724807
1.1111923813282698,0.9281501512182585,0.06053768352068861,0.004686335934815317,0.911222390095628,0.8907249021530579,0.19943509372308685,0.02446691377778449,0.7202376555012069,0.840024245934745,0.3414683472969257,0.06502985671259495,0.9264688239262919,0.8940953537043239,0.1598325732321683,0.018931998767861027
1.024645253694493,0.9136732018119204,0.05048907275590977,0.004770370834844626,0.8163007779612652,0.8675654049832721,0.20587247830662078,0.03142660845282684,0.7071444672345155,0.8359311791324086,0.33757173855731987,0.06625545079058423,0.9394711645023578,0.8968969777121865,0.15876782056741903,0.01825119556574436
0.8413401350545823,0.874050514505955,0.05855164929277184,0.008437212702083634,0.8313643855518534,0.8715000314005836,0.19204478771826874,0.028316406543118105,0.7217255702796734,0.8404841144497102,0.34944525127387166,0.06632138281969932,0.9189490869914843,0.8924446089927881,0.15350351518337182,0.018499893920769343
1.3037035110203652,0.9526593596970842,0.05688983690091223,0.0028270349503247264,0.9534788592024475,0.899841635386739,0.19677630334561647,0.021902512578526503,0.7186035287709747,0.8395179518008485,0.3435928288359734,0.06568112188650134,0.9059840990452311,0.8895453520558858,0.15473561631036456,0.019213486962161182
1.0066438672463214,0.9103473248388725,0.0490754552870077,0.004833040896790982,0.904999794329184,0.8893224670979513,0.2066176039802968,0.025713874897701265,0.6942518772282208,0.8318189908520317,0.34922011960719807,0.07060693825967283,0.9167494968729768,0.891957491137794,0.15909019211962522,0.019270541099496535
0.9824292239578041,0.9056914546544467,0.06513070946273018,0.006781981253314894,0.8580394834326379,0.8782229870939887,0.21046351144763178,0.029183496818513337,0.7094774730608957,0.8366666136803739,0.33743327186802746,0.0658734531173379,0.9186183161954576,0.8923714805865297,0.15491733704376645,0.01868450973639265
0.8630584533351686,0.8794535432341192,0.05139321396864311,0.007044453789961545,0.8569970301268766,0.8779660441670168,0.18699666962599765,0.025991829039020177,0.7166694928010324,0.8389170643978867,0.34903130731826026,0.06701852898918143,0.9347987314082302,0.8958978362655127,0.16889367589467186,0.019625225544685685
1.0691520860535262,0.9214210796453711,0.05995996451400105,0.005113394277701373,0.8360762595300222,0.8727101518436886,0.2019016855849503,0.02944853436884826,0.7219257818562856,0.8405459118423622,0.3371260890334615,0.06395383329288354,0.9173215404123288,0.8920843612633909,0.15694820408998886,0.018986058301647655
0.9440831063817713,0.8978748514612318,0.05086024750980984,0.005784893432759331,0.8707052800054587,0.8813077628739691,0.19502772884746206,0.026265827232733165,0.7132440164652887,0.8378483406157602,0.3360236247077321,0.06503180312874023,0.9324801107979052,0.8953988581490624,0.15790125737145844,0.018446139025569002
1.0444421200157765,0.9172014707569618,0.046944611577958206,0.004237830965679515,0.8440659394616051,0.8747398386538889,0.21385352794434792,0.030623193584010406,0.7025472243622559,0.8344742019254248,0.3395687279299256,0.06735664752976077,0.915738183159729,0.8917328771599129,0.1558059929195483,0.018916726080984735
0.8886693595438364,0.885566817687161,0.04815619303289468,0.006222756213040747,0.8510408770882572,0.8764890112230588,0.20418144221438222,0.028772353668883952,0.7144008167825209,0.8382098919721335,0.34385911609726016,0.06637120853924725,0.9245040579529473,0.8936662130854247,0.15395969563127487,0.01831905159776242
0.9753514086795565,0.9042901986186695,0.04701406239165785,0.004975954157756537,0.8879623438437929,0.8854017391359703,0.18507020012123138,0.023953785196252086,0.7073455093326968,0.8359946583754077,0.3354351244410943,0.06580562641842311,0.9307624459816666,0.895027847651865,0.15803918323159888,0.01853541569984204
1.0249860175109653,0.9137350696184389,0.05229729790883214,0.004937342248594075,0.9287211922984235,0.8945854328785025,0.22026047959742417,0.025954662637446904,0.7083993019312257,0.8363270715216993,0.35060888689773145,0.06861571892520059,0.9163669543759901,0.8918725761927389,0.15413821347923087,0.01868716269414831
1.013936990223828,0.9117084780543949,0.05389495133166879,0.005219285980988157,0.8784124921653926,0.8831516004938716,0.2068010023780208,0.02736151543021798,0.7103131899953886,0.8369294109785296,0.3508277385502068,0.06835664420439429,0.926481476219041,0.8940981122411534,0.15751817781016494,0.01865731753377288
0.9879947654479361,0.9067803759053069,0.05520913342453426,0.005675657304880062,0.872860237141958,0.8818258256890246,0.18145727569798253,0.024317232614017543,0.6958850444593304,0.8323444150164311,0.33733359996727674,0.06794766807681477,0.9316286747222741,0.895215095456383,0.15979629772709714,0.01870415265419651
0.8994005490749514,0.8880470763317465,0.05391652878869378,0.00679706424671897,0.859270669840672,0.8785258484861295,0.16752116965912933,0.023163225054811987,0.6969548968384247,0.8326878978264283,0.3452464441100573,0.06937041895623297,0.9318901239169918,0.8952715534950246,0.15656355890850576,0.018314731703210692
1.1554965679165632,0.9346630993708537,0.05931009727882811,0.004146026450407913,0.9041849691558546,0.8891376610931331,0.2013549064242193,0.025105983981285964,0.7138746900231624,0.8380455347656595,0.34088709567493153,0.06587731214480935,0.9092445459287417,0.8902808384388765,0.15511906546896936,0.01911703933249244
0.9189240710782683,0.8924390798816251,0.06137047684604068,0.007396656092804835,0.8978476064736018,0.8876910803539639,0.1992144794914362,0.025204221901845864,0.709184750453642,0.8365744843523424,0.33747688653142754,0.06592638818438537,0.9206298542690897,0.8928155262827283,0.16249387015067057,0.019507747616014155
1.089004336489957,0.9246676801739651,0.06247878668786509,0.005090122691675948,0.9357464017307529,0.8961011730831285,0.18565890780471248,0.0215263000507062,0.7127591549339998,0.8376966062253871,0.34511602565247684,0.06686609661915308,0.9325287935457935,0.8954093565821631,0.16203621000732418,0.018927065411001948
1.1178560690606367,0.9291666859723345,0.06038019662858095,0.0046029732806970305,0.9100911879968869,0.8904711190769404,0.19821385947766873,0.024380512457870953,0.7243271939180143,0.8412856216014188,0.34318577933103045,0.06474438198298728,0.9297602626576215,0.8948108428276318,0.1610116058601262,0.018927659684895824
0.8821935928944177,0.8840470537219689,0.05317453832325544,0.006974452728049765,0.8108057138884965,0.8661048738843903,0.18872682537088487,0.02917614580680253,0.7077685162503691,0.836128158759417,0.35337337255542844,0.06925725990615111,0.9146551654862872,0.8914918828199404,0.16048827876740934,0.019533863733493344
1.0003952619020995,0.909166097964158,0.04948344655563865,0.004943843096322651,0.9235790728968734,0.8934636496058372,0.21497534783952138,0.025633599076629567,0.7008562016951576,0.8339356728626838,0.3371927436220092,0.06714628946493671,0.9188871625383765,0.8924309217609284,0.16025919474087244,0.01931682714847662
0.9746839147563642,0.9041570927809116,0.039913438571916024,0.00423092405112601,0.9282938162585489,0.8944925967662573,0.18829355458578023,0.02220964607400546,0.717736662180872,0.8392488487187271,0.3412576549395686,0.06536507139549076,0.9180089492942511,0.8922366443287594,0.15999272668498465,0.019323744681587797
0.8706507829189585,0.8812946360498988,0.056649888305758234,0.007630417041012002,0.7586271213248414,0.8515491762466639,0.1863963345505285,0.032494529007228046,0.7082669129072235,0.8362853399057449,0.3454068957498049,0.06761827552574873,0.9067389522660956,0.8897160138207142,0.16332851076580435,0.02024524561115633
1.1090644903816422,0.9278227198395131,0.055274300022763484,0.004299904015185013,0.8730694482128234,0.8818760166901277,0.1846391987252447,0.024731727834517866,0.71846712073278,0.8394756305583664,0.3394240837696335,0.06490460834960042,0.8981001224357614,0.887749034262507,0.15725017072615524,0.01988341619662867
0.8055737782073862,0.8647016475252344,0.06013902573512795,0.00940984803797646,0.9084273477145575,0.8900969004093624,0.19226093087582596,0.023739069559411685,0.7191984779334938,0.8397024320919264,0.35545798042069293,0.06785623999325861,0.9125173201903248,0.8910147838685165,0.159160964321549,0.019467906044125814
1.0577297377024215,0.9194955488455248,0.060374406817814905,0.005285951074747124,0.8595673683695677,0.8785987366801317,0.2207012908462922,0.03049562263918907,0.7094998758254741,0.8366736628371074,0.3389193454133687,0.06616015029361301,0.9250123377101254,0.89377737730571,0.16212319998908567,0.019267831050215997
0.997395100717071,0.9085939886069551,0.050469096543095,0.005077271995479186,0.8579534655350676,0.8782018031332337,0.19909613655971778,0.027612731321657445,0.7116112340673687,0.8373369152304079,0.33836834806647303,0.06573224980740078,0.9166347709281432,0.8919320309784761,0.15936182995080922,0.019308544490149616
1.032456605763862,0.9150813469353203,0.05488432426589317,0.005093211556146156,0.9093357656273103,0.8903013537556111,0.17677342059214987,0.0217811697681321,0.710267036515482,0.8369149065654223,0.3396945791285979,0.06619445028617892,0.905332000725998,0.8893977355658556,0.1528883463988848,0.01901263814951152
0.9361061286307433,0.8961782658803978,0.04299055656747807,0.004980431130203394,0.8201536392940771,0.8685813870151804,0.19890712368216648,0.03009516286889235,0.698348008736843,0.8331343219991293,0.341439816854642,0.06838583531072258,0.9073852846855186,0.8898619569312727,0.16451059036215723,0.020361444093028477
0.8800109118787961,0.8835308736005709,0.05910631362895582,0.007791533854387215,0.76953289111144,0.8546956538716756,0.2007009839687421,0.034120596156989376,0.7035456819304359,0.8347915164021082,0.34259568635740634,0.06780101704222716,0.921348510034866,0.8929737778101755,0.15662127545442353,0.01877164127657302
1.0721011579515876,0.9219113352420204,0.06061235408450513,0.005134048815067801,0.8412413708073796,0.8740254773312621,0.193334221261053,0.02786553352341525,0.6990780333548955,0.8333678785255617,0.3419055982337763,0.06836411223153901,0.9143109154576097,0.8914151812834249,0.15351292047704293,0.018699673273066885
0.9441503769238405,0.8978890538814878,0.04840642546487673,0.005504940594905847,0.8485025728977365,0.8758548978867067,0.18813874264478167,0.026667092315700282,0.7073351402560683,0.8359913848120389,0.333984138311767,0.06552253649309205,0.9165969989624905,0.891923647411679,0.15903878348840444,0.01927107963713059
0.8786640601305804,0.8832113635315566,0.056500622580884854,0.0074711795424085,0.8019291358768024,0.8637168247423763,0.20313924871487146,0.03205270644411537,0.7052916244026594,0.8353452122573329,0.34401815729567975,0.06780937490031849,0.9153932070840041,0.8916561637694426,0.15236231730684793,0.018513322314978962
0.8524160322721468,0.8768313859415959,0.06688168587300859,0.009394878749717459,0.7736641529311779,0.8558730493677214,0.1532184013589826,0.025801608059672576,0.7112782275618337,0.8372324504303414,0.35193976401450805,0.06842110928132433,0.921548893793063,0.8930178666186673,0.16025894127909646,0.019198768661134253
1.0334428053745355,0.9152576394888877,0.04071799228250439,0.003770019098905937,0.8916472660392295,0.8862598471408019,0.1951240889691952,0.025041689271455978,0.7084896569642698,0.8363555482870286,0.34181493742176317,0.06688078788531136,0.8981760738224769,0.8877664604443146,0.15740859352350645,0.019899967384196318
0.859485876579872,0.8785787208236896,0.06818741708233794,0.009423632976341528,0.8813168400640341,0.8838399505588858,0.19411829850132328,0.025512301335869927,0.7143241135445778,0.8381859389633084,0.3495028895463288,0.06747247749287934,0.923168327987229,0.8933735912129415,0.15326009081108447,0.018291981377440647
0.9822688903783626,0.9056599164808623,0.050955414012738856,0.005307884257915706,0.9084350524806819,0.8900986358884034,0.21741294889455667,0.026844193099103162,0.7089836060162146,0.8365111534185684,0.3431625272212296,0.0670681383459036,0.9279520919445239,0.8944183143434971,0.1576467218592725,0.01860942063148719
0.7979726207400096,0.8626409032813999,0.0570274643833319,0.00908053509409274,0.8560149304697329,0.8777235502598529,0.20500378490841428,0.028559259911019177,0.6979797844858278,0.8330164168480408,0.3412740862959118,0.06841062026391959,0.9135765897909601,0.891251408793662,0.150573628933925,0.01837267224245277
1.0207699496496263,0.9129667847596983,0.04881208038519791,0.00465326052317448,0.9027814661665098,0.8888187069891169,0.18840337274227456,0.02356715764911769,0.7086272910070105,0.8363989180938651,0.335789045369261,0.06568092082165292,0.9229599035071222,0.8933278672045076,0.16241607703958225,0.019394076882774565
0.9777525423576855,0.9047676459730682,0.06188164152338653,0.0065134229982161,0.934816820650162,0.8959017208729598,0.16201076890721147,0.018824656600565686,0.7141112471766317,0.8381194497257413,0.33915499582767034,0.06550688851190968,0.9191662980728689,0.8924926072950508,0.15711930601380827,0.01892619254780156
0.9996818963227336,0.9090303570004049,0.0530082042962404,0.005304704495007797,0.8518082552814783,0.8766801673796979,0.21558703309962424,0.030325947621715147,0.7164382543552257,0.8388450991771157,0.3392773621526844,0.06518034104604235,0.9332424048115717,0.8955631400587017,0.16519534630445146,0.019264396303560905
0.9188087828345817,0.8924135952098982,0.05851814116714779,0.0070547518067475305,0.822057992526922,0.8690811091156062,0.21597554763117677,0.032534683883299095,0.7165701918131089,0.83888616347315,0.3359800758476255,0.0645272760159496,0.9101998261966516,0.8904955142732699,0.15324163695024623,0.01884416751930932
0.9641912580706111,0.9020428969468548,0.05233653262604239,0.005683471525850925,0.8855940390495167,0.884847261146391,0.21211984985052484,0.027604969521924202,0.7171706831955221,0.8390729539878968,0.33929735440221176,0.06507434270662621,0.934598215861873,0.8958547676049039,0.15740070579244309,0.018298203767706762
1.2562953231367546,0.9474857274864771,0.05140271899592488,0.0028489889768039496,0.9564712369224461,0.9004609179676337,0.19228308092998192,0.02125542706431325,0.7134582544447906,0.8379153486042492,0.35123320273471265,0.06794184080611348,0.9346852072728178,0.8958734543916839,0.1636000314334789,0.019015080814228716
1.0158031234931966,0.9120537529873399,0.048580585357712334,0.004684460916798938,0.8636436528340232,0.8795963224267704,0.17050116489658018,0.02333907812100587,0.7048768735766493,0.8352138161880409,0.3355308116836984,0.06619962569708918,0.9283250583095377,0.8944993857158722,0.157807964599774,0.018612463541134678
1.0863597529575504,0.9242424117126045,0.055350159406095834,0.004536899123855188,0.8902044536744509,0.8859245285102416,0.20819140547775244,0.026807625227316986,0.7126234416650535,0.837654115104654,0.3511319764310759,0.0680529473930093,0.9287123807866584,0.8945835195389791,0.15599982730059467,0.01838280315630076
1.0010676315333689,0.9092938711936076,0.058642891836955494,0.005849890633882467,0.8635472439944893,0.8795728102792887,0.20212979012865756,0.027674710154241992,0.7118394342643358,0.8374084708855482,0.34497443653331306,0.06698036035154202,0.913759681204298,0.8912922629173529,0.15991381394031892,0.019504117296841747
1.0575649787211647,0.9194674619701442,0.04882961276851246,0.004276793698427855,0.9170400411334889,0.8920219455904614,0.17118257503114162,0.02072142001892377,0.7133478680859024,0.8378808254527156,0.34723130830652316,0.0671847968942499,0.9130861555864467,0.8911419092804199,0.16133151711220842,0.019707569291527824
0.93272740856346,0.8954521782620081,0.05261835991460505,0.0061434156351876145,0.8681635821958744,0.8806942007753785,0.21472748963958307,0.029088683386801397,0.7013078421306899,0.8340796410632191,0.3400571392691197,0.06764630117889506,0.9135318244586489,0.8912414180254157,0.15903464236378967,0.019407067309149317
0.9683653071058319,0.9028888730908138,0.0416787113309373,0.004482795996382702,0.8293509084446545,0.8709799387869761,0.21511504835695605,0.031865437389419785,0.7243918258377623,0.8413054917184662,0.3471549175234501,0.0654834414801801,0.9167886976379174,0.8919661894237905,0.16224902523575296,0.019651395609308123
0.8581765695620589,0.8782567412669029,0.050576637957377456,0.007010893775563925,0.8683969095973498,0.8807506397735777,0.21292257546091425,0.028828682892587644,0.7055155680787357,0.8354161242584649,0.35239539595051894,0.06942480325058384,0.9321735504895801,0.8953327270429183,0.1593150514390484,0.018624441474641935
1.16700813563939,0.9362632600784471,0.055956625511978074,0.0038092842464477897,0.9943504027885037,0.9080100750418842,0.17585979450610972,0.01781624427352356,0.7041869135243611,0.8349950453876915,0.34601444758500477,0.0683765712555308,0.9256811739264919,0.8939235002685837,0.1593608972281218,0.018910394644438916
0.8924625108612839,0.8864489350280513,0.06042813289012406,0.007740636344408138,0.919229565374083,0.892506584267938,0.2005907943254682,0.024159137900521006,0.7195706207125614,0.8398177379052352,0.3515521406644506,0.06705314093073247,0.9230465495908675,0.8933468776549244,0.15755953354040653,0.018810404589345915
1.1021122775008358,0.9267433271445968,0.05,0.0039523712073069595,0.9606145291387708,0.9013127626285504,0.20793087663080798,0.022766929116896265,0.7039781850477349,0.8349288163879445,0.35382467383840693,0.06995357754488761,0.9245513273256055,0.8936765555380105,0.16603570611123827,0.019753777883092963
0.9212261736984212,0.892946853279849,0.03593176198301408,0.00430776834405353,0.791417394479103,0.8608425861534884,0.17003092606507628,0.0274859356701536,0.6977497061563802,0.8329427121184902,0.3499907467072771,0.07019510955301417,0.9079715810977305,0.8899941973880992,0.15340621509111707,0.018961442519825
0.8628950333782793,0.8794136453244719,0.042616823273692504,0.005843674809628042,0.7873655315099151,0.8597211826173602,0.21716500278755238,0.03543433660107234,0.7010532616175063,0.8339985014203962,0.33320618182064415,0.066322332023392,0.9222458767101804,0.8931710936159358,0.15969176667622184,0.019100144322287717
1.0969520550215448,0.9259325652484335,0.05316752644824798,0.004252990383863654,0.8970777125482625,0.8875142238006046,0.206582168927152,0.026182741636765074,0.7157791576352999,0.8386398348719006,0.34869780100896225,0.06709189381542517,0.9009599035960214,0.8884035494895054,0.1577625180781889,0.01981727453840119
1.0596754269249122,0.9198265599167389,0.05296808748047311,0.004616776654421725,0.8873333996926798,0.8852547150267217,0.2026154876143718,0.02626269193675975,0.6888426696568549,0.8300693533424487,0.3373800490961839,0.06906797568349533,0.9123532876936497,0.8909781010901082,0.16324481142602099,0.019974968304021325
1.040317481002862,0.9164773517534075,0.06261466652277142,0.0057063524341911705,0.8405287150985952,0.8738446896616995,0.192799392042593,0.027834084733736005,0.7055609311273712,0.8354304855283995,0.35413743794517594,0.06976071286409027,0.9183560447232203,0.892313465265764,0.15591949061083532,0.01881673906647514
1.078677296472099,0.9229944882886358,0.060551000373008805,0.005051775311252372,0.879519029955099,0.8834142738165954,0.19217963005764474,0.025362281765191546,0.7102078624015152,0.8368963087060699,0.3412481378164568,0.06650624497447992,0.9191975139998917,0.8924995036980211,0.15875529477993625,0.019121885120044292
0.9157173452835194,0.8917282447318926,0.043556802244039274,0.005288574698276912,0.8571241905608344,0.8779974115319382,0.16035680224403928,0.02228246313175174,0.707075677068081,0.8359094540346966,0.3383203366058906,0.06641289732622346,0.9240996449973903,0.8935776920327362,0.15265750350631135,0.01818103114761638
1.0105855979831928,0.9110853234962223,0.041920704128523355,0.004091127087960043,0.8197586103205521,0.868477524787914,0.19556210876723235,0.029615979537343483,0.7174632264715872,0.8391638898885837,0.33611191518616346,0.0644199942967258,0.92352005835611,0.8934507144208566,0.1610883959908818,0.019210744622935802
0.9454993180468904,0.8981734783232148,0.05206640392606489,0.005902802672271544,0.9136491093978895,0.891267592076543,0.18477624119860772,0.022542237383230974,0.7056153390713583,0.835447708951089,0.3521217937174756,0.06935496652113608,0.9189695081160532,0.8924491223611781,0.16208466204249286,0.01953315569221547
0.9950570150008449,0.9081458874515201,0.06388354131704216,0.006461479455242606,0.8992437584035728,0.8880111785032216,0.19519678810354524,0.024616647615312764,0.7086928060880238,0.8364195592759689,0.34253522157238425,0.066990378078697,0.9340730588488371,0.8957418946892349,0.15592604955941597,0.018148703987209556
1.0872290475669746,0.9243824432733735,0.06151217619007258,0.005031900493436204,0.902931914151013,0.8888529355368017,0.20507255751292564,0.02564340157773869,0.7202759800010212,0.8400361043086575,0.33246418964432767,0.06330950143760844,0.9160497452263839,0.8918021191575233,0.15699233160991583,0.019047092649610443
0.8154054870381127,0.8673283699205436,0.04503433049906249,0.006888715098060213,0.8945573939671365,0.8869335655530607,0.16251568141656586,0.02071752536282441,0.7092839293444222,0.8366057038587327,0.33659401880421047,0.0657389048798085,0.9111429232409652,0.8907070907734295,0.15912309968210003,0.019524966927461078
0.8364894655085455,0.8728158073340768,0.06109693848729774,0.008902869002339562,0.7186256827165612,0.8395248243158658,0.20829313153726395,0.03981523346195254,0.7050654543020421,0.8352735703609842,0.3375369159818239,0.06656651546752622,0.9153669451760831,0.8916503218727367,0.1616801375635791,0.019646705030950177
1.1374054817082633,0.9320727067460832,0.05928048736527162,0.004320224184606336,0.9095693780783233,0.8903538778770018,0.19819265707797123,0.024407212482377465,0.7142597983330754,0.8381658523014053,0.3417166828881439,0.06597909945597177,0.9212162714642903,0.8929446736747308,0.15776513103348833,0.018914495022444407
0.9160832325442997,0.8918095591104591,0.04706853651472061,0.005710149286393039,0.7437790471724416,0.8471750954881866,0.18542330437638407,0.0334491640942967,0.7131568176295339,0.8378210607238048,0.33869595659422486,0.06556215109958373,0.9269984426271081,0.8942107705307483,0.15615314265383712,0.018473631927679347
1.090498707493951,0.9249070153673138,0.047730665598601806,0.003875241595913578,0.853241261096338,0.8770364526817328,0.17569135959801924,0.024632536929661074,0.713344931997721,0.8378799071150203,0.34629196402563356,0.06700349882653413,0.9193764389579033,0.8925390253270032,0.15597919094086804,0.018779768067922965
0.98114922621417,0.905439411161789,0.06548458410283936,0.0068389565952783156,0.8801310253643194,0.8835593309167192,0.19162064793165876,0.025252901163054103,0.7168026930494468,0.8389585067257945,0.3485680364632138,0.06690905050688102,0.9228884415697182,0.8933121859630111,0.15147745157798015,0.018090873984134483
0.9404740836196388,0.8971103300907701,0.05174351163059936,0.005934468317935983,0.8741024588581678,0.8821235716280695,0.2112984910980003,0.028235399497421005,0.7150582744508871,0.8384150865336238,0.33641227733650536,0.06483560421985052,0.9028063176120648,0.8888243615982312,0.14882672484047227,0.01861549577200159
0.8781287821479036,0.8830841698836627,0.04022597285702332,0.005325713187040494,1.004111309377299,0.9098702520128202,0.19969604931961635,0.01978145187118266,0.7056602621756495,0.8354619287542385,0.338151916540209,0.06659652848400531,0.8959369388957367,0.8872517232954478,0.15553047761416808,0.01976416936210799
0.9336492197061835,0.8956507193904412,0.06742955967073568,0.007855993291948986,0.8798222069653171,0.8834861533922154,0.16645142452861972,0.021951555970300646,0.7204346677822924,0.84008519793808,0.34199467696834257,0.06510055314372269,0.9331397380093084,0.8955410276348085,0.16466135860837536,0.019206664773265172
1.158238483784206,0.9350475953687505,0.05206371341640104,0.0036165681802474256,1.0386458797349005,0.9161822508226507,0.2077613372935381,0.0190072309765706,0.7169128146462201,0.8389927621328298,0.3447913648217908,0.06616732324279494,0.9160790939014163,0.8918086396431826,0.15162724572587655,0.018394930541156956
1.0507395609338017,0.9182960323497192,0.05282773613025403,0.004700266027263059,0.8347617782316928,0.8723735443642382,0.21723423090283614,0.03178092127162656,0.7234238173124058,0.8410076806565714,0.3497338667204536,0.06611711153389209,0.906397490198048,0.8896388426499824,0.1528804025055748,0.01896506463948299
0.967342361286942,0.9026821524972778,0.054291582596802064,0.005853156552636026,0.7627590277431798,0.8527478613302173,0.20979535639961322,0.03622737307677564,0.7186450534945796,0.8395308332518661,0.3386934240948195,0.06473836266030582,0.9064226079261476,0.8896445209225995,0.1561650101789641,0.019371405216495524
1.1593312273052243,0.9352002421025881,0.05783059917176135,0.004007065713506656,0.9141914527737893,0.8913885529582363,0.18810240207470585,0.022919381243526778,0.7141895175931879,0.8381439002097107,0.34595628689748376,0.06680849825566545,0.9178240573087524,0.8921957034219045,0.16962683602792453,0.020496065682251974
0.9296900632322584,0.8947956275747595,0.05726475521484133,0.006732825294186025,0.8316465688497482,0.8715727779818455,0.20288406335483436,0.029895193272040637,0.7118117551019199,0.8373997930136055,0.346607679578535,0.06730176065571111,0.9332720427261904,0.8955695227174252,0.15643735999009378,0.018241831319829475
0.8147698337631843,0.8671598578272202,0.05575691443241322,0.008541396806438742,0.8817791809560014,0.8839492029478018,0.21231501332288932,0.027874143039104467,0.7164677279070123,0.8388542732770211,0.3443553736408276,0.06615141473802658,0.9267069438095128,0.8941472595604972,0.15540578781629127,0.01839756074251136
0.9779585063257394,0.9048085009672513,0.055421654088462315,0.005830703763189044,0.8885611725046877,0.8855415709099485,0.18619507247620834,0.0240661717078241,0.6997447660213136,0.8335809575046681,0.34086067897455824,0.06805062820660344,0.9311074287787264,0.8951024560127109,0.15854636466928848,0.018580134765807537
1.1298103636831194,0.9309570585499516,0.05420063467746348,0.004019703392571446,0.8513916375006357,0.8765764182349894,0.16680117087049298,0.023485913518968126,0.7101685542854579,0.8368839535964433,0.3479418577082308,0.0678169296516868,0.9128949162380382,0.8910991849439638,0.1523339898962266,0.01861666573231158
0.9652767954426098,0.9022635384222917,0.06684563819002441,0.007240962169457533,0.8432432737075684,0.8745321373390984,0.1994689558163111,0.028617522998780565,0.7102876545943823,0.8369213862297672,0.3434356662098302,0.06692027863818908,0.9024982515770885,0.8887542475777631,0.15113987098697,0.018918242826709113
1.2474069334927356,0.9464580206220581,0.05642733794289693,0.0031921451333943467,1.0104441818614047,0.9110589416460697,0.19472107134812672,0.019009415722568666,0.7132283493108588,0.8378434394666292,0.3459356890797027,0.06695253416630757,0.9320061269734599,0.8952965949013322,0.1582245216952091,0.018504087121455216
1.0187072829519193,0.9125886587234808,0.05862148393041028,0.005614996952893023,0.9092950566642682,0.890292198722502,0.19841742994959624,0.024450332156271206,0.7101685269038474,0.8368839449897443,0.3436986251874334,0.0669898905202557,0.9108350587999255,0.8906380632331564,0.1589818980001084,0.019521474540448724
1.1470199678819446,0.9334610085390637,0.04149872749131772,0.002958113353343091,0.9525000083786499,0.8996383168919606,0.21600751237378074,0.024097325668284895,0.7142542785557138,0.8381641282935335,0.3373988182732693,0.06514622855449101,0.9236266514589196,0.8934740771727103,0.1543962331066387,0.018408145947319682
0.9432198003003222,0.8976924314499196,0.05117486745398371,0.005832260668203928,0.9902713335565441,0.9072225361855804,0.20199413177084144,0.02065700806980487,0.6932665058097288,0.8315013412344826,0.3409747657261656,0.06909644981744352,0.9120606530915271,0.8909126319630277,0.15465293711310668,0.018936404383091434
1.1834242203205827,0.9384820639117708,0.046932467899222945,0.00307644511462789,0.8868385414030993,0.8851389199013733,0.19108731366532714,0.024796667220542253,0.7099518242468679,0.8368158186789599,0.33552904366691844,0.06543020707549901,0.9405809396888902,0.8971330386761456,0.1620739040686012,0.018583698629617982
0.9728947207588186,0.9037994906513892,0.06399396939104843,0.006811524585194579,0.8507828346728171,0.8764246749336266,0.21526701017665262,0.030352512337310414,0.6980635275498766,0.8330432371698144,0.337933026837564,0.06772782215469174,0.9118080013260543,0.8908560801711852,0.16100055747021372,0.019725107487111544
1.104484168034505,0.9271132446643753,0.0561409465687052,0.0044136263400539845,0.9170332157638895,0.8920204318355156,0.19835187050857908,0.024010603970205314,0.7101448004385499,0.8368764870534291,0.3384272403771621,0.06596605494498947,0.9333000199084681,0.8955755474137707,0.1672612412572963,0.01950272493216785
0.952768988509147,0.8996942236454794,0.05590842748256662,0.006233160196001263,0.9441878715173336,0.8978969691271201,0.18466763969223562,0.02099920855624224,0.6997516942205834,0.8335831705206581,0.3418112690776078,0.06823931875289223,0.9135518209820268,0.8912458809675705,0.15663684523487756,0.01911358299131142
0.9880650327248963,0.9067940516092123,0.058346850561380295,0.005997253215918391,0.9060571276605542,0.8895618729062398,0.21353066975977092,0.026509597548624773,0.7073837447729507,0.8360067290191597,0.34152220601161726,0.06699389099672416,0.9271258347595083,0.8942385158308623,0.1623675840258081,0.019203195079974172
0.8385230209528126,0.8733346900139368,0.05689230421516556,0.008251454375550285,0.8882737121864759,0.885474464941013,0.18320714204994915,0.023695653348169674,0.7121599673864085,0.837508936098873,0.3450943609447395,0.0669542108020807,0.9314175013343233,0.8951694744928456,0.1612860210193242,0.018887706542934462
0.9251620810459424,0.8938101076523288,0.07186913987483337,0.008538476082435242,0.8134668701015444,0.8668138747768861,0.2140846343281896,0.032894146881668154,0.707496339975004,0.8360422703381585,0.34504642913625994,0.06766766604543122,0.9126831707182907,0.8910518622011662,0.15665032421318995,0.019153499176187774
0.9172423143188563,0.8920667979963127,0.041407960781839975,0.005010043873021227,0.8503084752576145,0.8763063304209684,0.19753940289630437,0.027883369984280097,0.708090323150735,0.8362296620330818,0.3426001856374303,0.06709609899863991,0.9168363421181533,0.8919767604632614,0.15384476745757825,0.0186314385118202
1.1253784563750944,0.9302982402100781,0.05644914822570604,0.004229401712170666,0.8777519913315414,0.8829945641594298,0.19969211613560472,0.026461162990980194,0.7087968927509981,0.8364523485129421,0.3474899541569981,0.06794310042736773,0.8991150196466502,0.8879816957485234,0.15222593242401947,0.01920320080344054
1.0497554250160703,0.9181258524375019,0.05138996191328156,0.004582715227709572,0.9081024696861151,0.8900237005930157,0.1738683545905113,0.02148414498299917,0.7037282567451606,0.8348494867361007,0.34367502947993334,0.06798603630517437,0.9096501419009647,0.8903720312344668,0.15137098632402174,0.018637707810442085
0.8194425492386479,0.8683943748888454,0.05565813297166401,0.008435019380673902,0.9023382790563652,0.8887178235143423,0.1781959952284716,0.02231308708498313,0.7074907437522756,0.8360405040047139,0.3361264231217702,0.06591919728979183,0.9225611218852087,0.8932403346638479,0.16242667579792175,0.01941316001630803
0.8951500148984587,0.8870703347041622,0.05171387628592227,0.0065835035979049114,0.8590807558507098,0.8784791736339183,0.16827669247286228,0.023277868549647425,0.7120673295379,0.8374799056102145,0.3411156334268827,0.06619638820106909,0.9413766610185802,0.8973020023859412,0.15893472756989876,0.018190395462579313
0.9082368623676784,0.8900539864289518,0.05401071443029548,0.0066718006236459815,0.8716932727854012,0.8815455249682641,0.22456672229294206,0.030175336888886965,0.7068762665072328,0.8358464637426111,0.34884421794104814,0.06851020428029242,0.9171447160198082,0.8920451584256844,0.15547394036443457,0.018815375480091677
0.9247914884479799,0.8937290886645896,0.04198383497884022,0.0049921843891457575,0.9832557434798375,0.905853884117014,0.2013113810610265,0.020922452221319995,0.7111448535864439,0.837190595594787,0.3426833752418016,0.06664202454764559,0.9262981428857974,0.8940581344998086,0.15459999680262368,0.01831940389061701
0.8942073540970825,0.8868527130573177,0.04608375321709501,0.005879501265407306,0.8544836484971685,0.8773446283074374,0.181301428208939,0.025346475430368047,0.7046579033095208,0.8351444108774756,0.3319566281219415,0.0655274761818386,0.9243098829307371,0.893623718645311,0.15923940624207053,0.01895573665707894
0.9050112451537992,0.8893250622734207,0.06319166070959978,0.007864090882579758,0.8081445097444737,0.8653926719592736,0.21319437532236027,0.03316127596791719,0.7135500850587077,0.8379440639587361,0.33313049143539675,0.06442646464777384,0.9255653041112071,0.8938981984823519,0.16540361767393882,0.019632685066976
0.8085628520338686,0.865504841904678,0.04904770501421673,0.007621770001404934,0.9493333821295228,0.8989780586983339,0.19187164327300626,0.021561422658352335,0.7106597003181359,0.8370382737981557,0.34850385882565327,0.06784969361619349,0.91584539282878,0.8917567079818112,0.15675407320485626,0.019027136851433573
1.077622454395087,0.9228216777353389,0.05676864822382184,0.004747730935297599,0.870942396582338,0.8813648630044576,0.19597131584147845,0.026378500979489263,0.7033395077975702,0.8347260332977425,0.34353300336405124,0.06801879885644427,0.9255300527734738,0.8938904998071703,0.1561069681971093,0.018530717549393935
1.0407343681769223,0.9165508008727375,0.0551832571592043,0.005024269915845912,0.9107653936474261,0.8906224380204141,0.21056271244472777,0.02585925881477181,0.7162580433278926,0.8387889965237477,0.3418284944553193,0.06569770804850848,0.9161306047374479,0.8918200831296865,0.15962102901524758,0.019362413984920702
0.9806767965135905,0.9053462330329864,0.04730181824713611,0.004945395604597741,0.7711734250215865,0.8551641532123142,0.20252417069698725,0.034300735885253404,0.6933197610556312,0.8315185211028147,0.3431475568847755,0.06952822624711505,0.9342293177859474,0.8957754909877393,0.1611768985167522,0.01875311758474691
0.9978647548330499,0.9086837617728899,0.06254400982670533,0.006285226985756983,0.8457218408176863,0.8751570166645493,0.21396481013626456,0.03052252877777399,0.7094891133450519,0.8366702763922569,0.3412125452471637,0.06660945449983426,0.9241948220243457,0.8935985309598176,0.15662661444354706,0.018649652265747812
0.9256798589519579,0.8939232131554337,0.04249355081148057,0.005042468150913097,0.9104359578794871,0.8905485222695022,0.1802026275224057,0.022147522992887483,0.7127707428335947,0.8377002339211357,0.3445344961056606,0.06675164439468498,0.9318132592352822,0.8952549579182415,0.16199594203291062,0.01895356358010916
1.0238715616547636,0.9135325839803169,0.05823854595710246,0.005512377631581787,0.9372500062377059,0.8964230733915365,0.17845939827064183,0.020620035947239983,0.70341135005949,0.8347488535293244,0.3431098442486566,0.06792377717889686,0.901676839223515,0.8885671098459457,0.15186437904039715,0.019044916788396767
0.8205261160663206,0.8686792559786636,0.0601423487544484,0.009091892008779422,0.9212320659531622,0.8929481502200033,0.21533852876255688,0.025816042988895976,0.7045586709466513,0.8351129502389668,0.3410356322356863,0.0673350344365276,0.9234301917556059,0.8934310142268727,0.15662867696743096,0.018682762274432635
0.8479138578420482,0.8757074278305966,0.041080100063766126,0.005830658893177387,0.909122792294992,0.8902534507967356,0.1848080550439897,0.02278232820989722,0.7190115262939536,0.8396444811076132,0.3364532656728664,0.06425593118749479,0.8977581254728765,0.8876705376637205,0.15354704646900655,0.019430471601076495
0.9068115775042046,0.8897324211848707,0.06446327303700715,0.007989153672542663,0.7882634699187554,0.8599703486967781,0.2111111111111111,0.03437538901186926,0.7123662997049458,0.8375735806965986,0.33916123103131374,0.06577182661030617,0.9192439707584308,0.8925097664731055,0.15809293255329165,0.01904006754599135
0.6756550971237683,0.8257431422438712,0.043027286644310325,0.00908006301818659,0.7440964387707378,0.8472696904993069,0.19002286135526456,0.034253851816525696,0.7087735605199118,0.8364449988855001,0.34507757258084576,0.06747504359910107,0.9250048041876159,0.8937757304212803,0.15705818904599633,0.018666194264308038
0.9322982969100764,0.8953596417608942,0.04651466384568637,0.005436151978674972,0.8840840228865576,0.8844925123389755,0.20306331450178938,0.026518407976339167,0.7084568003075497,0.8363451934721714,0.34342208917598865,0.06720033306839257,0.9246176242559971,0.893691059692343,0.15433388102365572,0.01835877305390193
0.9928291282571866,0.9077170701239918,0.05494966537062755,0.005586450098834281,0.9065847474060357,0.8896811690421853,0.20332183874521276,0.025211534580093644,0.6914460612978832,0.8309132349778936,0.34153958677815743,0.0695016295616498,0.905763961135966,0.8894955384053562,0.16050094566731804,0.019939471105380125
1.0566291967058674,0.9193077672072835,0.05299187789295479,0.0046513617088773775,0.9353291241313016,0.8960116832430165,0.185917202430138,0.021576969696313505,0.7114446681985254,0.837284669941804,0.3459251745010178,0.0672260354991146,0.9337493102138332,0.8956722569810768,0.16303556752859086,0.01899035351323435
1.0635626909412907,0.9204841638233634,0.051895087280158785,0.004482946497853294,0.9348341999031031,0.8959054528918491,0.20261037041731073,0.02354113894488222,0.7098020958861369,0.8367687341612475,0.34334495861745873,0.06697744541167563,0.9285970770628118,0.8945584795620483,0.15743244925348476,0.018556547386018845
1.110341552565079,0.9280193938272714,0.05959654440395509,0.004622527740831969,0.9908680887026511,0.9073381274928444,0.20489277889407304,0.020924667420271242,0.7128424900507295,0.837722693574575,0.3435139461226714,0.06654292443540359,0.919462001391227,0.8925579201669999,0.15864636901315715,0.019097131356515216
0.8056111649529842,0.8647117186624035,0.04794539424728762,0.007501286088504413,0.9121324039760721,0.8909286874868773,0.18845139775660755,0.023071028677083088,0.7076654013020421,0.8360956238831491,0.34116193398436423,0.06687983090357673,0.9129386365141456,0.8911089536864727,0.15481429083259074,0.01891787759881357
0.9319741716186206,0.895289697274365,0.05736012840744601,0.006708662490153005,0.8837441744275139,0.8844125407069399,0.19108486732656327,0.024973655739858745,0.7156237489763992,0.838591404774281,0.3409528354768342,0.06562518754572061,0.9286350352895386,0.8945667233540185,0.16159212626432035,0.01904518344742421
0.8745591666194037,0.8822328756021987,0.05038939512006162,0.006726358003133417,0.7812058606473825,0.8580019405195861,0.1528865686835337,0.025302502300325776,0.7114269912641794,0.8372791245758605,0.34205962767610615,0.06647752276268315,0.9339396558537713,0.8957132049383636,0.15620622401592713,0.01818689998259213
0.7813844246107731,0.858052026509012,0.06891183200181784,0.011400118640832454,0.8218037874632196,0.8690144965235541,0.19822444603931327,0.029878130882360097,0.719920004420066,0.8399259308818869,0.3462937673376365,0.06599707237253005,0.9388992381819783,0.8967751357957917,0.15427656075287807,0.017758272278006727
1.0424851533388644,0.9168586216948709,0.04926241118417265,0.004467149751959453,0.9171891900392657,0.8920550197127038,0.20815320658244757,0.025188013390156354,0.710075075494771,0.836854568833441,0.3469465780715594,0.06763749781536103,0.9129842876931914,0.8911191530438883,0.15792807213514976,0.019296344594867107
1.0292985739012745,0.9145145781822605,0.05374429806587707,0.00502381711573348,0.8917575697156608,0.8862854470220973,0.18575596953594037,0.023833356521569662,0.7115141526539698,0.8373064661788161,0.3384412809953444,0.06576111641342766,0.9166013104527326,0.8919246043848543,0.16250036389368483,0.019690331479898505
1.0836511947120244,0.9238045720516787,0.05881656103773026,0.0048511916635845765,0.9282902212450884,0.8944918155391351,0.20239066152114782,0.0238726289922051,0.7111823299125697,0.8372023571266713,0.3417570701524975,0.06645615003649985,0.9274442652854523,0.8943078401722309,0.16509552166722102,0.019511516593145792
0.9235750642958417,0.8934627710187765,0.07368190847624428,0.008785890816867875,0.9234371116399565,0.8934325312900231,0.20163428769295255,0.024050675223960424,0.7080546549653396,0.8362184141832286,0.3492988099360318,0.06841360109381538,0.9162621353060458,0.8918492987250666,0.15950821016566127,0.019342869712614674
1.0226635637882466,0.9133126167771755,0.05606084066576456,0.005321034100826941,0.9447802852285287,0.8980219576705364,0.19683454399795342,0.022352239038556123,0.7132925357756844,0.8378635181327351,0.3379830035702825,0.06540370113254591,0.9246418458040117,0.8936963583425596,0.15727868624375313,0.018708028679692037
0.865284011697328,0.8799957655708549,0.04865637804682144,0.0066352266977286216,0.8103472192324779,0.8659823972997419,0.202395147258794,0.03132224456105278,0.7074364236831707,0.8360233581890977,0.3483031922475604,0.06831577998069968,0.9353486800697426,0.896015878753656,0.1628320025702695,0.018896922587581806
0.813832441892965,0.8669110239486434,0.07236058485367422,0.011108863399599956,0.8724102201941795,0.8817178013116306,0.20391895111087138,0.027355670777815158,0.6961191252113661,0.8324196162022535,0.3390865818961449,0.06826396018161028,0.9200459608058416,0.892686798504514,0.15477587051594954,0.018606183274069474
1.007477776353136,0.9105039143209843,0.05145692790503854,0.00505785154367252,0.843401004183574,0.8745719829509652,0.1845382108013272,0.026465816767291768,0.7058944393978795,0.8355360384182423,0.3488652114235907,0.06866939556239793,0.9269627838750485,0.8942030031027461,0.15982289076241887,0.018909332466376105
1.1337040036448285,0.931531099345579,0.05621575687098866,0.004131940495724551,0.9309665897853958,0.8950720028561479,0.17590178231992307,0.020620711690196525,0.7047803169514589,0.835183214273399,0.33755395039917707,0.06661359587130873,0.8995015771412462,0.8880702017690464,0.1581300176666592,0.019930249811815293
0.9460829254944919,0.8982963142111798,0.04826280201846921,0.005464237995994374,0.8532030514005671,0.8770269641786534,0.19103942253066136,0.026786745116957243,0.7087328507311736,0.8364321747100509,0.33393857704603935,0.06530309148709554,0.9314528014216181,0.8951771017878767,0.16386806429693332,0.019188521902211767
0.8452088186736098,0.8750278964100012,0.035394588614639476,0.005055080201467688,0.8240628835022916,0.8696054684087067,0.19856361964252386,0.029773973502877995,0.7109503316907424,0.8371295360447794,0.34248497399539946,0.06663327980980308,0.9241380920084721,0.8935861104050872,0.1571293979029926,0.018711963185041244
1.1490180905994296,0.9337462050654263,0.04657620155602414,0.003304806048992698,0.9302438083039651,0.8949155953447487,0.19927015923798444,0.02339906261328914,0.7166182100060398,0.838901106586774,0.34469524830945975,0.06619376542890189,0.9219069756750247,0.8930966126551518,0.16048998400349015,0.0192106012740173
1.0582848705326209,0.9195901179448808,0.06433285781357218,0.005625329598602934,0.9065717753509409,0.8896782373823465,0.19185190870020585,0.02378999489932654,0.6984982287194021,0.8331824032098044,0.34939190653328034,0.06995433168209836,0.9328354509750282,0.8954754658558627,0.15926676658600888,0.01859044185664514
1.2418360325912619,0.9458042502524168,0.05699439651660677,0.0032658491963894224,0.9053207160058984,0.8893951795066297,0.1980455701702771,0.02462886604618412,0.7194637513025859,0.8397846320446762,0.3388840106095033,0.06465279832733227,0.921645555711247,0.8930391286380575,0.15338291073352223,0.018370941717983553
0.8337288666419341,0.8721085072899794,0.057258336898516136,0.008396723704484632,0.8263730087375036,0.8702074439348136,0.15929161694174868,0.02375854891465953,0.706942606657675,0.8358674215870612,0.3371191821845939,0.06619738869515854,0.9270749791703576,0.894227440535018,0.15986579901375786,0.018909523423350363
1.0193828282067676,0.9127126623160678,0.061067428525041885,0.00584018769020739,0.9057970304444116,0.8895030227108854,0.19162211343542054,0.02380392621020676,0.7056481662440229,0.8354581000472056,0.3443650967242946,0.06782205749066494,0.922546082516732,0.8932370322862301,0.1536133779203882,0.01836043459297848
0.964488812272872,0.9021034206190924,0.057502178281202763,0.006240156540829475,0.8219500994162701,0.8690528400241219,0.21388276401657272,0.03222743109036241,0.7088704900430701,0.8364755298391625,0.3347462524672369,0.06544029277647376,0.9186827773891735,0.8923857354081707,0.15038142148407632,0.0181347431263911
0.8977444529126886,0.8876673984829978,0.056072373087617755,0.007095850938007256,0.8360054143750781,0.8726920294298304,0.20148707477751665,0.029392855349904535,0.6900101078172832,0.8304481884660183,0.3394890644935402,0.06931315725690435,0.9153268205077345,0.8916413957047575,0.15912289329184692,0.019337745770424797
0.9829001737622576,0.9057840375085856,0.057940025370588594,0.006026685204214842,0.8320183312053702,0.8716685643495123,0.16013888482068223,0.02357645306142527,0.6995245773801093,0.8335106122426441,0.34756579792303655,0.0694244512927183,0.9151672419804066,0.891605889335588,0.16054220057185217,0.019517400303469466
1.0623999220741847,0.9202879778394532,0.044064253988846544,0.0038166865970508798,0.8915781609023407,0.8862438062828151,0.19535663126030434,0.025075522821190938,0.7151643782796162,0.8384481821695913,0.3400294602556826,0.06551672314209535,0.9240623255577867,0.8935695199927721,0.1569028892672775,0.018688249146381283
0.854648195459722,0.8773853945102877,0.043691197898864886,0.006105844737400002,0.8344722258884105,0.8722992948209431,0.20325289175916098,0.029755311922675887,0.694288056120103,0.8318306445760758,0.3398873877925489,0.06871427891542026,0.9192081031942612,0.8925018430356415,0.16375541923761897,0.019723663203983888
1.0235375684700068,0.9134718169609711,0.055931010600864604,0.005298038355392694,0.9543618007698758,0.9000247183435567,0.20082215346119905,0.022307444391180587,0.7186042072223499,0.839518162271057,0.34193988002814985,0.06536504248018178,0.9105033702337146,0.8905636511945678,0.15729717049630812,0.019329362919148177
0.9255140759036368,0.8938870103950165,0.07288692175899486,0.00865237897073103,0.8903485159716737,0.8859580481563987,0.17917440034266133,0.023063618393674573,0.7114557012712726,0.8372881310092324,0.3364595231296402,0.06538484880011097,0.9125667951452825,0.8910258458837066,0.1575305182752713,0.01926628173116937
0.9958561311107845,0.9082992621227757,0.06825889911083621,0.006891331608617554,0.9178468743101597,0.8922007565639521,0.17079670639200006,0.020636337276078796,0.7093457954323277,0.8366251756197816,0.347553362473931,0.06786966399244267,0.9085877394026928,0.8901330232760247,0.1620246353784637,0.019998310789910143
0.9357333205428903,0.8960983687103498,0.06219615172429323,0.007211576150275861,0.8188217658809905,0.8682309282900755,0.1977887614136615,0.03001786810043981,0.7141229187355264,0.8381230959317238,0.33990925365068286,0.06565080703803121,0.9181459152252371,0.8922669640833353,0.15632916380504172,0.018875309853405887
0.796337427525731,0.8621941527091448,0.04991281013390195,0.007977642935245331,0.7639292296002685,0.8530858840322684,0.2043992482697555,0.035200599876394345,0.7114941837568665,0.8373002024746048,0.3422541065071649,0.06650502850277248,0.9228374602910037,0.8933009976517591,0.16132835793924719,0.01926962455862841
0.8052053337129914,0.864602363146692,0.042730756750992145,0.00669168132270795,0.8778363013395996,0.8830146193409779,0.19399246221463856,0.02570091314467469,0.6998941665609716,0.8336286740309822,0.3424110475524888,0.06833663690127666,0.928985359743211,0.8946427802079268,0.15914892458357252,0.018742104220777996
1.0370483723791584,0.9158993453839568,0.045195002784783764,0.004149942172936934,0.8405412613406318,0.873847874331778,0.17618851401221683,0.025435268785156534,0.7182462915407402,0.8394070981172799,0.35934804363280703,0.06874941282043806,0.8913864502811216,0.8861992956084009,0.15768215429060464,0.02024865097182942
0.9726148929067742,0.9037434543986655,0.052273917697160166,0.005567627315126843,0.9170479291958459,0.8920236950099834,0.20985857757737242,0.025402636616073112,0.7130273424687982,0.8377805479839938,0.33814989410398305,0.06547596581565254,0.9159882750168389,0.8917884610124558,0.16350345016055204,0.0198398619685655
0.7382771554924294,0.845527678513423,0.04769344570967453,0.008713277478296639,0.8373624639606765,0.8730387839967922,0.2148816461938492,0.03124905284579247,0.7134596987430794,0.8379158002668535,0.34428404913476196,0.06659738910177307,0.9157305887517845,0.8917311888819158,0.15869945306195643,0.01926836396700656
0.8352286080201194,0.8724931753282368,0.06052190447596888,0.008844717736520286,0.8157053640597518,0.8674078046349126,0.21525773383463093,0.032904356343047114,0.7221489393406083,0.8406147688659434,0.34681196108802503,0.06575747491641502,0.9199142627714194,0.8926577449708479,0.1660013783409415,0.019961695722077708
0.8561140010727557,0.8777480309493384,0.054861178663614174,0.007641016418815618,0.8571542238448309,0.8780048189940625,0.21085279033940138,0.029297133417255445,0.7102278705648678,0.8369025972719453,0.3406410688552924,0.06638487414653535,0.9196038835265338,0.8925892457038193,0.1646378293514432,0.019811882701298307
1.0571701027401086,0.9194001100785776,0.052522400855994335,0.0046044150756520625,0.8157121108073262,0.8674095913238908,0.14686953551449014,0.022450168790749694,0.7085880493002922,0.8363865535980797,0.3342087820856492,0.06537772566953304,0.9249632274222889,0.8937666410243372,0.15815535935248462,0.01879839131695668
0.9736263208111644,0.9039458577480923,0.04901551014474318,0.0052084344915545025,0.9707000075998596,0.9033592104835445,0.20206801929909046,0.0216171072309515,0.70965135994625,0.8367213217484788,0.3519517159290186,0.06868022780291896,0.9142686571177882,0.8914057625219857,0.1623931235632445,0.0197833109975981
1.151623806563549,0.934116418624376,0.06060073774811171,0.004274192763606757,0.8859022452856954,0.8849195516215129,0.2333387380814045,0.03034482236636525,0.708136638212718,0.8362442664149232,0.3431114233854441,0.06718905599051958,0.9130481589358045,0.8911334217088797,0.15728942876316845,0.01921548613671578
1.0467530422412494,0.9176046742715441,0.05640314273559202,0.005064659594827233,0.9712811442452615,0.9034759668278756,0.2112815337128995,0.022572538194196943,0.7115447869787135,0.8373160749622427,0.3372398779836527,0.06552305475815562,0.9238221431609287,0.8935169127236203,0.15954452057894403,0.01901339847892812
0.7628217396985578,0.8527659925139746,0.05245338822799401,0.009056320987027768,0.7696956184739232,0.8547421812577262,0.18683660459312504,0.031751653585734056,0.7125273335611397,0.837624018731715,0.3441310949718393,0.06671086666735054,0.9281726880415565,0.8944662717600728,0.1547014876362459,0.01825247666677285
1.008713741184113,0.9107355472478718,0.039968655546848766,0.003917471076438328,0.9288144748510279,0.8946056864563714,0.19115414754281876,0.02252004482678346,0.7160357692135901,0.838719777210832,0.33969998880555247,0.06532204362490593,0.9168784373318937,0.8919860995120467,0.1593037053621404,0.019290675704208195
0.9286570631018217,0.8945715071076705,0.06017880934330407,0.007092290691923144,0.8638158154890385,0.8796382995279525,0.1817341725021196,0.024866850440657128,0.7108510095654249,0.8370983521629982,0.3390110309125736,0.0659724815224885,0.9210678396915637,0.8929119973112124,0.15785330097479353,0.018931534989030923
1.0669463382799274,0.9210525560084829,0.0555803104567734,0.004764031561709096,0.9015103600229832,0.8885291482915764,0.17664390226158758,0.022160945729308934,0.7146701404909007,0.838293974145505,0.3460492693262524,0.06675254006166487,0.9136535997290528,0.8912685940573998,0.15600361926759845,0.01903185298819996
0.9543906175681938,0.9000306886546541,0.052236065395391856,0.005802028253918218,0.9027390146338248,0.8888090471370295,0.2100051685209869,0.02627186893429226,0.6982224139665029,0.833094114123557,0.34552922934631813,0.06922490645720565,0.9151339181380954,0.8915984734601898,0.1573134571964854,0.019126343766800457
1.0825582817492947,0.9236272456159238,0.05816984958897225,0.004809940001558401,0.8232825428665774,0.8694015906035537,0.19253464120328823,0.028921867830272806,0.6957902691495355,0.8323139596735073,0.3455684388125067,0.069621568270954,0.9187424704569781,0.8923989343351687,0.16375821158057222,0.01974515813442075
1.0343723943079906,0.9154235082268208,0.062446653018847956,0.005769481325142602,0.9218434413686095,0.8930826445059395,0.19080596450215864,0.022842756224817313,0.7023090699918139,0.8343984432273325,0.34160310071234407,0.06779735237464002,0.9091257180285527,0.8902541089906456,0.1586007157222421,0.019551470401403877
1.0357468255648965,0.9156682113326252,0.057360368506431586,0.0052828114101800315,0.9409151925961383,0.8972040439979025,0.1962548043375343,0.022485632300525575,0.7028292016009982,0.834563865082878,0.3445369101013931,0.06829777459607839,0.9148861647923404,0.8915433245480533,0.15712231119766834,0.01911400494245615
0.874293297431421,0.8821692557540526,0.0505596583567941,0.006753218993003339,0.8785435663334495,0.8831827420711627,0.18802616725828608,0.024869939404015336,0.7109317193399157,0.8371236927446682,0.34677964103889275,0.06747173428882035,0.9213534817758035,0.8929748718953363,0.16023818914593732,0.01920492195284676
1.063453981068572,0.9204658406648633,0.04419209039548023,0.0038184803863314716,0.888801604039968,0.8855976719813519,0.1982960451977401,0.025616066894979635,0.7052201596675987,0.8353225777110695,0.3431593220338983,0.06765122133033717,0.9158668747055498,0.891761482470523,0.1564361581920904,0.018987608439657314
0.9405655197187817,0.8971297619653947,0.05616146703096375,0.006439808071009833,0.7321888694540788,0.8436877926825702,0.1821657971849498,0.03375032577534532,0.7206119288634883,0.8401400232100065,0.34321646718850574,0.06530646673522818,0.9198089151267853,0.8926344995412788,0.15574375571089696,0.01873275823846647
0.6949522029823083,0.8320444610563401,0.04348402098708751,0.008777634516130945,0.959895251523981,0.9011653490811011,0.2075638486682062,0.022764413375884376,0.7151791246860525,0.8384527813979564,0.34329923045823024,0.06614449502604303,0.9155427038921456,0.8916894136953863,0.15531084325240468,0.01886509835573585
0.88584947667785,0.88490717742602,0.059391266792444254,0.007724548637145801,0.8249633784549338,0.8698404023456038,0.2027072488805037,0.030332338995485025,0.7126218615229623,0.8376536203175462,0.3416520810128884,0.06621588818823733,0.9306257720987704,0.894998276662067,0.1591457731911895,0.018671075557089918
0.9253066688279574,0.8938417026833466,0.05840552014555608,0.006936609193699965,0.8616382963653386,0.8791064403505469,0.1745391296387417,0.024002391191368013,0.7122359134296896,0.8375327326566582,0.3411413335774525,0.0661756825531892,0.9351784320286635,0.8959793488972636,0.159052054606415,0.01846549063853965
1.0135310978595784,0.9116332172810888,0.06117579082897712,0.005929915357806616,0.9678388182450732,0.9027825273047817,0.18260835937962067,0.01966445146530123,0.7072405870793602,0.8359615315326662,0.3429261013371186,0.06729146059828774,0.9402485016405042,0.8970623758186737,0.15887552831879745,0.01823091667484648
0.936177624943268,0.8961935821743374,0.033009472861500945,0.0038234988513890737,0.8895728991222899,0.88577748045631,0.1575800082053821,0.02032021129918744,0.7104223967806367,0.8369637266882657,0.34100009397225295,0.06642508241088238,0.9393959441091194,0.8968809601986562,0.16588165455341405,0.019072271234766167
0.9561305894293374,0.9003905919863768,0.05871236641568146,0.006495296723217489,0.7878515463009299,0.8598560913487896,0.17656184343520379,0.02877698618016234,0.6973675556623343,0.8328202341714749,0.34054944181345326,0.06836166269668922,0.9146967780760564,0.891501151198495,0.15639898697375446,0.019034310855977492
0.9572688073318718,0.9006254020289501,0.05228811411607111,0.005769446772479458,0.8987467181339095,0.887897312723414,0.20609092719307773,0.026020291345181832,0.7053545058876424,0.8353651262224452,0.3467312008978676,0.06833424774708612,0.9114972722543995,0.8907864934905595,0.15769025379240434,0.01933337077389644
0.9170927071862861,0.8920336254292799,0.05269777330200291,0.00637822092034804,0.9024477199633368,0.888742743186913,0.1902853306478684,0.023820868369330395,0.7174810845862026,0.8391694396662674,0.33957256350005594,0.06508059407334413,0.9166959187749427,0.8919456016594755,0.1587132147252993,0.019227249838920143
0.8433235550663912,0.8745524192377697,0.06679654636057906,0.009581432696178534,0.7958907910594701,0.8620719152406237,0.22039155826621767,0.03526177455892305,0.7044728478043438,0.8350857369755078,0.3448529034360097,0.06810218388830402,0.9191237944976691,0.8924832165339954,0.15095948065975315,0.018185975370234815
0.9599429418301499,0.9011751291155486,0.05011295907362207,0.0054954986551271085,0.8651911998558157,0.879973195573956,0.17726060055628087,0.024178035811118874,0.7130111181135101,0.8377754708126572,0.34189930181075096,0.0662044368665136,0.9219739112729203,0.8931113268476091,0.16406425611625136,0.01963541399692986
1.1527100452389696,0.9342701801327369,0.06038469011074412,0.004248315838525211,0.8715104496734325,0.8815015593932196,0.19674281991794193,0.02644773240889636,0.6944423520594737,0.8318803382103158,0.34372964262448713,0.06946637468249414,0.9318600686013179,0.8952650646364422,0.16441330758065806,0.019234322685607926
1.1047438277530284,0.9271536362377499,0.06901750299133365,0.00542269795680295,0.9145189614413484,0.8914615412088491,0.20907776105204126,0.02545592479662185,0.7185936845961304,0.8395148979009646,0.3435844691319343,0.06568101262544374,0.9328013651865834,0.8954681194579961,0.1576177404816558,0.01839940301761001
1.0778369963503234,0.9228568540495485,0.05868591747956161,0.00490565386982422,0.893587314498007,0.8867093719959945,0.21837926170728478,0.02790127688193773,0.6960289801286279,0.8323906592278324,0.34712401802139015,0.06989654098320017,0.9208021915890762,0.8928534945642026,0.16014753073176521,0.019218436592955215
0.9719002808436603,0.9036002191236333,0.05217887302178873,0.00556665638102061,0.7982955417346271,0.8627289843013047,0.18947650689476506,0.030148091724946,0.7030304285501188,0.834627827439645,0.35070356600703567,0.06948799060913322,0.9126162577435375,0.8910369041509648,0.15408459154084592,0.018842692192331513
0.971378558026032,0.9034955259270379,0.0453553015019054,0.004844506023835554,0.8583610428821982,0.8783021506799348,0.18668235821564672,0.025866772025156144,0.7104352966346512,0.8369677797854147,0.3340529029365613,0.06506987216262733,0.9225175669851026,0.8932307705361174,0.15980721811253082,0.019101999285582847
0.767045205116811,0.8539828280407609,0.04641942900551307,0.007936967260686158,0.9176792318574911,0.8921636249570659,0.20528696934214044,0.024813164309934407,0.708252954274493,0.8362809393723843,0.34812324275244244,0.06815222923631706,0.9048653167792409,0.8892919855817694,0.15127780412322478,0.018832583214022806
0.8932358395186446,0.8866280475146907,0.05518521126280716,0.007056459771057563,0.9145833445661602,0.8914758844994887,0.1753016823346908,0.021340409036196255,0.7049271323891546,0.8352297430248538,0.3465922899239349,0.06837412239361762,0.9205351754934454,0.8927946622081214,0.1649287614046484,0.01980437868462497
0.9454521627936403,0.898163547490141,0.06410829334237575,0.00726878883995302,0.8759040161148505,0.8825542287754494,0.22811800345378153,0.030356768991983016,0.7114204962291379,0.8372770870040989,0.34022442843059536,0.06612185013289505,0.925137368596845,0.8938047067086239,0.15172161353127828,0.018026444844899864
0.8776954221814515,0.882981106142298,0.06088599905505433,0.00806904271369012,0.8945021986111414,0.8869208198331044,0.19870407451571534,0.025334047120786896,0.7112640317333351,0.8372279959699855,0.339341237878822,0.06597396838786777,0.9173452966690212,0.8920896271887032,0.15529057079217945,0.01878450648627311
0.8931230632103735,0.8866019424810919,0.06583127025157462,0.00841994339606361,0.8946506715047929,0.8869551023670501,0.18182728364947026,0.023174393621702778,0.7155782470592859,0.8385772227620809,0.35270051334328467,0.06789344481547635,0.9289820227773029,0.8946420559675411,0.1582535406123712,0.01863680291303185
1.0702852941437517,0.9216097970757837,0.06304754604684717,0.00536269248023176,0.8456458290390838,0.8751378928194606,0.19682575467231778,0.028082521254573854,0.7054425529694921,0.8353930066418749,0.34037919606826433,0.06706878752992936,0.9160772159937716,0.8918082224329886,0.15812611312757852,0.019183435214761728
0.9154141116469112,0.8916608137401568,0.06354576065045778,0.007720980773233356,0.8381027143525368,0.8732275930375665,0.19832205317627452,0.028791765440474872,0.6970935818797384,0.8327323823329785,0.3449746055698825,0.06929366703337991,0.9172166170757002,0.8920611007534298,0.15962341918264844,0.019314345335758865
0.8429958131051417,0.8744696024033326,0.04188317546233649,0.006012343543959013,0.9248244651834047,0.8937363002485308,0.19140054127198916,0.022757193194837762,0.7117057316524558,0.837366549468305,0.3348376184032476,0.06503220994833438,0.9243012054455338,0.8936218192626115,0.16396707262065854,0.019518904429408332
0.9683963278828975,0.9028951357554817,0.05262397710705791,0.0056596208691630095,0.8320002408003353,0.8716639046797396,0.21178905273230333,0.031181949732364884,0.7171920755620312,0.8390796051269527,0.34019850780625854,0.06524396240464182,0.9170039395860269,0.8920139386482107,0.15755823662961008,0.01907379769530123
1.0967026265696647,0.9258931672115143,0.06475146661993254,0.005182591555421166,0.9349032816880698,0.8959202863376551,0.1645018435260891,0.019110299244491636,0.7077538739083976,0.8361235391172267,0.3293115031084928,0.0645435765561433,0.9261411016427641,0.8940238794446712,0.15611441769964793,0.018505546362854973
1.0871764010782066,0.9243739694038713,0.0696066697861925,0.005694747270241741,1.0064527582950462,0.9103114040792251,0.17319667410553596,0.017064233677689524,0.7103788216778905,0.8369500349159753,0.3465328270102944,0.06750960390385713,0.9221643856948868,0.8931531883449189,0.16267277373839176,0.01946034279880254
0.9793446342385191,0.9050830454456336,0.0491162605344552,0.005150870842723504,0.9034046124903924,0.8889604195464301,0.1856305729022792,0.023187017645782064,0.7011297994116811,0.8340228988090946,0.339498150102118,0.06756279581062505,0.9297133168305725,0.8948006678507489,0.15642845174642134,0.018390876587510274
0.9088343358989961,0.8901885405932279,0.05215553889042117,0.006433778441909746,0.8351537746963804,0.872474004800546,0.2134978470824491,0.031206116482925286,0.7129688806446395,0.8377622526222668,0.3343370404392909,0.06474639808134862,0.9321260723623965,0.8953224817729594,0.1642941644423271,0.019208615602896523
1.0614564164012044,0.9201284618088919,0.06482645299708206,0.005627245250268035,0.9388551437587181,0.8967657367291381,0.2077741734554685,0.02391863654561796,0.7124220011646015,0.8375910285941135,0.3371837318800944,0.06537995417806843,0.9290113262359035,0.8946484157110876,0.15952214574510123,0.018784933263482607
0.9425888607134402,0.8975589288545596,0.04689284242248154,0.005352019630559275,0.8693067869104842,0.8809705073013845,0.19478998448166743,0.026318421381264362,0.7089200667380896,0.836491143781462,0.33951814338578934,0.06636558402697851,0.9338618833436485,0.895696475903814,0.1628839323319617,0.018967773813919467
1.0584162905329684,0.9196124910225895,0.05157447230339091,0.0045083591140479716,0.9577797763351308,0.9007306527577802,0.1865440462485046,0.02055898247307823,0.700596402157542,0.8338528119492501,0.33388004857354636,0.06652640660534073,0.9197553363754002,0.8926226754510611,0.15906935248038245,0.019135119414756607
0.8627540144016455,0.8793792073089005,0.06305589101106666,0.008649114619020914,0.8528931535163429,0.8769499848751202,0.21523425289372544,0.030200785142537604,0.7126525572116429,0.8376632317868626,0.3394794779937437,0.06579016392378742,0.9306023658020772,0.8949932116991977,0.1633754545515878,0.01916833730735805
1.0554857629273993,0.9191122437657282,0.05238086641784646,0.004609851280826456,0.8848371212599153,0.8846695567102525,0.21844127827998142,0.028477219845217935,0.7019041921935669,0.8342695847688246,0.33650300795653015,0.06684743667195864,0.9200376864162295,0.8926849733183494,0.15341706569665897,0.01844318767622644
0.9058452962911238,0.8895139455275511,0.051608017276831564,0.00641020440065319,0.8253858918151813,0.8699505095255541,0.1760223286418316,0.02631369704522626,0.7198800699100061,0.8399135674341218,0.34020166790639766,0.06484199503345736,0.9280137614336722,0.8944317231767696,0.15534766027924285,0.018335423911344347
1.1409878501804551,0.9325931010059387,0.05087494626126239,0.0036771903633665975,0.8796765682893193,0.8834516290392184,0.22149231052687846,0.02922012606431146,0.7062897683337392,0.835661086654102,0.33672863586631396,0.06622016867182667,0.9386057006612083,0.8967125517468834,0.16530604353235812,0.01904070527842393
0.9840311413001074,0.9060060390801553,0.058865097713398117,0.006106983237808726,0.8431757364150411,0.8745150728652047,0.20523200158942312,0.02944891810818054,0.710486929452263,0.8369840018564061,0.3426606581656612,0.06673863430068207,0.9119041597881199,0.8908776066357555,0.1503269154354658,0.01841334059493244
0.6814000450082525,0.8276383768303759,0.04697544090984012,0.009782972214673216,0.866331299068756,0.8802501911171234,0.18867847845180868,0.02566794300406998,0.7081101405564556,0.8362359111210739,0.34461300861837335,0.06748721816616951,0.9094269052712123,0.8903218477090836,0.15940716790361512,0.019637262280582796
1.007051789007105,0.9104239542602796,0.048441989250722815,0.004766177146966036,0.9130556093630987,0.891135086007529,0.17791821123326657,0.021735257726616095,0.7063237467345185,0.835671830946239,0.3456218900963447,0.06796377511028769,0.9355689336091209,0.8960631213864406,0.1579944350285046,0.0183262183469479
1.1227168580380742,0.9298997941115946,0.06942732947851639,0.005233757574251166,0.838919941859414,0.8734357571305298,0.1785245169065771,0.025868897776922837,0.7184313851168728,0.8394645419215947,0.35188069025597973,0.06729209511325039,0.9177316960260264,0.892175246604641,0.15579508984792884,0.018828775184013644
0.9895703735832716,0.907086595116668,0.06311986478344364,0.006465404278244199,0.8490090387328137,0.8759816447530602,0.19749695920711466,0.027960914699351948,0.6994258207370139,0.8334790540129043,0.3529982556342112,0.0705255917074233,0.9182790531463337,0.8922964292530045,0.16221473526484798,0.019579935146024113
1.2137766405737311,0.9423954810332725,0.0562984101100693,0.003441275874356178,0.8397250725324388,0.8736405540259973,0.19052860442994973,0.02755720162831629,0.720188165653816,0.8400089317240352,0.3431965393848802,0.06536642515467925,0.9063660415339574,0.8896317328050828,0.157414956742311,0.019528997635270107
1.3208135105745598,0.9544048020795185,0.050760306766472564,0.0024249943299518737,0.9367891854025879,0.8963245120696013,0.2172055393618666,0.025123590810354077,0.7043628375507746,0.8350508490616806,0.34679936280758983,0.06850392464763154,0.9304866045599302,0.8949681585855498,0.15568420887543605,0.018270816654731147
1.0137044167139173,0.9116653612381477,0.04930566039436417,0.00477740833976141,0.8869064240809144,0.8851548102286995,0.200658850886542,0.026034659183970223,0.7130984963398308,0.8378028130193317,0.34216533011268513,0.06624262077442881,0.933951677027681,0.8957157905072296,0.1634396342521344,0.019028550393333468
1.2126734536467716,0.9422574290563338,0.058038611016280474,0.0035566698767615238,0.92691175935599,0.8941918877260124,0.17030853995736012,0.02015230216732714,0.7076166806785416,0.8360802497230158,0.3446368941170087,0.06756862590476334,0.918357110924591,0.8923137011687052,0.1566257978019891,0.01890193151209511
0.9538513245624769,0.899918904505272,0.048161821188761264,0.005356135760079691,0.8499228822551269,0.8762100598932852,0.21232140113688738,0.029996521077731222,0.7071389653822077,0.8359294416394789,0.33296657117294604,0.06535241914746957,0.9343368404576061,0.8957986032370857,0.16348404471636557,0.019016847923558785
1.1328119020489738,0.9313999682451511,0.05727277222604325,0.004218288734535015,0.9295192146568243,0.8947585891810528,0.20406782556315267,0.024002436103662053,0.7086456263250253,0.8364046950304657,0.34549994830368663,0.0675775372203538,0.9145574940296441,0.8914701257097245,0.15448881336731804,0.018807866927296586
1.1830920991268528,0.938437898158211,0.06447739038636185,0.004229756365603215,0.917247195825573,0.892067880227644,0.20204129614006944,0.024445163711518465,0.7079153905622806,0.8361744916448094,0.35526067093550184,0.06960360618048753,0.9276113532655221,0.8943442002517249,0.15826038050718924,0.018696523180054176
1.0869600611570962,0.9243391386255949,0.05695385827413374,0.004661901455372849,0.858542658094928,0.878346842295635,0.19651775082290832,0.02721818281953787,0.707579640583741,0.8360685606660585,0.3311872065488561,0.06493725277181736,0.92370328276861,0.8934908702020213,0.1663972688951975,0.0198354889813038
0.9554986307237403,0.9002600083601533,0.05364404833210987,0.005943235157049975,0.9132894545550185,0.8911873116924818,0.19870567942822917,0.024261677513670036,0.7139084184345322,0.8380560752536034,0.35101352416380316,0.06782900264155799,0.9199780779857234,0.8926718239302033,0.166185537296158,0.019980904660625215
1.0616612263503675,0.9201631132423708,0.06123410908926103,0.0053129065517930115,0.9047804239096142,0.8892727394528316,0.21030161571755535,0.026185579253645133,0.7146333746534499,0.8382824980240127,0.3477826372680097,0.06709258449529547,0.9176621995413621,0.892159851791432,0.1579596183915339,0.01909342661419618
0.996129853270502,0.9083517447633617,0.05707806564998016,0.005758898091251818,0.8589825916672124,0.8784550419246572,0.1938363852826124,0.026819625590664864,0.7060838845356179,0.8355959721773512,0.34176540620216567,0.06724255647579185,0.9191427948751002,0.8924874145760076,0.15870060661035207,0.019117706587650482
0.9624745677922049,0.9016930638245433,0.0679605562261903,0.007409388328927687,0.9580637497842215,0.9007891034604198,0.18275555475925456,0.020128287926221178,0.7093839390730852,0.8366371800362762,0.34132570676067,0.06664768350375774,0.918824069821644,0.8924169747309852,0.15250308504419843,0.018384615842676495
1.1054152672387185,0.927257986933885,0.05948361898656191,0.004666401638499782,0.922375866667484,0.893199649645506,0.210514948768838,0.025171382783561708,0.708186408970141,0.8362599593027863,0.3451254805407974,0.06757570968303962,0.9299659351194564,0.894855409770725,0.15872907615676485,0.018650503184922954
0.9110302436289548,0.8906818308545078,0.05891845524646301,0.00723137874076166,0.8289136464911053,0.8708667548010551,0.21725275048604556,0.03221451794318249,0.710309423589866,0.8369282273688574,0.34213760464974163,0.06666400277764428,0.9094674863240154,0.8903309718149346,0.15358813664048018,0.018918651848963974
0.9548885188346843,0.9001337946123171,0.05053842802940533,0.005607034269532088,0.8538483311527589,0.8771871201985636,0.19250240944003935,0.026951803928328084,0.7009164569704314,0.8339548860556205,0.34419669156233285,0.06853149951559158,0.9180249552253033,0.8922401879028263,0.15520856609539802,0.01874522818527582
0.9672084367649718,0.9026550594987824,0.056062554775264915,0.006045948561984184,0.9103398984901857,0.8905269611035399,0.20257002697503956,0.024902060702143205,0.7157701020535074,0.8386370131972942,0.34579951968494976,0.06653563157029116,0.9148801582319968,0.8915419872056184,0.15431316086001434,0.01877253008280016
1.1122473677922717,0.9283119797162059,0.04315301927321952,0.0033324513617838314,0.8946498415336528,0.8869549107511241,0.2094806982461667,0.02669894934016493,0.7215157829676555,0.8404193405890826,0.3480022553524673,0.0660794280944403,0.9249515828317816,0.8937640951934613,0.1659761361794603,0.019728500057391022
0.9008437211354581,0.88837702408286,0.05528155838769447,0.006946028424071494,0.9002720400037689,0.8882464242912711,0.19983184488253936,0.02514158525762085,0.7053025242340167,0.835348664268272,0.345017784770466,0.06800470455461856,0.9236436353538823,0.8934777992343668,0.15919285543618897,0.018979288933378448
0.9512922225787142,0.8993869406935658,0.05739590366869232,0.006420793096363263,0.7553250247335923,0.8505854401799111,0.18904343911771326,0.03320753084684178,0.7006215820431584,0.833860844314125,0.34118613549403554,0.06797822066981714,0.9163070765379567,0.8918592794909014,0.15408057618726087,0.018682750640727563
1.056351316420465,0.9192602902798024,0.05761679385855658,0.005060550597407365,0.8960140534483183,0.887269484766534,0.21783554881224665,0.027676725138621183,0.7182096910801745,0.8393957371935408,0.34895717747231597,0.06676708941403867,0.9107288391792683,0.89061423842718,0.1574084558074232,0.019332998590842095
0.866259155056065,0.8802326795758246,0.050132283799018997,0.006821161536795215,0.894704240779804,0.8869674693376941,0.19317501451619826,0.02461765679839192,0.7211900540685764,0.8403187264183825,0.35163315703024567,0.06681896830674537,0.9226580811450676,0.8932616230324468,0.16160990851970927,0.019311228527548536
1.187409266116965,0.9390096943466009,0.04301423100842652,0.002793848788191002,0.8996281260941268,0.8880991630757856,0.17353993771798137,0.021866099054932933,0.7038680483675183,0.8348938617125639,0.33943244542350176,0.06712515547590589,0.9321173609914739,0.8953206018565191,0.16694269097503023,0.019518662230582563
0.715130495499892,0.8384376141340482,0.05770794129568866,0.011120007645140234,0.8339426073855802,0.8721633900126198,0.21827523816640737,0.03199350810973368,0.6987305318138255,0.8332567351091786,0.34362311850236527,0.06876252931042023,0.9312980726491846,0.8951436658860435,0.1621773402807499,0.01899730962332027
1.101369158042965,0.9266270757663158,0.05385049556363308,0.004264032893350551,0.9033484318525765,0.8889476497362102,0.19746461066082677,0.02466839201871593,0.7009143829232302,0.8339542247477747,0.3395434944573635,0.06760534462916637,0.9137958114326352,0.8913003232478464,0.15533379992323842,0.018943933262374178
0.8741177615344808,0.8821272354438491,0.055070936562478,0.007358761047718374,0.9312303349153254,0.8951290252302168,0.17132423243845996,0.020071898856017227,0.7047695847519917,0.835179812610924,0.33484964446554005,0.06608155551011445,0.9213740257666984,0.8929793927175034,0.15660322081744538,0.018768374646669944
1.0646662463708778,0.9206699510187684,0.06097640398215084,0.005254066464589962,0.9760744371142347,0.9044341921522356,0.18862216952212843,0.019930504800448803,0.7123775245430299,0.837577096880855,0.3519932088742766,0.06825850309958544,0.9218567217601866,0.8930855643604155,0.15115195368380394,0.01809493565770233
1.090904045326601,0.9249718128360838,0.05177194086687376,0.0041994305289034415,0.8535889715716494,0.8771227696917953,0.19532295142249323,0.027363037553857387,0.6962382383143546,0.8324578723395499,0.3341996205481523,0.06726168056119221,0.9223624233333213,0.8931966967424444,0.156288139761004,0.01868803327120561
0.8723072819075601,0.8816930794645973,0.06927755326718849,0.009295767631799236,0.9162158469002251,0.8918390179261305,0.2136885821820639,0.02591585077823898,0.7092979021709347,0.8366101018358489,0.3358932015806739,0.06559992029723932,0.9239333389604149,0.8935412708413039,0.16029832310728623,0.019098340861417908
1.1706056543627934,0.9367557954994383,0.051862538209869066,0.0035014514863122874,0.9896090116651832,0.9070940930684449,0.19908227725103855,0.02039029871690657,0.7144097876748631,0.8382126932297234,0.3350030979430116,0.06466049657046294,0.9171589052443825,0.8920483047084626,0.1545382007238441,0.01870152173081595
0.8680181459946785,0.8806590098839565,0.04592015269603945,0.006222790464322128,0.9204562439273177,0.8927772655668915,0.1977799995455475,0.02375341889333053,0.7152532758441761,0.8384759066579918,0.3422459042468586,0.06593028964162985,0.9193235939188171,0.8925273540427759,0.1622122747619805,0.019532602890482125
0.8357941924274516,0.872637985110013,0.05529088224270367,0.00806973600465944,0.9250109658617951,0.8937770774110684,0.197735801342985,0.023500350646670262,0.7124885019235233,0.8376118572801085,0.3458954061242645,0.06705887946507202,0.9108861735553881,0.8906495265277449,0.16220585512560567,0.019915001950438334
1.1596601887112068,0.935246129715957,0.05220741305764223,0.003614697720296104,0.9400965368999432,0.8970300599642225,0.20378757437689135,0.023392743733094044,0.7119777040283508,0.8374518151383782,0.3451496391543112,0.06699304525467728,0.9275801236476723,0.8943374052008843,0.1670560031600956,0.01973703735079727
1.2249079135247884,0.9437712010210485,0.05599614654101834,0.0033361857874497766,0.8906855539846064,0.8860364348396912,0.19973610197969172,0.025690408856546706,0.713422597925084,0.8379041977349443,0.3392139674190956,0.06562225172871652,0.9256995938551839,0.8939275220263806,0.156464588355614,0.0185659197116794
1.113862314572388,0.9285590512978241,0.06516699226986844,0.0050137810248252505,0.8193103339989486,0.8683595782443545,0.20198416588210352,0.030620127250096628,0.7150051741734064,0.8383985215754568,0.34799497575642907,0.06707609939587739,0.9126421782994704,0.8910426987713532,0.15963143389267176,0.019519839231259772
0.872781037580946,0.881806820416846,0.0416241879854774,0.005579107590985587,0.9252663163538198,0.8938328857754054,0.20462879498293662,0.024305268911367188,0.7173306641744571,0.8391226885792539,0.33836114409752577,0.06487088466624905,0.9275144027097217,0.8943231041476029,0.16282750211731153,0.01924036727146567
1.0079450739053604,0.9105915544939216,0.05328539845491314,0.0052319446853134385,0.9230625819938906,0.8933503948924831,0.18820386474957262,0.02246807968072387,0.7063153729930471,0.8356691831422783,0.34899271266397636,0.06862794357668575,0.9257233750174059,0.8939327141427676,0.16115242433206947,0.019121126218774598
1.0169756792447258,0.9122700765292096,0.059258792357857915,0.005698717356054671,0.984741390386488,0.9061452165861146,0.20937776467118843,0.021686485118724178,0.7066185770502512,0.835765035393241,0.3264298626134289,0.06414625482349925,0.9236011398496459,0.8934684860265766,0.1623291109605354,0.01935509335028891
0.9609198825352927,0.9013752845639466,0.06035200246066999,0.006603463807596009,0.843310649235977,0.8745491589599259,0.1794050063778395,0.025734984370308123,0.7140836696740566,0.8381108342247221,0.33691954875654745,0.06507925020684768,0.9184302438887284,0.8923298811563509,0.16560897058956567,0.019982674481152558
0.8402216874817438,0.8737667339939951,0.05309564154622029,0.007670738633441237,0.8657403391225664,0.8801066820319645,0.19648521178938133,0.026766373274990676,0.7115838936372012,0.8373283405192979,0.3372916298257827,0.06552720897835919,0.8985926153500069,0.8878619891432994,0.15252014030500893,0.01926347265512699
0.9969922005761791,0.9085169120425737,0.04707382568448325,0.004740097711449459,0.8550767972265267,0.8774915250806617,0.20106962455188668,0.028071761780481288,0.7253565614597455,0.8416018453831214,0.34250025863503675,0.06446208408549373,0.9225074373819893,0.8932285460900242,0.16304802515281958,0.019489832449849063
1.0336712660700806,0.9152984316048333,0.06549327123925625,0.0060607366971760215,0.8961383993540304,0.8872981196922203,0.20365944138159323,0.02586819635558262,0.7134436688142213,0.8379107873123705,0.3501832003561278,0.06774100548845054,0.9289157413350614,0.8946276696251225,0.1622253421452134,0.019107459927844524
1.0623234934996053,0.9202750670991359,0.06576266551197611,0.005697127177258931,0.8202213616027615,0.8685991857806361,0.20212174388659723,0.03057677482654706,0.7075160068381019,0.8360484776606113,0.3449782356024522,0.06765122886084411,0.9104709356033547,0.8905563723261344,0.15538868251327514,0.019096265707801204
1.1698836829015933,0.9366572360697034,0.058765775856986724,0.003974118304908735,0.9244658398147378,0.8936578503784375,0.1919541428772261,0.022841869708507084,0.7168335537118545,0.8389681071128527,0.34163601815782435,0.06557376164357831,0.9285155504212794,0.8945407716317371,0.16068359401571802,0.018943315244789063
0.9381791608714006,0.8966215509389658,0.054306102362204726,0.006261371512736094,0.7650131571351944,0.8533984123996129,0.206332766642806,0.03544500519840582,0.7065456306782202,0.8357419788764463,0.34485057265569075,0.0677774649107607,0.9259883430921705,0.8939905491967356,0.15664146385110952,0.01857455380350026
0.8775660188709369,0.8829503155506812,0.06507475890170428,0.00862673681735921,0.943659602669629,0.8977853994893392,0.18679784379823922,0.021267295047291048,0.7191401635928165,0.8396843577201178,0.33287537502317716,0.06355379739464531,0.9303137286503378,0.8949307348607598,0.1543989688119221,0.018127197513055752
0.8961052318829252,0.8872904823611562,0.06485120529007818,0.008237829901084412,0.7942090617232782,0.8616108347123205,0.2072585422104905,0.033289201458135895,0.7154964004552502,0.8385517103253247,0.346859579145092,0.06678167263951683,0.9242482262336548,0.8936102221904656,0.157997391897766,0.01881055856465626
0.9416274904921922,0.8973552126253015,0.058771435107484137,0.006722623745244305,0.9519986093723303,0.8995340286337052,0.19583607960915683,0.02187228202626747,0.7031890427635785,0.8346782308595695,0.34859016957828526,0.06904402368358967,0.9020829641576324,0.8886596693803502,0.16154670254378753,0.020240215564504418
0.8683638365697026,0.8807426412236471,0.06140748531225067,0.008314908538165236,0.8927474821124992,0.8865149665859507,0.18718720533836222,0.02396230977838426,0.7007309834982289,0.8338957396868535,0.3505702836004932,0.06983033354637003,0.925130514023463,0.8938032085882022,0.16072205701022702,0.019096112656106955
0.9288105497963314,0.8946048343147375,0.0478036957140201,0.005631847981244495,0.8989887079429901,0.8879527622269839,0.1959033084010403,0.02472026160702541,0.7165321685060748,0.8388743299427371,0.34386851519570616,0.06604808723409898,0.9258115573427765,0.8939519649428745,0.15925754185063473,0.018892457361919853
0.7484703073538026,0.8485683891855494,0.040626657158008304,0.007250046329616908,0.8188039403764491,0.8682262324551403,0.18508740651343097,0.028091370624006066,0.7072365780822573,0.8359602656752894,0.34253113171320426,0.06721457723685854,0.9285123818672465,0.8945400833554845,0.1570460072777808,0.018514607835954367
0.9019488374228484,0.8886291081279609,0.05156509085986938,0.006462595143461614,0.9050334473107723,0.889330093942043,0.20372237826131095,0.025351595113739838,0.7134073407266127,0.8378994261597269,0.3432980271395215,0.06641466202286415,0.9295898241754368,0.8947738980675474,0.15886433623227642,0.018682568718099753
1.0692254126150225,0.9214333035600096,0.06181640908897779,0.005270822130196293,0.9289108605601633,0.8946266101877128,0.19719620107384292,0.023226709253479808,0.7060742830459716,0.8355929350268021,0.34242439828346144,0.06737370307611742,0.9068751549247698,0.8897467827267608,0.16405063744048803,0.020328379854444512
0.9215783552821818,0.8930243474423489,0.050732396393802524,0.006077248874102851,0.8171610739939276,0.8677928367057203,0.20302630868618524,0.03093080653604385,0.7038347065328148,0.8348832786628445,0.3303521620989365,0.06533448122206888,0.9216660307487706,0.8930436319057898,0.1659588634359648,0.019876248653465947
0.9936410191866498,0.9078735484650319,0.05055864206655493,0.00513043726837656,0.81444237596298,0.8670729778394031,0.223481842142966,0.03426098672461601,0.7134736079617776,0.8379201499215891,0.351001871615798,0.06789469227354637,0.9199157207773838,0.8926580666553282,0.15679955972683052,0.018855112071899476
0.935867863795776,0.8961272091829359,0.039201940115822356,0.004544014380488058,0.9388191395256369,0.8967580615873397,0.20430588794095617,0.023521322866958932,0.7093339719540175,0.8366214544371032,0.346777434735746,0.06771998568848311,0.9242346098695864,0.8936072414083412,0.16441659511500029,0.01957541781438997
0.9562243565588491,0.9004099544258818,0.06623429175190522,0.007325858739919845,0.8567544622225405,0.8779061893489848,0.20130836499336827,0.02799673324571509,0.7058967266569423,0.8355367621309729,0.34454510711957376,0.06781868432012028,0.9378473243273928,0.8965507056953088,0.1651867005372839,0.019060213204393894
0.9072634697124083,0.8898344638225706,0.05643413868444742,0.006986801927378737,0.9163038775588689,0.8918585690729328,0.21504729421024776,0.026075347503880356,0.7126945039408804,0.8376763654531248,0.3414818400184563,0.0661718244534287,0.9233239958118824,0.8934077302448706,0.16209632548187622,0.019339675119381044
0.9789818405878536,0.9050112569996138,0.054478616384705095,0.005718001020163648,0.9015759404220247,0.8885441036650358,0.18152423281659727,0.022769771350278002,0.6951613791498454,0.8321117586129516,0.33680570379541475,0.06795447452106129,0.926943854840294,0.8941988796494166,0.1549511613641113,0.018333736314201748
0.930943578374499,0.8950670264320629,0.06358942199022326,0.007454891019166555,0.9103124872861215,0.890520807794141,0.195399472588355,0.0240220960916268,0.7040674155199471,0.8349571315928864,0.35576599886757637,0.07032294079914055,0.9202341945223858,0.8927283122054335,0.16497968630511825,0.019824227774346205
1.0305623646821318,0.9147417998344813,0.056978957892958725,0.0053107045049647405,0.9176369543061502,0.892154259005948,0.22261079178403648,0.02690972502891114,0.7007057346686407,0.8338876866831851,0.3447088848002849,0.06866678953228078,0.9224499743389706,0.8932159265171447,0.16011450120299311,0.019141708241588284
0.9902231231638344,0.9072131921966232,0.05978185089396154,0.006114292821952182,0.8511969452099558,0.8765279088590465,0.20040706173394804,0.028230337838203244,0.7183224415147859,0.8394307332793832,0.3487574496795232,0.0667115531255577,0.9225007480826293,0.8932270771072552,0.15238277296750252,0.018215249498407343
1.0397424373464004,0.9163759414705871,0.0551511915784162,0.005032832338569606,0.9216837246966658,0.8930475233678749,0.18773526887388575,0.022483408141079318,0.6943914028413275,0.8318639304429911,0.3377261453412539,0.06826109966575722,0.9156681504651383,0.8917173076359595,0.15856249169307984,0.019254502925367584
0.9171956709457975,0.8920564566671438,0.06237574778275039,0.007547794966769628,0.8627011999178507,0.8793663073853781,0.18273813306221007,0.025068478957695223,0.7164077480559078,0.8388356031741528,0.3472435298069155,0.06671544915504844,0.9116154124323395,0.8908129551524594,0.15118147405114427,0.018530330404225512
1.0241545634554996,0.9135840433403395,0.05816907478394992,0.005502215458014237,0.8920781660439744,0.8863598242616344,0.21131172454465036,0.027092272072276283,0.7175934066921938,0.8392043425301906,0.3385782657019076,0.06487325205489802,0.9271778492389802,0.8942498424513046,0.15604146346995712,0.018452795362919546
0.9170350962592674,0.8920208489003857,0.05839836992041828,0.007069124468762507,0.8303287036380826,0.8712327324646532,0.19740517021079318,0.029176273363243035,0.7027310028335793,0.8345326442467127,0.3357335245043387,0.06656772376784496,0.9365704046862782,0.8962776897637421,0.16241318718098904,0.018795370206845748
1.0598513001108087,0.9198564191016265,0.06529634442623877,0.005689021409453434,0.8704582262586735,0.8812482444741389,0.18350641279168314,0.024728229310992094,0.7105712494220785,0.8370104908281849,0.34228826487372166,0.06665316253305137,0.9147726881678592,0.8915180568738538,0.15070455957963727,0.018338073284232304
1.0907261625972795,0.9249433827601073,0.060508170910472885,0.004910072020150089,0.9339748357939551,0.8957207714405507,0.19930958973523716,0.023203492566846538,0.7150130863168019,0.8384009899041645,0.3498923213348535,0.06744058445626298,0.9073480658446001,0.8898535574389209,0.1592942975550609,0.019717514246337428
1.0577648565107214,0.9195015344808188,0.05680459978268743,0.004973002159827214,0.8801568717222481,0.8835654536527947,0.19410539659543644,0.025578833693304534,0.6922409012038688,0.8311702139450431,0.34341724013038755,0.06975593952483801,0.9179125223154625,0.892215294065574,0.15531963056863454,0.018763498920086392
0.8571886034367762,0.8780132979618632,0.06841479870299881,0.009505204173734882,0.8595762745229656,0.8786009240199982,0.20419712806879745,0.02821456475586163,0.7054918484719656,0.8354086145812907,0.3492280873707978,0.0688045750597087,0.9008158706316742,0.8883706647658434,0.15769216137773928,0.019815007231102348
0.9700915822933969,0.9032368364382438,0.06790998063395001,0.007275151210031369,0.8684306537109877,0.8807588001443291,0.18614005473112374,0.02520050150359247,0.7188643646905304,0.8395988522568627,0.3435135031308824,0.06562653107415437,0.9050639902842892,0.8893370155602934,0.1587247783751048,0.019750620262279247
1.1229656083575195,0.9299371215205187,0.05575788103558947,0.004200883643490175,0.9146808163950465,0.8914975961330212,0.19469010769559947,0.023695346780207772,0.6984989499075032,0.8331826340151965,0.34362964481848657,0.06880051249588096,0.9085762121315456,0.8901304274906451,0.15713037586477427,0.01939473889592258
1.2001990383305607,0.9406746380406824,0.049003646855731456,0.0030905043778985328,0.9309483375701421,0.8950680556679133,0.18192294035280482,0.021327459659573222,0.6988816513855247,0.8333050758357037,0.33913078433080307,0.06783995683586523,0.9200761018186361,0.8926934468557862,0.16164302798453714,0.01943036126668967
1.0879239903005997,0.9244942181301659,0.06423395634080456,0.00524614973354259,0.910692802780187,0.8906061545150973,0.1967424436007885,0.02416602711139472,0.7120762488165574,0.837482700880915,0.33668869095422355,0.06533596054015832,0.9105645228410035,0.8905773736978423,0.1540392056654742,0.01892634479071452
0.8272066598709158,0.8704240965648355,0.04410474257608417,0.0065656636662812995,0.8340934738326746,0.8722021162498841,0.20897664937157154,0.03061993664691524,0.7152491986048277,0.8384746351731842,0.340462872545799,0.0655874219577163,0.934140085978428,0.8957563069628903,0.16655941607678842,0.019383361866374522
1.1387816468639018,0.9322730551037676,0.053946883068978234,0.003919085247539959,0.9666564504903228,0.9025433213605536,0.19708324711428596,0.021281060116074578,0.7041036097651091,0.8349686158797025,0.34259925686678483,0.06771467631719552,0.928120686099877,0.8944549683102316,0.16488155752085001,0.019455903125534028
1.0456108563861313,0.9174056125974858,0.04687478944413251,0.004220155692963522,0.7952591858938549,0.861898899253625,0.19887928130263896,0.0318662057549053,0.708785374411281,0.8364487202816525,0.3387669848399775,0.06623929543253755,0.9287187602391721,0.8945849047820484,0.16627288040426727,0.0195930776679596
0.9884207637651423,0.9068632578140792,0.05267878376082895,0.005410220625352615,0.921438520070704,0.8929935839642706,0.19137987656418096,0.022932835196397865,0.7032955194837611,0.8347120594458383,0.3411403657777023,0.06755190351116354,0.9106301857393178,0.8905921066195792,0.15843949946209163,0.019464052887457586
0.9691588606997896,0.903048967265397,0.055867839519416436,0.005997952419413657,0.8594486518406212,0.8785695768086901,0.20227193170654592,0.027956768496432943,0.7078980632835383,0.836169026139574,0.3426235616933344,0.06713038874316911,0.9174891040768511,0.892121499403503,0.15920008130173105,0.019251039322731655
1.1931330630958654,0.9397601395473831,0.06284182571566413,0.0040282436468549645,0.9684677335095386,0.9029095501914488,0.17849558360048154,0.01919374592608527,0.7073891935647982,0.8360084491040337,0.33828853810187254,0.0663587336624534,0.9214327106758154,0.8929923057400955,0.15320104424515413,0.018358154261247248
0.9462737886652999,0.898336457977205,0.05719219097531765,0.006472364178213582,0.8016603971925169,0.8636439700983847,0.1975061008005331,0.031183159633987833,0.7108811840952416,0.8371078264817713,0.3462620777840812,0.06737887363237448,0.9023227586990278,0.8887142891367987,0.15424219502750988,0.019314365177372297
0.9833756805854659,0.9058774335868266,0.05842361226804571,0.006070335921740953,0.9493098490380618,0.8989731375227279,0.2026751624336173,0.022776693660907284,0.7094202733654856,0.8366486143616488,0.34559620611667835,0.06747590107896126,0.9189325838348716,0.8924409614311439,0.1600213611332355,0.019286142722953082
0.8774216605210949,0.8829159582217609,0.04734425027277443,0.006278350872784462,0.8719313776698597,0.8816027636155453,0.1973657144901354,0.026505764406684198,0.7133533726123577,0.8378825471247606,0.343854526266836,0.06653058969815391,0.9300601440593234,0.8948758182388338,0.1641654891158531,0.019285092260834528
1.1905566762339606,0.9394234257306533,0.05780171297412677,0.003727211460741845,0.8697165616659717,0.8810694128655331,0.21742178638730364,0.029348539778230917,0.7095277223238305,0.8366824245541873,0.3284391215425698,0.06411020410816715,0.9119697025437702,0.890892277195738,0.15533093981369844,0.019023405587783416
1.221223271274307,0.9433192699991905,0.05448318804483188,0.0032737027317963105,0.9297575751459238,0.8948102603633126,0.18905779053188226,0.02222475606645541,0.7255537321048593,0.8416623582023486,0.34277257386250837,0.06448405407391716,0.9288023018427073,0.8946030436384388,0.16374510440919018,0.019291501126179677
0.943755696689032,0.8978057024464432,0.048401543569470726,0.005509389985061941,0.7853734489367094,0.8591670813139698,0.18881114171610983,0.030949537926493496,0.7095337218133869,0.8366843122044837,0.3356230960735059,0.06551158659935433,0.9342235681770896,0.8957742549683066,0.15587672096996147,0.01813667593825458
1.0771996336387737,0.9227523089821026,0.05081916819418669,0.0042542981082123055,0.9801913949175343,0.9052504108092888,0.20050550476472395,0.02098625306333728,0.7028012690693328,0.8345549848309745,0.34065328521170857,0.06753226445666034,0.9272944727882004,0.8942752343899083,0.16157708378399918,0.01910228378702628
1.1497350864529876,0.9338482663335619,0.0535764356847599,0.0037952355130778186,0.8646067350412947,0.8798309810934144,0.20329332380581963,0.027766195777334662,0.7112875122290352,0.8372353637811125,0.3448605696608989,0.0670433997360024,0.930966299275777,0.8950719400321346,0.15585625514440515,0.0182708157352938
0.9297327549910881,0.894804880957476,0.05871708347646085,0.00690290220536878,0.855484119105585,0.877592313057214,0.22133688963128106,0.030872349599887036,0.7167837645092181,0.8389526180519872,0.3353472217544852,0.06437406707484988,0.9256112673829127,0.893908235838596,0.16265348321871906,0.019304212993946503
1.0458748609345003,0.917451662512243,0.05106513898682668,0.004594620620557803,0.9160504414082672,0.8918022738343979,0.1774063876899307,0.021523793242613064,0.7010581121573467,0.8340000476764878,0.34706733079718116,0.0690805240669831,0.9088613599376615,0.8901946231344452,0.1560339910261535,0.01924677002444189
1.157515128601224,0.9349463649704901,0.05187716079711158,0.0036096165633726076,0.9080036507120309,0.8900014267453655,0.19494390379128335,0.0240938392201758,0.7045080244036451,0.8350968913966521,0.3391735894812284,0.06697519753434757,0.9091482283086748,0.8902591729482267,0.16250997290974573,0.020032344931888622
1.0142860159508316,0.9117731482879098,0.0549543076543099,0.005317600722791186,0.8076814465681371,0.8652684189133578,0.2234636369759975,0.034795687057385075,0.7117543380759273,0.8373817906429996,0.33614298223948624,0.06527843149984582,0.9262992139016744,0.8940583680845935,0.15725576486965895,0.018634054501485076
1.1652509807893032,0.9360213910736066,0.05861272488649423,0.004006276607975956,0.8797695498211233,0.8834736717861524,0.2001645635326305,0.026400833858273243,0.711665041533858,0.8373537896686306,0.3462022318079095,0.06724574690717282,0.9277141685358925,0.8943665684396378,0.16261189073525445,0.01920605335332693
1.0669820853677014,0.9210585410034553,0.05781628991100331,0.004955279253335409,0.8617610196998247,0.8791364693551864,0.19659296863024445,0.027027567524327785,0.7018732314322661,0.8342597277338366,0.3374457859570976,0.06703950170472849,0.9134146545091739,0.8912152641126815,0.1539971867307467,0.01879741512570886
1.0233633966711082,0.9134401126529721,0.048943940193212875,0.0046380511330289175,0.8655356830156609,0.8800569485937018,0.20948902961133287,0.028551281241377895,0.7103319132318008,0.8369352947361136,0.3447063431509501,0.06716103216345377,0.9131085727566827,0.8911469164844905,0.15803427298393213,0.019303795588830018
0.851270040400016,0.8765461231184756,0.06539339604375019,0.009210089521962022,0.9084634865924709,0.8901050403921131,0.19185289919353024,0.023686717466784746,0.6973816949235482,0.832824767035396,0.3436502325748945,0.06898186745040284,0.9122995203591282,0.890966074680548,0.1619401204076027,0.019817777013649424
0.9406282288522718,0.8971430869462588,0.044615311487803275,0.005115118514914731,0.9169962581037217,0.8920122349091659,0.20603034411576304,0.024942209906148132,0.7033350637023993,0.834724621576544,0.3446635234574999,0.06824333773767374,0.9136364258147809,0.8912647617944003,0.15510673405779551,0.018923184667495697
0.8880961022187414,0.8854329857900116,0.05901806156194352,0.007636402987155833,0.8043715790829116,0.864377465240586,0.2054264898324934,0.032231822760508,0.7239020990746655,0.8411548822480117,0.3437838754552059,0.06492073140201537,0.9401661707544692,0.8970448689710839,0.15875886061589445,0.018220982987683446
0.9772724624399378,0.9046723564551403,0.06408770132925141,0.006753085251618659,0.9056254813970729,0.8894641925988378,0.20052224610847863,0.02491937118990011,0.7124250684163138,0.8375919893346242,0.3401060249642644,0.06594612130141522,0.9188131824498011,0.8924145678501325,0.15947415219422154,0.019225476811613792
1.0934496654762953,0.9253775833903787,0.06316507996781397,0.005093629883780975,0.943147182010866,0.8976770737594557,0.19744907645989856,0.022506498024125333,0.7078559849932453,0.8361557528671392,0.3455161065755332,0.0677036857786718,0.9032702699717506,0.8889298814708695,0.15336732756516314,0.019162959425970058
0.9097514336233293,0.8903947949410832,0.051983828762348,0.006399069540407389,0.8577650308433393,0.8781553854993235,0.19637731680595422,0.027247476765508198,0.7077022701197635,0.8361072573460118,0.3390074518077198,0.06645183446113041,0.9195200486525432,0.8925707371394542,0.15831469626866349,0.01905465910146286
0.961218921759377,0.9014364794636274,0.048667022066696736,0.005321276804516669,0.8363355836901808,0.8727764689870066,0.2136592078224458,0.03114483469537173,0.7122243673320067,0.8375291150405537,0.34129110451950373,0.0662064957316567,0.9046484020456679,0.8892428028527589,0.15522779775004442,0.019333972389743898
0.8900341067364039,0.8858848820188594,0.07031003325383763,0.00905697557648218,0.8875639381660945,0.8853086255294819,0.20304770862024565,0.026304748551181655,0.7214048609230891,0.8403850837247555,0.341307536416871,0.06482477486134382,0.9202723200577485,0.8927367188190832,0.15745972030947342,0.018918955497389284
0.864571065705874,0.8798222971692775,0.03310469314079422,0.004521874459623033,0.9741658662060404,0.9040536740043709,0.1953226534296029,0.02072940083001902,0.7056084558309359,0.8354455300669248,0.3455550541516246,0.06806264049801142,0.9323059181483718,0.8953612858863335,0.15761281588447654,0.01841982967318001
0.7396400668462099,0.8459371189917673,0.05047108446209042,0.00919184240207714,0.8277971073616499,0.8705773581782472,0.19362629250001126,0.028785065527022393,0.7095603189150836,0.8366926803760957,0.34770669871751586,0.06786607593759496,0.9334973213569616,0.8956180262244366,0.159554259116711,0.01859563787601394
0.9170495713714143,0.8920240592095996,0.05663025610161422,0.006854865759104296,0.8790932525848659,0.8833132622042738,0.20495540005210064,0.027074853338007476,0.7076711284156356,0.8360974310408817,0.34085948096979063,0.06681965822508153,0.9224258179770137,0.8932106210985183,0.15189808036075206,0.01816044421650794
0.8182706014849074,0.8680856674579366,0.05133688644565861,0.007801155305440985,0.898398380028096,0.8878174524933907,0.1534229432731092,0.019386166124581248,0.7179396134017628,0.8393118839498667,0.3339165800735204,0.06392906760405467,0.928416436346156,0.8945192401035387,0.15336484206527448,0.018084619488534962
1.0077995101103738,0.9105642627688503,0.06555414616852637,0.006438736540475247,0.8309216101078385,0.8713858135115803,0.20224959655976554,0.029851492789766003,0.7107738615026983,0.8370741268897586,0.35866239706806574,0.06980909135401166,0.9142966080669247,0.8914119924571344,0.1598406036985283,0.019471100710939344
1.0142580665973624,0.9117679711880287,0.053186610620320304,0.0051468824404399295,0.8943165820340828,0.8868779480282214,0.20703069946824576,0.02640694539431184,0.709783448504906,0.8367628694233028,0.33602305088689094,0.06555195102312225,0.9243067354226036,0.8936230297023291,0.16015489551711257,0.01906485396770216
0.864296513210874,0.8797554374998527,0.06999585756356828,0.009567001135534676,0.9211581947929302,0.8929318894894188,0.19436175919994386,0.02330518884810995,0.700036555663393,0.8336741410055979,0.3365831463955144,0.06715151423522037,0.90698028975148,0.889770528100713,0.1531592302764567,0.01897417428054456
0.9828451200460857,0.9057732188399203,0.05322297307990568,0.005536738482411903,0.9076614496833287,0.8899242639039834,0.18609388459199339,0.02301816251145723,0.7067457625794435,0.8358052293262268,0.34849392619187036,0.06846197928003496,0.9284846077860373,0.8945340500741515,0.16424716657359448,0.01936481170714213
1.0456863631771371,0.9174187855193062,0.05143512421090876,0.004629919390518944,0.9296445576942024,0.8947857635182603,0.17732639992733548,0.02085109367749733,0.7041170192234806,0.8349728704835385,0.3412666333620964,0.0674492009194013,0.9289675256626384,0.8946389095266253,0.15819292429265633,0.018630286287755343
0.7413317508593489,0.8464440929598759,0.05347423079550889,0.00970091714428982,0.9178396140780054,0.8921991487072356,0.21616980573458744,0.0261189322089644,0.7114411267250377,0.8372835589714008,0.33451911908720305,0.0650099478613446,0.929886390244305,0.8948381752542854,0.16074381106379101,0.018890692144694205
0.9955810232364529,0.9082464865654915,0.061420092131256834,0.006204823615475292,0.9031040463431309,0.8888920861673982,0.18128916641124368,0.022660412207350163,0.7228956377626957,0.8408449934228405,0.3405567699022979,0.06446053122473655,0.9077889476560824,0.8899530189389268,0.16079566683297128,0.019883159364713566
0.8458088090020365,0.8751788939575111,0.05634780654945796,0.008036523258424232,0.8454494910849967,0.875088484423903,0.21665561983935291,0.03092576615269773,0.7166227299424834,0.8389025131193967,0.344083581418862,0.066075615910769,0.9358299239827252,0.8961190771829628,0.15973936976914002,0.018517486754098183
0.9068467914450784,0.8897403758856912,0.04425398134075656,0.005484102419580804,0.8083202697463837,0.8654398080359511,0.17686869899455715,0.027499874477868422,0.7102799400448354,0.8369189617948097,0.32660924083289355,0.06364269004995511,0.9186356115537396,0.8923753054110395,0.1585197634412012,0.01911823536938329
1.070823977047022,0.9216993604902541,0.05632380711439595,0.0047848466709741275,0.9371851846581841,0.8964092142272944,0.19649746559809175,0.02270762787863334,0.7077954903688045,0.8361366687889059,0.3420606810809834,0.06703593416068268,0.9192988930295358,0.8925218982552322,0.1663489252509555,0.020031852157583904
1.0019398353583202,0.9094593786578713,0.06392476232664326,0.006363987041118284,0.9272705149001436,0.894270018581852,0.19878920048613713,0.02350294434208858,0.7048769921224749,0.8352138537562404,0.35271521223066526,0.06959005802363566,0.9305080341756639,0.8949727967930299,0.16102952033711565,0.018897200244934735
0.952456931335155,0.899629360879832,0.050661393699713626,0.005652234893029378,0.9093691494452534,0.8903088609379451,0.18997681712805128,0.02340622943391341,0.7050457570299326,0.835267329846402,0.3472953316059821,0.06849410393897873,0.9149049513934872,0.8915475072343002,0.15208191281421882,0.018500037760683576
0.9991056395685314,0.9089205721786191,0.04317551890071594,0.004326452363095637,0.9667740652649249,0.9025671396126425,0.187966649512924,0.020291153439656606,0.7076803275485548,0.8361003337407995,0.3355091501674747,0.06576942445809927,0.9184186365325551,0.8923273132795582,0.16231729006978865,0.019586017891531242
1.0613625438367043,0.9201125750859085,0.052122089785006126,0.00452542400442298,0.8466146735200695,0.8753814570051253,0.21876350673944525,0.031142982584516317,0.7032188450673137,0.8346876998718984,0.34552968697783226,0.06843314850046886,0.933712702658619,0.8956643801807969,0.1650529129998886,0.019226954160365545
0.9759460236530396,0.9044086323385834,0.056897053416552566,0.006013727597810891,0.8106986509691888,0.8660762828928564,0.2133729729973586,0.03299443967979387,0.7099338677559761,0.836810172545435,0.33814994349543337,0.06594402499306919,0.9028041383165073,0.888823865739173,0.1595030304944206,0.01995100606182445
0.985758512229425,0.9063442059128317,0.05597493720650868,0.005784090811034697,0.9024097539518665,0.8887340988867749,0.16769957409631975,0.020995305853014522,0.7067451829453707,0.8358050461647251,0.34137818062684283,0.06706417347634375,0.9294350218748857,0.8947403327314823,0.15440373484765754,0.018164472037898335
0.8468489217504775,0.875440285005364,0.04480117417093254,0.0063744170581802855,0.7870433884589718,0.8596317017764623,0.1726358925561782,0.028189521629244943,0.7075054399660705,0.8360451425318806,0.3434719282929862,0.06735747650783018,0.9057573126873245,0.8894940336628698,0.16135424638289372,0.020045785856163588
0.9221821262395293,0.893157086536532,0.07436062107452292,0.008895305789224154,0.8150633305717394,0.8672376865324773,0.17723391380353662,0.02713210551947093,0.7159059245783599,0.8386793306426983,0.34753557128515683,0.06684875725055747,0.9181234050566631,0.8922619815871123,0.16214988048233667,0.019579122689929302
0.7420443361815519,0.8466572356629756,0.0486238986461846,0.008806542621006157,0.8908105367907333,0.8860654908057571,0.18616875194157928,0.02393846233699948,0.7191714556715235,0.8396940568200799,0.34640025572568917,0.06613125252090526,0.9229260040859896,0.8933204287422308,0.15644964500051775,0.01868308449587842
1.0311738565434625,0.9148515455176087,0.0571609194886947,0.005320168037209786,0.8760442286182131,0.8825876889018293,0.21608522352793483,0.02874622636097259,0.6962467246114127,0.8324605976588282,0.3349309755780431,0.06740755734470034,0.9161072255494859,0.8918148894141037,0.15718244058160755,0.01906763378626022
1.0808810771021338,0.9233543808340631,0.05471717598038776,0.00454195260138374,0.9396287929194722,0.896930536139305,0.21481424940956725,0.024685066038205423,0.7041808538113545,0.8349931229571464,0.347318133244731,0.06863515271132117,0.9170780474074215,0.8920303744170824,0.15957174543593244,0.019314254427254096
1.0248780725021456,0.9137154758719185,0.04914054094628068,0.004640468836209896,0.8919515417315174,0.8863304529277289,0.2025557448531402,0.025977240992102465,0.7082426363964487,0.8362776865451967,0.3443886661040813,0.06742271143823791,0.9320209068129526,0.895299785023408,0.15739121138575687,0.01840600650550152
1.0067742175193501,0.9103718179818918,0.06392013034409666,0.006293082632766488,0.9122458778482351,0.890954075030679,0.1897717848418493,0.02322660661319257,0.710067886777129,0.8368523089062708,0.34878570734496217,0.06799716298111697,0.9166730282620702,0.8919405216911824,0.15833372879479166,0.019182288186452425
0.9778250003592711,0.9047820205242534,0.04762316827399319,0.005011794837231246,0.9173378011910371,0.892087965729648,0.2222460063533993,0.026884140998854215,0.7127684554458652,0.8376995178391,0.3425393102348936,0.06636543775695895,0.9457023097443518,0.8982162182991549,0.1643685882473499,0.01862586776302487
0.9496465847737693,0.8990435345187474,0.05599555716746758,0.006287919680449098,0.9158214629318868,0.8917513891866169,0.1752674766524617,0.021275504696102773,0.6991390706375835,0.8333873943099861,0.3464049324508115,0.06925402137536435,0.9137109656186009,0.8912813940754669,0.15813763713845316,0.01928964698261902
1.0234902361341085,0.913463202146395,0.07946912279355853,0.007528495289827075,0.9526354306265055,0.8996664674797444,0.2017820758995557,0.022503348969965455,0.7176825281695074,0.8392320316960684,0.34118246986062445,0.06535881666665766,0.9274749762890905,0.8943145240330759,0.1619730545069733,0.019141139833208056
0.9586589245908911,0.9009115098770677,0.054941675721109494,0.006042866177579823,0.8405366669568086,0.8738467081262725,0.20573516381138512,0.029701053889232453,0.7181996286671358,0.8393926136679274,0.33463398411429324,0.06402807064459935,0.9127906456983547,0.8910758839060434,0.15546763065162375,0.019004188706935547
1.0271869520855663,0.9141336967121569,0.0497563240777058,0.004673705420892928,0.9366154706553406,0.8962873360758989,0.20239979081289927,0.023420415125790617,0.7090778016036018,0.8365408136417579,0.34971439649070607,0.06833382158520067,0.9308328341989761,0.8950430740962166,0.16528711380409447,0.019382337966140903
1.0975884431059153,0.9260329975322826,0.04850359102064386,0.0038742304499706014,0.8246463499380949,0.8697577325169499,0.19046620109715606,0.028521447964583405,0.7144292917307826,0.8382187834458401,0.3439169193012848,0.06637801335039602,0.9176783299159301,0.89216342515304,0.16005305326981378,0.019345752775568083
0.922192701060316,0.893159410119143,0.06284020750374457,0.007517006216213886,0.8579316236851041,0.8781964235509804,0.21205658860921345,0.029411701311353858,0.7128116379990352,0.837713035996466,0.34323968874438315,0.06649452093769129,0.9158610820793641,0.8917601950393913,0.15978564643992255,0.019394414891324027
0.9990637660917061,0.908912590062138,0.055542836936983905,0.005566270302015506,0.9093881433149584,0.8903131319812203,0.21109859397560593,0.026007415576164573,0.7102276269827963,0.8369025207152724,0.33674998243319515,0.06562660754933507,0.922178156183872,0.893156214193261,0.16080993170479607,0.019236883342050873
1.1334221656097376,0.9314896967443145,0.057458501190516494,0.004226025639293771,0.9335114530883856,0.895621068186571,0.18342078833632372,0.02137652478149864,0.7075484222644719,0.836058708315807,0.33962106593543,0.06659570156834668,0.9152362517500107,0.8916212453268538,0.1609217193089362,0.019560430653680416
0.9297988115662779,0.8948191972181079,0.054875268165021175,0.006450269257088454,0.8815196824257705,0.8838878937462801,0.20241938201300672,0.02659086175792016,0.7080467204727368,0.8362159119815293,0.3421482405004998,0.0670143162005945,0.9256634767500684,0.8939196361879933,0.15737215127315204,0.018675163163574697
0.9310639994476683,0.8950930662621269,0.055999202116205425,0.006563233262783569,0.876300283033373,0.8826487720615961,0.20853100979901035,0.02772492393094436,0.7119358553744166,0.8374386975724282,0.3471383852373364,0.06738555095479687,0.9268277541902962,0.8941735854758452,0.1533410250540045,0.018148076776712423
0.8919978445683558,0.8863411939397093,0.057773875789535134,0.007408557549408868,0.8122313680933306,0.8664851010342334,0.21597055845086077,0.03327845713299535,0.692428645545444,0.8312308679397709,0.3431045206429898,0.06966229766993454,0.9273695287469939,0.8942915731542124,0.16142779837299065,0.019081336699843052
0.876743546598013,0.8827544498374174,0.03862009895076129,0.005129438599430843,0.8650240314567945,0.8799325342909616,0.21477274007956634,0.029305904259487973,0.7160658775404176,0.8387291547764262,0.3404582389469295,0.06546331154177736,0.9282819451917269,0.8944900170626788,0.15802594358228803,0.018640023133822136
1.0501428319377066,0.9181928825716835,0.055921644553271456,0.004982382928019367,0.9904757110940651,0.907262138626067,0.17593075565172825,0.017983162015058753,0.7046423485377111,0.8351394797094528,0.3472011844427994,0.06853917136410323,0.935585098393009,0.8960665878565768,0.1623871077956836,0.0188350357328675
0.9618812861496725,0.9015719042319806,0.04830020685313428,0.0052731206057328285,0.7521034415066337,0.8496402377639597,0.16448196780285998,0.029108166576527855,0.7144553931338269,0.8382269334193853,0.3512546092274485,0.06779015684153597,0.910257865403522,0.890508545285117,0.1563989567407141,0.019229853975121686
0.987025500204178,0.9065915497869965,0.06400576800119713,0.006594678270594471,0.8626530505167704,0.8793545458698063,0.19147315294725817,0.02626968337124185,0.7130585819890716,0.8377903235676153,0.34337972221088575,0.06648383499594647,0.9232336512258885,0.8933879182239044,0.16108685104318293,0.019223233475791624
0.8247253552106202,0.8697783384743775,0.04762044401535692,0.0071296479435724,0.919546863626749,0.8925766574949547,0.19372324155572299,0.02331497015307694,0.715832470929416,0.8386564462234327,0.33152500011278585,0.06377989691111637,0.9183874752294204,0.8923204192480847,0.15512341028336318,0.0187193113861445
0.9629612287540724,0.9017923501868509,0.05860117242773398,0.006381827722568744,0.8715016635047519,0.8814994461265785,0.18893830155200683,0.02539910090720735,0.7061146377935361,0.8356056997680713,0.34116299440738496,0.06711927856188431,0.9297235373761737,0.8948028831123326,0.1532107000875952,0.018012150195019828
0.8874317826119891,0.8852777241774276,0.0515276071969663,0.006677412301117358,0.7882049892349536,0.8599541323633069,0.19463768635642376,0.031697276208992126,0.7072839093738343,0.8359752102250472,0.33986570683209766,0.06668427536247573,0.9115122540436692,0.8907898495024643,0.15174545258949143,0.018603875789414432
1.0853459885887073,0.9240788073639056,0.046355872718764624,0.003808542209224859,0.9437551515162889,0.8978055872712201,0.18447860048234405,0.02099862431756634,0.7012210571542339,0.8340519846133773,0.34160937331269575,0.06796866212720304,0.9260763384723063,0.8940097499560328,0.15831863503833554,0.01876962943095199
1.03440412142072,0.9154291641667452,0.05366504368705396,0.0049577813088065425,0.9423562628484753,0.8975096737816795,0.1860801707463483,0.021249261105115592,0.7020846046102072,0.8343270136602978,0.3354721092065186,0.06661496662093201,0.9222940301670739,0.8931816726902533,0.15747348762755953,0.018832735890497134
1.1638387357289213,0.9358263787114938,0.05003882183762824,0.003431376241768625,0.9905997522857675,0.9072861668109715,0.19653497870541806,0.020083532514939967,0.7177286773317727,0.839246368271699,0.3385631785207272,0.06485015911211459,0.922825777364711,0.893298433580456,0.16087172254101562,0.019215599336647227
0.9381740356397992,0.8966204570571511,0.06826295703557798,0.00787065836243301,0.8244450609593049,0.8697052202993432,0.19149101089270978,0.028688202044290446,0.7145601656414567,0.8382596445397374,0.35290738233000946,0.06809270353691786,0.921791100756147,0.8930711361066619,0.17439962429498315,0.020881151495484383
1.1444902736869988,0.9330983041692171,0.05469165595512339,0.003921306592073647,0.8841591072317245,0.8845101743647955,0.19266622678943657,0.0251562837631395,0.7186329886675569,0.8395270906887495,0.3393668050986185,0.06486887575380208,0.9145874414802788,0.8914767971548291,0.15805899986529712,0.019241183795956265
0.8488000776517566,0.8759293641446702,0.044942581244781905,0.00636587247815905,0.868583522193198,0.8807957624253226,0.2004784333670142,0.027132145520178782,0.7010083446937186,0.8339841822461185,0.3390958374496756,0.0675016072841197,0.9191772120604306,0.8924950185204867,0.15579914800153927,0.018766698046331957
0.9931159492117452,0.9077723773021491,0.058177137295532325,0.005910665715649464,0.8100404455195216,0.8659003967033616,0.2098117574240773,0.03249296748755037,0.7102567219611656,0.8369116649222992,0.33099655987477405,0.06450104608284457,0.9236621336778849,0.8934818530564879,0.15643150921478133,0.0186492813795089
1.0482691731956697,0.9178682330419932,0.06831437635942977,0.006112838681037087,0.8432800929354272,0.8745414395214491,0.2252762730727846,0.03231732157272042,0.7057914335607144,0.8355034436407811,0.3480117112998342,0.06851764468144339,0.9329362579562905,0.8954971897843151,0.16495569009388436,0.019250013704711303
1.0728655265209457,0.9220379467475391,0.0566984605506133,0.004794085120218788,0.8537067516446235,0.8771519960625119,0.18460413995988004,0.025854413162678065,0.6872126913303845,0.8295392977301743,0.34244039500618195,0.07036752855233296,0.9315639049472799,0.8952011047451169,0.1634466725715704,0.019134282372745913
0.9735100505640252,0.9039226095247982,0.054662013935460406,0.00580999258310296,0.8927660541282092,0.886519268801985,0.21774554713163669,0.027872968781606094,0.7196431350385107,0.8398401981418302,0.3427373063414301,0.0653609331805003,0.9176780336211932,0.8921633595158103,0.15735476317673938,0.019019621063987593
0.9951754049359511,0.9081686246198492,0.056930346121673865,0.00575663136062395,0.8751726228538641,0.8823795560034066,0.1872289919291027,0.024957465310597754,0.70591248404939,0.835541747865522,0.3445753170709651,0.06782216989030102,0.8947654363384905,0.886981595463016,0.15044875997558385,0.01917004693669218
1.1560341060097894,0.9347386442308536,0.047063921606293656,0.0032858974546482772,0.8434658665101478,0.8745883652191923,0.20410820904690533,0.02926810507288181,0.7168560994712534,0.8389751205395803,0.34074547286174106,0.06539943479963663,0.9267342652874162,0.8941532137172484,0.15349271480871765,0.018169940376074376
0.9855212923648895,0.9062978301626057,0.0618191422451323,0.006391483652582663,0.873047866672158,0.8818708400021317,0.21536760443269595,0.028849116047794547,0.7149689429024635,0.838387218220876,0.3445904053754608,0.06642540913887414,0.9061531635005727,0.889583595256369,0.15650971079143453,0.019426212067316047
0.9034107491668087,0.8889618143298058,0.05605622027849444,0.007001854179693162,0.8316929442971036,0.8715847301670658,0.1855700685898185,0.027341037085757434,0.7212420347194832,0.8403347861299721,0.33421130698213786,0.06350078645778118,0.9207531695703333,0.8928426955440224,0.1543068652744941,0.0185196203366948
1.00243628232219,0.9095534618511977,0.04886361081761572,0.0048590265721254996,0.9088389559547245,0.8901895804912757,0.21608929253872267,0.026655957770169773,0.6989709675574416,0.8333336413746735,0.341795742193647,0.06835899682519078,0.9160447146180968,0.8918010014570973,0.1597689004788346,0.01938418436609282
1.1013667856063547,0.9266267043575648,0.0488809856240421,0.00387055433716757,0.8895737079957955,0.8857776688959897,0.19911679499365567,0.025676403102915968,0.7138445459516265,0.8380361139537432,0.3432652207330329,0.0663414955140189,0.9179924059451257,0.8922329816673299,0.16883223198002556,0.020392147132844804
0.9974060698765563,0.908596086238354,0.05505127605635094,0.005538106717975939,0.8778017237139353,0.8830063945742893,0.1920823534265792,0.02544988032262823,0.710095304792302,0.8368609282106177,0.3479093030398885,0.06782202257450091,0.9155888983600934,0.8916996860991573,0.15763318709227855,0.01914514932484304
0.8956784987841122,0.8871921800567948,0.061779145797614066,0.007855311297870246,0.8490747537742988,0.8759980822899605,0.19139677525324117,0.02709317252484965,0.7100790544341998,0.8368558196873321,0.34144245091553826,0.0665638542125168,0.9124698921132405,0.8910041785857974,0.15734703153195723,0.019248135262544867
0.8891694480735195,0.8856834564944587,0.04789506754633993,0.006181890982284892,0.891614616563912,0.8862522687082884,0.19495534311745433,0.025021913924269806,0.7140708092768178,0.8381068163752649,0.34160271082985505,0.06598580194141136,0.9294321252064974,0.8947397045652026,0.16006687312059603,0.018830824504637095
0.8652163195700848,0.8799793045514641,0.04837972812576982,0.006598528607699095,0.8720977384043707,0.881642741291338,0.20346897184959578,0.027314952658845947,0.7042895577134809,0.8350276062992321,0.3494658813517569,0.06904229576176221,0.9276781877514577,0.8943587410410271,0.15292813472778985,0.018063803641127526
0.8588750364751406,0.8784285968826422,0.05119670669200904,0.007085442675276314,0.8676580978874698,0.8805718511942936,0.1679848306054246,0.022783055487676975,0.7094390122872838,0.8366545112091679,0.3488600434183384,0.06811020982771335,0.9320761300143382,0.8953117037948695,0.16017268247862862,0.018728902075354596
1.1326037772711794,0.931369342279056,0.059554942541293114,0.0043884790830030825,0.8239689745989026,0.8695809473731275,0.16555709567802185,0.024830120346138726,0.7151513052901867,0.8384441047716443,0.35174196955109605,0.06777552427980787,0.9248885743252411,0.8937503188516394,0.15329377570506122,0.01822367438326446
0.988535536389268,0.9068855765787244,0.0647329092650487,0.006646447664694468,0.9696933944917395,0.9031566730799153,0.18206398973561994,0.019522285561169143,0.7148458664835484,0.8383488163360403,0.344843865767931,0.06649310882821988,0.9107598739321225,0.8906211999185023,0.15164130690134991,0.018623343115094886
0.9842691465512153,0.9060526982104796,0.060909070155012214,0.006315573925086085,0.9220578847814344,0.8931297838963863,0.18926100951989588,0.022646613462087697,0.7088513394015263,0.8364694981152984,0.3532748898477273,0.0690655429399751,0.9447969417081307,0.8980254699244307,0.16111453553409583,0.018295226137423008
1.2552352914667642,0.9473641483786918,0.04780030216249126,0.0026557999016370406,0.8482183363076296,0.8757837168587651,0.21759307281214063,0.03086218917034627,0.7144989157888684,0.8382405223154961,0.3441720973233815,0.06641661577374358,0.9113925910611675,0.8907630417416574,0.15488308115543328,0.018993779353506747
1.0894608047283232,0.9247408613574195,0.049818925941383166,0.004054464997841009,0.8935715634450778,0.8867057285976755,0.18923921969870353,0.024179069588752905,0.711323686940813,0.8372467143122598,0.3322742632507169,0.0645911499789512,0.9316102139586909,0.895211107974121,0.16107513563725953,0.018854642045878816
0.9559912383557664,0.9003618105072104,0.0397777448172784,0.0044019886555018125,0.8487123301488206,0.8759074046907841,0.17818522025853709,0.025244068390347745,0.7099489035275187,0.8368149003158322,0.343247344461305,0.06693577289446383,0.9287640104174263,0.8945947300069214,0.15274909580476229,0.017997601756915158
1.0009287247610095,0.9092674874232181,0.05045178352170765,0.005034400928462726,0.838159526001582,0.8732420735545413,0.22114454823896626,0.03210086324103147,0.7138234932649115,0.8380295341755185,0.34714470115723145,0.06709451953892696,0.9222850249446534,0.893179694357918,0.15839633715778917,0.018943495082414046
0.9725285184011473,0.9037261517904867,0.05857060850900659,0.006239520525065204,0.7590015816165872,0.8516581400257055,0.19045090791930716,0.03317274923678932,0.7025882925781832,0.8344872632251161,0.33589043706734006,0.06662072382107762,0.9315674837616428,0.8952018778363708,0.16384749950650393,0.01918104809050273
1.0096743869868179,0.9109152088399715,0.053195531404496024,0.005202364347227398,0.9925409947243296,0.9076614798458595,0.1812123841877008,0.018435158658861948,0.7104422017668848,0.8369699493248275,0.3478494490695672,0.06775621198215004,0.9216082862360421,0.893030931183181,0.15972598489634504,0.019132304686887328
1.0330712158313515,0.915191253351736,0.05837543371873552,0.005409522163376752,0.8665758862839688,0.8803095433951124,0.18883350851614508,0.025674569844412097,0.706531500674316,0.835737512436304,0.34671956057369546,0.06814701585046709,0.9171986585593407,0.8920571190787726,0.15764870760293404,0.019076195131700124
0.8911892051677512,0.8861534841131345,0.04953875846059371,0.00636437722494983,0.9505862099296761,0.8992397395883862,0.18853430687802125,0.02112536292740803,0.7152635338143022,0.8384791055644913,0.34154592957996766,0.06579389238259375,0.9317124878938524,0.8952331972228799,0.15952816373905943,0.01866916432466165
1.0270062508225815,0.9141010315968474,0.04957569642957233,0.004658676704181065,0.8105637345319651,0.8660402463116673,0.20428675522672496,0.031599228244309926,0.7125406345131797,0.8376281842096304,0.34120733142761056,0.06614206041450749,0.9191377971695827,0.8924863103709831,0.15432543018889075,0.018590869361677947
0.8913000307050084,0.8861792260624962,0.05338374529925713,0.00685660307412297,0.9961390004359156,0.9083534981461633,0.16904627087558455,0.01705558398663265,0.7026617964832688,0.8345106382804298,0.33562232534216446,0.06655628083323291,0.934031552270607,0.8957329690000039,0.16153410590573475,0.018803239593640348
1.0157643612210987,0.9120465935542823,0.05948925633327589,0.0057368590359442905,0.8027639458537035,0.8639429313637721,0.19563768129087264,0.030809777434265495,0.7160089870262448,0.8387114352373957,0.3354527396576902,0.06450930397742606,0.9219317154266107,0.8931020513063508,0.1575790695776002,0.018861091260802827
0.9535106127539763,0.8998482248282543,0.06655965221820034,0.007407990748372119,0.8784507262914646,0.8831606851864491,0.18235352965785692,0.024124784783143397,0.6972673541428538,0.8327881080479208,0.3428706550011823,0.0688435033636399,0.9192358459866629,0.8925079716897577,0.16283627698855885,0.01961170348187432
0.9525789507234934,0.8996547277029242,0.05364244396240058,0.00598314606741573,0.8853045286838663,0.8847793198538327,0.1977200831525669,0.02574816335350043,0.7159798205237506,0.8387023502137263,0.34332971800433837,0.066028522039758,0.9375806682014101,0.8964937449864836,0.16484544468546639,0.01903251944684529
1.0931977799739463,0.925337523081633,0.05605474989538666,0.004522875562520481,0.9976285719914291,0.9086386259529816,0.18841649156119092,0.01894481378017008,0.7026333906615265,0.8345016052285117,0.3330011203750782,0.0660407967269176,0.9222670246038823,0.8931757398162995,0.15737445274851855,0.01882206237501798
0.8123093967150207,0.8665058851646413,0.03867161403318708,0.005957758594604408,0.8690365265757681,0.8809052368057398,0.1920174060632324,0.02595996317061257,0.7105134551723596,0.8369923352389187,0.33398109528194575,0.06504417797412433,0.9318187314953679,0.8952561394909914,0.15431179242727913,0.018054288764875484
0.9653505513565434,0.9022785136311257,0.05173792262348398,0.005603487863251557,0.9342370285218898,0.8957771485792022,0.18359870813289067,0.021361541661489257,0.7135857365368552,0.8379552110396534,0.3306637757752332,0.06394415961188336,0.9264730178037159,0.8940962680883301,0.1612665718092915,0.019101669917179456
1.0591614288016271,0.9197392367495004,0.0537658222067983,0.004691858033978385,0.8217383950542059,0.8689973562633322,0.19117472465250507,0.028819874035978636,0.705517783477303,0.8354168256442416,0.33282571371166597,0.06556907975565911,0.9047460813594934,0.8892649527942518,0.16031114723556594,0.01996262463842463
0.9684281683437591,0.9029015635280847,0.06186619991865423,0.006653118706636741,0.9232393975023865,0.8933891784441327,0.18953335862059512,0.02261758655950417,0.7219934291596802,0.8405667875035253,0.3440720412761232,0.06526133519240654,0.9132494179533011,0.8911783717012504,0.1534784456559988,0.018741224984133584
0.9337529823737791,0.8956730470859846,0.04031109453697505,0.004695389322425028,0.9104181822453778,0.8905445326915976,0.19494628632019734,0.023960550074596104,0.7132052584527464,0.837836215745698,0.3459286782975167,0.06695473709606399,0.8911201584119979,0.8861374437453335,0.15541697181548195,0.019970010094005158
1.065881312893063,0.9208740525724964,0.06239935587761675,0.0053616541142510726,0.9466086010295128,0.8984068442663751,0.20185685562742797,0.022826267520705552,0.7046753296880748,0.8351499352409731,0.3461566454688538,0.06832778524474514,0.91280142007464,0.8910782918276756,0.1555309915663637,0.0190114622143885
0.9081044068441614,0.8900241371899297,0.05416132670613152,0.006692446178202719,0.8593128373454055,0.87853620982906,0.20820760410380204,0.028786160950359765,0.7163287567872758,0.838811012665933,0.34406298102025457,0.06611639886979222,0.9201628502525324,0.8927125793617622,0.1565416494318734,0.018813389861727255
0.8945660319930654,0.8869355601338758,0.06299989268646868,0.008031076775348086,0.765053049257358,0.8534099039661286,0.2083891782295094,0.03579497906822482,0.726449525058331,0.8419370459591838,0.3432480381031534,0.06444044614937781,0.906068954079974,0.8895645481265446,0.14986448812587191,0.018605004550620193
0.8706990896435971,0.8813062718521563,0.047962433885031325,0.006459547912775821,0.8154207068931179,0.8673324024934734,0.19982511705693137,0.030565349715045396,0.7112855833714191,0.8372347585459864,0.3403271524875862,0.06616236435787723,0.9159675076974632,0.8917838463526604,0.15379358867441875,0.018662538786764608
1.0093100223000488,0.9108471031791555,0.04297688653389366,0.004206539074960128,0.8644336537760828,0.8797888383060606,0.17179563310798465,0.023473533341954393,0.7030980365295754,0.8346493129816586,0.34677050977526036,0.06869800422432001,0.9067763491841049,0.8897244627327633,0.15766261648090626,0.019541251778093884
0.8636129996759073,0.8795888471770245,0.048546759859578105,0.00664579972708031,0.8123164301898079,0.8665077585049702,0.19133839056986532,0.029477163234281997,0.7132820905831976,0.8378602508276277,0.3367482481148315,0.06516632866834424,0.9205766860745844,0.8928038102088732,0.15453411827427452,0.018554433216249416
0.9306936834871921,0.8950129710025728,0.059058095721169525,0.0069276470943943885,0.9705437225422779,0.9033277896913176,0.19205146552661134,0.02055293756856918,0.7120434707171645,0.8374724281488809,0.33863129959059457,0.0657178923453036,0.9264135032092351,0.8940832915704819,0.15835929857613854,0.018759880441261586
0.921511424239542,0.8930096237128992,0.0516058980749088,0.006182838691829554,0.9307835413509054,0.8950324112262827,0.22029968938490987,0.02583630147052467,0.7101670583837911,0.8368834833980227,0.3503291255824033,0.06828246436074105,0.9273678168974793,0.8942912005303219,0.15836854841622422,0.01871979632239157
0.8933115482289227,0.8866455693404414,0.04638493632412592,0.00593014641928731,0.857176979325602,0.8780104311880981,0.21211391414293454,0.029470817209184114,0.7162230955349835,0.8387781148753768,0.3338529088423724,0.06417000439490884,0.9172781482516,0.8920747421667017,0.15296704374914982,0.018506305420694657
1.1551732198468856,0.9346176173097185,0.055698019610827064,0.003896426908545109,0.9151981598818067,0.8916127693952424,0.206158989885683,0.025061330147996243,0.7120771970466457,0.837482998050626,0.34106349101795047,0.06618476573690864,0.9184436401755015,0.8923328447284509,0.1587559367383883,0.019155184292576233
1.0389287649682528,0.9162322572817183,0.061935702582066786,0.005662553307567446,0.9646419203217882,0.9021345503948625,0.1782789988134923,0.019340079998487535,0.7032545908079048,0.8346990567040357,0.34661845301994465,0.06864313166260193,0.9085222105945638,0.8901182663598705,0.160142380925476,0.019768971282109454
1.0724963444193183,0.9219768181825841,0.06762043927912008,0.005722445211635998,0.916033943346931,0.8917986082622172,0.1936860706154212,0.023499815100237267,0.7036912254137375,0.8348377300336254,0.34825387116140505,0.06889770049477557,0.9132526922970206,0.8911791028715343,0.16230672511638972,0.01981909515184724
0.8296083876766533,0.8710465469977121,0.04318054655097383,0.0063926326319375575,0.8834288643166062,0.8843383002899059,0.2013996820519197,0.0263408579494535,0.7094723022007908,0.8366649866051823,0.3370005417551089,0.06578975920215778,0.9097292516461192,0.8903898102483274,0.15100535538247023,0.0185893026475394
0.983612996684665,0.905924014690034,0.05475747235757333,0.005686308213039807,0.8488107950248479,0.875932046017021,0.19152494241630644,0.027127798155517288,0.7000351705979979,0.8336736987813668,0.33980013612740084,0.06779355025626224,0.9063487802380457,0.889627830238677,0.1558455900581922,0.019335069495118533
0.9280414738135073,0.8944377482066878,0.05122832320785909,0.006046007298170924,0.9098991570977113,0.8904279860164002,0.17450285395505785,0.021473526724248203,0.6989925312984125,0.8333405374098557,0.3480736653763207,0.0696111222354575,0.9121931738854886,0.8909422842021594,0.16525046091884427,0.020227839807253158
1.3002762206295644,0.9523021771178429,0.04796257155038689,0.0024022944583692247,0.8886187019074441,0.8855549967079483,0.21070058147445958,0.02722996180940106,0.6968553366151985,0.8326559571373793,0.3365566914919673,0.06763989006979661,0.9328363570274782,0.8954756611281448,0.16695846222230284,0.019488215749897994
0.8542397974138407,0.8772841932155826,0.044409407732117594,0.006212053449509422,0.9040300620387944,0.8891024969221781,0.19107403517216096,0.02383261038738402,0.6966981348434342,0.8326055140954932,0.3377634032293253,0.06790698630233291,0.9254653833550008,0.8938763751242427,0.15539581613673015,0.018449047047097933
0.9420284583779817,0.8974402220819574,0.05133588682358781,0.005866682841157653,0.8572584953290081,0.878030533690617,0.20080226996786896,0.027893956715545763,0.6961134068052841,0.8324177794183324,0.3424382477958818,0.06893961589555322,0.9134418977979462,0.8912213456747343,0.16213992321641388,0.019790103486054103
1.08683990025864,0.9243197863309105,0.05452622962002865,0.004464425374462645,0.9258958791900627,0.8939703700941539,0.1862769174795916,0.022093430924654395,0.7033988534472848,0.8347448842425476,0.34676990244900746,0.06865031634474836,0.9198538218608729,0.892644408954731,0.16609136594128748,0.019975296522634967
0.8184276374556919,0.8681270685311298,0.05871732120300004,0.008919460705378524,0.7355325034763153,0.8447004425204526,0.19096687885710928,0.035109572917077427,0.710838904096542,0.8370945511150365,0.3459924479184321,0.06733296132901694,0.9317627981110884,0.8952440617759565,0.16065008462760463,0.018798282009882063
1.1237708916494922,0.9300578361011391,0.052323190789473686,0.0039348060344827586,0.8684816415116151,0.8807711296561728,0.20806834795321638,0.02816594827586207,0.7171027792557807,0.8390518403802251,0.34455866228070176,0.06609375,0.9351859516109728,0.8959809626017124,0.16948327850877193,0.019676185344827585
0.9829157349946913,0.9057870952623954,0.0639882883559757,0.00665556237965338,0.8545781447194141,0.8773680409951179,0.17300402303168563,0.024181211611079625,0.7138208045444789,0.8380286938309434,0.34091721479619597,0.06589130775896328,0.9144296400825799,0.8914416394143367,0.15082612170183118,0.018367367847211626
0.9472857223480883,0.8985490607396792,0.05131112492401008,0.005793297267217994,0.8949440591853407,0.8870228191993488,0.19103011591450877,0.024330877940122626,0.7003720729381706,0.8337812373678691,0.3491870501795297,0.06961231172727503,0.9300464380945325,0.8948728493351152,0.16297930569691008,0.019146351392812407
0.9926188295843802,0.9076764996725774,0.042928576255152374,0.004366441596073068,0.8616270846290202,0.8791036966453775,0.19355136608329393,0.026617616053714207,0.7167754438757652,0.8389500294456957,0.3467644210194383,0.06656701571529741,0.9239575403572037,0.8935465716543882,0.1600671216523639,0.01906973223987588
0.8711006739045744,0.8814029645936029,0.05823157196094875,0.007835339883168035,0.9480772184862456,0.8987150755754071,0.20973904542376529,0.02363752866950755,0.7095940646557177,0.8367032972072693,0.344079752812919,0.06715294336669586,0.9146901010908385,0.8914996640793796,0.1584853961406168,0.019288530789887553
0.9563948888180898,0.900445159897791,0.04733570739235187,0.005233521140927076,0.763847091586657,0.8530621787479837,0.17714109604141032,0.03051210961517559,0.7245111979870729,0.841342185593772,0.33829441181300574,0.0637945569865993,0.9197261200213086,0.8926162273227202,0.14745111095613989,0.01773870572285915
0.9689016810020836,0.9029971087874773,0.046189412834619435,0.004961817202696478,0.8988707212290077,0.8879257297660038,0.19643387748854213,0.024793946983115656,0.7050741652083057,0.8352763301007641,0.343346779639651,0.06771093535417762,0.935803505153212,0.8961134142522504,0.1623528935070548,0.018821599503439805
1.083185040975497,0.9237289842979131,0.06360708898262983,0.0052519487479820975,0.839792745758115,0.8736577547916745,0.21906925487999857,0.03168025621686804,0.7142548476638072,0.8381643060453793,0.3543859015238422,0.0684260685967934,0.9241210969337754,0.8935823892293319,0.1518264427723631,0.018081161274428235
0.9384174315876124,0.8966723939240252,0.0559246569970803,0.00644445057892341,0.9075531267048943,0.889899828295086,0.19725776924300717,0.024405122434276727,0.7091529616632619,0.8365644768691628,0.33993533193361103,0.06641150842687962,0.9172179308931286,0.8920613920415541,0.16089038471449474,0.019467588570599645
1.1158078305711614,0.9288556529337239,0.05602861688802627,0.0042914303777290864,0.8934600315429324,0.8866799270716739,0.18984867804872543,0.024263170265823367,0.7007866430684462,0.8339134909588742,0.3399948092395536,0.06771511861952326,0.916819483951691,0.8919730201896662,0.16294248411740145,0.019733987512596824
1.0796462400936042,0.9231529138559866,0.0675714574853262,0.005624929019139144,0.9329766668257422,0.8955058967855043,0.1829581487395147,0.021348879719213235,0.7026830717743098,0.834517403564546,0.3525625744934446,0.06991222709549022,0.9226302532988911,0.893255513534868,0.15864798614703038,0.018958514728866633
1.096388774821449,0.9258435659135168,0.053482326929397354,0.004283724376070326,0.9302983565059418,0.8949274065694339,0.20062422862028467,0.0235551038569122,0.7122274555638987,0.8375300826497991,0.3468444967444041,0.06728331063780793,0.912732153856102,0.891062810986212,0.15930011009039363,0.01947528949572892
0.8679030383253785,0.8806311511622589,0.046697938217066436,0.006329868209533845,0.831803465509886,0.8716132105971854,0.19545174189818765,0.028789629758253825,0.7005312742925949,0.8338320347662078,0.3442009936796874,0.06859316548954558,0.9295908657207087,0.8947741238708129,0.15817395994783523,0.018601335322854018
0.9243034014560815,0.8936222999420765,0.06785416525834291,0.0080774282826208,0.8842294653645648,0.8845267225167194,0.18827373307194845,0.02457877695313978,0.7121774005650344,0.8375143987732898,0.34128754591135446,0.06621296561565863,0.9340035722591191,0.895726951720065,0.15917213096284277,0.018529489667400013
1.0122469059480053,0.9113947200042104,0.049334363297149075,0.00479625893963672,0.8468070120161916,0.8754297617414064,0.2001224211377486,0.028476639442125612,0.7075906112860454,0.8360720228535012,0.33669652658255295,0.06601582041527239,0.9341580222367333,0.8957601633453904,0.1667886360658996,0.019409235742771848
0.9667859163393613,0.9025695392942017,0.04776262112605228,0.005155873290900965,0.8012672242995175,0.8635373224413622,0.21987267811195577,0.03474593812843961,0.707810427169015,0.8361413810276882,0.33875830715559835,0.0663864624277894,0.9140847270218636,0.8913647588553272,0.15371535913296636,0.01873408718614162
0.9592305382427202,0.9010289440406016,0.06206907302820289,0.006817807286494269,0.8714723450961694,0.8814923941690093,0.21742325713980296,0.029230325554770134,0.7046866604035091,0.8351535271290669,0.3371764150439167,0.06655344310922803,0.927014862135435,0.8942143469688635,0.1524390243902439,0.01803355291403394
0.95377205955412,0.8999024651673191,0.04899451719401621,0.005449735478307169,0.8926587444221726,0.8864944084956434,0.19302735519667275,0.02471497159841087,0.6896824504286893,0.8303419311364004,0.3454348795163002,0.07058033850784601,0.9247315537609645,0.8937159806225151,0.1574694463112686,0.018726850639339508
1.0743720909899743,0.9222869469358612,0.04506273892411087,0.003797042810656189,0.9330511811192183,0.8955219508882767,0.18870049917923198,0.02201516110364346,0.7031766972414001,0.8346743082199051,0.33803324726280026,0.06695495464282408,0.9243596505437005,0.8936346115173425,0.15533006519115047,0.018488252932639032
1.0170239343355618,0.9122789687474365,0.047996422344907745,0.0046151405532341054,0.9451601324062113,0.8981020271545951,0.20770149280836844,0.02356565338260179,0.704125620122351,0.8349755993630418,0.34788836626471015,0.06875658303691681,0.9260220800070089,0.8939979110180791,0.15830896774662212,0.018770828297130226
0.7979446786561011,0.8626332794709969,0.05907062221055395,0.009406474159735107,0.8519757967275827,0.8767218686175312,0.19831207394465014,0.027885174057570645,0.7202035121418819,0.8400136806906758,0.34422330053140926,0.06555966901306538,0.9254990298645545,0.8938837241875545,0.1587324938213487,0.018843727253287947
1.0754588261129168,0.9224661067187191,0.06561888961973371,0.005515311563163951,0.8908478263088784,0.8860741586115544,0.19787586064460513,0.02544163340653538,0.7005057838099129,0.8338239021901152,0.3451625431304453,0.06878882264816111,0.9293635807670282,0.8947248391765037,0.1634388518602495,0.019230550735834753
0.9894417161664033,0.9070616244570109,0.06290066121988884,0.006444860102923931,0.8660945458763379,0.8801927156494822,0.2198727965064862,0.02992794894077082,0.7080493888521597,0.8362167534784065,0.342897270348664,0.06716061108257497,0.9246217773045824,0.8936919682202417,0.16394175033106817,0.019501489801829974
0.7713539979960965,0.8552156440380907,0.044130504390795564,0.007471105914674974,0.7127670555996128,0.8376990796066066,0.20238081720801265,0.039210491813185123,0.7078348038580131,0.8361490711140813,0.34009306170277026,0.06664429345524216,0.9168392206492928,0.8919773991034272,0.159474330820955,0.019313081260618956
1.0431015225482276,0.9169667449922314,0.04858353429041491,0.004399340558363288,0.9638183234423281,0.9019669935068996,0.19375042257330238,0.021058349774330423,0.7106138739585761,0.8370238799331544,0.34076536476527464,0.06635009864598254,0.9168514522018087,0.8919801127979532,0.15948254490545627,0.0193135320667009
0.810184229798242,0.8659388355114033,0.06120394056495945,0.009475347688481484,0.8528568956754246,0.876940975642688,0.21036530053157712,0.029520058203548343,0.7145570342696153,0.8382586669686647,0.34001886826684086,0.06560636612104438,0.9213208346058795,0.8929676873539257,0.15585369836172644,0.0186808347114218
0.9625178208327867,0.901701891733529,0.04786685984756299,0.005218156704347061,0.8980630131887961,0.8877405191083663,0.2005108527784159,0.025355657156047966,0.7182607561409424,0.8394115878056414,0.34261253659102436,0.06554544165022116,0.9215289950990472,0.8930134891858937,0.16302253802395958,0.019530738044218687
1.0019511574393956,0.9094615253219531,0.0533348506401138,0.005309577029581236,0.8816798085856972,0.8839257285247211,0.20993229018492177,0.027567630238596624,0.712132409457117,0.837500300538933,0.3411095305832148,0.06618528514844545,0.9249046964914017,0.893753843993336,0.15895305832147938,0.018895752500155037
0.8424566377509353,0.8743332567683638,0.05769434292804082,0.008292330324313483,0.8295816104893021,0.8710396212778516,0.19682773435652862,0.0291410155698801,0.7068288637010436,0.8358314871708054,0.34068980114794223,0.06691604569702232,0.9125729213739017,0.8910272155674505,0.15692672129412585,0.01919216548329667
1.0004261158548207,0.9091719648154181,0.06714000090880175,0.006707415759432894,0.8677311927321014,0.880589550087839,0.22212705048393694,0.03012106041151908,0.7139339995632301,0.8380640692598346,0.3397987004135048,0.06565800973230759,0.9124780894712695,0.8910060116428267,0.16240968782660062,0.01986707092068493
1.0197053281257245,0.9127718045224279,0.057690144647155425,0.005513105454702768,0.8749221742076604,0.8823196916365154,0.18371088565451152,0.024502630824721643,0.6944262932817284,0.8318751667538495,0.3487571142555058,0.0704850126809537,0.9212909322723134,0.8929611064860066,0.1578858569725328,0.018925715027335702
0.7905301333541089,0.8605976700376435,0.041290627425832796,0.006688386303110594,0.8772846150056464,0.8828833332558651,0.15142821784962932,0.020087329160639694,0.7053341875210016,0.8353586918014686,0.3339565965776773,0.06581969096832628,0.9241494707837354,0.8935886017935983,0.16073666565414516,0.019141037946277695
1.1687009907100123,0.9364954721766814,0.059387301429840424,0.004027101729853952,0.897837879411267,0.8876888474128798,0.19946972805526372,0.025237080683639838,0.7089004085269066,0.8364849526656566,0.3354894419068146,0.0655810625149307,0.903417081236981,0.8889632535074622,0.15949191290193127,0.019921479353199142
0.9978968711824089,0.9086898978317431,0.05105160295488776,0.0051299426710774716,0.7953157109446258,0.8619143906176568,0.20144068708312415,0.032272416301505104,0.6964585064529047,0.8325285985564187,0.34647538191207056,0.06969696641668255,0.9036460230626691,0.8890152773368497,0.15817300796098402,0.01974632817777162
1.041173432101055,0.9166280937130278,0.05039012735243847,0.004583233924675406,0.8513799146821734,0.8765734978502429,0.20129982001097163,0.028344152233968935,0.7057320822104718,0.8354846603682613,0.34297430735960177,0.067535093505313,0.9066844434828248,0.8897036978887215,0.15813192243696983,0.0196035672684444
0.9195411520276204,0.8925753964811642,0.0539383658595691,0.006491672960918769,0.8540163900160673,0.8772288023264243,0.19873126164954105,0.027813125769684904,0.6994809154298545,0.8334966604160222,0.34087887648032683,0.06809561936250519,0.9058118352218487,0.8895063732109543,0.15756634151754878,0.01957273950866501
0.9463658903072627,0.8983558244547241,0.060579135263784216,0.006854206419678449,0.8667101288745185,0.8803421083058954,0.20096333654445514,0.027315345854576175,0.7079452352888375,0.8361839051572056,0.3356740522468408,0.06576162497267332,0.9186510002538442,0.8923787084824492,0.15942879809599364,0.019227187956288104
1.0785849755309167,0.9229793778913808,0.051036638813935976,0.004258896532187574,0.9728916937978933,0.9037988846506003,0.17427524539926442,0.01855000406609368,0.7134635903318579,0.8379170172438718,0.34917528911226003,0.06754293229442396,0.9258928434315392,0.8939697075200194,0.1571356315841269,0.01863725004968174
0.8742472187947519,0.8821582265681098,0.06844745024169939,0.009143449191368117,0.8114643774719513,0.8662806554937279,0.21137235322152373,0.032627500499155485,0.7170731613558705,0.8390426304826327,0.3427002246783015,0.06574174504756816,0.9218657270896774,0.8930875442509248,0.16457345164877563,0.019701262188837266
0.9836855760353918,0.9059382566530528,0.06876462962500482,0.007139692904714345,0.866451380155387,0.8802793335358337,0.2010993077675788,0.02735011743909921,0.7083807055936806,0.8363212101080464,0.34945363813658026,0.06839256008603027,0.9278004605633157,0.8943853386558782,0.1590545317498337,0.0187821622067867
0.8585913999305516,0.8783588342111066,0.06467723895865349,0.00895694839114759,0.962168297711414,0.901630534148619,0.2009243177870932,0.021921193957714358,0.7134436540427275,0.837910782692902,0.35065197821283406,0.067831690282156,0.9219851400108873,0.8931137950428194,0.15508806707100833,0.018560652646250973
0.8159092841060492,0.8674617981961803,0.07098904363125365,0.01084631070811884,0.87924087345289,0.8833482924438382,0.1889750825440711,0.024955350288101762,0.7106017279389052,0.8370200647483015,0.34901118486444493,0.06795753495877141,0.9238413252189548,0.8935211150207075,0.15592546470312696,0.018581284026043646
0.9604776047302657,0.9012847155246115,0.0598203671611365,0.006551963502783406,0.8344656913490636,0.8722976187518576,0.19667052518182973,0.02879211618504596,0.70898416086909,0.8365113281428281,0.3463719920866984,0.06769531391822156,0.9018845135922391,0.8886144491119607,0.16197734404796157,0.020303446242849115
0.9038857997679877,0.8890697403700335,0.04848811609830615,0.0060499183174476095,0.8337112969110847,0.8721039949738907,0.18585838163274476,0.027256548127792622,0.7190364630955167,0.8396522119588729,0.3443478456216022,0.06575986411485324,0.914377474855055,0.8914300149377641,0.15858381632744756,0.01931440750397594
1.0053516304437946,0.9101041837055704,0.04733401838856122,0.004675431997477593,0.8565498236553766,0.8778556741267967,0.21004962528078644,0.02922618220285588,0.7167358212598132,0.8389377021161226,0.34872384104620074,0.06694926574895878,0.9340516402113982,0.8957372888505872,0.16094825434586596,0.018734177489025308
1.0248934377452297,0.9137182651554084,0.05664455304085106,0.005348902930193527,0.8749294687065914,0.8823214356030002,0.17592162858208887,0.02346333644696507,0.7145503346494263,0.8382565754236881,0.33993784524102033,0.06559174463329975,0.9288637245118425,0.8946163781949711,0.1619390828760454,0.019076027983855135
1.0935785646348166,0.9253980760923708,0.060094198818493,0.004844556049303541,0.890260366784398,0.8859375390932485,0.1942627199685408,0.025010887251407758,0.7078653762737614,0.836158715349165,0.34375642366231424,0.06735742033890227,0.9318144836824929,0.8952552223024316,0.16098256338758254,0.018834944935423974
0.8986400666500042,0.887872867009455,0.0666383307748133,0.00841557981405895,0.8600848789052565,0.8787257802617795,0.17902254738160533,0.024707161479642678,0.7057650118749628,0.8354950820264753,0.34091921331726627,0.06712533494072474,0.9143621086812209,0.8914265905378583,0.1575422834056426,0.019188234931920817
1.0162606413832604,0.9121382172498088,0.06108266028201397,0.005883791870582499,0.8946157006407547,0.8869470283774648,0.20542303227251846,0.026183845816141225,0.7045575827235704,0.8351126052019009,0.34479387544043466,0.06807724312815121,0.9161558778037654,0.8918256973262582,0.15980565430998,0.01938368144148581
0.9093158478538501,0.8902968745339676,0.04053113831216954,0.0049942807604132534,0.8929182493121794,0.8865545195288762,0.199276585811382,0.025499873415603294,0.7021536864564434,0.8343489995747706,0.3510734496567635,0.06970184921180296,0.9221529494018283,0.8931506753420709,0.15451646605823122,0.018485100557673093
1.0113451819200128,0.9112269066923377,0.057679875330897114,0.005619260051605229,0.8765459455501928,0.8827073502776371,0.17288764582723712,0.02297301600237032,0.706060173586891,0.8355884718301386,0.34374737720796555,0.06763620310289797,0.9164161021526216,0.8918834890624658,0.1554303420461067,0.01884168333861331
0.964343233616853,0.9020738135253459,0.06344906652879093,0.006887823399128678,0.8154400609989993,0.8673375303058692,0.18576133259899516,0.028412879986370383,0.7048929045453511,0.8352188964785471,0.338924794029381,0.06686678403279761,0.9064937283947884,0.8896605974777793,0.1587631646978161,0.019690467111792592
1.0406703732393505,0.9165395297629552,0.0629124455260626,0.005728833418374922,0.9701843185476914,0.9032554976372376,0.1791748259663818,0.01919078203165707,0.7192908015721959,0.8397310441819357,0.34619729469692684,0.06607434524725504,0.913357729931773,0.8912025557865524,0.15508064972550795,0.018932147610601312
0.8428285563078953,0.8744273203841757,0.04279014973709586,0.006144906086979034,1.0112085345254047,0.911201451222007,0.21457616942306643,0.02091091099729458,0.7001869779265473,0.8337221622842237,0.3497762130888052,0.06975948946525887,0.9143374542642185,0.8914210960257228,0.16070356421592707,0.019574381787820862
1.0239136727872211,0.9135402429741222,0.06068937646439145,0.005743795944971791,0.954023098179839,0.899954521631881,0.13622018998492472,0.015143225288457803,0.7151128992622734,0.8384321256491521,0.3398228199865594,0.06548466954153231,0.9229637377915154,0.8933287085228603,0.15800216139637102,0.018866845374531108
0.7679943028546723,0.8542551255636938,0.043838761032412854,0.007479351930017608,0.8824911700249023,0.8841172732852367,0.21495447227070397,0.028174441467139818,0.7078648679052568,0.8361585549852828,0.34127080768311435,0.06687045410080776,0.9083669791109775,0.8900833017029424,0.15198684904817958,0.01876890915713935
1.0566981883438322,0.9193195507499354,0.04006478716866823,0.003516127798260686,0.8687795524388187,0.8808431463506502,0.19028603672034378,0.025741115796767168,0.7022886430510494,0.834391943969755,0.3445644799093528,0.06838830852485885,0.9148942486817634,0.8915451243786405,0.15866231401673592,0.019300987759284793
1.038738600103855,0.9161986442635548,0.06104536978929166,0.005583597816701949,0.9177804593565447,0.892186047470394,0.19661746978432532,0.023759737796753583,0.7105434534839816,0.8370017591655962,0.3382011007219255,0.06586149176184286,0.9305892734693453,0.8949903785136943,0.15869945054200849,0.018620277526532086
1.0133421801761782,0.9115981683119007,0.06533543089101428,0.006335874693114495,0.8261959027665962,0.8701613772418736,0.20309579479146983,0.030304353851322095,0.7152189420561217,0.8384651994329311,0.34871517003194147,0.06718184068213914,0.9212575177503157,0.8929537522387615,0.1605451221538973,0.019245960812480218
1.0435621530777732,0.917047465147818,0.05901018114986034,0.005337830695250156,0.921522314313935,0.8930120194717952,0.1733047339162398,0.020762904746392367,0.7224563801427071,0.8407095927109026,0.34438035101766007,0.0652502205893457,0.9192036318484639,0.8925008552428748,0.16258450172415362,0.019582832647654633
1.2094165768061764,0.9418480520542909,0.05597016606953739,0.0034557317145683442,0.8223001517256874,0.8691445384141465,0.19563757633114762,0.02945453169510857,0.7144669366539318,0.8382305376940353,0.3443295252258951,0.06645188840900122,0.9164597758627456,0.8918931856474259,0.15657180197841322,0.018978145591550134
0.948667933637593,0.8988388198471523,0.05450540548535592,0.006134393644174969,0.8181581837225691,0.86805602279107,0.20158785421231917,0.0306412288417348,0.7175431539129609,0.8391887277865592,0.3458099808629207,0.06626655140298301,0.9308291570735984,0.8950422787053167,0.16215090758906933,0.019014732791205732
1.1204101370893271,0.9295527713489106,0.05357037987378198,0.004059893011149444,0.8588561381875739,0.8784239497701206,0.1933972705465683,0.026766661228264852,0.7119375672764378,0.8374392341891618,0.34240591246052865,0.06646663432438302,0.9160250110959648,0.8917966236313474,0.1535735421005317,0.01863336924119168
0.8768524815781333,0.8827804082204165,0.06859225438090873,0.009107991050662189,0.9112308415951319,0.8907267962881706,0.18701862198238106,0.022943201061141935,0.7101654459243582,0.836882976561428,0.3410913580022784,0.06648218280954381,0.9129838177345997,0.8911190480503107,0.15914238123550475,0.019444735248756406
0.9689456712947856,0.9030059808756854,0.05412767067704011,0.00581398178527258,0.82554236095087,0.8699912653504281,0.1960134683769796,0.029291630862179268,0.6942218255380257,0.8318093102949805,0.3401754847648545,0.0687830115571207,0.9196971761346511,0.8926098389927972,0.165844573850026,0.019952811082635767
0.9650604940442831,0.9022196093486744,0.04889556557057809,0.005299183760880703,0.873729999994553,0.882034365904515,0.20597563011183442,0.027547731419106665,0.7124231395247419,0.8375913851577232,0.33920881321982976,0.06577244522035203,0.9202000684511366,0.8927207869749474,0.15706003449618872,0.01887407254796184
0.9993091765865463,0.9089593623852048,0.06302533427003972,0.0063125667167047575,0.9235517399356227,0.8934576587643037,0.1735294050777671,0.020692898996235547,0.7082668416893502,0.8362853174541723,0.3440486177896912,0.06735238448671761,0.9152504617368334,0.8916244070829428,0.16009494383172024,0.019459297348700402
0.8773385241044827,0.8828961677614027,0.055482000018325255,0.007358911568142218,0.9266582173537636,0.8941366398941318,0.20590943659003655,0.024379120441265473,0.7195988681393366,0.83982648742964,0.341339942641952,0.06510108744112117,0.9265455947401818,0.8941120908127864,0.159871814841624,0.018933299734439513
1.0335883354642326,0.9152836262391685,0.05691230525277951,0.0052676612857107405,0.8562700169873494,0.8777865744699734,0.2023780856274393,0.028176916594643647,0.7071352395014557,0.8359282649925411,0.3485390266841744,0.06840946193677727,0.9302590716969719,0.894918900418022,0.1583626012640111,0.018594887498421968
1.072667086858894,0.9220050948862528,0.0514366667877511,0.004351166786093533,0.8724463385853138,0.881726474510334,0.18724572269243345,0.02511687285787052,0.7057827879276916,0.835500707613386,0.3332099785680555,0.06560473880049382,0.9175889904536583,0.892143632475072,0.15260498020269533,0.018449292503733887
0.8808108917103654,0.88372029125012,0.054085771528778664,0.0071165931382907825,0.90295340736253,0.8888578247227128,0.15986336883720723,0.01998920644622242,0.7095151693397506,0.8366784748873523,0.3468878705261326,0.06771329460224779,0.942084650434316,0.8974521304125521,0.15868089796391902,0.018131761549156727
0.9069866696181528,0.8897719688902572,0.06651848417492807,0.008240540047751545,0.8724015578373857,0.8817157211165689,0.22006009118223266,0.02952158907130473,0.7091404751637864,0.8365605458381409,0.3426311028686494,0.06694009263325065,0.9211724178602431,0.8929350204805485,0.16091664053018423,0.019294278337780146
1.0657224830339627,0.9208474003244681,0.055996994416273344,0.004813292278940589,0.8968668797658483,0.8874657498450449,0.18398851759031373,0.023330488943108952,0.7157150500798872,0.8386198584164469,0.33836438653246526,0.06511328351865131,0.9250078289609126,0.8937763916620749,0.15630610160492772,0.018576680109925407
1.1274459780614778,0.9306063050578363,0.051312725011009364,0.0038263007318049716,0.8578626450169724,0.8781794329678222,0.21430808972746712,0.029728700115366394,0.7134750097538467,0.8379205882811408,0.34931469534701065,0.06756812175093593,0.9327618397644669,0.8954596001027411,0.15835100128480434,0.018486682142383064
1.0175916340233668,0.9123835205888645,0.06199075143461463,0.0059529915591266065,0.9226092533012151,0.8932509028615562,0.21316312712021776,0.025474333460390956,0.7044040986260389,0.8350639350163602,0.3462324098355458,0.06838543595701925,0.9062023314021038,0.8895947150972902,0.15295233954282555,0.018982516799141334
0.9861152165198814,0.9064139017581815,0.058805802994150676,0.006071625386067656,0.8648303046916881,0.8798853981920141,0.19096537408892497,0.026068997070455624,0.7023730178779682,0.8344187882602925,0.3350619677196644,0.06648935451056275,0.9232473776479501,0.8933909285541084,0.15716929747428976,0.018755141034009645
0.916436700961362,0.8918880625749375,0.04911243538877385,0.005953258894635584,0.7915696890518851,0.8608845886643611,0.17942105631592378,0.028993705289102334,0.7137372175584984,0.8380025674303219,0.3435612330384946,0.0664151159505089,0.9305474477976038,0.8949813269712208,0.1547124137105643,0.018154225009306187
0.9764129898142829,0.9045015494344592,0.05562840335828371,0.005873319212634431,0.915479288810672,0.8916753104974955,0.19414850024586133,0.023586024821945464,0.7229647111565856,0.8408662767336862,0.33930230016937113,0.06421287169288774,0.9392250848270031,0.8968445690518885,0.1657446866633885,0.019064021983426153
1.0385031390671153,0.9161570078389232,0.05899690502173641,0.005399158662698258,0.9403606891455865,0.8970862271384782,0.18956741864500778,0.021747182906382813,0.7113287129249911,0.8372482912637274,0.3492830563357604,0.06789672173050346,0.9057080169651364,0.8894828760089006,0.15826654382167202,0.0196644181905616
1.135544405294675,0.9318008887577877,0.06014391604070781,0.0044019722132597455,0.9180360810766356,0.8922426510092861,0.20574671949451237,0.024848308956297523,0.7060177014719248,0.835575036184674,0.3450602431373787,0.06790116450945707,0.9204390993499143,0.8927734865467344,0.15460037478605398,0.018568270022217934
0.8884498602548278,0.8855155897641889,0.05318718016805664,0.00687633625430278,0.8085983975210063,0.8655143690616015,0.19311885933920525,0.030007256462415092,0.7062206309285747,0.8356392230094004,0.34370822775409904,0.06760351814061531,0.9212839828768025,0.8929595770207948,0.15352608388429567,0.01840340523827908
0.8290067090050084,0.8708908508441696,0.04850478711650078,0.007190811326730362,0.9025772944021617,0.8887722409490459,0.2032709332058573,0.02543887999533043,0.7032846903114036,0.8347086191765705,0.342688091061193,0.0678600729187722,0.9109745086297474,0.8906693345843607,0.16097834861392346,0.019760273861549455
1.0614859866211523,0.9201334655903479,0.06262838988675815,0.005436072747014702,0.8070292629673924,0.8650932552466024,0.190033907305033,0.029634788702615513,0.7027483611637436,0.8345381634130445,0.3468647555276557,0.06877202507093175,0.9209805026309871,0.8928927664801657,0.15569685474308523,0.018676665334640484
0.8769912828299948,0.8828134762891549,0.0695577039734788,0.009233236402578636,0.8170537009815056,0.8677644691860442,0.22499367636887027,0.03428598344471076,0.7065570850801177,0.8357455994974251,0.3427452841380947,0.06736191157338052,0.9176865781622242,0.8921652523466798,0.16055755399709448,0.019406363645715293
0.9173381231717707,0.8920880371008496,0.05936096934426043,0.0071806351560919695,0.802975293923839,0.8640001244089031,0.1875308319219796,0.02951871080844178,0.7095549635400217,0.8366909954571867,0.33806790411130183,0.06598557076394039,0.9233377848771319,0.8934107538182056,0.16182865976334723,0.019307126963792057
0.8963507706592417,0.8873470108133259,0.056537245592520505,0.007177676420570526,0.8583565619017464,0.8783010478278139,0.20460605515115377,0.028350578177679123,0.7052615615125256,0.8353356909441401,0.33836841690762015,0.06670037229397435,0.9237992163943652,0.893511889865263,0.16963423826828528,0.02021688760074513
0.8709461322210592,0.8813657623947614,0.05098790186315813,0.006863110779559866,0.937023896084967,0.8963747228398826,0.1805979228152387,0.020877998151241424,0.6988600139735652,0.833298155062502,0.33602406109897043,0.06722183481179962,0.9132998047994134,0.8911896227501312,0.15972919999098836,0.01950224067376979
1.0850420289525298,0.9240296902838093,0.05842891587984767,0.004803809750322975,0.9009519988420973,0.8884017449442407,0.1999053563783041,0.0251114870891194,0.7009029953475853,0.8339505937932488,0.33677580728755885,0.0670560381407467,0.9178945836546424,0.8922113217883733,0.1592716947968542,0.019241725630949356
1.0469910577855452,0.917646100920652,0.05046142029345653,0.004528646403094368,0.9066537806898207,0.8896967692854094,0.19805040042470998,0.024553982621191125,0.7172613116959169,0.8391011299344276,0.35189255740926906,0.06747591303572731,0.9172813302809295,0.892075447578887,0.1533293422642916,0.018550001215490206
0.8542701181822425,0.8772917091894885,0.05467890321998737,0.007648031649263895,0.9723340921074886,0.9036871939959894,0.19179669883647515,0.020441230516462374,0.700198479455168,0.8337258336117404,0.3396568052674303,0.06773947726830534,0.9250396813594751,0.8937833546431733,0.15723595201587445,0.018685820524461164
0.9342500940170597,0.8957799572401872,0.05821708217082171,0.006773300456383968,0.7339250377465968,0.8442142768342626,0.18767437674376744,0.034632189128977135,0.7014682064022502,0.8341307358895972,0.3439226892268923,0.06839000281184435,0.9172399186973639,0.8920662668829046,0.15801233012330124,0.01911837864728657
0.9707531512528886,0.9033698928286163,0.05504607822598267,0.005888073623624949,0.8807703126006747,0.8837106894527569,0.205591560622546,0.027054217092171706,0.7039498933023256,0.8349198378500206,0.34609692308732,0.06843020562307787,0.9212293395802366,0.8929475501216455,0.15397403580382907,0.01845942435052526
1.0172968052869993,0.9123292367798891,0.05025695352296804,0.004829468677368791,0.8399623852875194,0.8737008639244507,0.19872199431997475,0.02872655532133398,0.7117802598154737,0.8373899182701617,0.3478880223594645,0.06755526728284958,0.9116235285439863,0.8908147728355444,0.16106703331379885,0.019741635587265553
0.7980963708521365,0.8626746633939262,0.03951121446725934,0.006289614215728415,0.8774182123892704,0.8829151374584355,0.17228159197484033,0.02284655190405054,0.6925563020065344,0.8312720996058435,0.33970954721152263,0.06895272759909535,0.9264102121624924,0.8940825739522054,0.15665360206932416,0.018557957391959264
1.011718281683243,0.9112963763441485,0.06270677763083486,0.00610374247942379,0.8273829887007464,0.8704698821582729,0.1698081281698482,0.025268268670924847,0.7104056215348401,0.8369584558327717,0.3416155706060727,0.06654754457049364,0.9309539518455445,0.8950692698140471,0.15941970905301966,0.01868908590777651
1.0167265370271705,0.9122241528252396,0.06006883403075247,0.005779931149070858,0.9628470902993487,0.9017690722008779,0.19346909559106554,0.02107485091940916,0.713523627914539,0.8379357912532014,0.35388975300332914,0.06844541479521796,0.9230165805571834,0.8933403026828157,0.16354947699192135,0.019526867488184663
1.076758362393648,0.9226798522879315,0.05763472543362458,0.00482976351203746,0.9727773810976545,0.9037759966297807,0.19283646970823415,0.02053107980329259,0.7114806494855075,0.8372959570283995,0.33903996689697824,0.06588252681748576,0.9048896766656188,0.8892975076898673,0.1548475692241934,0.019275902263365053
1.062277766312585,0.9202673416949438,0.06294113383286974,0.005453267425513582,0.8733518719778954,0.8819437425752651,0.2168543703394975,0.029027946038512453,0.7129432895861743,0.8377542434934779,0.3401136188603684,0.06586894882210287,0.9270225344880597,0.8942160180965096,0.15713198452464008,0.018588402210460167
1.0551976486692676,0.9190629090610372,0.03911126303196035,0.003444325542404451,0.8948492575335671,0.8870009418949797,0.20324275052697544,0.025892012388574262,0.7135457412764962,0.8379427057542158,0.34516948669743064,0.06675543886982563,0.9105344074319175,0.8905706160585027,0.1615040164074517,0.019844900225614373
1.064536290695007,0.9206480931758366,0.06145627163013073,0.005296999338077382,0.8929111896508453,0.8865528846148033,0.20260004681084104,0.025925572277148673,0.7054005017967323,0.8353796914624748,0.34600255868966,0.06818342431397682,0.9397099562100638,0.8969478116917989,0.16479915649591315,0.018934115772261936
0.8975009248624222,0.8876114723007239,0.0507586144380361,0.006427007900156276,0.9102856808847894,0.8905147899584135,0.20816062910042718,0.025592511720679407,0.710915346760804,0.8371185524755855,0.34645847733221535,0.06741178788606716,0.9059649505607217,0.889541019844432,0.15896343467077606,0.019739324532589832
0.6572373442751659,0.8195563936099519,0.03436286002287837,0.007565749516140787,0.8842539165742629,0.8845324729303827,0.20382136749232668,0.02660699294658788,0.7124921770701762,0.8376130083090748,0.33995900014723707,0.06590742835239527,0.9286324701643996,0.8945661662764127,0.1615394198860612,0.019039083947211433
1.017325260669986,0.9123344773045726,0.05345319698842567,0.0051362768483511016,0.8861275581650891,0.8849723742871869,0.200240476458029,0.026027011969861694,0.6984415270422462,0.8331642558924185,0.3385436565906282,0.0677911737820544,0.9225527932281171,0.8932385058501127,0.15514102708169458,0.018542738301934758
1.1090189218875015,0.9278156929135674,0.058896173266739106,0.004582137907100562,0.7885435293040779,0.860047985650812,0.20755531003752772,0.033774608176823206,0.7071738695026544,0.8359404641605948,0.33197892603109963,0.06515333429614094,0.9272092920728827,0.8942566888922943,0.15970059989590848,0.01888414191209279
1.0421960792971026,0.9168078683253704,0.04836213018281687,0.004388431689164574,0.9669029199407108,0.9025932281042017,0.21248513114831216,0.022931138919006992,0.7012122296437685,0.8340491712744096,0.33711242979997896,0.06707528647684233,0.9143533441810074,0.8914246372990893,0.15695459035893575,0.01911704126489899
1.1105926577498493,0.9280580070850146,0.05092797021026708,0.003947877874088526,0.9401236547494404,0.8970358273317086,0.17584773731865092,0.02018427384607752,0.7079530824277871,0.8361863802003058,0.33015208969695864,0.06467865320257504,0.9166820974576181,0.8919425343940325,0.15482102943921192,0.018756329492766986
0.8259882181331345,0.8701073390720937,0.060822894043249656,0.009079853941973474,0.8309870979133976,0.8714027121286751,0.21878358671560386,0.032286996001721135,0.7085731622977007,0.8363818627216195,0.33816387418444205,0.06615368607929142,0.9031439755026233,0.888901166136318,0.1563262320889432,0.019538349986506217
1.0504634014349812,0.9182483105244181,0.061791046812225886,0.0055012597501859556,0.8803493025917932,0.8836110297573666,0.17964353680247191,0.023662590840367457,0.7169124272909999,0.838992641648977,0.34405132997287535,0.06602536545161411,0.9210784370308026,0.8929143305427539,0.157047980883132,0.01883449239699904
0.8790105050773194,0.8832936223356903,0.0598897092334336,0.007913009725486813,0.8245995850723411,0.8697455341155723,0.19718804119952602,0.029531192719901667,0.7155103381810791,0.838556055089261,0.34699207000273447,0.06680503741401246,0.9156540155039775,0.8917141649420288,0.15831510345456204,0.01922508787440968
0.9307585117847508,0.8950269965452098,0.05049700349441437,0.005922527636302373,0.8469385652793598,0.8754627913575543,0.2032644710398146,0.028914980841422272,0.7236607431945329,0.8410806135603444,0.34685231120204235,0.06553659137151226,0.9062952449230032,0.8896157257945257,0.15627093480110807,0.01939023020532293
0.998231141810389,0.9087537406164058,0.04755387995672275,0.004774795933477216,0.9160696555177014,0.8918065427260257,0.1793317796770202,0.02175642845481138,0.719381103662227,0.8397590257744834,0.3472066399923576,0.06625320900675241,0.923207245010983,0.8933821268883536,0.15425185672297004,0.018408701486570853
0.9162640356633597,0.891849720781987,0.0576682055431282,0.006993142887371804,0.859590461820446,0.8786044083319396,0.20562471811817393,0.028410891273496934,0.7124768210576212,0.8376081988749412,0.338634411453411,0.0656529533410813,0.9278001111390509,0.8943852626551474,0.15427973102524528,0.018218338282423648
0.8083476947740864,0.8654471617410087,0.060251106461827346,0.009367362608682966,0.8531820556729094,0.877021750102428,0.20113117525317156,0.028203131712056264,0.7066557091985961,0.8357767709343006,0.34347373718907914,0.06748975107001152,0.9156095611308585,0.891704280665024,0.16123309838651798,0.019581440561609483
0.6751718343898078,0.8255829685274181,0.04530894604379483,0.009572207966215609,0.8024561385248894,0.8638595991669796,0.18617290929238278,0.029340016039360286,0.6973700075051064,0.8328210202075355,0.335412713153255,0.06733013917013086,0.9341352033836364,0.8957552571595074,0.1601055167494381,0.018632498427991175
0.9964452440447534,0.9084121833277363,0.05699880343001649,0.0057467260511226935,0.8896551565707296,0.8857966422235264,0.19251883636396538,0.024820931238567708,0.7085183645262894,0.8363645950783368,0.33807060441486825,0.0661437853432293,0.9154733955168878,0.8916739997764189,0.16142158847492744,0.01961047987673783
1.0186603340590525,0.912580034832333,0.05568242742257457,0.0053340591289913145,0.9777943220704792,0.9047759346613958,0.19717104887925627,0.020751467984596605,0.7192612238327226,0.8397218781718068,0.34767124850282327,0.06636017968832107,0.9157414772067217,0.8917336094371991,0.16011863343409571,0.01944018518568422
1.0443829518819139,0.9171911237292865,0.06603805339323261,0.005962265498562595,0.893423038860893,0.8866713681404839,0.18922575997953492,0.024185619680075408,0.703724294165577,0.8348482287289045,0.34294279873529354,0.06784180490151359,0.9187026351328762,0.8923901263760446,0.16453974871924906,0.019841211867391944
0.9155078475410806,0.8916816620163882,0.07155250726744186,0.008691945787292817,0.9496475084388988,0.8990437275576002,0.1800236191860465,0.020215383287292818,0.7149344662395875,0.8383764616725787,0.3445812136627907,0.06642891056629835,0.9230486121346982,0.8933473301478168,0.15622728924418605,0.018651264675414364
0.8724929946824258,0.8817376773393734,0.05456984371186012,0.007319134285001243,0.878185753793848,0.883097713294334,0.1837365383711009,0.024322587595474912,0.7069434377737974,0.8358676841354197,0.3421162833923417,0.06717850080093633,0.9022406463830077,0.8886955884534772,0.1600839329342712,0.02004966400734512
0.9259576292104286,0.8939838466475493,0.06494081403569,0.007701230089848585,0.8659796671094353,0.8801648184810866,0.20928861655490483,0.02849482145625912,0.7004061715600626,0.8337921184802883,0.33942094647854243,0.06766007402473145,0.9266040116994836,0.894124824962576,0.16474047841140851,0.019507261738635755
1.0183354524408612,0.9125203372888252,0.05767524600869193,0.005529094378997334,0.8626751923757207,0.8793599546127858,0.19369271994415546,0.026572848129666374,0.7054761687565705,0.835403650199506,0.34658740345425476,0.0682867754788692,0.924183521314687,0.8935960568673678,0.15909838095881465,0.01894446036319992
0.8870519715407478,0.885188874280443,0.06445388752107203,0.008359824211879478,0.8657098818846246,0.8800992817532061,0.18558052730280306,0.025282645921377342,0.7052093536419063,0.8353191549736072,0.3465471212281917,0.06832079981109207,0.9142180980324363,0.8913944927039511,0.15347431751455012,0.018698966896263287
0.9271575065024089,0.8942454127649248,0.06523532392689062,0.007714811456179429,0.897423452912449,0.8875936757804497,0.20030541775649752,0.025367007838887158,0.6964344525978068,0.8325208762293189,0.343040497394632,0.06900982733517218,0.9144045352243272,0.891436045195108,0.15467682301904542,0.01883738908036707
1.0151346367569782,0.9119302089802405,0.05555369752264756,0.005365106323942952,1.033441080712763,0.9152573314792813,0.18517378925001615,0.017145037249553855,0.6965458541043319,0.8325566385358445,0.3367023186021052,0.06771739654693086,0.9169495606908791,0.892001876998067,0.1531427883425529,0.01854159068357416
0.9218083427029906,0.8930749273025008,0.050923945638275,0.006096965017104009,0.9276824959297163,0.8943596782856954,0.201514071358251,0.023802516867765897,0.7102541086768519,0.8369108436148706,0.34406309762252324,0.06704771573055854,0.9198092458366555,0.8926345725208212,0.15371784861549603,0.01848906936370926
0.8326280885375733,0.871825539358621,0.04841252825199439,0.0071175360400085805,0.9096080796076009,0.8903625771836289,0.21236343008245562,0.026149997508131077,0.7074046244894525,0.8360133202887027,0.335783328419943,0.06586497104014942,0.9318352738281964,0.8952597112470432,0.15804366663986635,0.018490209121973734
0.9976600421987794,0.908644641238558,0.0604348092517822,0.006076130788985043,0.9157871417680966,0.8917437603684064,0.20616104601152502,0.02502761509708049,0.7049885966696218,0.8352492191544697,0.3373323619461334,0.066537949106199,0.9152427170209865,0.8916226838751711,0.15903968842982522,0.019331377387619912
0.9563522336328741,0.9004363550014188,0.05359589579561637,0.005926240886139358,0.8577663251283013,0.8781557043760417,0.19846945880746267,0.02753768072194651,0.7195834665364558,0.8398217168943679,0.3377792552594103,0.0644242701608497,0.9166455739617779,0.8919344286292841,0.15755320056962907,0.01908893310353259
1.031557043872639,0.914920251611616,0.04820196861298582,0.004482370298606632,0.7987847992538835,0.8628623453359183,0.21644158903233507,0.034399799750336676,0.7142211385947232,0.8381537772830209,0.34694157889877475,0.06699389249339484,0.9311366582423959,0.8951087752266,0.1558834325296294,0.01826683483890012
0.9874309810014725,0.9066705846943318,0.050278594205694443,0.005175498002055953,0.8815282598389661,0.8838899206980558,0.16766264568037131,0.022024601288073584,0.7080014776503627,0.8362016437310874,0.3489860532676661,0.06836071456516049,0.9255486705679308,0.893894565880224,0.15780347476764903,0.018731298785044963
0.853347400076808,0.8770628065645024,0.05444890093885142,0.007632058977953634,0.8453660410314967,0.8750674791641847,0.17305787716507204,0.0247073024189838,0.7140203107032534,0.8380910388163856,0.34051849694145064,0.06578401814373169,0.9205219923909544,0.8927917568043894,0.15727889937036457,0.018886368926153065
1.0152483952149458,0.9119512439113006,0.06119222267908215,0.005908099939737488,0.8897320329575663,0.8858145479479469,0.19601411167120625,0.025267094564666748,0.6911999635461415,0.8308336061982956,0.3378055124567529,0.0687807280811974,0.924918799560919,0.8937569275712836,0.1572092875332517,0.018687852599083815
1.0675584837968495,0.9211549878798408,0.06482906950418836,0.0055489562973121825,0.964993248967083,0.9022059488276968,0.14663798958569166,0.01589473343196225,0.7087029187922578,0.8364227451980225,0.3393841974190627,0.06637257972203925,0.9111516730080468,0.8907090520356311,0.1518813674439665,0.01863600531300282
0.974648363886323,0.9041499988955997,0.06259835833569205,0.006636125336436059,0.8653155089686788,0.8800034242487549,0.17701443532408717,0.024137549368701525,0.713614608734555,0.8379642380023885,0.34225870365128785,0.06618200077208194,0.9249030049369255,0.8937534741366343,0.15863685253325785,0.018858236575627588
1.061618053982767,0.9201558101279096,0.05337939551276851,0.004631861847382611,0.931546882586981,0.8951974275260055,0.1953924299377124,0.022874986756842658,0.7053979602988816,0.8353788866890768,0.3391947682017722,0.06684226913122726,0.9149029125772972,0.8915470533150622,0.1599849464110261,0.019461495384894802
1.237887449862378,0.9453363165902628,0.05916550908061944,0.0034212212102718944,0.9342353645501151,0.8957767908740195,0.201113519486591,0.02339946358630407,0.7034870476410264,0.8347728956440683,0.3478931933940423,0.06885871027866329,0.9013663627979167,0.8884963040863367,0.16097492232429858,0.020201883458628295
0.9613736952058883,0.90146813876646,0.05683135696028005,0.006211755176823597,0.8835216107698265,0.8843601419355894,0.18745551481944053,0.024511879379441704,0.715531066913748,0.8385625166180228,0.3403189055862196,0.06551715176433771,0.9144788226473685,0.8914525982345376,0.15416828939652355,0.018772245750093938
0.9889164879012111,0.9069596222781192,0.05661991027828175,0.0058083488056923874,0.8989076188793611,0.8879341841631848,0.1725044454674285,0.02177171659969783,0.7136069357078956,0.837961839051543,0.3434089739770912,0.0664055998772298,0.9168209855887024,0.89197335335823,0.1647011833518373,0.01994691485843602
0.9205132955981995,0.8927898400936476,0.05297898601390741,0.006361951387833491,0.8533683162828598,0.8770679994016408,0.19201257197071037,0.02691295273399493,0.7051399778584108,0.8352971792907165,0.35563254413791395,0.07012316647025005,0.9427649489156992,0.8975962034574282,0.15792976153273725,0.018017686689984266
0.9486103993018443,0.8988267733315611,0.061568008000272734,0.00693018300494936,0.9065265149638909,0.8896680080862814,0.20483652851801765,0.025402759234534937,0.7079333000403959,0.8361801406378238,0.3424844028773708,0.06709767906029589,0.9215283696300345,0.8930133515889537,0.1592508835528484,0.01907890655554207
0.9465984123898314,0.8984047029864062,0.0429749548003486,0.0048597845520775874,0.8663487942758792,0.8802544374015561,0.20548534455912698,0.027953233911098097,0.7023039378114513,0.8343968103362557,0.3421955268587867,0.06791573269994106,0.9200895366071716,0.8926964101163377,0.15917670543269566,0.019133304139261138
1.0141544251065961,0.9117487711267921,0.05054238100126612,0.004892166981510875,0.8777961675747699,0.8830050729229348,0.21552202032645518,0.028555875639681687,0.7054358300937594,0.8353908779532231,0.3502332637534362,0.06901151494409606,0.9343680102281876,0.8958053024052379,0.1610763211625546,0.018735431156910988
0.8895601394352941,0.8857745078526884,0.05055771896244472,0.006519695790670849,0.8308309499922713,0.8713624162523483,0.18666800188447785,0.02755744369684547,0.7157379403575912,0.8386269914494512,0.344351914861657,0.06626200333156994,0.9144819274221281,0.8914532900053915,0.1536782595435831,0.01871244366718598
0.9261064534060527,0.8940163203877616,0.06385709198494055,0.00757011860249461,0.8434976885353322,0.8745964018331672,0.20440674853358476,0.029308766537304107,0.7082445679528471,0.8362782954940464,0.3398208722567005,0.06652815543861378,0.9314508064711444,0.8951766707516985,0.15876702419053207,0.018591288841924514
1.0253280670626883,0.9137971304752063,0.046557446924283784,0.004391987443136798,0.9154937135264687,0.8916785186240986,0.2059886457416997,0.02502358729891423,0.7202197375809472,0.8400187015243623,0.3473228617809499,0.06614753018850408,0.937808101679159,0.8965423290419369,0.1622357550309703,0.01872140647231164
0.9023451933528085,0.8887193980427399,0.051548250289008224,0.0064545911056264295,0.8426569579316977,0.8743839281518826,0.19338875380555662,0.027782687685033683,0.7067282525007862,0.8357996961554937,0.34548707744518986,0.06787401736539601,0.9198698216901341,0.89264793938722,0.16743097041412117,0.020135664791532545
0.970946989262506,0.9034088470488681,0.04957412949718347,0.005300393437947641,0.9229255823187615,0.8933203361920623,0.1913795130066819,0.0228544020326547,0.7128747435689243,0.8377327893564985,0.3470482924491623,0.06722257871459653,0.9168448693215032,0.891978652326345,0.1550042044540087,0.01877148406695143
0.9036200032536061,0.8890093657735885,0.03498492146265206,0.00436778145539792,0.8171775579404912,0.8677971912415843,0.1923220495046593,0.029298913832982044,0.7079231951162956,0.8361769533701418,0.3484646587590126,0.06827088669527757,0.9242174037535933,0.8936034746821097,0.1501700153160837,0.017879930292627317
0.8899969943114553,0.8858762428927016,0.042479195407414,0.005472418317663772,0.8349063894513885,0.8724106130358387,0.21643229050776555,0.03165305746229003,0.7032708049152212,0.8347042079057853,0.34480441457879046,0.06828133641302579,0.9199106806409927,0.8926569546304488,0.15806817676115884,0.019007883578949652
0.8749885473945783,0.8823355592916616,0.057439165780224635,0.007659837853196595,0.8330238311397437,0.8719273310726254,0.16408098929208398,0.024100965149274373,0.7076384721767763,0.8360871263379104,0.3449424970559495,0.06762514833623491,0.9121235490214904,0.8909267061470437,0.16059824017529914,0.01966152650049414
1.0013147812835945,0.9093407974170271,0.05720661186950067,0.005703368670243557,0.9138672910771424,0.8913162681705841,0.17790446102038598,0.021692996552707292,0.7058204615895627,0.8355126296854001,0.34997691639207734,0.06889995507287698,0.9118588435088376,0.8908674623944433,0.15718579136039396,0.019255484132949724
1.005233108886419,0.9100818535249693,0.0483938237240804,0.004781419290203758,0.9917169996745443,0.9075023385035191,0.17879421178134605,0.018223695716478784,0.6976149367611605,0.8328995271709217,0.33840542917501565,0.06789259133709168,0.9113490362238558,0.8907532828411057,0.15667358762568795,0.01921528154128171
0.9281839737471805,0.8944687247468364,0.06485163864809847,0.007651330828507414,0.8992578229219187,0.8880143990395511,0.19930481595822605,0.02513390505101428,0.7051425358022303,0.8352979895945333,0.33866292786173613,0.0667767261066978,0.9096773186623959,0.8903781391870694,0.15853970907424134,0.01951914266148392
1.0513783899540012,0.9184063281470299,0.06403257461255611,0.005688825001215907,0.9690805460299099,0.9030331782839359,0.1754539917435539,0.01884007846655174,0.7062163327160387,0.83563786368842,0.33880529675832977,0.06663982663863775,0.9100153978665885,0.8904540972400349,0.16329490852489342,0.020088950374769654
0.8508061079649547,0.8764304787158351,0.06547256131983868,0.00923109505661515,0.8409902137035138,0.8739617887013832,0.2077512973024239,0.029960808636579253,0.6957644147500488,0.8323056507870604,0.3396651627442745,0.06843631106294282,0.9155458580195569,0.8916901151154807,0.15474819461568687,0.018796618758907743
1.1514915635245115,0.9340976762709268,0.04774381168595121,0.003368414474970682,0.9181423262091807,0.8922661696888694,0.21361143309167643,0.025791830584858674,0.7049385531556334,0.8352333620523448,0.34034755611035283,0.06714042458290755,0.9199549179602353,0.8926667145362223,0.16468562884519097,0.01980162285070323
1.0836959399297,0.9238118239610932,0.0474656240350208,0.003914562712859406,0.9242853208514535,0.8936183422650549,0.1796882095435308,0.021391156271717594,0.7002006633233439,0.8337265307026467,0.3395773164041923,0.06772328385139015,0.9181321900586116,0.8922639261208243,0.16562221858935935,0.01999799280864344
0.9863151921400531,0.9064529543054741,0.06364472468141659,0.006568212878240097,0.8977019575712064,0.8876576411849142,0.20216863839461394,0.025586555741656424,0.7143988970966445,0.838209292524494,0.3367236110392779,0.06499421056246509,0.9216405569830646,0.8930380291953696,0.15665061850268605,0.018762536795782932
0.9146645004851538,0.8914939620661795,0.05790895389555503,0.0070482486875581484,0.9245665682824115,0.8936798900426305,0.19040165294430705,0.022651874460482693,0.7094480899414998,0.8366573677443032,0.3513736521750797,0.0685995240875185,0.9210013166780239,0.892897349820949,0.15755743489519278,0.018898946039062947
0.8584827389626843,0.8783320990430988,0.05328504682339576,0.007381125893560951,0.9081071360994264,0.8900247523072325,0.20972750153234082,0.025914823008251084,0.7075248790319639,0.8360512778708808,0.33966326670363745,0.06660758736243909,0.9241502108125126,0.893588763821488,0.16139758462674872,0.019219709548394984
1.0318663513514605,0.9149756742517323,0.054990180324941976,0.005109975200955447,0.8755412753051175,0.8824676264296153,0.19616750173454559,0.026126773839303705,0.6980418305269488,0.8330362886128672,0.3417020920766861,0.06848663168908448,0.9413574974619261,0.8972979360801951,0.16095453117549083,0.018422378882514325
0.9877094123302561,0.9067248208164442,0.07292622629495434,0.007501952818185205,0.8788006633833985,0.8832438041867866,0.21489251295577474,0.02840668929974396,0.7031341080295855,0.8346607754424682,0.3428187505806589,0.06790948856406998,0.9165880865562472,0.8919216692011283,0.15659096007559328,0.018974860873512984
0.8250464070952752,0.8698620459048129,0.05549406614654156,0.008302332843160029,0.8678431753869059,0.880616660722856,0.17714822662034632,0.02401561063312311,0.708354497151328,0.8363129491345258,0.345317744638751,0.06758719124214092,0.9231054224727722,0.8933597928664927,0.15202817168646124,0.018147577099650685
0.8735654493151289,0.8819949365883656,0.07338081118527645,0.00981786506690241,0.936494763443833,0.8962614970706438,0.19004680088637357,0.02199711878163153,0.6956406349799173,0.832265866849563,0.33759595986948104,0.06803879377890269,0.9114143221783815,0.8907679105316175,0.16044309653077712,0.019674636308322786
1.243159311572135,0.9459602212084753,0.06624591436878126,0.003784423993810057,0.9385606974348061,0.8967029538077895,0.18101377828340284,0.020852154592963693,0.7017226174708777,0.8342117697861008,0.3287511060548603,0.06533480589427819,0.9315636151122834,0.8952010421350829,0.16260812250573342,0.019036128173318408
0.8465414947383688,0.8753630743455111,0.051322204497966706,0.007307415601486474,0.8111136122888447,0.8661870689309499,0.21862319980228717,0.03377401050484943,0.7191045798892124,0.8396733278376135,0.3488800017973893,0.06661491775168094,0.9214657272589686,0.8929995701035215,0.16041250084252623,0.019220845256319407
0.7921094572734362,0.8610333699722512,0.05247456555368616,0.008469141605279437,0.7982280023027195,0.8627105659468578,0.18331319655378778,0.029171967984094698,0.7124263550676716,0.8375923923448806,0.341992524926322,0.06631171476345994,0.9149021279529562,0.8915468786269313,0.1556350989713305,0.018932388955971376
1.036177116544619,0.9157446879239912,0.04994180010696197,0.004595016503114009,0.8639068871565718,0.8796604997259578,0.20540742172226742,0.028100189209743706,0.7065703745926006,0.8357498000980074,0.3350224035881695,0.06584206990483259,0.9269465737117167,0.8941994719302446,0.1581643888561811,0.01871380646948033
0.8218805780095363,0.8690346219626233,0.04817512986515649,0.007260095208337163,0.8674296503457167,0.8805165212011675,0.2151323881222377,0.029192826615087375,0.7082947584298889,0.8362941180710128,0.34571388667378505,0.06767403415866687,0.945261800383362,0.898123448691082,0.1615148607187749,0.01832106379045084
0.9281292373935933,0.8944568271434057,0.061957837857375214,0.00731083557345734,0.9240112018745773,0.8935583242654696,0.19764295008493873,0.02354345120275211,0.7206223916115678,0.8401432587689688,0.3559158925796075,0.0677212536627108,0.9232354573818308,0.8933883143347386,0.1586434199587957,0.018931568893537205
0.913862406092534,0.891315178545292,0.0600556526653798,0.007323041326341655,0.883637124414389,0.884387340205962,0.19238912197778907,0.02515031264707135,0.7025100253977037,0.8344623704859239,0.340397408345165,0.06752680775453149,0.9340232415491471,0.8957311817583773,0.1580836522004681,0.018401944616804503
0.8959301981595502,0.8872501706138933,0.054553715441059546,0.006932567963443517,0.8584898169689394,0.8783338406844323,0.19394352438719645,0.02686491473211155,0.7003546414123756,0.8337756746238835,0.3449669460914605,0.06877377169462173,0.9267831554394984,0.8941638675880296,0.15918353438288013,0.018841478875898942
0.8399002639927058,0.8736850789985451,0.06056346304223035,0.008756094425376577,0.799816196422136,0.8631431249419964,0.19756236468253788,0.031324779261074215,0.6987781715868315,0.833271975518432,0.3447222234777774,0.0689749049577536,0.9274629183605787,0.8943118998221485,0.16212557460483912,0.01915969582159822
1.1682831388257684,0.9364382280647734,0.055141860470394384,0.0037428142660797742,0.9791495585393216,0.9050444505289776,0.1870501964326648,0.019624952310955773,0.7049493363443466,0.8352367789847912,0.3534335431187289,0.0697201685129814,0.9256116751575718,0.8939083248837667,0.16209155963677546,0.019237504121358703
1.007069365485628,0.9104272547311618,0.05989064706521346,0.00589236498103557,0.8247913463910859,0.8697955480041293,0.18227450483397908,0.02728566738377267,0.6991820838189845,0.8334011460514125,0.3514185103378354,0.07024938873193196,0.9368325997571415,0.896333801160069,0.16174593547452656,0.01870685484219348
0.9359505470844804,0.896144929526674,0.06596477210496549,0.007644718873024839,0.8598113411950621,0.8786586438158697,0.2045691226243166,0.02825066929841078,0.7104757327703558,0.8369804841775648,0.3353607627324062,0.06531854708679345,0.915114703025866,0.8915941971337235,0.16480756627674187,0.020038372387463723
1.0332724356695189,0.9152272080331956,0.04895057852722217,0.00453404048057149,0.9506697079789926,0.8992571585978426,0.17564131312225312,0.0196769130858318,0.7173686310193182,0.8391344898176746,0.3443178760426944,0.06600714363026301,0.9254742298775358,0.8938783074232348,0.15880348013274734,0.01885323086914168
1.3247631462192,0.9547989238519828,0.0453202459301093,0.002145502928584476,0.8971810436171762,0.8875379746693566,0.2024299807387827,0.0256503792189937,0.7066985048796254,0.8357902955877097,0.34644028346016265,0.06806594530210519,0.8954160746108879,0.8871316908283318,0.15056001876502667,0.019155504106719585
0.8627970040904149,0.8793897066501429,0.06525278145040159,0.008949567015750979,0.8181821328217498,0.8680623386639775,0.2257471915670561,0.03431154098261357,0.7135574328711731,0.8379463614361018,0.3411695133248788,0.06598007169172128,0.9153528353445317,0.8916471830612013,0.15724526231528202,0.01910841804450771
1.0180830412707174,0.9124739308720521,0.053491456834532373,0.005130992557978539,0.9352911813625396,0.8960035426141708,0.2018794964028777,0.023431550709588092,0.6942494099196053,0.831818196074158,0.3368345323741007,0.06810314987885081,0.9102278157356137,0.8905017986780437,0.16244379496402878,0.01997447213568709
0.8576542379767492,0.8781280864771163,0.050546491367020434,0.007015147015147015,0.7991712255632366,0.8629675997662987,0.21426987395623542,0.034024354024354025,0.7008385208567501,0.8339300347552133,0.353397750673214,0.07037611037611037,0.9257292520105268,0.893933997226039,0.14982009911520444,0.017776277776277775
0.9898008874984608,0.9071313196812392,0.05909132973548843,0.006049547283566315,0.8066825387574024,0.8650000537197532,0.14550957807707152,0.022709576882905383,0.7136942619807825,0.8379891396801381,0.3353647388628192,0.06483703343082708,0.9158847183780342,0.8917654482036671,0.1552196965080139,0.0188391850293697
0.8521489939781355,0.8767649648511224,0.06352436700245032,0.008928764166216945,0.7974757751913356,0.8625052892171476,0.2003062891369453,0.03193146249325418,0.7084618878448343,0.836346796850144,0.3432434885198294,0.06716459794927145,0.9403920026126416,0.8970928835796668,0.16255104818949087,0.018646519158121964
0.9950740512671958,0.908149159633005,0.05831143453945152,0.005897659221110829,0.8650846355698123,0.8799472767347989,0.18206320328818812,0.024839196550772775,0.7101712078094882,0.8368847876611547,0.34342923882038495,0.06693697153954764,0.9285152988088345,0.8945407169763927,0.1555061428924376,0.018332945637885237
0.9967667912802967,0.9084737647622537,0.05982720494170109,0.006027426487702692,0.7993417051269588,0.8630140132203497,0.21532905076939945,0.03417912345583228,0.7138539949045677,0.838039067046602,0.3490327680105267,0.06745469866639081,0.9131031135548143,0.8911456971102325,0.16105303556416536,0.01967278299325006
1.0884184065510332,0.9245736478372188,0.062487175161079975,0.0050976790117068195,0.9033158161392127,0.8889402356232856,0.21690507567224956,0.027099039542723583,0.722754497850143,0.8408014973661622,0.3468360837387882,0.06567041729060275,0.9131382605529569,0.8911535473784405,0.16550084130943316,0.02021445073681056
0.9369212538811437,0.8963527676272315,0.05313304234453829,0.006143889978869077,0.9033959768139669,0.8889584567482542,0.19796156680460292,0.024727767327761392,0.70298534624832,0.8346134992226927,0.34895980953460687,0.06914966252594137,0.9258101056268997,0.8939516480483783,0.16209285187914518,0.019228869752015265
0.9362956274082253,0.8962188568767121,0.04526656701544594,0.005241817926596192,0.834473055455927,0.8722995075985571,0.16379489966933913,0.02397879301594843,0.7096516664844992,0.8367214181781244,0.33614621551841284,0.06559587953914761,0.9115738364026423,0.8908036433750175,0.15576844679983692,0.019094384036453554
1.0619663817840383,0.9202147164853057,0.05262587246730365,0.004562815699197752,0.8482671674670886,0.8757959480785812,0.17424273226265502,0.024710839793630642,0.7098685496975214,0.8367896329923566,0.3436312710352149,0.06702304097674293,0.9107466170981097,0.8906182262889167,0.15937521176390865,0.019573755436103832
0.9286848352529341,0.8945775380796391,0.062031635591284266,0.0073101854927165475,0.7924880376532568,0.8611376419507869,0.2073753045146201,0.033440210232639524,0.716028352852782,0.8387174672370562,0.3367722468146131,0.06476016424154936,0.915111661869708,0.8915935203103253,0.15805807322827342,0.019217859837346214
1.129049510828668,0.9308443665191974,0.05264042300539959,0.0039108382996920045,0.9269334069046398,0.8941966036366987,0.20020388501781194,0.023688583599919887,0.6945715078175558,0.8319219260119292,0.34163959402236016,0.06902345420394819,0.927433580062163,0.8943055145813544,0.1559765196155311,0.018434257319627806
0.837538813836417,0.8730837857745948,0.060049554127036685,0.008729130239162004,0.9176523507774004,0.8921576699437339,0.19173793402678663,0.023176918455375017,0.699395973832883,0.8334695153282341,0.34373665521060504,0.06867993458540672,0.9357617271505809,0.8961044584939916,0.16128155650198103,0.018699197943804875
1.2662588032750282,0.9486155809969884,0.04636588066583165,0.0025115377475381103,0.9168335934662833,0.8919761506354301,0.20630025957995243,0.024984242178292197,0.7076519525302791,0.8360913801376457,0.3527224128228866,0.06914823577155044,0.9239784159302649,0.8935511438281264,0.1608714988473198,0.019164641174972262
1.056299271138432,0.9192513953083348,0.052037695012663386,0.00457107956005177,0.8868073494739368,0.8851316176921719,0.18424935996723765,0.023911049495522366,0.7179161482253693,0.8393045968519471,0.3487589427276492,0.0667742785078471,0.9060727794964295,0.8895654134508437,0.1550354963657121,0.01924679251542948
0.9485085276072722,0.8988054403553326,0.06998734977862113,0.00787972426907535,0.8797778391215683,0.8834756367205913,0.18785578747628084,0.024776887006504312,0.7088381191656095,0.8364653341392685,0.3352014999548206,0.06553417464399161,0.9215579969547434,0.8930198691336277,0.15540796963946868,0.01861723966549258
0.8886544813796856,0.8855633459720333,0.05754904047589707,0.007436757251230754,0.8651686622263273,0.8799677143168402,0.19062993625578348,0.026002939194400915,0.7199733792578991,0.8399424541552477,0.3355679284810056,0.06394507008327717,0.9286913606412754,0.8945789550821505,0.16294545332332547,0.019202195464546983
1.014262951059326,0.9117688759638933,0.050967067433350756,0.00493204118611158,0.920558100794738,0.8927997145150998,0.18759576040521297,0.022525006162348697,0.711688478341132,0.8373611391919078,0.3497530508138508,0.0679317860432532,0.9268505892010184,0.8941785608280074,0.15604890314905276,0.018467586045847875
0.9402946936246461,0.8970721969325678,0.0612802453579542,0.0070311409134013805,0.8385233668540011,0.8733347781200446,0.21987426771998023,0.03188974446476909,0.7175476677292563,0.8391901303876331,0.33699577778334766,0.06457684036420469,0.927702294410689,0.8943639853531921,0.1538431741590315,0.018170879043566443
0.8390605836305052,0.8734715518931753,0.061363986969028755,0.00888900162118638,0.842479093196797,0.8743389377884313,0.18246762674797412,0.026224470631917296,0.7194786778782506,0.8397892563116361,0.34095136979464424,0.0650449765888598,0.9193880581953823,0.8925415913866396,0.16199784027078284,0.019503886745775956
1.0329455209268164,0.9151687867154504,0.06216067317869365,0.005761959324747497,0.8839221795169792,0.8844544340762358,0.16866957597148913,0.022035077058664136,0.7105300508047544,0.8369975487873125,0.34428856524333235,0.06704903752761522,0.9373929650593646,0.8964536328759591,0.16728655128506997,0.01932271120225953
1.0607982099494548,0.9200170080108137,0.05929182640631587,0.005154619572451253,0.8786901776689531,0.8832175665512179,0.19407788011415178,0.025661725917446768,0.7078520866364283,0.8361545231167575,0.332518909422377,0.06515747721357174,0.8988560355333404,0.8879223646621632,0.1621122933868337,0.020462557567071715
0.9793926217382549,0.9050925374208868,0.054899776016736214,0.0057567577043088035,0.9066403843522243,0.8896937421124239,0.19879708480665811,0.02464731566158485,0.7140689566499182,0.8381062375703409,0.3405364228622105,0.06578011267560052,0.9209611928711292,0.8928885142354036,0.16700055711573228,0.02003349523596342
1.0403455105238635,0.9164822919665218,0.053640409998462056,0.004888173116182008,0.9202964941722097,0.8927420488686106,0.1972167690456589,0.023694488910203648,0.715742013335405,0.8386282606378272,0.33861964771976805,0.06515835931069792,0.9141680315762071,0.891383331682778,0.16247953174050317,0.01979842429191429
0.9008138678666405,0.8883702074470862,0.06201062293961295,0.007792058892562824,0.8765885759497468,0.8827175129123882,0.19282299448164822,0.02561947625336522,0.705246816344636,0.8353310207937198,0.34048275458850724,0.0671194367738886,0.9071908743600836,0.8898180765083641,0.15495684711871877,0.01918756645261219
0.9759208355033228,0.904403618093986,0.04741413495942697,0.005011722269396807,0.8499860874686509,0.8762258446684713,0.20393244550796166,0.02880714640069918,0.7202761989903247,0.840036172066324,0.3404894143026447,0.06483767234543096,0.9299193509746921,0.8948453169627582,0.15996039002680698,0.018797197451816697
1.0346676140974322,0.9154761233076449,0.049278903254267196,0.004549811662098854,0.889427957408396,0.8857437096549385,0.1804676100308799,0.023279374637162644,0.7075241444447613,0.8360510460245407,0.3399685545262253,0.06666756672832089,0.9297672842637114,0.8948123646066498,0.16471320144332463,0.019362486330313625
1.0477577518997352,0.9177794153033015,0.04720376742194809,0.0042288171782943395,0.8540234083721769,0.8772305427614578,0.18998162951419012,0.026588154884950584,0.6896821047093674,0.8303418189937168,0.3403976270134483,0.06955116663634386,0.9038675042543542,0.8890655855399063,0.16009278114658107,0.019975802938091262
1.1094505841032343,0.9278822324179558,0.060522927557199464,0.004704021987338727,0.9782064789613473,0.9048576679891397,0.19687353560720833,0.02070050125178113,0.7180337078247586,0.8393411022385469,0.34452527513523595,0.06594583633110015,0.9176749747146036,0.8921626818839207,0.15737871984203894,0.019022650712614567
0.9554506992756916,0.9002500979253463,0.05204528729889752,0.005766744511859811,0.9183716181559333,0.8923169109285976,0.22396104086073773,0.027027187780665807,0.7081878320381898,0.8362604079831621,0.34163510463292396,0.06689207347043388,0.9137846238036023,0.8912978274440536,0.14881752081068855,0.0181496996047901
1.2651540169249988,0.9484914411043589,0.05174764655372528,0.002810195838056181,0.9743800736049686,0.9040964486253169,0.20161321220343872,0.021386460574828018,0.711072001554312,0.8371677298289034,0.34510751367444126,0.06712470858879954,0.9343053342007446,0.8957918313627622,0.16104626660145907,0.018734638920374542
1.1250994197572366,0.9302565664294654,0.049454126432166734,0.0037076874338539388,0.9139624372490798,0.8913374891855464,0.20272970808863724,0.02471467807072886,0.7180005078926496,0.8393307934549186,0.3468911405842764,0.06640376446308423,0.9015264532140945,0.8885328184482462,0.15758313995821738,0.019768936055614233
0.9874037413348276,0.9066652771133921,0.05629770992366412,0.005795447655837238,0.8681141175550892,0.8806822329272302,0.19694342902196896,0.026682552811869355,0.7084909458601731,0.83635595447338,0.3377056230512848,0.06607654797890124,0.9222634301163662,0.8931749501185621,0.162961867899509,0.019490481304728167
0.9137268988753695,0.8912849490191466,0.050256965348815366,0.006130125450959538,0.8135155418717801,0.8668268125584923,0.16253002401921537,0.0249699721328396,0.6918647670271078,0.8310486451584551,0.33795080757343304,0.06870505973623131,0.9151495110937381,0.8916019435661825,0.15457952954542406,0.018793275057429313
1.1596728748854588,0.9352478987349269,0.058659641577700546,0.004061313643954739,0.8514209656959469,0.8765837242054635,0.20245015592306903,0.028503431661014964,0.7108586809009276,0.837100760881475,0.3312461799963417,0.06446028149048856,0.9275501835907085,0.8943308903754328,0.1621421465186104,0.0191578043871941
0.9112952092281894,0.8907412213031113,0.05336240713057357,0.0065454604457208685,0.9528454003599756,0.8997101005832392,0.20764985556766963,0.023146548110648677,0.7121618871256244,0.8375095376550757,0.34203599006395485,0.06636054118226095,0.926741629186903,0.8941548184778612,0.1639964482010588,0.019413007087940765
0.9185970404348807,0.8923667753422083,0.04963745350645062,0.005987044041001723,0.9497537125424699,0.8990659212073775,0.20015043042363592,0.0224699867253636,0.7151338893472577,0.8384386726998464,0.3435982223526768,0.06620899854549604,0.9170941554723424,0.8920339466024173,0.1588141679775822,0.019221845766596794
1.1304737519339658,0.9310551760595779,0.05940115027121324,0.004398667181723816,0.9040654628272562,0.8891105338199987,0.20741906760796286,0.025869212890528057,0.7053142200914395,0.8353523683185469,0.34841360699975465,0.06867218842459412,0.938485326919656,0.8966868776013202,0.1617330389511271,0.018634314459653977
1.1856945822175466,0.9387831863727509,0.05629995351587004,0.0036712457270568757,0.8832265138574338,0.8842906346247529,0.2032123692915909,0.02659032377642254,0.7051239434743788,0.8352920998558264,0.34816613337786184,0.06865348390087961,0.9220771907503431,0.8931340268761585,0.15481246135724633,0.018523742055270784
0.9883377781132235,0.9068471173762305,0.052872489490892106,0.0054311523003145795,0.8421147306234504,0.8742467302588554,0.1654162062405304,0.023793773637292404,0.7190136000481812,0.8396451240197405,0.344270400200499,0.06574853559981778,0.9251841722719254,0.8938149355187939,0.16151103313928983,0.019187483657752222
1.030157763089207,0.9146691146715318,0.05492608277102607,0.005124138549446371,0.9031002565279252,0.8888912243222731,0.19145262834390156,0.02393101265207391,0.7006490124950362,0.8338695942540831,0.34234682117499243,0.06820516864930387,0.9300433250505308,0.8948721749959211,0.16396924898649107,0.019262785228047394
1.067649472113159,0.9211702028088267,0.05697533187161847,0.0048757046663520705,0.9010957109024643,0.8884345484222925,0.2090154606767905,0.02624718309135892,0.7154663990928762,0.8385423577735732,0.3477694576707356,0.06696147923041705,0.9273423491039786,0.8942856567355019,0.161110122112531,0.01904497810527522
0.8042760459242859,0.8643516759183505,0.06202455602729647,0.009733916542791436,0.9211873666429498,0.8929383111399889,0.1998254033609853,0.023958704530940508,0.7083399787969373,0.8363083727647356,0.3416581730801682,0.06687315843178013,0.927535337195323,0.8943276597333559,0.16539656611610226,0.019542996376480486
0.8908369003986152,0.8860716189850442,0.04719094572503044,0.006067667590093661,0.8402602162896864,0.873776518889347,0.20397683060011257,0.029465961910936467,0.7027700204800058,0.8345450498920515,0.3469153437848287,0.06877862483879714,0.9260547357716203,0.8940050364895777,0.16230913612583056,0.0192436846090029
0.8401828524639435,0.873756870675946,0.0498021675554791,0.00719557315121395,0.7633229028952836,0.8529108216899808,0.19641321176672974,0.03387254234945237,0.7104922245067091,0.836985665390549,0.34361277354749337,0.06692325801901973,0.9421579964373603,0.8974676721985453,0.16063360706945412,0.018351789335907885
1.1355643270413316,0.931803803742858,0.058799809544204655,0.004303398779283949,0.8513474586620009,0.8765654121072518,0.2164612128571331,0.03048123988779462,0.7100589323475925,0.8368494938545474,0.3349265401062087,0.06529660941561224,0.9218430332302986,0.8930825547706911,0.16300145575661754,0.01951409656930375
0.8740575100503578,0.882112809269991,0.06981934064541245,0.00933078608632921,0.7674721333277668,0.8541053665179632,0.1890880120228325,0.03229920720716829,0.7156951799164639,0.8386136663003486,0.3496580101668983,0.06728965503090283,0.9453967856680264,0.8981518840454393,0.16143459189816806,0.01830626793395445
0.8055300363623966,0.8646898636663447,0.03910481062868347,0.006119277534992203,0.8776987841831551,0.8829819060128894,0.21107717965765543,0.027973222417711906,0.7020318171285969,0.8343102119966649,0.33829909511950507,0.06718448910978322,0.9289720390885275,0.8946398891254662,0.1605075444270405,0.01890268127163787
1.09151707434949,0.9250697142946829,0.04897500941180689,0.003966956642230199,0.9356617073486782,0.8960830149360323,0.18914146393933418,0.021934363619830345,0.7009972749213614,0.8339806531347921,0.3412160950861404,0.06792540454405709,0.9065643634299443,0.889676562271627,0.15866513687456302,0.01967510901147056
1.152988322540618,0.9343095177052126,0.06578484373500527,0.0046252746340995615,0.7731273649250705,0.8557205162818539,0.2182774520511637,0.0368028550093583,0.7108160673573072,0.8370873803151068,0.34403889830779566,0.06695630529721902,0.9320157273408123,0.8952986670813601,0.16048750839704423,0.01876832465387214
0.9405173071724527,0.8971195163060093,0.05556636911767369,0.0063722779719297944,0.8727287468421436,0.8817942709203653,0.19290363758170526,0.0258589966780566,0.7059886543680451,0.8355658469046617,0.3436622969816582,0.0676305990297679,0.9402659578858806,0.8970660873777538,0.16723324702601894,0.019189190940468528
0.9596852167849472,0.9011222661943343,0.055227181988811845,0.006059930826688885,0.797804928444484,0.8625951442226459,0.19590746596056152,0.03120657157220193,0.6964627334465708,0.8325299555746922,0.33673689475882135,0.06773731365134111,0.9311910745352063,0.8951205387687003,0.1607735339063554,0.01883750945939109
1.0031401212033828,0.9096866976297332,0.05740905198748975,0.005699545881506203,0.9863826101319582,0.9064661168376071,0.19781774738290947,0.020411862867760717,0.7036870026021604,0.8348363893332905,0.3358733893735563,0.06644902213726496,0.9138271885157694,0.8913073227684433,0.15939665530266037,0.01943801959664005
1.2389342766083264,0.945460742144418,0.06420663374596947,0.0037037837720981263,0.9873317482396099,0.9066512481352819,0.2002796004419491,0.020620774265377485,0.7081213384107418,0.8362394420926584,0.3435770817831293,0.06728261280786048,0.9209219693541365,0.8928798762809181,0.15982096552346164,0.01917395839526123
1.2968463296803425,0.9519421616222793,0.05734352070223201,0.0028949297142391115,0.9663081465083412,0.9024727556046153,0.19767912501384974,0.021362528915540965,0.7156822715362011,0.8386096435738956,0.3422114791055677,0.06585857080128522,0.9373759503599315,0.8964499961597362,0.17013569340210336,0.01965257602836167
0.8820319829594829,0.8840089029808789,0.05999112557314007,0.00787145518916893,0.950009320256425,0.8991193182248468,0.1802828439124845,0.020227633682882173,0.7111624891219557,0.8371961303984872,0.35165485305997063,0.0683839410665509,0.9226295904628788,0.8932553680079932,0.16585621152992844,0.019819931564287237
0.8717922844306207,0.881569329541806,0.07098384437256157,0.00953602172742547,0.8820927963792766,0.8840232602901892,0.19387879224746132,0.025435337771944202,0.701014495080341,0.8339861430011324,0.33483055963525943,0.06665160220301564,0.8955238891188013,0.887156545685283,0.15484578719263312,0.019695885239060063
0.9462137573924502,0.8983238332670748,0.042201888345041134,0.004776591777832739,0.9789075781760017,0.9049965562006851,0.19520895786761855,0.020492368872381223,0.7088546841607583,0.8364705516001691,0.34519808340377445,0.06748600062453965,0.9284240087445181,0.8945208852671317,0.15965506649118047,0.018826027825027153
1.0361478185186725,0.9157394827179149,0.0647035547497636,0.005953609182628438,0.8671558420185306,0.8804501756364297,0.19950952009425083,0.027089923707366,0.7018581597882925,0.8342549291765889,0.33841101500725435,0.06723359453825545,0.9168311747059679,0.8919756139962681,0.15645951305226494,0.01894832388543811
0.8803433896300374,0.8836096295383192,0.05306662070779683,0.0069900139573593496,0.7749625814607792,0.8562414548921967,0.17428691941021465,0.029261879137687786,0.7079305989542296,0.8361792886734528,0.346045345077034,0.06779574111635127,0.9229677395468053,0.8933295865814311,0.15269154190496492,0.01823254277612201
1.0295492483740567,0.914559691480852,0.05709476345558587,0.005333926533077652,0.9066081936498886,0.8896864676756628,0.20321055781312689,0.02519637563616072,0.7012140007118152,0.8340497357191433,0.3429765125416617,0.06824178518483638,0.9220404510595214,0.8931259522632837,0.15983082036879726,0.019125820588469303
0.96240875218029,0.901679629558644,0.0666758413442557,0.007270424223363168,0.9221716492156099,0.8931547843987429,0.1910506284278137,0.022854768223479892,0.7121256052134113,0.8374981683024055,0.34089642616226995,0.06614497292909904,0.9172667599130673,0.8920722174953013,0.16523218326493685,0.019990694462232325
0.9119369301619769,0.8908849419073862,0.051770775205785526,0.0063408537717390065,0.849594043000827,0.8761279081770407,0.20264803895862327,0.028651565890482657,0.7078705392988811,0.8361603440085135,0.34532749760766623,0.06766446031296701,0.9170166009222168,0.89201674685838,0.15837809854846407,0.019172490166670005
1.00426694265333,0.9098996354083663,0.05563528457232225,0.005509134446323616,0.9223475199191329,0.8931934230406744,0.19127355239100416,0.022872171767887133,0.6990792871006645,0.8333682794109543,0.3434552772950092,0.06867377270647641,0.9268930466483365,0.8941878110200405,0.15832902043297753,0.018735594496591294
0.8711353183686161,0.8814113030308015,0.04631813870445796,0.006231832625827267,0.8650827179623924,0.879946810285133,0.21068571109747253,0.02874434153173483,0.6873931389026949,0.8295980424049126,0.33660213133961947,0.06913910011730062,0.9126764564741092,0.8910503613478836,0.1561457345310495,0.019092098597539665
1.0635114002767387,0.9204755192108098,0.053710414225903426,0.004640311138257531,0.9486661572881934,0.8988384479348891,0.19248653606880456,0.021663778162911613,0.7093942688752428,0.8366404308688087,0.3389414126002416,0.06618054911067897,0.9272004839948804,0.8942547710388543,0.16270695401829097,0.019240024949765934
0.9696660259567269,0.9031511610563036,0.055025832454218396,0.0059006600610118625,0.8099043278088662,0.8658639988675679,0.20753649454047085,0.03215067897858099,0.7133060220754531,0.8378677366318966,0.3294449403554329,0.06374950544069288,0.9291042143336193,0.8946685730207458,0.16538856880088723,0.019471583649166655
0.9214205085178426,0.8929896208911879,0.04568714116467693,0.005474865756615126,0.8140455449141092,0.8669676275043269,0.20096828579239953,0.03083770028681719,0.7001533207458904,0.8337114184235165,0.34172742185364074,0.06815951780207458,0.9221544826193819,0.8931510122532187,0.16637428232935386,0.01990360354531927
1.0772261026914598,0.922756653219449,0.061707215637346643,0.005165470050752647,0.9573624743187029,0.9006447032280035,0.1995239903441916,0.022010638826531384,0.705662068799157,0.8354625005959175,0.34611733434592745,0.06816497527185832,0.9192053316801406,0.892501230764187,0.16020685851709204,0.01929637687891745
0.9801855031693546,0.9052492471969471,0.04575691610181511,0.004789291192472952,0.9794532342351722,0.9051045254187406,0.19577143603238958,0.020525610921184313,0.7130864500948902,0.8377990437551316,0.34732349279743907,0.06724309734891268,0.9335264372019889,0.8956242935448725,0.16050939068068085,0.01870570189500866
0.8731941367383907,0.8819059214402296,0.07000346112158556,0.009374009218180133,0.8092384949132854,0.8656858350287199,0.23384430417793808,0.03628175624232986,0.7170558019467017,0.8390372322523499,0.34010529096191855,0.06524655504487231,0.9164878661350462,0.8918994219409101,0.15586660108752085,0.01889144589980783
1.101356724146241,0.9266251292006309,0.06627712627285692,0.0052481585314004655,0.9771297696336262,0.9046440173789171,0.1868522168830107,0.019695566878815934,0.7184026835041974,0.8394556354628705,0.3460853688446411,0.06618819776714513,0.9281122246955673,0.8944531289883011,0.16343437463097368,0.01928551234156248
1.0530755060657644,0.9186986818064126,0.05868485076928349,0.005193384751739614,0.9145939611209185,0.8914782494986501,0.2005779620555346,0.024416828527786684,0.7129125763889277,0.8377446308889767,0.3498155318735794,0.06775268518842789,0.9230309097146444,0.8933434464326675,0.15766941941084422,0.018824201313028182
0.9095629412954096,0.8903524309620823,0.04677438812044348,0.0057603009463351555,0.8476341844317377,0.875637318446964,0.18652169261829596,0.02649080546608449,0.7081070315437783,0.8362349307585208,0.3413710927453038,0.06685281681520391,0.9250250894373911,0.8937801648775001,0.15764220665857884,0.018734729028044933
0.9120162532186183,0.8909026956708743,0.052629567602198515,0.006444860904909096,0.8807484939225316,0.883705526449481,0.20237161258415853,0.026631835427804954,0.7074381535057307,0.836023904219801,0.3412064876530027,0.0669235740961591,0.9177043302583774,0.8921691847893454,0.16760894244062538,0.020257826887661142
0.9580631887942018,0.9007889880211566,0.053116972762557856,0.005850192099486745,0.8387545121746162,0.8733936425091912,0.20182865419651244,0.029256900326960617,0.6995110693052037,0.8335062959454105,0.3487863665682181,0.06967042045893283,0.9254005273575158,0.8938622080257891,0.15808806056285432,0.01877148125848788
0.8078994362351505,0.8653269238117306,0.04988698704042343,0.0077640413370055755,0.8275395867200254,0.8705105328975012,0.22312733550651387,0.033190453967937114,0.7199638985392981,0.8399395193056192,0.3478164078915984,0.06628055968428066,0.9206484437565878,0.8928196223720369,0.16215258453255796,0.0194659422889652
0.7356087506472329,0.8447234721037644,0.06200688865441767,0.011398066579028055,0.8336026380621164,0.8720760858325,0.18884406939048232,0.02770133583090759,0.7164930040212815,0.8388621405233493,0.34171730420090934,0.06564081543924843,0.9019043543602547,0.8886189708842219,0.16016683952044886,0.02007558695067922
1.0219840639597089,0.9131886625794575,0.05158315742695256,0.0049036996056863605,0.8972855550374277,0.8875619923895224,0.16177535829352294,0.020494003937712547,0.7103270951501253,0.8369337806752879,0.3365781579824464,0.06557810067743843,0.924412623735048,0.8936462049297733,0.16142873014109543,0.019211806629025174
0.982976014115616,0.9057989391604725,0.06456424510194474,0.006714536877845646,0.8670540584653575,0.8804255046936235,0.22449344511643066,0.030489451130482865,0.7065454220142404,0.8357419129192709,0.34442563285409045,0.06769397910960975,0.9398212773870301,0.896971502162096,0.16037509506391917,0.018421103786707214
1.007351935838132,0.9104803000962657,0.05800837971246437,0.0057034652405028785,0.8389450377073276,0.8734421449139601,0.1810157254475324,0.026228367938141876,0.7124177987214548,0.8375897122756079,0.3329115005259798,0.0645521927917286,0.9179462362635985,0.8922227592215222,0.15634637343667113,0.018886069157693648
1.1210570901363812,0.9296502587566696,0.04474620445230033,0.0033860947976828626,0.8800247779717999,0.8835341590669494,0.21450086349555628,0.02827510763619776,0.7087646713076812,0.8364421987234091,0.3346079098898423,0.06542918819120383,0.9121200781557328,0.8909259295150667,0.15881329106789374,0.019443156305162537
1.0182411170062675,0.9125029960902746,0.059080462398664484,0.005665037234543961,0.821397751601316,0.8689080380673425,0.19698594737985525,0.02971922595240981,0.7094013506263341,0.8366426594958217,0.34590027099031523,0.0675382108565965,0.9391395533332285,0.8968263475165135,0.15933544484718204,0.018330438061379767
1.026524286549007,0.9140138525200209,0.06208218241364728,0.00584040130046269,0.849632605391787,0.8761375443841083,0.185654967024464,0.02624665528869969,0.7063625108138737,0.835684087826121,0.34064223567836033,0.06697858735834324,0.9271594300336793,0.8942458316261095,0.15668103254365998,0.018529213903616074
1.0294478867396208,0.914541452264362,0.060633047524783726,0.005665803527466689,0.9475765628086732,0.8986100920176827,0.17896139442707149,0.0201921606206387,0.7138323261030756,0.8380322948050658,0.33915997988893826,0.0655499364130702,0.9104077559729981,0.8905421925511225,0.15137181340000946,0.018605324871650605
1.0290913710343725,0.9144772720668366,0.059807678860238966,0.005593267327374747,0.8660656476998407,0.880185698542318,0.1796982322064599,0.02446122244505223,0.7080751440599254,0.8362248754305611,0.32860613415561185,0.06435770106445012,0.9096500112673115,0.8903720018739505,0.1521831810358634,0.018737715752856484
0.8820195088430307,0.8840059578027429,0.04219235712411557,0.0055362319783691626,0.7319588343184598,0.8436179270520884,0.20957205053743835,0.03884852448490646,0.6982486765689625,0.8331025224665447,0.34318674037080354,0.06875144384539547,0.9335993851404094,0.8956399944664584,0.158111828090882,0.01842319610159032
0.9686210194489161,0.9029404871067038,0.06315655901893427,0.006788869191187426,0.909566606275968,0.8903532548096987,0.1866145800288229,0.02298153142551138,0.7065433594382249,0.8357412609527602,0.3465408006960998,0.06811002113964039,0.9106842579078426,0.8906042375986373,0.1568943795375649,0.01927183763719713
1.1012919060274857,0.9266149809499354,0.05723457457592755,0.00453279995675325,0.9081625524348838,0.8900372413430805,0.1857786488252123,0.022952671838257156,0.6992523260937672,0.8334236012520613,0.3402784348178685,0.06801146038868017,0.9068638385523764,0.8897442265844598,0.15153296839449437,0.018777738735573153
1.198942355412623,0.9405129510528651,0.05738126523140505,0.0036293409140702552,0.8865197645127917,0.885064273371583,0.20920229552014197,0.027167312670235238,0.7104895073885135,0.8369848117619616,0.33853980661028943,0.06593564127462409,0.9113743961299227,0.8907589650768374,0.1543478993295374,0.018928941410677046
0.7986829152991735,0.8628345829563744,0.08148035506369766,0.012952989024710725,0.776380837097711,0.8566429634376984,0.18823550773155515,0.03150073684829667,0.7125943689723455,0.8376450114290442,0.3439333449841919,0.06666224179956108,0.9269083000234177,0.894191134094482,0.15413858923233703,0.018239086362073925
1.1652636326768575,0.936023135634217,0.04744965403631777,0.0032431677860483184,0.9745835376603912,0.9041370621441275,0.21069782995598865,0.02233965824997714,0.7004594005490852,0.8338091030886988,0.32694297378396514,0.06516473117255611,0.9221007711896483,0.8931392090787904,0.1590019009486789,0.019023987213456602
1.1332046844810177,0.9314577324548933,0.05798964062339207,0.004267226868123729,0.824231135871145,0.869649391846984,0.16600386475639456,0.024882101832774478,0.7160289541735049,0.8387176545314071,0.3505471260162137,0.0674089335972744,0.9173676985814032,0.8920945926966584,0.15841156225345027,0.019161044452524274
0.8781881248555787,0.8830982769182434,0.03726022189586779,0.004932388903798976,0.8442652867216651,0.8747901241950201,0.18539822908723091,0.026536295502691647,0.7041008741522164,0.8349677479032549,0.3321445785313598,0.06564872470152674,0.9195825273548646,0.8925845310816661,0.165973854937217,0.019973637045513085
0.9961701989160574,0.9083594782286135,0.058601151312070686,0.005912020748783947,0.9175053248083671,0.892125093905021,0.18446090467986198,0.022304834721590595,0.7190469128876587,0.8396554514903269,0.34000560733294444,0.06492906763338774,0.9199946869616098,0.8926754879481943,0.1584727252994723,0.019052845234250184
0.9805113619689042,0.9053135846595947,0.05718428964746498,0.0059808838531256936,0.9617537249782152,0.9015458364028908,0.19709203283962293,0.021523621386020556,0.7191793835290374,0.839696514014581,0.3356333436645273,0.0640745723060506,0.9092915039962624,0.890291399731701,0.15701303314050952,0.019348361777858904
1.1247463052846092,0.930203796172653,0.05937169992877986,0.0044548509550868896,0.8280430298247344,0.8706411463833194,0.20702288644740985,0.030759220804690297,0.7133259684413938,0.8378739756701002,0.3377777083189144,0.06535894245099691,0.927224501063107,0.8942600003954686,0.15664858999747716,0.0185226017456428
0.8956935387024171,0.887195645926677,0.0537079125246707,0.006828805358533875,0.8802585726788275,0.8835895428484971,0.18227879079021012,0.024014722148595884,0.6964895626847822,0.8325385685284024,0.341535372853281,0.06869832173336134,0.9390915573968007,0.8968161212673932,0.1568116053685253,0.018042081635803887
0.9051242932395752,0.8893506802430625,0.05247710730218361,0.006528983847194547,0.8849773826365304,0.8847025043929526,0.20954720320768688,0.027308917541592287,0.7154827320270107,0.8385474494169941,0.34778839380858634,0.06696260692534785,0.923797574857649,0.8935115302249298,0.15327722289450393,0.018267539214965874
1.0499631423422084,0.9181617984373616,0.0548956042710435,0.004892991120826923,0.8286290241629994,0.8707930357074805,0.1916415406587926,0.028435484306264,0.7086850858563741,0.8364171270485968,0.34599079594658927,0.06766739535260302,0.924467739212137,0.893658266009014,0.1596087143796332,0.018992794105740427
0.874159094134528,0.8821371309342187,0.05683603277822781,0.007593896294178609,0.9417790238038671,0.8973873466319983,0.19917785903213825,0.022775191431161128,0.7095583362457853,0.8366920565863112,0.34042767441964544,0.06644564502907067,0.9184155544577947,0.8923266314280532,0.15788731700985942,0.01905161033917779
0.955268956777426,0.9002125124039002,0.06958712183738584,0.007713649789929696,0.8159017392351509,0.8674598008115382,0.20899879476389358,0.031933170692451565,0.7126101940070758,0.8376499668512326,0.34868407663764,0.0675805809595668,0.927331330427862,0.8942832581255448,0.15985320088549804,0.018896875707188083
0.8609212372861963,0.8789308554835658,0.03593815577488052,0.004950334543403103,0.9433964383867676,0.8977297792580463,0.20354801005465073,0.023188380736438592,0.7110720275782386,0.8371677379973875,0.3444552753069873,0.0669978417600517,0.9170159698539655,0.8920166068926598,0.1596220931544436,0.019323110243155937
0.9841152843204508,0.9060225370561356,0.06090291650019976,0.006317173518848327,0.9010374295892727,0.8884212462422382,0.18920837851720793,0.023763091174116995,0.7072587287545715,0.8359672597433129,0.34487072655670337,0.0676702223108364,0.9245170374582694,0.8936690530658044,0.15581074139603904,0.018538746103296
1.0499785677137095,0.9181644672627902,0.05842763631066724,0.005207625555706548,0.8855345375978158,0.8848333003969686,0.2015731830555075,0.026236035884460492,0.7215009165594782,0.8404147496334485,0.338762392913393,0.0643271447953943,0.9308622253560198,0.8950494314414993,0.16416911717846705,0.01924993367112526
0.8863481261336994,0.8850240641152896,0.04556232682004554,0.005919128506925397,0.8239558892249745,0.8695775302728852,0.18706354160585253,0.028056485181350066,0.7183155655856361,0.83942859926813,0.3406587237788147,0.06516343200170524,0.9207796626620259,0.8928485318043305,0.16303952432490693,0.01956650404076143
0.829287175553386,0.8709634469759883,0.06765179020777913,0.010022870471343754,0.8200507400187635,0.8685543391290715,0.20625134804802644,0.03121375776773814,0.7180277154995092,0.8393392416241635,0.3409280861312819,0.06525819615377958,0.923771895281267,0.8935059040089925,0.154980588108419,0.018471638019075316
0.9405975226177906,0.8971365624100368,0.05546693261071162,0.006359699960930724,0.8759520311783648,0.8825656879573213,0.19011464324313349,0.025296680624611267,0.7006565513247084,0.8338719989732611,0.34405157028075295,0.06854361303800635,0.9082561433209858,0.8900583308559904,0.15521174365581306,0.01917204477133666
1.0093004742800018,0.9108453178681827,0.0475378903159048,0.004653068328057262,0.9271449334008098,0.8942426748559457,0.20715176190250753,0.02449873714785126,0.7099690717555499,0.8368212417362191,0.34670850776517587,0.06760758565261595,0.922194170093496,0.8931597329031223,0.1535067845251058,0.01836256747327418
1.0380347960123122,0.916074135164244,0.052371994861442464,0.004798045041553632,0.9385064115120201,0.896691375077121,0.2079624701780143,0.02395954441717263,0.7269445155683993,0.8420886647418183,0.3430078913562121,0.0643220083537872,0.9140562379165554,0.8913584065430254,0.1640438612589466,0.019994186797571374
0.8310394680637053,0.8714162244752315,0.05709670670335134,0.008425032621315333,0.9302014423697798,0.8949064211162778,0.18261497517485586,0.02144543926162538,0.7231132949090313,0.8409120514352774,0.3412056898735459,0.06455099929647193,0.9301653994452643,0.8948986155619529,0.1595918192882484,0.01874326416478888
0.9512863208088698,0.8993857109876944,0.0596068673343369,0.006668220879903646,0.9215242771181841,0.8930124512733493,0.21444724740687787,0.025691898582740586,0.7163951437015823,0.8388316795578977,0.3521101266373845,0.06765242551486902,0.9203049340795632,0.8927439096936483,0.15801605249711875,0.018984373696035735
1.217727358840939,0.9428873328083779,0.04442710801978469,0.00269104329470918,0.9677950062713727,0.9027736730171587,0.19505065234597355,0.021006437238944242,0.704128676207363,0.8349765689841119,0.344408738465167,0.06806839114362863,0.9273979109555438,0.8942977510337087,0.15959287624136234,0.018863209616944612
1.100195412637296,0.9264431124695629,0.05307022114291151,0.004213621144442177,0.8588616293994162,0.8784253000817474,0.22012124122745416,0.030464939756824662,0.710887500128411,0.8371098095587927,0.3489037998885451,0.06789193694846371,0.9215115696092072,0.8930096556937693,0.163519348305749,0.01959104390911751
1.127152219915246,0.9305626114298409,0.06592499268824946,0.00491923840218032,0.9301737545608392,0.8949004250141911,0.1949965128574321,0.02290092847447912,0.7100726116966783,0.836853794288644,0.34392674750838037,0.06704915993878666,0.9315255766686128,0.8951928247998595,0.1578460707777453,0.018480265185721934
0.9040651190968391,0.8891104557867234,0.051437863553591465,0.00641531230190673,0.9031680217530242,0.8889066339874093,0.1783940814539232,0.022295253773211593,0.7150281402032951,0.8384056861379658,0.3377405865237949,0.06509612141835187,0.9308201346222478,0.8950403270561719,0.16163561878865118,0.018954700890326904
0.9303779000186632,0.8949446278840407,0.05022199986089953,0.005895438353844264,0.8590435855149174,0.8784700365329194,0.213155763358693,0.029488555165773016,0.7226135938455027,0.8407580643990317,0.34793065617280766,0.06589904217389352,0.9117206391666648,0.8908365196559392,0.15407171750938367,0.018880012813582397
0.9684477310113907,0.9029055125407356,0.05981555272099245,0.00643230144557938,0.9170994805983322,0.8920351274996281,0.17195814378760343,0.02081245289237444,0.712739804520237,0.8376905482593238,0.3504385420311777,0.06790035741011392,0.9239986633110939,0.8935555782497778,0.15578457822077232,0.018557770495700544
0.9961335071899126,0.9083524451718767,0.06562379809893591,0.0066210650571474116,0.918055425193227,0.8922469334058338,0.17658788300580575,0.021325807021398507,0.7059642910240437,0.8355581390508781,0.3501286606472409,0.0689070045967801,0.9267560997955058,0.8941579718889853,0.15307411952162048,0.018119477509380963
0.9171195845460295,0.8920395856384309,0.05198167192001122,0.006291158968774999,0.9195973687524492,0.8925878075113085,0.17723657983129523,0.021328287781519142,0.7159056041534733,0.8386792308203017,0.3558548927375098,0.06844903617873692,0.9162836262876156,0.8918540716470347,0.15997526214993987,0.019398547126397207
0.8340339988132605,0.8721868506731671,0.045861067941236844,0.006720632764111519,0.8380486222536008,0.8732138043828156,0.18408712069093855,0.02672851205212219,0.7044797952422879,0.835087940040561,0.3401167052751957,0.06716579632418784,0.9264926982437667,0.8941005588884507,0.15552883910506407,0.018421213334695187
0.996526793333058,0.9084278048450526,0.05972268112887238,0.006020221950871064,0.8655774592052579,0.8800671020640862,0.20431815333432077,0.027843863465441814,0.7080059265530003,0.8362030468279407,0.33480386013284874,0.06558198084548349,0.9098193628571942,0.8904100586360119,0.15489751506796248,0.019064485434642557
1.1459698565927479,0.9333106671283777,0.06482950441175478,0.004632365783325106,0.8909435693653744,0.8860964110868764,0.19515910896280445,0.02508679940671977,0.7140030420249088,0.8380856431795534,0.3478726588220468,0.06720742476258247,0.933297242675557,0.8955749493692372,0.15631631415384545,0.018226658786544024
0.97368173970214,0.9039569369799283,0.052777120448936815,0.005607431170593148,0.8457959644670845,0.8751756630557381,0.20260527590908578,0.028897134934555646,0.7091312216268317,0.8365576325673912,0.3310616048589748,0.06468112937793405,0.9251237683394546,0.8938017342482194,0.15941088311190743,0.01894062036328846
1.009769359103903,0.9109329529532733,0.06866380729414347,0.006713647294071003,0.9456035386762502,0.8981954240019798,0.19284989208764677,0.02185827379054153,0.7235575884093767,0.8410488627544069,0.34556416212459307,0.06530871034191496,0.9181962954361218,0.8922781147188305,0.1554257965394886,0.018764059712298425
0.915436613684224,0.8916658188540699,0.06132467251076584,0.007450726539045935,0.8927012873493014,0.8865042649308382,0.17769281464696163,0.02274932835933802,0.7142591655892091,0.8381656546754533,0.33415186833623733,0.06451856927030537,0.9240132942540669,0.8935587825022318,0.15947439219262055,0.018996677999364563
1.1011061611345123,0.9265858926364988,0.04330265986633205,0.0034309027860401626,0.8971806868725284,0.8875378926783652,0.21113869624272516,0.026753903030486578,0.7104357273147298,0.836967915102461,0.33508289032211636,0.06527043777540782,0.929159558262121,0.8946805813885037,0.1638961599697763,0.019293420064940545
0.907510009328243,0.8898901005104088,0.06339957011091864,0.00784469934949555,0.7998493128931183,0.863152132294268,0.18395670273260717,0.029165290308930242,0.7005654485874255,0.8338429373572025,0.34834619675134454,0.06941376875894632,0.9190988526148923,0.892477705526105,0.15784819655181795,0.019016945932350128
0.9856085291145409,0.9063148870706647,0.05109558785060972,0.0052817138792093125,0.8693870424769415,0.8809898838414265,0.18696531377736125,0.02525654847845327,0.7071380382941451,0.8359291488622698,0.333960380049451,0.06554761713426167,0.91729342696255,0.8920781292100199,0.15458559187675006,0.018701463163645758
0.9903550097630266,0.9072387520432237,0.03751126935761809,0.003835365442910071,0.9345335165355522,0.895840867500524,0.18479007611809145,0.02148548332771977,0.7152185892492932,0.8384650894047504,0.3324956919670878,0.06405712361064332,0.9200084177534947,0.8926785169422,0.16006482020381846,0.019243651060963287
0.9066848483095389,0.8897037893613254,0.055126060379525846,0.006833954896005503,0.7766568745397969,0.8567210010727365,0.18320121798348976,0.03063878098244638,0.711703071688125,0.8373657153687618,0.3484586036038089,0.06767809414760739,0.9107005228117545,0.8906078863653233,0.16071729746238245,0.01974067952487383
0.9337424234922608,0.8956707752142319,0.059066665463373254,0.006880183644487099,0.8651623694652456,0.8799661838492496,0.1678075392348859,0.022890174285016416,0.7088812910942484,0.836478931680621,0.3400416941167977,0.06647385724753746,0.9351134528633154,0.8959654034285603,0.15651989495248494,0.018174233139443143
0.9974918390514722,0.9086124863773816,0.07011582207411164,0.007052193031714081,0.957694317234935,0.900713056579272,0.20293992465678995,0.022370370530353425,0.6904475868696205,0.8305899777308993,0.34961468105915167,0.07130862699022919,0.9335868426783297,0.8956372950429871,0.16309948563770058,0.019004907000250534
1.2433146013682432,0.9459784969830701,0.047576925507044926,0.002716950790120415,0.9597032160609342,0.9011259589088205,0.17430882127287006,0.019125647626396573,0.708328819295679,0.8363048550781875,0.3440436324905902,0.0673417975968927,0.9168741337952906,0.891985144781952,0.15729675328778128,0.01904783519326663
1.0006674029350353,0.909217833573741,0.056074315523978194,0.005598820938352704,0.9168022626392499,0.8919691992283775,0.2015698327487234,0.024413119266993,0.7097710252558407,0.8367589621263638,0.340819556523397,0.06648956348567901,0.9070008555452012,0.8897751724929602,0.15863028991599534,0.019651027454939043
1.0938745183578409,0.9254451079594246,0.057780735857244685,0.00465488064803813,0.8556271497024678,0.8776276877057689,0.15449944123777637,0.021542681637423358,0.7189694428653157,0.8396314338136677,0.3340790991448802,0.06380869505961784,0.9229418487939405,0.8933239055623543,0.15747650837693628,0.018805025562092927
1.1563544744950605,0.9347836297246704,0.04734764466522698,0.003303268722262139,0.8996750389362972,0.888109897630214,0.1905502874501494,0.024006816303117885,0.7131826928971184,0.8378291561091447,0.3412628890935581,0.06605510241484622,0.909731807603602,0.890390384628483,0.16140444112169736,0.019869350586019335
1.1655417219197093,0.9360614699892752,0.05207490893198678,0.0035570240142367452,0.8971884463071943,0.8875396760254798,0.20531472249317975,0.026015468189231516,0.7088838041746046,0.8364797231788388,0.3439859067040025,0.06724451188494703,0.9253612812830321,0.8938536343314875,0.15532136814906095,0.018444629082941907
1.0368065139798404,0.9158564387369872,0.06793870929630202,0.006241813351977851,0.8867485411366501,0.8851178492248706,0.19254905346577844,0.024991530123627825,0.712426076946041,0.8375923052305422,0.34067279816055185,0.06605586449924149,0.9163049149270901,0.8918587994484499,0.15607363245571784,0.018924509124808215
1.1860388537506572,0.9388287272894715,0.060942354393629,0.003970821590640268,0.875690259481144,0.8825032022676226,0.18137993098988364,0.02414899006538461,0.7198348522057323,0.8398995674129882,0.3447950725148896,0.06572433467674423,0.9135872762109976,0.8912537936796225,0.15592849358061206,0.01902559321978973
0.9670641414862565,0.902625860960141,0.06440471261678037,0.006947899137852721,0.8885724394489332,0.8855442004163027,0.17679738267960327,0.0228509043245792,0.7009069951523054,0.8339518691473722,0.3473102262704084,0.06915292840241039,0.9137624080407396,0.89129287126846,0.1570212229762569,0.019151198051625015
0.8666746765249088,0.8803335089283202,0.049338125119700774,0.006706685874444916,0.899307041076469,0.8880256685255877,0.19055912936696598,0.024028281921894976,0.6982911696481352,0.8331161265083795,0.34051800862972187,0.06821013597701553,0.9147417069505006,0.8915111574329904,0.16101078151932674,0.01959355548408196
1.0956139059853955,0.9257209744253225,0.05937024972855592,0.004763815901114322,0.9152320606019095,0.8916203127708932,0.1976615806617521,0.0240264830023407,0.7219505367902129,0.8405535513633536,0.34553288759357675,0.06554489208284288,0.9346798705350557,0.8958723080824431,0.15903080176010057,0.018484230600365786
1.0334228345703238,0.9152540728145632,0.0647441515616812,0.005994841560285292,0.8982566613988492,0.8877849477629863,0.19818671524060805,0.02505058534664898,0.7255668273137128,0.84166637653347,0.35040515152277935,0.06591794429337508,0.9192712759823776,0.8925157980753965,0.1539621553466042,0.018541407815644752
1.0750307501320733,0.9223955790693109,0.051497525903809266,0.004332670025544406,0.8561796658243146,0.8777642546123191,0.16776675718418174,0.02336287278494823,0.7137139633123966,0.837995298352911,0.3411439760076903,0.06595135815255211,0.9147134755171153,0.8915048700266411,0.15338288908872635,0.018666523366129617
0.7436590566130792,0.8471393211393946,0.053334294798847146,0.009623820198238589,0.7969807906066062,0.8623700712053074,0.21061502995941564,0.033613100157676275,0.7190217086520542,0.8396476378558465,0.34566563083780455,0.06601376329532058,0.9204593456381642,0.892777949235722,0.15361214330943943,0.01844871845461037
1.0093910886263742,0.9108622598498899,0.059560891938250426,0.0058286785419954645,0.9189219588451488,0.8924386130164775,0.1982915951972556,0.023899144092948597,0.7234275059332393,0.8410088163328449,0.342442538593482,0.06473813768845846,0.9109620165551922,0.8906665335810136,0.15954259576901086,0.019584596904945302
1.2853381200538456,0.9507152734846592,0.04354303073334921,0.002257254533711688,0.8908913749140994,0.8860842805907732,0.18898380870635922,0.024295912925040544,0.713094830205835,0.8378016658952595,0.3414551942011531,0.06610569771505041,0.9270888008334852,0.8942304507086675,0.15587321987893604,0.018436679493656644
0.8688857367619343,0.8808688061501408,0.043735780700617975,0.005914950935306674,0.9886557174763677,0.906908941932981,0.198214476468409,0.020346028675509515,0.7131631870712024,0.8378230535096537,0.3378994188411825,0.06540700418658771,0.8958654171674785,0.8872352478126525,0.14832618532988776,0.01885178206440149
1.0953186486270194,0.9256742129269303,0.053538962792288446,0.00429884023238611,0.8852187187258889,0.8847591755717874,0.20620398538332763,0.026858288596555736,0.7081603210357109,0.8362517338398047,0.33882733605745863,0.06634651572239983,0.9405128614091212,0.8971185714903215,0.16435656040177848,0.018848386664186496
0.9510847189486572,0.8993436967598405,0.04792192200294074,0.005363515117032473,0.8338682023101772,0.8721442871242157,0.20598894749385097,0.030197828633609775,0.6992440333465948,0.8334209503349883,0.34355847531172296,0.06866835336786781,0.9260286956880941,0.8939993545904843,0.16255907335212888,0.019274473302491005
1.2127238788212826,0.9422637459924466,0.05360849088737403,0.00328480583063826,0.9371616401236018,0.8964041798869642,0.1783399715698786,0.020610430013888126,0.7077893336604719,0.8361347264483094,0.34759456648606424,0.0681214126391645,0.9127240407374091,0.8910609975963882,0.15692654946432383,0.01918546743197031
0.9747192444301455,0.9041641420633201,0.04502442314373889,0.004772312923444978,0.8475895345391877,0.875626122335355,0.1950149990575914,0.027699917826652546,0.7062064743212401,0.8356347459111149,0.34424483548724794,0.06771126994241392,0.9346546790477993,0.8958668969043967,0.1593805990993753,0.01852596229953723
0.9016439091572213,0.8885596018381003,0.03956449093748865,0.004962056134474095,0.8638773767660124,0.8796533064761228,0.18590180160546294,0.02543350542610227,0.7051956864693141,0.8353148259049094,0.33104954415023063,0.06526754957739427,0.9114992475832078,0.8907869359814038,0.15091396970687587,0.018502490740660803
0.9981144798564405,0.9087314637601764,0.0569182800834456,0.0057165932023625346,0.8435914177667103,0.8746200704738964,0.18485092885046026,0.02649904480187342,0.7066077063487605,0.8357615996023148,0.3462339090118545,0.0680396220723745,0.9367207998697649,0.8963098785636705,0.15888006271937136,0.018380131014045252
1.0486087946539373,0.9179271662932036,0.06020505137464921,0.0053829969862798565,0.862904584529179,0.8794159774887454,0.17251819635290302,0.023655401545039277,0.7110217639539955,0.8371519604542815,0.34610748985364653,0.0673269954049568,0.9228739701246913,0.893309010176097,0.16296329423866013,0.019463270793450508
0.9608771901192124,0.90136654529778,0.047986761043970975,0.005251026950609882,0.9095449197252996,0.8903483798309099,0.1605267964131873,0.01976981562049066,0.7131801584978569,0.8378283632065765,0.3454244974141272,0.06686101664044858,0.9212346713385865,0.8929487236851947,0.15929956478936608,0.01909764947836655
0.8872179292760283,0.8852277044408542,0.053074488895277154,0.006881258794297428,0.8895732485469899,0.8857775618602688,0.18873424800285676,0.024337584169642504,0.6956060336948084,0.832254744335933,0.3407237552806107,0.06867463817940934,0.9210559665855488,0.8929093831391066,0.15884166814520023,0.01905059185858364
1.2046958664082417,0.9412498406016823,0.0539551753543199,0.003367729815926637,0.9181792076456711,0.892274332797523,0.1962996379738234,0.023699560432310956,0.7021674142599315,0.8343533682922991,0.34086035779616286,0.06767201080182575,0.9142451505948043,0.8914005229537452,0.15968301896981166,0.019454209310788794
1.198344408175608,0.9404358732774055,0.06087568652278353,0.003855666515284483,0.9075892321282092,0.8899079735217,0.18111173836825276,0.02240564068334241,0.7126882313980502,0.8376744015527058,0.34812390436334795,0.06745988776169319,0.9196037099521063,0.8925892073859886,0.1626124777444341,0.01956816750519467
0.9250182596772196,0.8937786718762647,0.07820623572972005,0.009294437748587079,0.9015996480119104,0.8885495096635398,0.1885524862880607,0.02365008007141928,0.7082711058232133,0.8362866617262783,0.34475182466856674,0.06748938453226362,0.9158706958831383,0.891762331733045,0.15811073397137215,0.019190693040128545
1.0754612171910738,0.9224665004958235,0.06526768948519245,0.005485762754115131,0.9470297298637634,0.8984953151545413,0.1985618175501854,0.022431897387585567,0.698198329038227,0.8330864026959323,0.347695479511463,0.06966276614744275,0.9266385690628736,0.8941323573901236,0.1615060272423635,0.019122741985698275
0.9145927113500919,0.891477971095527,0.05960267877207964,0.0072555955819513405,0.8818109277389803,0.8839567015214072,0.19059957750910153,0.02502136544099352,0.7122732396304198,0.8375444272343145,0.349276371971774,0.06774792025011088,0.9283156666365459,0.8944973449302251,0.1611690413052272,0.01900929261458908
1.1149603561699821,0.9287265921308862,0.06363717537485147,0.00488371754891122,0.9036694322076331,0.8890205955355378,0.2113592186330199,0.02638467582164011,0.712656929521119,0.8376646008121034,0.3480984401508335,0.06745981528142092,0.9323460624691988,0.8953699458214516,0.15740441831340307,0.01839377443137728
1.0482634475581856,0.9178672391631765,0.04311997761891657,0.00385846956722469,0.8277163860148908,0.8705564145640309,0.20326982170191762,0.03022431871368527,0.7038522721859471,0.8348888542540975,0.3441955888340229,0.06806957326534718,0.9399673149315363,0.8970025733781494,0.1640710826849112,0.018839298571870063
1.0013564227302432,0.9093487017098862,0.05406209543709828,0.005389350785283819,0.8534566137910546,0.8770899188215813,0.22234663517227282,0.031158313865344463,0.7151097133648677,0.8384311319121186,0.3435304004179064,0.0661996147766082,0.9373636212711367,0.8964473608737898,0.16764859524404369,0.019365838130641445
1.0290359089857044,0.9144672838250809,0.05963251245244715,0.005577597856817491,0.8604114382393873,0.8788058882763934,0.1930387564171087,0.026621533747442475,0.6982845303975066,0.8331140010290963,0.34304302326103653,0.06871697937641266,0.9091678403828709,0.8902635847526176,0.15624508751521465,0.01925921277426796
0.9718405453215697,0.9035882372472124,0.043355800816103844,0.0046260110633730075,0.8672840125790616,0.8804812361717378,0.1628820513986292,0.022110024192700115,0.7061425558393988,0.8356145301499432,0.3438252310210391,0.06763868998012261,0.9038087661646079,0.889052245459258,0.16294797622159835,0.020334814023674864
0.9475207398445923,0.8985983804008885,0.050442011777899864,0.005692088703559215,0.8046736817286422,0.8644589911078612,0.20169994052024354,0.03162511317808376,0.7017549576238962,0.8342220683569025,0.3542360029603665,0.07039433996268225,0.9197832304336179,0.8926288314272832,0.1551785981847323,0.018665885346689157
1.0201211577664098,0.9128480086673193,0.06793477644861254,0.006485911117756316,0.8993301039780481,0.8880309488995745,0.20640220887767524,0.026024610405418026,0.709315165067554,0.8366155352380443,0.3439787454463434,0.06717635621988405,0.9193310284160302,0.8925289960832204,0.15611986516415832,0.01879867064731185
0.8190788893191809,0.8682986474264649,0.0502993334314136,0.0076292762474047555,0.8768459190243966,0.8827788445545208,0.17271935085952264,0.022934806379239125,0.7100976570398531,0.8368616676612766,0.34123105824836186,0.06651979405435907,0.9225455273826602,0.8932369103869481,0.15651573622443782,0.018707359019841302
0.8792744151108061,0.8833562505628597,0.043322315212040226,0.005720542847135762,0.9024175621869238,0.8887358767545783,0.20395699529706957,0.025534128704658626,0.7116575525171138,0.8373514411394778,0.3463312378484944,0.06727196486075605,0.9379796107748852,0.8965789532574782,0.15564589860454775,0.017953869758350238
1.1823323620079556,0.938336756254008,0.05128815320087593,0.003370425245551475,0.9389666312584338,0.8967894996870781,0.21087087348205236,0.02426889293540988,0.7106499643479577,0.8370352158569005,0.3436379487484583,0.0669038567079164,0.9053515929031821,0.8894021731928764,0.15828529979108555,0.01968289565738642
1.1411620573047117,0.9326183127440276,0.0611275283187454,0.004416464849146473,0.9311383621276215,0.8951091435847848,0.19828185732258724,0.02323510375826668,0.690689338667153,0.8306682902622174,0.3469122270811155,0.0707180486232882,0.9178829046332347,0.8922087355556642,0.1566381659940988,0.01892407605965688
0.9307390130509509,0.8950227781859906,0.047577925628873495,0.00558041490554645,0.8305843529203916,0.8712987569496954,0.18386574917973023,0.027159169326317605,0.6923287413189422,0.8311985943465752,0.329584396646008,0.06693263176054516,0.9281257968082006,0.8944560792513568,0.16018501640539556,0.01890149227982403
1.2296794793235322,0.9443514113397122,0.055020191730485876,0.003242221042775095,0.9404498237466521,0.8971051738703226,0.213454786895385,0.024482517573043018,0.7280274392228866,0.8424199591711162,0.345148982227639,0.06456232443138422,0.9175305998095351,0.8921306946158252,0.15669055718261693,0.018945768445761974
1.0480221903276017,0.9178253508249429,0.05649650947008748,0.005058239937638434,0.8513874747550263,0.8765753812199466,0.20125210440094532,0.028336940320866238,0.7151435834680883,0.838441696336147,0.34570407647670603,0.06661329512751678,0.9317452019165807,0.8952402619693162,0.16087253051522984,0.01882507397068596
0.9313502177149885,0.8951549351542953,0.051669664234245585,0.006051811909255127,0.768833131997159,0.8544954361426786,0.18773326612672264,0.03196745805055201,0.7119835434975337,0.8374536454668752,0.34852508219444855,0.0676473042785341,0.9340718698476922,0.8957416390125379,0.16004032396641196,0.018627627813567582
0.8067385877723918,0.8650151237091056,0.05602292206588059,0.008742329465976369,0.8378893344870554,0.873173192780726,0.1785551138188216,0.02593480329623681,0.7130918733281763,0.8378007406909386,0.34915218207393134,0.06759629416396715,0.9302431892551009,0.8949154612964801,0.1557596891861943,0.018289923232550177
0.9530203917357432,0.8997464520701689,0.048125769400178445,0.005362376387391987,0.8957596351425843,0.8872108764010777,0.22049625605637937,0.028031193190873264,0.6959871377582192,0.8323772169987502,0.3389629897338017,0.06825982080392427,0.9149535083449282,0.8915583173941913,0.15416690195724111,0.01875157005907474
0.7311078670747698,0.8433592525245481,0.04932238377311075,0.00916085883727977,0.8832161459753018,0.8842881919071539,0.19958490396697182,0.026116293666940824,0.7074037700734404,0.8360130505724456,0.3386936815652486,0.06643597679754124,0.9349000091864014,0.8959195836985443,0.16567267994973972,0.019246461192156183
1.0409944969970466,0.9165966018260651,0.05753782154331619,0.005235509089470361,0.8742463769294735,0.8821580250545076,0.20952343823455893,0.027988926085442258,0.7075161865594377,0.8360485343840016,0.33976668401897897,0.06662920096312697,0.9227313240840811,0.8932777017689667,0.16096830489312275,0.019231317883037027
1.037408085931021,0.9159631232537623,0.06614415022385474,0.006068527933855205,0.9435309135792213,0.8977582041749192,0.19459397030216427,0.022161464955600944,0.7145697717135764,0.8382626433931285,0.34765762113859067,0.06707828994929756,0.9485947651175697,0.8988234996325156,0.16444321653332006,0.018510629912119724
1.0168390618392649,0.9122448969060822,0.06396026036313807,0.006152776804909721,0.8531028252442914,0.8770020723162214,0.1730775379696243,0.02427380638069734,0.7052557995351635,0.8353338659995513,0.3458810094781318,0.06818218555856696,0.9240022681837898,0.8935563677434979,0.1654584903505767,0.019710007489587317
0.7989709760071012,0.8629130644685646,0.061625171293170924,0.00979010080161828,0.7968575041224906,0.8623363748916621,0.2017951300033866,0.03221463217177241,0.7099168727020082,0.8368048285756368,0.3553433376768721,0.06929969202662284,0.9230970851585609,0.8933579639557121,0.15466063206339026,0.01846216787065443
0.9366250635300781,0.8962893893158711,0.053103782735208535,0.006144695901520762,0.8648497551263636,0.8798901314429295,0.14161915207991516,0.019331797384280203,0.7184101682249158,0.8394579581010587,0.34491964067188197,0.06596411752385435,0.9237466737079025,0.8935003778834573,0.15753691634108977,0.018777409025248153
1.0313544577602995,0.9148839338683711,0.06079297941181787,0.0056558641641853615,0.9197233399837774,0.8926156137431727,0.20317273105218445,0.024442300461976603,0.6984443127458433,0.8331651474910599,0.3451164072808778,0.06910688124738004,0.9088883104162553,0.8902006888246864,0.15761527755183197,0.019440615046867504
0.8935325301967065,0.8866966993213689,0.06168837746398979,0.007882624109832275,0.9481376582164623,0.8987277427846007,0.13806896582772274,0.015558166455890232,0.707310904471143,0.8359837332626647,0.3435843412140489,0.06740970991791885,0.9189002287526901,0.892433809928552,0.15823783508797995,0.019072608922033985
0.905087668569657,0.8893423812489264,0.06164058474139568,0.007669712441149717,0.9181877972891436,0.8922762338979092,0.21526854890473995,0.025989192506055178,0.7231536085610769,0.8409244691576641,0.3504154122933109,0.0662871872211431,0.9154442716620551,0.8916675221669004,0.15227414499199912,0.018500433207224297
1.036283877653281,0.9157636530650876,0.05636375002232581,0.005184608916877229,0.9073708847453696,0.8898587072408854,0.18772883959349157,0.02323593275285939,0.7035616249255962,0.8347965792005436,0.33440273982389396,0.06617717168477578,0.9158452296560188,0.8917566717148814,0.15468663487470752,0.01877619392279321
1.1795754521917998,0.937968430555862,0.06065276007175171,0.004011207388013931,0.8860350448207167,0.8849506878826893,0.18569704080596577,0.024141816148041274,0.7073098442472963,0.8359833985297936,0.3467232256681596,0.0680257110666202,0.9254847492648166,0.8938806050768444,0.15740024142871648,0.01868618502997733
1.1424662897207474,0.9328067871160054,0.05357751858672669,0.0038593690160901436,0.846278245127389,0.8752969262736415,0.21528545119705342,0.03067160033010955,0.707489538273679,0.8360401235180049,0.3398699497533138,0.06665354139584558,0.9222339896852468,0.8931684819538896,0.15631721346884023,0.018697038183750195
1.014747479686538,0.9118585862397658,0.04763478945297127,0.004604439493046561,0.923096102850814,0.8933577484704435,0.20929217968179006,0.024983708158359406,0.7140824418740266,0.8381104506385143,0.34640130432338223,0.06691093162293783,0.9090355820610254,0.8902338297707246,0.156399617698319,0.019284132422252086
0.9411892727144918,0.8972622344334198,0.05755226040114193,0.006589813334396004,0.8646973325423619,0.8798530351894575,0.18392272946843313,0.025115282690983152,0.7164130321923402,0.8388372480528755,0.33646289059370016,0.0646433923887306,0.9222346602518762,0.8931686292835377,0.15587805028811616,0.018644481266932945
1.0059503904054659,0.9102169173322034,0.05433940598029655,0.005359996377069437,0.8620133161248457,0.8791981832139024,0.1653125484156133,0.022713941597496727,0.7074120904861644,0.8360156770887822,0.34936478715357205,0.06852783941791582,0.922476114144621,0.8932216672945322,0.16071477393895758,0.019212314513502964
0.9699731762504207,0.903213005068675,0.0594534063462885,0.006370940748634047,0.956967487357384,0.9005632888290901,0.162358795879223,0.017927029551570932,0.7055315269285607,0.8354211767089061,0.33295321590745813,0.06559212288693089,0.9161279174229152,0.8918194861505768,0.1560161565110694,0.018925251401526115
1.048640966654369,0.9179327469839986,0.06414314804148771,0.005734681518727176,0.965173550241903,0.902242572348377,0.2042435566601209,0.022129663712878396,0.7180864359478545,0.8393574735466609,0.3395502927450918,0.06498568083758194,0.9248902236991976,0.893750679495063,0.16105288459358091,0.01914601011894674
0.9253313243664151,0.893847089535141,0.05391800097040272,0.00640327948310707,0.8595137612095025,0.8785855701127786,0.16076787607597895,0.02221700501573096,0.7080421765035382,0.8362144789929493,0.3487991266375546,0.06831769613931528,0.9226803809672242,0.8932665186511943,0.1561427390515212,0.018656982858230947
1.0332882492348563,0.9152300330714231,0.055995319929526846,0.005186369816396356,0.8818690379392482,0.8839704260300993,0.20054691521226978,0.02632370093823152,0.7039898218640103,0.834932509280606,0.34516653477514575,0.06823997525827949,0.9276393565102432,0.8943502929691751,0.15927204950353613,0.01881482624932465
0.8652167541949909,0.8799794102475075,0.06013605137228093,0.008201969576830545,0.8941949051115002,0.8868498366518053,0.20723739507570238,0.0264407164951383,0.7132350284336363,0.8378455289083225,0.3349956853559862,0.06483420428067688,0.9263789846662134,0.8940757645308443,0.16043975748338582,0.019007850704019526
0.903205832280283,0.8889152312064224,0.055375158019978686,0.006920048627368733,0.8698931634959146,0.8811120165615489,0.2067521007361872,0.02789695278939798,0.7112346779667224,0.8372187848407174,0.33873173897465597,0.06585992225891317,0.928567935931494,0.8945521502866796,0.1612446002798728,0.019007160590858205
0.9257324665956992,0.8939346990384045,0.06171827865973904,0.007322870236403705,0.9157313680293948,0.891731362120612,0.17149018936904,0.020821303367092932,0.7168801964600687,0.8389826162424265,0.338027788533403,0.06487422873047902,0.9261881134203924,0.8940341350423282,0.15896914086067013,0.018841900831987057
0.8955640497738993,0.8871658028408461,0.041192912903549116,0.005239121302055806,0.7777616096036224,0.8570329630334701,0.20027395124558728,0.03340895231125747,0.7172527180559363,0.8390984583859548,0.33597336213904694,0.0644246588337331,0.9120390576150393,0.8909077991888545,0.15806541421205608,0.019355205919421067
1.1154407550507937,0.9287997779816827,0.05309162431486359,0.004069914235709406,0.8950895740973319,0.8870563923730495,0.17961290795847115,0.022869041895890948,0.7091202896334503,0.8365541908180472,0.3405612215658361,0.06653879096629778,0.9310837859672004,0.8950973443496535,0.1645267257643383,0.019282026214339127
1.119403547106348,0.9294008430552781,0.05500872808516592,0.0041785736008668264,0.8984692242892213,0.8878336983219234,0.18627637636512528,0.02353361025421854,0.7048378617956692,0.8352014526431697,0.34638684800286274,0.06834764139086269,0.9143731763943739,0.8914290570219109,0.15971134238179235,0.01945192487287458
0.8861443311632509,0.8849763057285291,0.05407342391686455,0.00702812599678008,0.94613070169326,0.8983063641764847,0.2045885979057378,0.023160648970958653,0.7090760518425747,0.8365402627180218,0.33671263882935415,0.0657935570294483,0.9194893010531913,0.8925639481643985,0.16210914022757014,0.01951273746640969
0.9007497242939022,0.8883555598006195,0.06316062305749254,0.007937736558411892,0.913234728711498,0.8911750914986193,0.19366529416980613,0.023649233600639506,0.7081815511387357,0.8362584276654046,0.3420677487489513,0.06697775373274813,0.9033740100748725,0.8889534638032853,0.157442290334242,0.01966741984186018
1.0261498733410375,0.9139460722754581,0.058020554771385666,0.005463010103434,0.9400926464703611,0.8970292325323445,0.21232790226787945,0.02437330496978266,0.7106807357363569,0.8370448805908967,0.345320610239505,0.06722669546258854,0.9287548486486275,0.8945927407664229,0.1550288840084961,0.01826660224335797
0.8875828621081887,0.8853130498385782,0.06369610064283214,0.008251444527145924,0.7756331905769016,0.856431421007376,0.21412388793722717,0.03589483240043196,0.7080214295874491,0.8362079361061853,0.35568740675250043,0.06967020036226117,0.9251418313243416,0.8938056820624815,0.15980319021568953,0.018986443171893352
0.9122721348387021,0.8909599487762307,0.07090950692140488,0.008678253469847203,0.850035850847286,0.8762382712838078,0.20500629218624872,0.02895551809383264,0.7108619075393732,0.8371017740033617,0.34202036380276857,0.06655643584620108,0.9311058427373466,0.8951021131115953,0.16143690653243337,0.01891894803173355
0.976772822406218,0.9045730939377776,0.048456984898717415,0.005111914312926174,0.8839835447641322,0.8844688732828797,0.20454505053018923,0.02671809134950199,0.720840388844334,0.840210661395252,0.3382389540206387,0.06432550934734549,0.9212395676010452,0.8929498013825691,0.15500813282729076,0.01858296108111157
1.0211437022989256,0.9130351421740481,0.052037219031475686,0.004956445974198374,0.8304784056447592,0.871271398300171,0.17709469755028806,0.026165386386583327,0.7102432790109988,0.8369074400136143,0.343721542498039,0.06698282702273803,0.9176137696417006,0.892149122491107,0.14702779706250957,0.017774020656002112
1.0106059058241417,0.9110891114406355,0.05561014789288535,0.005426854080448823,0.7803644401314407,0.8577657292227507,0.18242739966975374,0.030250017315717477,0.7035626974020609,0.8347969197677263,0.34395864742623306,0.0680680854011186,0.925920181941625,0.8939756741969417,0.1609815851819944,0.019092201866634344
1.0541482137451943,0.9188829789605534,0.049088746672707705,0.004333449403050744,0.8526702273790032,0.8768945839257919,0.19561193860791753,0.02746155528022739,0.7247761178418793,0.8414235948707004,0.33832927450869343,0.06376222443564473,0.9236505815013935,0.8934793214663892,0.1544316701591437,0.018411356477095128
0.8828627565356935,0.8842049050331048,0.058176571352681256,0.007618778821838661,0.82554068821038,0.8699908297058625,0.13925461056925026,0.020809847370302063,0.7061859138052257,0.8356282433700312,0.3420746379861835,0.06728758821935985,0.9257298745744424,0.8939341331453126,0.16305647032871057,0.01934675635533539
1.1126251805680696,0.9283698520573485,0.05541797570038525,0.004275879693102792,0.8864886045690933,0.8850569745254622,0.1807525909185145,0.023474477079484135,0.7094917501193819,0.8366711060659704,0.34396052280851236,0.0671454904322407,0.9160408498990719,0.8918001427870283,0.1554961190330275,0.01886595109075098
0.9198148683048446,0.8926358132547232,0.04314970184597413,0.005189947096232159,0.8818741408898888,0.8839716311812786,0.18840753602977464,0.02473000072352571,0.697899350519652,0.832990653085086,0.33309034270733817,0.06678250277261531,0.9155447880034926,0.8916898771639776,0.15348480252106547,0.01864320571563712
0.9477646427955568,0.8986495422281259,0.059550031466331026,0.006716103070033102,0.833487386835698,0.8720464777526918,0.20016856963049537,0.029370307868717683,0.7119388267910143,0.8374396289985779,0.34889867841409694,0.06772679085264274,0.9244636507381017,0.8936573713577981,0.15733165512901195,0.018722009476212113
0.8817911215316487,0.8839520233549363,0.06052497653325492,0.007945907557874214,0.7972326652975745,0.862438891338037,0.21106047069201453,0.033664660342560264,0.7101354424770528,0.8368735454912917,0.3472784230347308,0.06769278128366939,0.9112560550790512,0.8907324469184208,0.15057394569286273,0.018471143226698423
1.2148892890839207,0.9425344031012403,0.04785935100690663,0.0029179477839216157,0.8359317049471904,0.8726731719868035,0.20668024090897816,0.030155550018835058,0.7085539525460248,0.8363758095923076,0.3415071918680818,0.06681068145079132,0.9264577504099564,0.894092939330825,0.16019184327838246,0.018975037737674387
1.0623802147038608,0.9202846489434764,0.058152226032871034,0.005037164444990479,0.9390465568576969,0.896806532417546,0.2137598925914594,0.024596859801078345,0.7066804779281167,0.835784598666986,0.33994209437520834,0.06679200304342156,0.9368115865481491,0.896329305190682,0.15951446955616344,0.018449665536160568
0.9298589711953748,0.8948322339537934,0.053191037319157405,0.006251431672079267,0.8163190392914144,0.8675702360724942,0.20226638905227187,0.030874837608448315,0.7093973151030069,0.836641389519661,0.3366775282180421,0.06573804963346487,0.9198477914380139,0.8926430782889793,0.1586248694489235,0.019077588909882235
0.9528732085878329,0.8997158780529679,0.056809734163343235,0.006332126005094007,0.8055121636467635,0.8646850485869577,0.18738716346751325,0.029324301329681637,0.7052132546871901,0.8353203906105935,0.3353676861026064,0.06611621142019074,0.9413664281959283,0.8972998311060297,0.16071989425282163,0.018395144757845608
0.9344902475650667,0.8958315706124352,0.03866745053682439,0.004496300111513875,0.9085982217545919,0.8901353837130682,0.19107729242902138,0.023583641093215094,0.6967497678292955,0.8326220834727494,0.33332066623002415,0.06700581182805308,0.9218110427513744,0.8930755209841501,0.15937525846479178,0.019081383465292322
0.9644622956208059,0.9020980283831342,0.04993129956085602,0.005418892979027759,0.7288770561049098,0.8426794832819647,0.17099449498441893,0.0319231010610556,0.7093919838808587,0.8366397117758729,0.34836959938214507,0.06802182273035165,0.9110582058332766,0.8906880997511842,0.15868678886065035,0.0194752286907011
0.9971904860510764,0.9085548522253856,0.06869518517001416,0.006914102482519255,0.9022467882073711,0.8886969873194188,0.19514193257690574,0.024440146986020796,0.6996832718060223,0.8335613138961845,0.34719434545346967,0.06932491913503883,0.9285020118203205,0.894537830736546,0.1695567479985618,0.019990012543641193
0.809045978229886,0.8656342840889442,0.0558343719024722,0.00866673777947197,0.8204875943668437,0.868669137199566,0.18896513763931183,0.028568937818349377,0.7105910892206382,0.8370167229626339,0.3399399009686102,0.06619284601568849,0.907027558125895,0.8897812025056783,0.15115600017004938,0.018723965538806744
0.8864741876787552,0.8850535974039436,0.04784032840766794,0.006213266253710896,0.7466840660206087,0.8480391138261806,0.19790563675072445,0.03546288779505308,0.7010967564647583,0.8340123663047112,0.34421431028319766,0.06850656076134146,0.9318525661509959,0.8952634448230354,0.16027634084435483,0.018750672680179582
0.9674804198060716,0.9027100747630128,0.056498231122781024,0.006089118572649623,0.8468403364438092,0.8754381293523372,0.2171789392141276,0.03090134416900534,0.6943286974918691,0.8318437349585538,0.340937290994377,0.06892008565745775,0.9283733029630845,0.8945098686023616,0.15738841210898355,0.018560917946924164
0.8147962122975176,0.8671668543968728,0.05583195260900157,0.008552372421310512,0.9279359658844374,0.8944148077970363,0.19257586418211944,0.022733478310138843,0.7012321047994015,0.8340555054583115,0.3498536053927688,0.06960721358536993,0.9250748942121355,0.8937910517564011,0.15604076352164142,0.018542281603954304
0.9363043742824987,0.8962207301348785,0.05317865218329944,0.006157904532250103,0.8270725356998426,0.870389260621716,0.2001999795475463,0.029812026120520144,0.6968929796863536,0.8326680342763979,0.34899839789112475,0.07013429788290002,0.9246007426018166,0.8936873665628401,0.15872240339056232,0.01888154327930669
0.9196632066305878,0.8926023410107707,0.05596853243408897,0.0067341178532842015,0.9160235235580444,0.8917962931165153,0.21713204209146159,0.026345132872633903,0.7131661259720988,0.8378239729870609,0.33689558632364264,0.06521225158235809,0.9278936002277122,0.894405595067175,0.1624477168278287,0.019178737348844833
1.0447688813606624,0.9172585919676889,0.0543376823818668,0.004901536370287317,0.9647283581116217,0.9021521209423607,0.19015721182319054,0.020624548158217137,0.6851061326044324,0.8288523172552819,0.3351788374221568,0.06921025632145594,0.917815558955892,0.892193821290337,0.15223165413398898,0.018394560149611036
0.8851004663369682,0.8847314102608135,0.05346014563029256,0.0069651371281582,0.9083527955038684,0.8900801064720812,0.19639780664623613,0.024254025945189696,0.7027744906823558,0.8345464711435192,0.34679496979917074,0.06875405208331649,0.9265101494126955,0.8941043635266869,0.16286085256016777,0.019288859714787228
1.4027531868386267,0.9619462366471918,0.05760299896447095,0.00227872495103901,0.9259006206726108,0.8939714049464018,0.1918419303346703,0.02275322256753268,0.7083810847534843,0.8363213296178046,0.3438046874646722,0.06728692922503908,0.9171932645233595,0.892055923114211,0.16348019155026386,0.019782076334855365
0.9275260385228136,0.894325636256244,0.0559283252177351,0.00660854384917199,0.8553354647304912,0.8775555381982016,0.205169745898082,0.0286271330086785,0.7022331767700521,0.83437429518343,0.33791715045932846,0.06707752927854661,0.9123142630260174,0.8909693723626918,0.148925582652994,0.01822447578063087
1.1003868726689463,0.9264731493115694,0.04757241648829724,0.0037754466674204215,0.7767057718763535,0.8567348209886659,0.19818882976931387,0.033141594667742844,0.7143733753188408,0.8382013228370606,0.3435159252263401,0.06630915601266525,0.9260715871425387,0.8940087132851359,0.16100863135813062,0.01908875356162731
0.8245456561811872,0.8697314658049388,0.08161799027997693,0.012224757152920951,0.8859720654556928,0.8849359226155864,0.21130295902397056,0.027474735071017557,0.7062746568717361,0.8356563080853947,0.3448571742373626,0.06782106548953964,0.9283897087757736,0.8945134331459905,0.15625028601762783,0.01842600192597284
0.9153654276433386,0.8916499842928601,0.06941354473953973,0.008434877805534891,0.859529002924672,0.8785893137877069,0.20421185981655648,0.02821967174416099,0.727676347168549,0.8423126129501403,0.34170050091095067,0.06396895679094562,0.9181916730192218,0.8922770916831029,0.1567976615202804,0.018929882066558597
0.8092702013045486,0.8656943235694422,0.05886105338136048,0.00913183022525001,0.830566884176422,0.8712942463561881,0.19996258210522994,0.02953805208521384,0.7063017346746844,0.8356648705888181,0.34593069123925363,0.06802794626516522,0.9197863472123171,0.8926295192539703,0.16021170413715688,0.01927116157745273
1.1557358592351057,0.9346967390812215,0.05394017354308805,0.0037685690765872928,0.8728469178430491,0.8818226296834367,0.19634050444766663,0.026312552798267733,0.7182445894786019,0.8394065698050543,0.3374113080276178,0.0645527939521641,0.92822084728283,0.8944767389855035,0.15627059631005033,0.01843556372636283
0.9514642119479099,0.8994227709184234,0.06401124377600513,0.007158005931384006,0.8601782008891627,0.8787486776614595,0.18905822256716578,0.02608659343448174,0.7232046218399383,0.8409401815352207,0.33916796947101324,0.0641520013404993,0.9261109313095505,0.8940172973394658,0.15935650731312448,0.018891170653910955
0.9564077385916014,0.9004478122162213,0.0583778895964406,0.006454173744085927,0.8700579800593851,0.8811517652509746,0.20067301138855836,0.02706643067157476,0.7051666399241042,0.83530562512576,0.341051670269407,0.0672440002141477,0.9255167552013356,0.8938875955713873,0.16503624859133229,0.01959126991208588
1.1706685592608514,0.9367643761417894,0.06343659409992611,0.0042822429049562145,0.8471343870759546,0.8755119432240455,0.21253453077928722,0.030220045470849843,0.7234273865245673,0.841008779568639,0.3489069516284886,0.06596024132453403,0.9145600914036642,0.8914707043454689,0.15978627863354744,0.019452677682874533
1.1355821789637992,0.9318064157695044,0.051528051337442024,0.0037710434803256004,0.8807133494087913,0.8836972097049628,0.21240685104335907,0.027954721575247105,0.6931684892609866,0.8314697179489378,0.3317645884200303,0.06724523870683645,0.9265811578133616,0.8941198432685551,0.1622970237717045,0.019218938538682877
0.8500597277965507,0.8762442333133921,0.04536593726789693,0.006407227727839628,0.8733198525345908,0.8819360659279274,0.19403530823287438,0.025975320347917906,0.7119077406785687,0.8374298844711519,0.3408078615094555,0.06616096994642237,0.9099992992017095,0.890450481314238,0.16033822773238873,0.019725943265353398
0.984694768690099,0.9061360864571989,0.05969667416176776,0.006183799040849274,0.8798507875282585,0.8834929275107981,0.2027063636117357,0.02673108551742918,0.7061291084807684,0.8356102768442287,0.3538748769629489,0.06961785256569578,0.9297194514612109,0.894801997511864,0.16336611311281482,0.019206247663177734
1.2843013097195082,0.9506032922686037,0.05930410092947259,0.0030816507419150012,0.9061904632002958,0.8895920310677461,0.2087094527629711,0.02590309487020009,0.7014858278979608,0.8341363496336954,0.34437584264145216,0.06847733513060175,0.8948380708531738,0.886998360109507,0.1622224305574157,0.02066678080187933
1.0020961601148648,0.9094890137456222,0.05852911431576256,0.005824729910147737,0.8868996807264042,0.885153231795084,0.21803165832864296,0.028289148619636963,0.7098305784867209,0.8367776918203216,0.3347288591296314,0.06529239191670577,0.9151553424878693,0.8916032412781284,0.15597747724515584,0.0189629783565527
1.0555733964499376,0.9191272440873076,0.06169077414811203,0.005428087298945721,0.8555442943655378,0.8776071968098632,0.19570850714195423,0.02729388829573404,0.7007338861528569,0.8338966654558034,0.3383466962818499,0.06739505841974903,0.912404005725288,0.8909894443797429,0.15680923488090723,0.019185257388380023
1.0261025917665594,0.9139375094230374,0.05147402901263454,0.004847140084725027,0.7613628774633423,0.8523437300185198,0.2093390210213876,0.03626496906936963,0.7104902235794703,0.8369850367658002,0.350389615674147,0.06824345455144509,0.927885370551686,0.8944038053801571,0.16306438887871616,0.01925190706929509
0.9383819022787926,0.8966648139676184,0.04597372286453218,0.005298192959960559,0.9658286365603334,0.9023755332013618,0.19398311270512117,0.020986271512252713,0.7086669743829751,0.8364114209888799,0.34669418136269836,0.06780778819769541,0.9136772119558996,0.8912738628002662,0.15656793216245685,0.01909965857170967
0.93286047224623,0.8954808583178928,0.06048536807641678,0.007059758672618291,0.9109792766499347,0.8906704036648477,0.17386618062353035,0.021342035466419374,0.7171402832684548,0.8390635019098246,0.34057447598474366,0.06532385615525413,0.9151276568688341,0.8915970800299359,0.15619311213870232,0.018990404762741605
1.0687542315857486,0.9213547249292744,0.06309280866729493,0.005385495030705964,0.8699020890763546,0.8811141694317187,0.19525142884262053,0.02634463170938421,0.7069031594609274,0.8358549598875606,0.35432359076229797,0.06958200023875515,0.9280484659082504,0.8944392683306341,0.1606428153340972,0.01895888712013219
1.3025979535068497,0.9525444202006254,0.04803720415074127,0.0023932042711816114,0.9329257608891425,0.89549492784988,0.17459986018937984,0.020375962408076133,0.7146013978609193,0.8382725162248345,0.3513831264922968,0.06779216518343763,0.937948800670058,0.8965723748836094,0.15915033273111875,0.01835941125556076
1.0993341300025965,0.9263078520338895,0.05352503190385692,0.004258168126599773,0.919176192074919,0.8924947931772742,0.20495588545826793,0.024687902970599696,0.7064420372685142,0.8357092311314429,0.339792142929279,0.06679920519935675,0.9024853339767372,0.8887513067629205,0.15667088991103645,0.0196111461533328
1.1346680238776188,0.9316725407523629,0.06290817699979867,0.004613590840431754,0.7807801736445468,0.8578824786939676,0.21059501376519318,0.03488734424473039,0.7073936865528625,0.836009867448059,0.33852421746516853,0.06640427757583155,0.9189732481830454,0.8924499489528547,0.16116021237080286,0.019421581106689356
1.2844177748998165,0.9506158831644526,0.04958169486756507,0.002575749317477698,0.8821626448249187,0.884039748754151,0.15574746940711176,0.020429528998900732,0.7046231401920585,0.835133390123439,0.35300097343586556,0.06968715951459564,0.9019660248515542,0.8886330247544011,0.15612413689821128,0.019566089043324717
0.8318515558012795,0.8716256013978032,0.05060276059872726,0.0074528546993742825,0.8036982545062645,0.8641956121128188,0.18628215470108453,0.029273388615844286,0.7140555160952871,0.8381020383698299,0.3330039437124675,0.06432708337843981,0.9345781290782549,0.8958504523043995,0.15629201398225329,0.018170156104531578
1.0008696937289023,0.9092562730546685,0.05808642087309939,0.005797021666105368,0.9058107947321875,0.8895061377384751,0.20142114526254673,0.02502040102588016,0.7155652422395299,0.8385731692422116,0.3375775664985303,0.06498428365413676,0.9296275312670471,0.8947820725568146,0.15958513263417642,0.018765705551669645
0.9278912765074411,0.8944050897362624,0.044787462478498914,0.005287680197294235,0.8662345564810845,0.8802267082494111,0.18528819885552394,0.02521234278791681,0.7004678071902003,0.8338117854004601,0.340981910982698,0.0679615903602729,0.9241966871989749,0.8935989393022619,0.16155324961494788,0.019236187916268934
0.9507292798214825,0.8992695845888855,0.04107394126458173,0.004600839655935331,0.8475287934401499,0.8756108899108529,0.20658163496890744,0.029346946264178636,0.6979469749419911,0.8330059080234407,0.33539784848622395,0.06723776940760007,0.9402493162882692,0.8970625490322855,0.1633788752212791,0.018747639142212676
1.2211671073019281,0.9433123549934388,0.06100403892548318,0.003665991740984124,0.9714644353919557,0.9035127657660954,0.17270020691586926,0.018442866496530652,0.7088498955784224,0.8364690433586676,0.34411057800908984,0.06727413579619981,0.9074372176828012,0.8898736761544893,0.16190489098515445,0.020036541067102884
0.9847544175533637,0.9061477676103715,0.06267087372860787,0.00649099585683407,0.9091960784018103,0.8902699367201858,0.22768738293575377,0.028063568033757057,0.7100619385025183,0.8368504389198487,0.3457728644504792,0.06741072053608066,0.9247597255484661,0.8937221421231057,0.15234723831418326,0.01811652344545119
0.9968276765311723,0.9084854210673821,0.06116389548693587,0.0061612305619491384,0.9762790947252655,0.9044749152049225,0.19616144766187377,0.02071736717781741,0.7081938491955089,0.8362623051270527,0.34187956700694455,0.06693901169845705,0.9244646800991516,0.8936575966060595,0.1536282207031604,0.018281268218112098
1.1746019435376174,0.9372987641577698,0.04524543868501979,0.00302672427432868,0.8851052082834662,0.8847325237677837,0.19485068665808297,0.025386143596871646,0.7000345431681169,0.8336734984549948,0.345641661556425,0.06895909305192628,0.9055074889260784,0.8894374780775866,0.1536308361411377,0.019097253159970344
1.040427376354685,0.9164967193279707,0.05448064827651716,0.00496380703638955,0.8871183227358513,0.8852044002525826,0.19811288750375997,0.025691792463071187,0.7110999515824974,0.8371765026944228,0.3467727526647774,0.06744426316008345,0.9191186132127374,0.892482071728991,0.15840753397548835,0.019083464435950902
0.8289513498796336,0.8708765175442645,0.045718614669666785,0.0067786266138462,0.8679178800330454,0.8806347435148995,0.20386246198030325,0.02763244948165191,0.7032396433506526,0.8346943078013924,0.3375674178265736,0.06685299653534461,0.9313041371377583,0.8951449765606571,0.1666263384629301,0.019518188765659136
0.9452852604828303,0.8981283911886934,0.06854058087397259,0.007774321924342877,0.903460643045088,0.8889731539630397,0.20444789218775236,0.025534184634617655,0.7113080313183315,0.8372418021293984,0.3527875535455515,0.06858122265302039,0.9171490797943732,0.8920461260466046,0.16466437204689033,0.01992739651630558
1.011932579603077,0.9113362555507412,0.053657738108770475,0.005220351928746889,0.8775040277880903,0.8829355627265899,0.1672660970940886,0.022177056127143997,0.707018790396613,0.8358914865154977,0.33495505408514487,0.06576089946696097,0.9156390941208213,0.891710847312166,0.159529579731825,0.019373234126149334
1.0267808209119922,0.9140602651626458,0.05358176746144534,0.005037745390818421,0.9451552099456184,0.8981009898862671,0.2023813610327317,0.02296229554018967,0.70385163272421,0.834888651282383,0.3456726555402229,0.06836178487200713,0.907284956986616,0.8898393138435033,0.163381596743078,0.020226380788708212
1.0112309317950579,0.9112056239668457,0.06554070916436776,0.006386754231921007,0.9282151081702583,0.8944754916595724,0.18227561227311664,0.021503713122294797,0.7005944437972162,0.8338521872207226,0.3382616457235873,0.06739975435144617,0.908531323617667,0.8901203186928359,0.15461006302034502,0.01908562707174701
1.21826008061708,0.9429533523426247,0.06439846267673258,0.0038959683433643882,0.9140448060877513,0.8913558574577383,0.16505085805396824,0.02011745230494335,0.7122023380104543,0.8375222126471916,0.341831789488361,0.06631474600222488,0.9352552948186923,0.895995842630459,0.15503441885987104,0.017995869321737006
1.0167951495246434,0.9122368021466947,0.06338164555821789,0.006097732393939787,0.7926988150474661,0.8611956676934486,0.20419721836885438,0.032911752366865187,0.6972800802423218,0.8327921885015115,0.3428238780694327,0.06883209421615566,0.9172517182663349,0.8920688828454463,0.16694290810168086,0.020198366873834948
1.1533864768549535,0.9343657631583452,0.05004233031188974,0.0035152081650516123,0.8950578256495181,0.8870490681196684,0.1690029236135412,0.021519708885004714,0.7142218149039431,0.8381539885283148,0.34005802074749686,0.06566458560147827,0.9238071563167366,0.8935136293886667,0.16263418708869046,0.019382272134167922
0.9808829329129143,0.9053868997785997,0.04901788490395144,0.005122378132699649,0.8880701479490315,0.8854269233172875,0.18884818334617587,0.024436705980035917,0.7092275070513894,0.8365879438520116,0.350249415327214,0.06841477640678904,0.9143313891169657,0.8914197443025058,0.1561876180047675,0.01902458590145963
1.2038168958913107,0.9411378215654064,0.045172346303873866,0.0028252426451475824,0.966385717728957,0.9024884753369622,0.21768023194949546,0.023519781012686897,0.7003395134079784,0.833770846858242,0.3410763621798519,0.06800050044382033,0.9252410896814935,0.8938273734870025,0.1530771086421214,0.018183151652812785
0.9291366397520529,0.8946756087420902,0.06017356379545292,0.007083845714186744,0.8513818770190094,0.8765739867110984,0.1420762210428172,0.02000504442558498,0.7042682327540699,0.8350208419946311,0.344886322886036,0.06814088019813984,0.9130520727000088,0.8911342959799743,0.15651895216237538,0.019121187453452725
0.9963829466500455,0.9084002480735455,0.057167142415592447,0.005764525136048404,0.7726724941154606,0.8555911556649786,0.17137188414756097,0.028924581065859944,0.7049195893573484,0.835227352744033,0.3461277976764059,0.06828367548625706,0.925493026940206,0.8938824130629937,0.16187205687169323,0.019216702126282265
1.1209602023887928,0.9296356669765976,0.05273114371728459,0.00399123214505636,0.8249755718034122,0.8698435810485049,0.19071899324672506,0.028537660940264938,0.7213705719690322,0.840374492811583,0.3376501857828646,0.06413519522413343,0.9280031169240339,0.8944294088420345,0.15752443202878505,0.018592800333601972
1.077690749097104,0.9228328769339857,0.05062199722550992,0.004233002515825835,0.8762723266907452,0.8826421042656561,0.16964671643851426,0.022556573681729402,0.719093901685324,0.8396700177944201,0.3432560202587563,0.06554268993027075,0.9210923290870786,0.8929173891091549,0.15911904282355285,0.019082260862897483
0.9649296340908324,0.9021930241987022,0.05732590630001718,0.0062147161193726735,0.8753786733951181,0.8824287881655938,0.2258968052302712,0.030097568774535326,0.7096310389733441,0.8367149291512809,0.3414415799325418,0.06663238652444729,0.9300677059240124,0.8948774562128404,0.1555901688263539,0.018277401248344507
0.8476542936960119,0.8756423606305782,0.0553072625698324,0.007854668666573146,0.9018872787826671,0.888615079317022,0.194856247445156,0.024424577267969483,0.7221589547156195,0.8406178586247962,0.3366716628060135,0.06383334592267267,0.9176361115080486,0.8921540722895246,0.15427169914157243,0.018648768223068705
0.826035065832899,0.8701195302050354,0.05472936928987996,0.008169310017988811,0.9494644410356059,0.899005461485626,0.18845224938495578,0.021170781239946514,0.7183926699491106,0.8394525280411748,0.34077388656176216,0.06517388913550436,0.9428217421166557,0.8976082229606963,0.1671344679107854,0.019065327986253457
1.0056982700968202,0.9101694640388551,0.05164168362254517,0.0050968531696983736,0.9545643098058375,0.9000666677827629,0.1644852240552426,0.018262598903736486,0.7154553699560401,0.8385389194673057,0.33806664508988693,0.06509489844902094,0.9217162784408225,0.8930546826463515,0.1512947199507506,0.01811788477623578
0.9301866208922845,0.8949032113985066,0.06699432290066783,0.007867765029458953,0.823955274470129,0.8695773697346053,0.20548596652900555,0.030819592563131142,0.7185618914631873,0.8395050345851455,0.3447535183225821,0.0659093176578447,0.9322395953460879,0.8953469773409879,0.1619099627973651,0.018924916746437287
1.1026089925849774,0.9268209371528833,0.053440733809065985,0.0042195236007757375,0.8542714308713122,0.87729203457259,0.21743465739887707,0.030412865239134335,0.7094531132630363,0.8366589484541733,0.3440689195187947,0.06717262657893468,0.9255121868643067,0.8938865978146002,0.15800004907526585,0.018756207771574596
0.9651354548056817,0.9022348352691523,0.05508539984926768,0.005968992750010252,0.8939519155617304,0.8867936798249514,0.2026532520952701,0.02587031173445051,0.7060819507159296,0.8355953604736526,0.34553796002869364,0.06798511151256931,0.9197876570526279,0.8926298083150821,0.1595923871096623,0.019196608757400535
0.8756911737966064,0.8825034205676167,0.06147928635139173,0.00818535734126265,0.9038229265166645,0.8890554615628623,0.19092414394295124,0.023825275184768267,0.7110735047725624,0.8371682016639315,0.3465792542232747,0.0674107343291139,0.9224758579548227,0.8932216110319053,0.16341079280060572,0.019534616023329242
1.1672030463798948,0.9362900366060217,0.0614601003254104,0.0041820596063544,0.9134313489973821,0.8912189908848639,0.16897951027211394,0.020625415117031306,0.7149793354220543,0.8383904605222333,0.34458077013036853,0.0664219623145226,0.9199116645293004,0.892657171710346,0.15453701117477014,0.01858321467708144
0.9221579865435131,0.89315178220639,0.07629923642061438,0.009127717811206335,0.8827732417143297,0.8841837998991536,0.18826002339054534,0.024659534072526832,0.6986044855026989,0.8332164063400476,0.3447870241175488,0.06901546644075196,0.9363782403517953,0.8962365483328489,0.16076710151406368,0.01861310989677153
0.9890540396988267,0.9069863452896253,0.06553739398960269,0.006721019083501327,0.8085381641305927,0.8654982245399687,0.19061216842475942,0.029621869058187415,0.7121474667797886,0.8375050189513459,0.34406172474429964,0.0667557831616292,0.9253296521580391,0.8938467241912262,0.1588333156508254,0.018863051469098387
0.9759248375911981,0.9044044148116339,0.05707555511220136,0.006032888607734318,0.8535734724994519,0.877118923251161,0.20753737400301986,0.029075208967775296,0.7101249422801417,0.8368702448304105,0.35042690474787,0.06830814636974153,0.9013909500932156,0.8885019127808002,0.15341138382432293,0.019251591480008937
1.0084829130842992,0.9106923287160441,0.04924742659695714,0.004829482853229521,0.8973401066036761,0.8875745270798346,0.16341787723646362,0.020699481081735027,0.7017315796986677,0.8342146238170604,0.3265259511189102,0.06489124752098789,0.9146900670121904,0.89149965648923,0.1599783816053693,0.019470236732154353
0.9400186994963129,0.8970135040796431,0.05189129234125879,0.0059576609969637755,0.906830816870812,0.8897367673499267,0.20230917049702624,0.025071755998348776,0.713541235840699,0.8379412969944978,0.3361237521852449,0.06500667710716891,0.9095553147811529,0.890350716587542,0.15574006198564014,0.019179842142192743
0.9686575906258987,0.9029478667798111,0.05898576151323949,0.006340004993747007,0.957444065501817,0.9006615133457088,0.18976831451856596,0.02093050152568699,0.7112616206998934,0.8372272394103119,0.33857335504210206,0.0658250437493312,0.9206377735540475,0.8928172712695934,0.16207159383555156,0.019456697619971527
1.1102510858012078,0.9280054777760841,0.04701698666618682,0.0036475705936049353,0.8858556350870734,0.8849086216276176,0.15843800046785309,0.020606475532886,0.7071896644195749,0.8359454519091896,0.3434266640274954,0.06739758681704716,0.9161807166103365,0.891831214806264,0.15690848073704858,0.01903117929283097
0.9885675150207116,0.9068917943107969,0.06200186478514627,0.006365569096274294,0.8227621067274911,0.8692654669197577,0.19800118342134282,0.029778696208478478,0.6979630691974316,0.8330110630440685,0.3352287499663801,0.06720137952236312,0.9242599236494182,0.8936127828335052,0.16088254543172464,0.019153537894647965
1.0357948550303082,0.9156767508421302,0.06598910201212746,0.006076833866924361,0.8402071736334122,0.8737630478438678,0.19904987264586962,0.028757738510327646,0.7045955312811989,0.8351246370056751,0.3479378123114266,0.06869198986870258,0.8877603623330758,0.8853545411414404,0.15276619499307292,0.01978184976662257
1.081516277710452,0.9234578267706186,0.05200405771972239,0.0043104335457676175,0.8313314553068313,0.871491539726583,0.20201679395453387,0.02978900649869084,0.7132633781428098,0.8378543973559016,0.3456725849194042,0.0668962170231251,0.90927194125677,0.8902870000035049,0.15823095932895684,0.01949932239854665
1.1369270535966622,0.9320029263869727,0.06121428619907199,0.004466072162437579,0.8916281548905947,0.8862554112102127,0.16873858934304026,0.021656399741000216,0.7145991694988948,0.8382718206061346,0.35059646487384083,0.06764074202681912,0.9307802512710281,0.8950316994927728,0.15908746417025435,0.01865759699396081
1.0264025363760936,0.9139918173223484,0.06583592277809727,0.006195272173922893,0.890774460919153,0.8860571045605428,0.20530678953553658,0.026401515131082465,0.7089593565067592,0.8365035170536761,0.34761676369033956,0.0679424737826978,0.9131736293559009,0.8911614466862163,0.16224055354638384,0.019814621921176286
0.922574538152412,0.8932432805614129,0.05558938097964967,0.006643811465650512,0.8514413211865195,0.8765887947597453,0.19822955969860415,0.02790789595177837,0.7088415326544608,0.8364664092935876,0.3480334351113938,0.06804237049724371,0.9283846530778116,0.8945123346895778,0.16137669727553183,0.019030761646244038
1.1141228418893747,0.9285988358108478,0.05444409640413835,0.004186276911587429,0.9350384906385397,0.8959493133981078,0.21548612908058343,0.02502538854455919,0.7038052709768589,0.8348739350548775,0.3452567402544931,0.0682868209441193,0.9213271649608118,0.8929690804847938,0.15576014272678987,0.018669348876914394
1.1282086853263251,0.9307196314756188,0.058125957983950954,0.004326746373208224,0.9003462350718106,0.8882633815956545,0.20589892705797494,0.025900482130888806,0.7032677645365981,0.8347032419910809,0.34235190695158235,0.06779614295288955,0.9205536343736709,0.8927987302159928,0.1591042286538635,0.019104166216245434
0.8605924999859674,0.8788502847304145,0.0614682137324949,0.00847340749750806,0.9429469778161741,0.8976347229648848,0.2155288118903145,0.024578668776680523,0.699182319317513,0.8334012213401318,0.34380697798331383,0.06872778820104913,0.9161171577794889,0.8918170958980774,0.1615673596388481,0.01959911539507864
0.8293960483495164,0.8709916183065193,0.05727890044846306,0.008483960231908583,0.8814911767439517,0.8838811572704853,0.22154438331790038,0.02910513160337243,0.7161128213634959,0.8387437750616235,0.33899359079107433,0.06517464374058357,0.912230253735485,0.8909505797510924,0.15896835339615448,0.019457203541656774
1.0866711046155468,0.9242925935800089,0.05652745520066474,0.0046300782398232205,0.9220999083480117,0.8931390194585638,0.16261022058675315,0.019455747917601605,0.7219684625207523,0.840559083166103,0.330284373033275,0.06264978192131195,0.9210619590943867,0.8929107025523058,0.15730664223914928,0.018866229011584128
0.9433389588055296,0.8977176272801601,0.06636194927486425,0.007561016319476226,0.8117422798475173,0.866354762455805,0.18412720232776594,0.028403749549074188,0.7077729862520565,0.8361295690189898,0.34587485966962217,0.0677869368811548,0.9089651243769704,0.8902179755772733,0.15804980869246454,0.019490763424128702
1.0460436199127032,0.9174810866435822,0.06047544468566219,0.0054392052902836755,0.9002292495513531,0.888236643498085,0.20601775583247955,0.02592241162237023,0.7137311742917554,0.8380006783823968,0.33674924738559586,0.06509917120474129,0.9314992546596488,0.8951871381991868,0.15811672631916268,0.01851307495036847
0.9679207840111845,0.9027990904438599,0.05373294915748778,0.005785220196305049,0.9165994353823989,0.8919241881974191,0.21607611787876577,0.026182272170568042,0.7070952923771523,0.8359156491165985,0.3401187176307535,0.06676290731572683,0.9250008463828524,0.8937748652065092,0.1582263476548253,0.018805200013800004
1.0285002749317065,0.9143707662704932,0.054871144680014375,0.005138587371920183,0.8807844132336514,0.8837140260116173,0.19402991820969867,0.0255319677608064,0.7108887175236617,0.837110191788329,0.34044789173576695,0.0662463464605974,0.9155931546205466,0.8917006325336213,0.15400035708393506,0.018703745016304875
0.9790283449716463,0.9050204618528805,0.04759243609664786,0.004994702098228062,0.9289687734394289,0.8946391803462543,0.20215994693272996,0.023808187901793516,0.7060636590057525,0.8355895743697507,0.33896264391316594,0.06669421719455061,0.9065534650643048,0.8896740991761557,0.1552717425873929,0.019254797784160678
1.1289562319192172,0.9308305390093566,0.06316301223471109,0.004693605686240228,0.9538425912790176,0.8999170933646838,0.1602431259563619,0.017821194788154426,0.7183487700914779,0.83943890439628,0.3364019061146671,0.06434424033253094,0.9374100684773905,0.896457288441009,0.16693737915954412,0.019281620130269076
0.9652606587679188,0.9022602618010451,0.05157138587988397,0.0055866072882290166,0.8876195384578954,0.8853216241357535,0.18250410625251376,0.023640306441204583,0.7233404115858514,0.8409819994096203,0.3532163585011223,0.06678830122891297,0.9237889684817402,0.8935096446572119,0.1581789135226591,0.018852095004779017
1.0220099686787631,0.9131933910515457,0.0509971873342776,0.004847705800082627,0.8371895206553266,0.8729946382804877,0.1717180531967501,0.024981955791825338,0.7124074968941514,0.8375864854291429,0.3436419657781149,0.06663443165211308,0.9153373758936761,0.8916437439275414,0.15654263638743632,0.01902371222831487
0.9306962128977505,0.8950135182692335,0.04652747535420225,0.005457745432380426,0.9029662992555513,0.8888607572263609,0.19430523558201088,0.02429507273661623,0.7182348680824455,0.8394035523016544,0.3385697426999023,0.06477587309066721,0.9010271964576582,0.888418910479824,0.15570683628962564,0.019556020514638377
1.044269854174237,0.917171342493983,0.05626208941193485,0.005080962649576712,0.8759754091375024,0.8825712669448079,0.19622358406999657,0.0261081317009719,0.69856551331348,0.8332039355313464,0.3515126452989135,0.07036803757946095,0.9375779810125169,0.8964931708319356,0.1665920964622087,0.019234301197477995
1.0373427394330879,0.915951540466474,0.056195160499209765,0.005156513706819525,0.9119732357225624,0.8908930679847178,0.20561065998147038,0.025180966275742102,0.7152470635160858,0.838473969343732,0.3376500990063037,0.0650458836377135,0.9166343603998734,0.8919319398639399,0.1608216614892728,0.01948543852757982
1.1209951726800602,0.9296409340002298,0.05422457444516268,0.004103939782190903,0.9439580225585624,0.8978484386205288,0.14052736479207067,0.015988321761864363,0.7276173815276135,0.8422945784064849,0.34494855634561516,0.06458578613847672,0.9292300265656235,0.8946958696519075,0.16302835236658766,0.019188150354069636
0.963357918759051,0.901873214969564,0.046993661204167245,0.005113065577549151,0.9151566836223914,0.8916035397307789,0.16286422013774474,0.019800173710357142,0.7152859935188526,0.8384861093539312,0.33652275009008475,0.06482289694678946,0.9266655351453118,0.8941382348269883,0.16112371416722002,0.019076290587522114
1.0863773042231908,0.9242452413365128,0.05530313690068221,0.004532861627923291,0.8735052241651651,0.8819805027007692,0.2111654782060069,0.028256456359874678,0.7220779341811181,0.8405928622712315,0.3487061589647456,0.06612743600840522,0.9221887684054411,0.8931585460105477,0.15961155265463228,0.019093060728474033
1.003285157739092,0.9097141308792698,0.06971278732973156,0.0069187444486654304,0.8442775838463403,0.8747932255902338,0.21267695765502817,0.030439874338649427,0.7105515723295595,0.837004309613881,0.34023140230510407,0.06625563533279827,0.9171082085577246,0.8920370629828773,0.16074633821125883,0.01945507368270455
0.9754732090601197,0.9043144691525599,0.043193278445437994,0.00457028159791147,0.9688816581660867,0.9029930702846934,0.17515373935975123,0.018816452797458985,0.7093479454488654,0.8366258522834024,0.3295118817517624,0.06434623397873511,0.9005538877518942,0.8883108287190421,0.1614820181764588,0.020303470591384272
1.0460934030206426,0.9174897648011608,0.0423171480552328,0.003805598681243119,0.9427886644552439,0.8976012226786101,0.1922647595263803,0.021933655837433792,0.7098407522715316,0.8367808913372953,0.3424246643824203,0.0667919751552929,0.9118568224198899,0.8908670099458348,0.1620848580031182,0.019855719202645703
1.0424406095532661,0.9168508028792215,0.05290970550877678,0.004798381066075333,0.9054347665541619,0.8894210102843129,0.20116057662047152,0.0250096782919556,0.7210810471632038,0.8402850438790764,0.34120409258349427,0.06485346499049989,0.9251661809792424,0.893811003675638,0.16080076617075373,0.01910389545176971
0.9860638955007814,0.9064038770966795,0.059720041862899004,0.006166748090150929,0.8196790903552693,0.8684566087351363,0.1924520471318501,0.029150327927678653,0.7051197541857537,0.8352907727358692,0.33341002183366714,0.06574441960908081,0.9198785813866687,0.8926498722094062,0.16448555549540772,0.01978104288351542
1.2371719617624621,0.9452511200439236,0.059101279767956864,0.0034231420652704363,0.9179053061888754,0.8922136961660523,0.19241658715137105,0.02324540949607774,0.7128551817698104,0.8377266663125715,0.34387255504432374,0.06661044480806301,0.9187160801500589,0.8923930992647596,0.1572771579184944,0.018964857005281496
0.9956205007506541,0.9082540614462448,0.04896808247160324,0.004946438310863337,0.9445831545182488,0.89798038173181,0.1951384107811126,0.02216968943013729,0.69503344134651,0.8320706001634384,0.33783909675689555,0.06818305652016528,0.9135197186439306,0.891238716100071,0.1567224036191528,0.019125436906612173
1.0332563229407357,0.9152243294625969,0.06355276356819616,0.005886784226073236,0.9537906858283074,0.8999063284194707,0.18999786667150825,0.021132848461039515,0.7211466488848808,0.8403053151427491,0.3359424999886525,0.06384373715014673,0.9180202414994104,0.8922391443355121,0.16639735285707152,0.020096765803228476
1.1406084722276877,0.9325381660926223,0.060377520435659575,0.004367840806383909,0.9869105677132901,0.9065691366280172,0.18427216526513843,0.018991058486928083,0.7081399006891237,0.836245295121791,0.3396712676546255,0.06651489522854585,0.9246578759126691,0.8936998649243613,0.15581696334794717,0.01853347516435453
0.7966482637665361,0.8622791700405016,0.06017308526393143,0.009610677761568865,0.8653218946366489,0.8800049768960478,0.20859673290889763,0.02844366843594441,0.6999938274896762,0.8336604983039305,0.34678852899998425,0.06919439175195277,0.922818836049045,0.8932969101326447,0.15685093587844928,0.018735629013125976
0.8522614731387128,0.8767929458205698,0.07193064087953191,0.010107702634071201,0.8927022336203632,0.8865044841564311,0.20432572891589285,0.02615898105184362,0.7105157761927784,0.8369930643998221,0.3425606858586608,0.06671473161961763,0.9105625152025997,0.8905769232124024,0.15459018641275152,0.018994129981983757
1.1678679160879748,0.936381296493479,0.04764372192359162,0.003236963222519058,0.939130006564714,0.8968243135067493,0.17152460811304007,0.01973315054689975,0.7045291269657623,0.83510358268144,0.3407828277139214,0.06728969739691505,0.9248014337215185,0.8937312636122183,0.16038866535399365,0.019070946146835313
1.086744645495063,0.9243044420192791,0.057398645015593074,0.004700640031871682,0.8447722771837866,0.8749179351004169,0.20466582428218089,0.02925991443146289,0.7123361696198656,0.8375641421340491,0.34881886941248164,0.06764937685665538,0.9132804426143295,0.8911852994233114,0.16120012904613398,0.019682712210838105
0.9738935508366188,0.9039992713065682,0.06080924125456977,0.006457672762607432,0.9403619000168181,0.8970864845457774,0.1936567862644141,0.022216253404072836,0.7166168676919641,0.8389006888779859,0.33596976114279786,0.06451836051097166,0.9107004788769915,0.8906078765094174,0.16268270625142364,0.0199820899426435
1.0011234553868287,0.9093044723574983,0.07028035183181607,0.007009878193781932,0.8338452169263378,0.8721383853243049,0.19810684424244346,0.02904385520621958,0.7169032676018823,0.8389897925771116,0.33127509608376604,0.0635748758881141,0.9202488593054138,0.8927315458329611,0.15900109098646,0.019105184890802058
0.9701537031915186,0.9032493373032365,0.05328100470957614,0.005707142315976318,0.9426597555786853,0.897573937426374,0.19333482843686925,0.022062277445261003,0.6938656787218919,0.8316945507948145,0.34316887194438217,0.06944519606463694,0.9191396041835196,0.8924867096181207,0.15526351199820587,0.01870379790676783
1.0373515316517554,0.9159530989878657,0.05209386413107826,0.004780078638090083,0.8567905987868825,0.8779151078250658,0.20271728735757807,0.02819033178544699,0.7268162912709224,0.8420494001572006,0.34579041321711884,0.064862944118643,0.9063925242972528,0.8896377199967126,0.1513657021594397,0.01877737828458534
1.1798854881607606,0.938009953962639,0.050006127089450965,0.0033047433103771313,0.9149939670843179,0.8915673239386497,0.19679303599551587,0.023934026012711714,0.7079333122493281,0.8361801444887018,0.34894001352498266,0.06836242521965966,0.9291904986096028,0.8946872942104555,0.1635524410778231,0.01925158680563425
1.0245283328853436,0.9136519648499842,0.0440183322874354,0.00416011418989793,0.9363148713678273,0.8962229781842924,0.19983597903975242,0.023139757918712037,0.7088518404128066,0.8364696559170802,0.3414875613662674,0.06676103312921457,0.9211791659895597,0.8929365059500103,0.15633191136524793,0.018744267426349083
1.034925089525458,0.915521987202455,0.04576775859199655,0.004223131011701896,0.9430506066687461,0.8976566463433749,0.16247093271682955,0.01852358604338755,0.7158072220585208,0.8386485793546006,0.3316279027927081,0.06380340294910719,0.9305063850776816,0.8949724398701111,0.16664717603191667,0.01955651986748162
1.169277499047097,0.9365743727247439,0.06638612083669988,0.004495725570825668,0.967788497576509,0.9027723575652157,0.21286695394559654,0.022925549182988853,0.7054824960021706,0.8354056534941381,0.3488508842804561,0.06873173898928688,0.9100909565521437,0.890471067099895,0.15821887063470688,0.01946109728384374
0.8977556834673579,0.887669976991857,0.05005993026296673,0.006334824049452637,0.923734065172066,0.8934976152191637,0.21055499055644342,0.02509755844873433,0.7010573214021704,0.8339997956001767,0.35092347087026005,0.0698481800600891,0.9280000075258531,0.8944287327866453,0.16123510823768705,0.01903091221466312
0.9260164439851268,0.8939966811982027,0.05820090186737458,0.006901019752031521,0.9129280954321929,0.8911065984854594,0.20894548793570558,0.02553317970162651,0.7082581932296408,0.8362825909920669,0.3451142789606706,0.06756234814843584,0.9192457915106179,0.8925101686784136,0.1571835736494718,0.01893046870617073
1.018850554862731,0.9126149711245948,0.057936295685204406,0.005547536509451378,0.7043533070798239,0.8350478263532998,0.18014577563425546,0.03558531179454736,0.7126059872036998,0.8376486495524813,0.3476381718212435,0.0673785204482077,0.9182331819430306,0.8922862781537657,0.16448486716557956,0.01985604582695918
1.0247228625443596,0.9136872957173185,0.03703306667381332,0.0034983786547981093,0.9118287162108965,0.8908607178130842,0.19145438871543363,0.023455063331596242,0.7148271107034618,0.838342963574754,0.33695132682094503,0.06497406822759288,0.9240805429264897,0.8935735092177928,0.15788521580661155,0.018804462410035114
1.106846419370477,0.927479947567202,0.055763273636962984,0.004360154134420256,1.0048968172655615,0.9100184669270012,0.17014368672500835,0.0168236033999477,0.7075898453077879,0.8360717811242766,0.34219747667687195,0.06709450566549892,0.91447769653184,0.8914523473252346,0.160412546172117,0.019532626055459863
1.028368815152024,0.9143470630447712,0.05538464985492309,0.005188246470124956,0.8414403354717792,0.8740759114036003,0.1897180242653731,0.027331801488000997,0.7026898902788655,0.8345195717192511,0.3431724230644276,0.06804911648249339,0.9391504769814314,0.896828674837165,0.16961338964632602,0.01951235354773755
0.9380802951331455,0.8966004481478485,0.05985270837635075,0.006902453858947516,0.9221511976762627,0.893150290414554,0.21160437745199256,0.025314738762790046,0.7142592557776066,0.8381656828441585,0.3464611007869319,0.06689524137596951,0.9316399000319946,0.895217520031835,0.16222726959873357,0.018988207052085967
0.7876343066050105,0.8597958030476529,0.049782694587119716,0.008117907405421745,0.8318023407714434,0.8716129207882388,0.20156532979493585,0.029690225265734036,0.7065403271583598,0.8357403024655602,0.34159771435357633,0.06713896299201949,0.9371408701967492,0.896399738639272,0.16435506082952886,0.018995127423558526
0.9328260024924232,0.8954734295011716,0.07003173281063978,0.00817464440107865,0.928594511555786,0.8945579223630772,0.2078702802536814,0.024501794328776326,0.7043617674956426,0.8350505096824914,0.3439184815329528,0.06793502618326884,0.9296350667668442,0.8947837061044127,0.1632474299139457,0.01919602407413607
0.9149968795261586,0.891567972253738,0.060119368897175916,0.007311686017463946,0.8637992874367149,0.879634270167797,0.20454413660512358,0.027989023529832523,0.7105518955078203,0.8370044111362013,0.3463749949816887,0.06745196981470704,0.9244483328530447,0.893654019396788,0.15709098532868823,0.018694029810306913
0.9145431982974377,0.8914669408978546,0.05202491790873343,0.006333856289147352,0.8236162671165193,0.869488815103866,0.20716502484133525,0.03109568793918287,0.7050433804187254,0.8352665768726121,0.33704039025444915,0.0664719728481053,0.9458930374136743,0.8982563615846851,0.1601353999162196,0.01813820521997122
1.1203176700590616,0.9295388275766482,0.038630805741782376,0.0029283035667493833,0.9840359988564646,0.9060069915749439,0.183871164411246,0.019075574544505623,0.7096977266226161,0.8367359070816518,0.3437979131055257,0.06708192388463781,0.9336668377072671,0.8956545107370413,0.15459096461853547,0.018010147490330385
1.0253304241348689,0.9137975579978365,0.05578519439262106,0.005262456593499369,0.9530025572702613,0.899742747798676,0.16469687294773702,0.018351974459687857,0.7115883590522006,0.837329741021181,0.34795926946823524,0.06759896574251348,0.9376124168525526,0.8965005283054441,0.16729422832639873,0.019313836080006603
0.9838112310856173,0.9059629088853861,0.04776612620966459,0.004958025895449362,0.9131888679019138,0.8911648499248995,0.1997622716466893,0.024396335667685495,0.7007077980641532,0.8338883448058821,0.3437765626207392,0.06848074348271245,0.9279641044779112,0.8944209263534848,0.15625525570570775,0.018444654707562243
1.0473484927452061,0.9177082769272937,0.07466723065707882,0.006695477443454525,0.9589952335717402,0.9009806172953649,0.18023318603583738,0.019807949784459915,0.7080083680715692,0.836203816831024,0.3504270427402734,0.06864189199419458,0.9242132836145751,0.8936025726926259,0.16029852492507626,0.01908605813634073
0.9355112723518253,0.8960507553390096,0.04590884996672945,0.005325803531621114,0.9365521374277317,0.8962737794548039,0.21804278931282214,0.025234202953375577,0.7039334001555186,0.8349146034801901,0.3424160059548648,0.06770498669224638,0.9202503666792237,0.8927318782084319,0.16313171754993402,0.019601442911763512
1.028982701040727,0.9144577005343479,0.05330373524814823,0.004986260250824655,0.9219306543165394,0.8931018180427364,0.19455455636849617,0.023286850331211636,0.7055938094532105,0.8354408936908544,0.3311436790721906,0.06522628746038688,0.9254625657866485,0.8938757596912225,0.15892812648651097,0.018868535704452325
1.0742181761038925,0.9222615418104114,0.04965651135005974,0.00418560295146839,0.8889669566969376,0.8856362406310827,0.20147261141884798,0.026016511288329776,0.7045003185210778,0.8350944479302771,0.34947367944679775,0.06901033791548225,0.9215677846484832,0.8930220221952517,0.15611536512074148,0.018701561271481523
1.0344012651321102,0.9154286549949596,0.06293876548173462,0.005814561321304078,0.8119439524276578,0.8664085198133099,0.20134686903206353,0.031045662236498912,0.7027818049952357,0.8345487966274087,0.3380551925933371,0.0670202133739244,0.9339410689636634,0.8957135088794166,0.16307389910767134,0.01898643323194596
0.9458815753625384,0.8982539495132754,0.04787483961906139,0.00542282708755613,0.8280701421648131,0.8706481772358563,0.17406527278312883,0.025860802219696347,0.7153923909213846,0.8385192847755428,0.3526053996421924,0.06790418915823548,0.9234030291808758,0.8934250591253963,0.1681628024648969,0.020059814247373402
0.9234561980739371,0.8934367155569898,0.05736641290886574,0.006842290304212034,0.8359982880357908,0.8726902063678059,0.20197193487287826,0.02946407002225942,0.691384612133821,0.8308933549360636,0.34915221825599185,0.07106081652373475,0.9240038262074535,0.8935567089605801,0.15841953813651927,0.01887143461080531
1.0090613184178736,0.9108005894271307,0.05502708938932938,0.0053890873546272216,0.860710421697874,0.8788791916679869,0.1938604924726561,0.026716458615168182,0.7182494403376947,0.8394080754856041,0.3417742136159528,0.06538676517047802,0.9291329779532477,0.8946748142196502,0.15775412561785299,0.018571532722544897
0.8609248287436835,0.8789317354644587,0.06339078535986648,0.008731750216083049,0.9370824871869949,0.8963872536583263,0.1880272982518462,0.021733937736808418,0.6991837736086864,0.8334016862754285,0.3454499497892515,0.06905599071719083,0.9301253046730233,0.8948899319272448,0.15549847546049292,0.018264207426786534
0.9582128570102719,0.9008197821720382,0.06882625783858988,0.007577767917413625,0.9760447802800958,0.9044282897068253,0.15384042987379334,0.016256449696019144,0.7143772188532367,0.8382025230780913,0.3343337565025627,0.06453614342902511,0.9340161844783962,0.895729664096248,0.16696844720945073,0.019436507211607317
1.0250510661915095,0.9137468750491711,0.05116861042656579,0.004830060347342222,1.0055330570396472,0.910138355896797,0.19880392055736315,0.019628715831720156,0.7110351685539291,0.8371561682229876,0.33931298309029795,0.06600324818175964,0.9317534966639242,0.8952420531920051,0.15491403879746254,0.018127473545610652
1.0376228290777458,0.9160011766627824,0.05570626911143718,0.00510835703826802,0.932066847339457,0.8953097004076834,0.18241243741529364,0.0213298400695044,0.7097943645180663,0.8367663026099578,0.34039807793546073,0.0664037696935906,0.91011699460694,0.890476914498877,0.15845831606536812,0.019489380820790693
1.3135424744982935,0.9536706769119808,0.06011637785349545,0.0029204537372108912,0.9555935129389107,0.9002796238795466,0.1655073033040714,0.01833258256478342,0.7137083589646438,0.837993546442638,0.34864941400005484,0.06740321012826288,0.9125689672182472,0.8910263315109671,0.1606292990837756,0.019645170259219906
1.0688745392470678,0.9213747954104423,0.058677741761210156,0.005007245123058956,0.9071571110428107,0.8898104542172076,0.17642715649198631,0.021847830788528914,0.7131181970525332,0.8378089772105654,0.3434179722672429,0.06648211427829924,0.8981905121671883,0.8877697728909424,0.15342607599495767,0.01939584324581513
0.8026565400838823,0.8639138584503151,0.055052536816383994,0.00867203048612113,0.8529991179262779,0.8769763113230046,0.20398093016224705,0.02861478254807903,0.7038393483609582,0.8348847520606236,0.3377179820989005,0.06679052193756765,0.9134312029559838,0.8912189582839898,0.15566104784832574,0.018999787630360105
1.1254049332102205,0.9303021932965033,0.05902720490352735,0.004422290678511297,0.9471897800313336,0.898528920622436,0.18860363831965593,0.021299052613213503,0.706032111948699,0.8355795948993808,0.3379108026316682,0.06649208692472275,0.9183284142702656,0.8923073517169867,0.1600607516662636,0.01931774539337969
0.9422586630985523,0.89748899974873,0.05567223321031204,0.006358870486667642,0.8260204360477137,0.8701157232142971,0.21966437615969658,0.032789832285398245,0.7075986897808381,0.8360745722664888,0.34383432226141686,0.06741406833288976,0.9038733929555619,0.8890669228527373,0.16026525475376482,0.01999705242950529
0.9974220047475316,0.9085991333851917,0.05045213018098751,0.005075250736729946,0.8824440639719805,0.8841061600865292,0.17026324224516606,0.022319108078580206,0.7030884423719599,0.834646264133525,0.3408402443263644,0.06752466302777367,0.9136071732628905,0.8912582339778832,0.16018906851702203,0.019544551224209047
0.9183960921372226,0.8923223256652575,0.061535921772422696,0.007425618247934313,0.8977397463809094,0.8876663178590312,0.18769236335841266,0.023752364893876148,0.7016566386600225,0.834190757551952,0.33286521618192794,0.06616248002363409,0.9231583035295632,0.8933713924499895,0.16244795871523326,0.019389024300010316
1.1926868616575725,0.9397019501499927,0.05514108300611816,0.003538249304852025,0.9056803011588473,0.8894766023461758,0.20522098438498768,0.025500075442415882,0.7069898426324415,0.8358823428263865,0.3590060268468633,0.07048746578147565,0.9147680727108316,0.8915170290473626,0.15698109761665602,0.019102019701248033
0.9392029724181624,0.8968398585216101,0.04533096285037005,0.005214251459234329,0.8769237253838938,0.8827973823854189,0.21136881819662343,0.028061907827371824,0.7092721642817962,0.8366020007061636,0.344742413549753,0.06733216104935258,0.914059742201043,0.8913591879227989,0.15717116334618098,0.019156365977265756
1.0153615988030125,0.9119721717361348,0.0585604336435743,0.005652527517391769,0.8036997623153594,0.8641960195750485,0.20116419544728542,0.03161192350105684,0.7136011962269381,0.8379600445997551,0.3491161073430734,0.06751009052036519,0.9315663849399684,0.8952016404707456,0.15859617847075486,0.018566341458672878
0.8475922838929904,0.875626811770107,0.07119538148064297,0.010112523352375193,0.8832177563783117,0.8842885713279659,0.20358840842200587,0.026640065656620197,0.710117296413615,0.8368678413737918,0.3432306995698438,0.06690657970044167,0.9227532878452003,0.8932825229720393,0.15509848313334842,0.01852909732946017
1.085584983921387,0.9241174063403665,0.058463501452908406,0.004800647725313445,0.8355780306286755,0.8725826565690925,0.19224379104269004,0.02807206052210422,0.7115828830077038,0.8373280235511025,0.3411460505463341,0.06627617939353583,0.912999834132937,0.8911226262281532,0.1512828200625348,0.01848373687348223
0.7886185266434399,0.8600687699975507,0.037382002984344756,0.006081966745019107,0.8218942615325467,0.8690382078954146,0.2112714999645809,0.03183806420087246,0.715553218319477,0.8385694213894327,0.342930005004376,0.06601646532621679,0.9218384805774591,0.8930815537980858,0.15999835472570764,0.019154774174188087
1.2005350871423652,0.9407178048351883,0.059456080448278895,0.0037468058399161806,0.9896982435249231,0.9071114069711816,0.20395064960270087,0.02088463307077594,0.7095557084826238,0.8366912298333693,0.3436586725402095,0.0670766863192955,0.9172747654089681,0.8920739922325216,0.15866238487803447,0.01919549043224436
1.0435421470255581,0.9170439608024064,0.06439723389001634,0.005825390806916691,0.8020199517121617,0.8637414373632712,0.20018114109902754,0.03157935161290846,0.7086172116449533,0.8363957423039976,0.34630537332820926,0.06773950496618623,0.9078902677429266,0.8899758652952202,0.1586760068950483,0.019616476174043423
0.9291137063860385,0.8946706326650272,0.058679091982349586,0.0069082759717738924,0.8577113799082468,0.8781421667313332,0.1779562869493785,0.024694597715204592,0.7214693299657607,0.8404049948945191,0.33409195990501456,0.0634448966518019,0.9104403753210679,0.8905495137039283,0.15711201188664592,0.019309410469977025
0.9917714679424393,0.9075128657687154,0.06440901275094348,0.006564099786018039,0.88769040096878,0.8853381889864614,0.19380317545387551,0.025099813104363607,0.714117711371757,0.8381214691545689,0.33836225184788193,0.06535279937159728,0.9362370289668442,0.8962063064787072,0.16585605502333578,0.019208537609361035
0.8838469204981119,0.884436723531388,0.05123586350225795,0.00669463863438204,0.8688199424905443,0.8808529073059148,0.19942275252288275,0.026974584499953956,0.7085555358457323,0.8363763085081121,0.33565041050489697,0.06566465197411328,0.9169539746678069,0.8920028560956826,0.1606611108695105,0.019451665419937647
1.1207683696697446,0.9296067677551204,0.05326044836180785,0.004033076394283281,0.8720044050165612,0.8816203140491633,0.21807709328374464,0.02928233095881385,0.7069307094728405,0.8358636632469062,0.3459704990128886,0.06793731182431031,0.9410462858965807,0.8972318802888745,0.1648946049376205,0.01888687737499051
0.7557704746980766,0.850715747647051,0.04337349942248533,0.007611214969424965,0.8377920691263385,0.8731483887854199,0.20152436750276326,0.029277601659764486,0.711897269391341,0.8374266019429663,0.35088028606754323,0.06811797032106894,0.9166544300075279,0.8919363941261297,0.1545727634585783,0.018727445476185718
1.0635896539442955,0.9204887078677275,0.042539466983534203,0.0036745350133778995,0.8011215547584627,0.8634977919331999,0.19794715102133198,0.03129159500738417,0.7262867073892483,0.8418871480202595,0.3443829570531319,0.06467775596875701,0.9060556276477099,0.8895615335885947,0.1516550670514344,0.018827874628429185
0.9928531007650718,0.9077216938411751,0.0608759076913134,0.006188599089070893,0.9281371601427808,0.8944585493212598,0.19138033708643207,0.022581883109972598,0.7031981239707294,0.8346811162551537,0.3523134876120044,0.0697800290026756,0.9269571997003085,0.894201786674898,0.16634813799216142,0.01968161555007799
0.9774872554506577,0.9047150005686687,0.06680499336712133,0.007035932587605079,0.8738676345594161,0.8820673368676861,0.20518611744163634,0.027433444427952664,0.7058744901269861,0.835529726151484,0.33890721906640814,0.06671236388660252,0.9342566350622762,0.8957813633292796,0.1574928852455299,0.018323325822077696
1.1729439531630554,0.9370740259290835,0.051974066765259355,0.0034901391855228963,0.8364221654791701,0.8727986040336578,0.19685495428260083,0.0286895795569715,0.7321796215418532,0.8436849844231303,0.34652964419638566,0.06420380560339396,0.9224479530300316,0.8932154825895701,0.1511627374580485,0.018071607898129508
1.121956563800025,0.9297855905376048,0.04974687167377752,0.003756723327101913,0.9395391007181441,0.8969114422324275,0.20186760404647544,0.023202112473166264,0.7063456220139962,0.835678747818184,0.33560075491274677,0.06598987520551773,0.9222688501331001,0.8931761408774279,0.15523340578349032,0.018565914058387614
0.8596391976908736,0.8786163769017741,0.04968343062415806,0.006863922612478089,0.7919369533841212,0.8609858356432855,0.19823753929052537,0.032007292951589515,0.7114451833038833,0.8372848315313249,0.3399236641221374,0.06605964206107036,0.9062479618874497,0.8896050340365574,0.15927031881454873,0.019764548031768702
0.9263845779055124,0.894076984212651,0.04714218680912118,0.005585025323104658,0.9508349446817422,0.8992916216975237,0.18575108961459677,0.020801584882657726,0.7090550593441556,0.8365336529757211,0.3384166974977215,0.0661297260608576,0.9204217758230527,0.8927696679633745,0.16448668549616943,0.019756452906374764
1.1650811657521543,0.9359979710977048,0.0509874874167939,0.0034864420052940666,0.8721996847443592,0.8816672339513549,0.1800054256318507,0.02415938700967512,0.7081921306222007,0.8362617632814887,0.33801910629530235,0.06618340676581902,0.9190100513545719,0.8924580825185893,0.15854727586199166,0.01910507439132037
1.0477659005483502,0.9177808311516829,0.04960646978121164,0.004443983330739569,0.8972639286308663,0.8875570228028291,0.22667701639107518,0.02871729695146202,0.7078089906120942,0.8361409278296533,0.3391287277059716,0.06645927357299718,0.9172011282579053,0.8920576666559491,0.16314129179002093,0.01974070999982708
1.0327802412139844,0.9151392364943074,0.06772638838755667,0.006280260750339805,0.8453566338973391,0.8750651110992781,0.20332218673168473,0.029028736819896973,0.7175859682900979,0.8392020313175649,0.34743344389127634,0.06657108770619669,0.9378316444687591,0.8965473570709002,0.1534871155727787,0.017710885695369313
0.9910998203658666,0.907382978986154,0.06249335140995376,0.006378726706146052,0.9090109803960844,0.8902282942001233,0.1864094897730539,0.022985663119209777,0.7119353985766714,0.837438554383318,0.3483069011798843,0.06761245117949477,0.9309525834147985,0.8950689738776415,0.16348628296851908,0.01916587875289494
1.0062006170653477,0.9102639918669202,0.0636527432021676,0.006275040134200584,0.8121372225619594,0.8664600202718712,0.1927462280110581,0.02970630701829,0.7109168476698567,0.8371190237003945,0.3462504756534217,0.06737108334885585,0.9258812682019009,0.8939671811170282,0.16083504110104024,0.019076531156091085
0.9772416628213262,0.9046662402271096,0.05929901532418627,0.006248932291610353,0.8499948122237077,0.8762280234399397,0.206167061558004,0.029122219362986253,0.6995289100892641,0.833511996674138,0.3469540814947613,0.06930157274797324,0.9160294984886392,0.8917976206760758,0.1631629444779777,0.01979666507366377
0.9528438307745536,0.8997097744755309,0.05850757503616337,0.006521811879488705,0.8358476544963089,0.8726516660381642,0.1957538079237463,0.028566863819731787,0.7074686848853664,0.8360335414247694,0.34919306932937916,0.06848523187165152,0.9254795183511568,0.8938794625416677,0.16334507792696587,0.01939217555294796
0.9534461548471913,0.899834848233328,0.07107564351599546,0.00791178807274589,0.8314576195107781,0.871524070910319,0.1460475465776007,0.021529633964357257,0.7014599882403857,0.8341281177477782,0.33776477265789123,0.06716675461142907,0.9226061379350026,0.893250218849599,0.15656269857242677,0.018710360721150652
1.000945443459072,0.9092706633165012,0.052268527837271206,0.005215486489799908,0.8092087950529927,0.8656778832720166,0.18249091390201264,0.028316035690194592,0.7145408544948392,0.8382536157903034,0.34660382351145175,0.06687941948616359,0.9146468585993859,0.8914900325424763,0.15793866007476948,0.019223904070045327
1.2471879767448901,0.9464324661120646,0.05237228255958942,0.00296424110673645,0.9425168555207606,0.8975436832302199,0.18475884128160183,0.021090572773280664,0.6991203507953234,0.8333814091068048,0.3362284728120426,0.06722241910598445,0.9151250260020479,0.8915964945322334,0.15844733180331425,0.01926459592969233
0.9830645194958141,0.9058163266566154,0.047628427623401234,0.004952240467666006,0.8644093843062405,0.8797829280208721,0.19160955376084807,0.026182298817930653,0.7050617407801154,0.8352723938528032,0.3469951479501618,0.0684323826421056,0.9199203202450343,0.8926590814449065,0.15506182231490098,0.018645952061750747
0.8626777624978386,0.8793605824205016,0.05953176955327454,0.008167159354147219,0.8335575569191004,0.8720645051675237,0.21791871476073443,0.03196958303080593,0.7108005901878933,0.8370825202961386,0.33811171750759,0.06580511184870172,0.9122665189117746,0.8909586925045754,0.1548381704496169,0.018950100266224113
0.9005847071355197,0.888317869222154,0.05391419405122256,0.006778262916272581,0.8131316844352692,0.8667247478541137,0.1974089648547244,0.030355345952692517,0.7097926681419099,0.8367657690878505,0.3457409689873303,0.06744630726109808,0.9281817319336507,0.8944682374849916,0.16660247231335304,0.019656206677636266
0.9036390317734934,0.8890136889799289,0.056138043186921845,0.007008389632729893,0.8897562855379322,0.8858201962494127,0.1590600413985409,0.02050240487668013,0.7110925635936841,0.8371741838131245,0.344186748412643,0.06694244676267433,0.943768761940374,0.8978084626256664,0.1638102874698464,0.018645430301824594
1.0636528738085993,0.920499361309614,0.058119662014966864,0.005019612663375966,0.8518971163314878,0.8767022864956587,0.20488519629200885,0.028814657635568897,0.7161575287828241,0.838757697841099,0.341874868971552,0.0657218301127162,0.9340049813362931,0.8957272547584357,0.15585776918940106,0.018143600492526918
0.9624533033988689,0.9016887235208588,0.05303966182554906,0.005782923443614603,0.8803537699416255,0.8836120876385489,0.19329131608619676,0.02546001019179398,0.710066132832816,0.8368517575125314,0.3344998135727987,0.0652123344509685,0.9216343679898131,0.8930366679466635,0.15446504377670064,0.018501027293883948
1.2070935210163583,0.941554390526361,0.0521224809788774,0.003235426650589609,0.9354302073430085,0.8960333679177233,0.2049069666616498,0.023775327991985274,0.7207738673219249,0.8401900960271789,0.34776025860190535,0.06614638020076848,0.9235828957958909,0.8934644874856247,0.15644831219126476,0.018654687852463245
1.1307192771636654,0.931091457378537,0.045650513660663694,0.0033785192006102016,0.9587266007333647,0.9009254199529388,0.18599734379094335,0.020454089004303132,0.7059905052461273,0.8355664324568203,0.33654123954929555,0.06622893703590021,0.9229149581451624,0.8933180048613504,0.15471633882118965,0.018476564466596183
0.9407589615464134,0.8971708612500372,0.062021216587513875,0.007108554859921558,0.9458122881663604,0.8982393676518987,0.21434940044034426,0.024283427466851915,0.7085335976243198,0.8363693954152246,0.33555325072329273,0.06564896036036813,0.935184160357156,0.8959805782001543,0.1591380533871936,0.018475231162868967
0.9797717689060687,0.9051675032349255,0.05329256232167419,0.0055833497401431035,0.9458770743063644,0.8982530022981817,0.20484705186936605,0.023203454330184125,0.7164928127610715,0.8388620809943521,0.34529788225665276,0.06632864143524075,0.9202348803713998,0.8927284634390578,0.16511805026656512,0.019840822480116295
0.9217063223420254,0.8930524931278209,0.046444194589476656,0.005561924812094949,0.8713410365711902,0.8814608060694596,0.16651720888735133,0.022393299374350865,0.7100090673084646,0.8368338168013171,0.3456753594952727,0.06739991609118666,0.9126334216706941,0.8910407412301804,0.15307738878292812,0.018718783602621664
0.8629533568063981,0.8794278859140324,0.05112800419722492,0.007009797680737007,0.8239827380058374,0.8695845414520493,0.1978076197492828,0.02966608788928648,0.709769351578554,0.8367584357241651,0.3420916915039684,0.06673799804425615,0.9169105407576601,0.8919932213521495,0.16306218813837448,0.01974434473100396
0.9946362634490912,0.9080650398073998,0.051696091590093037,0.005233852107615836,0.8949067132934243,0.8870142013578121,0.18576361404595565,0.02366213557743803,0.7018754668996068,0.8342604394594545,0.3472875153434055,0.06899437807638173,0.9201989208910873,0.8927205339153654,0.1601266476236363,0.019242641577475704
1.1383834443482417,0.9322151393861896,0.04444091990483743,0.0032314660361367083,0.9190712342790122,0.8924716028554235,0.1756655715418602,0.02116486091092145,0.709809685255522,0.8367711210249321,0.3384977908689249,0.06603073833546569,0.9293943234498392,0.8947315066412164,0.16068426418941884,0.01890510200225652
0.9154817516958657,0.8916758582609912,0.05370023863759627,0.00652370725046023,0.93694372518735,0.8963575746012358,0.19963300430270817,0.023082806841654927,0.7096645983359863,0.8367254861894032,0.3444629750153668,0.06721681806003302,0.9241248992005339,0.8935832217688938,0.16372211375058757,0.019497657796254203
0.8571484209151955,0.8780033877794489,0.06796495215418888,0.009443578496334553,0.8440153190753215,0.8747270668575076,0.196564661742291,0.02815076000458316,0.713254763760764,0.8378517026184619,0.3400863118590871,0.06581644013896486,0.9195908653295323,0.8925863718077708,0.15305924583096583,0.01841911263979177
1.1830776809926193,0.9384359801518117,0.05303538583014984,0.0034792693534357786,0.8909686357211499,0.8861022363506561,0.19671700920588409,0.0252856008045002,0.6918352843733199,0.8310391132437819,0.3351247609528113,0.06813515258450001,0.9172948794694944,0.8920784512024739,0.15401713380709178,0.01863262989865065
1.127423972719066,0.9306030328619199,0.047999378412163014,0.003579411595160144,0.8244213515221317,0.869699033802558,0.21461919746611546,0.032154903831597414,0.7148569235285723,0.8383522666186569,0.34973228303270876,0.06743398102868756,0.9194953285019283,0.8925652790362179,0.15564833668122371,0.01873480406708218
1.1798993467990049,0.9380118094567607,0.04698422984067842,0.00310493680626265,0.969217202148302,0.9030607279640417,0.1783744743467725,0.019147651046631912,0.7104052231267141,0.8369583306495305,0.33932729886803153,0.06610184430650734,0.923086088480049,0.8933555516325627,0.16318931166145795,0.019480747715503
0.8486542698571976,0.8758928728446057,0.055552888407278116,0.007871407108292181,0.8182799033358562,0.8680881201115149,0.22201951895313668,0.03373737232261995,0.7122588150361046,0.8375399079815508,0.3494116651921147,0.06777641368306112,0.9239683221821948,0.8935489331142548,0.1589818504369932,0.018939967322778868
0.9268420108107003,0.8941766917699604,0.05660655451476047,0.0066992272571975405,0.8531125027992505,0.8770044759931809,0.17825259801954155,0.024999041965164233,0.70611190874645,0.8356048365594224,0.3409295501905857,0.06707377300025745,0.9170971040387451,0.8920346004763946,0.16127108517059743,0.019519082704583617
0.8085387716541761,0.8654983873843606,0.053863578593135966,0.008370596973520057,0.873058972234559,0.8818735038787302,0.19230051130471557,0.02575855324243691,0.7044669882717527,0.8350838788719677,0.34219399886176777,0.06757801029736465,0.9224059281222595,0.8932062525510359,0.15144112347570235,0.018106641156687905
1.03328144439308,0.9152288174206726,0.05483179493632205,0.0050786819768184055,0.9693092139350877,0.9030792734738755,0.18778479818088673,0.020153534252028985,0.7069118745636541,0.8358577131268637,0.34871206061314186,0.06847863480874211,0.9264525532332843,0.8940918061667503,0.15803771244708484,0.018720100740625346
0.8945533899054574,0.8869326409767017,0.04449134370132948,0.005671815986124394,0.8664098652996287,0.880269259009393,0.2063449427803986,0.02806622251760116,0.7107771278485027,0.8370751526142477,0.33715098300340834,0.06562167360987287,0.938386796318047,0.8966658581095803,0.16830688666681715,0.019396130175660414
1.050145291056664,0.9181933078950183,0.05313059074449775,0.004733684988790915,0.9336368104234296,0.895648048873009,0.1681062657049738,0.019586060445349836,0.7239466081292192,0.8411685752513581,0.34543591692167813,0.06522602063162966,0.9195760062743541,0.8925830914413655,0.15683600332023784,0.018874252480121492
1.0194236678025779,0.9127201537610097,0.054548906422690176,0.005216297838345002,0.8998586684056713,0.8881519069046077,0.1849170635126919,0.02328725612578748,0.695812297344952,0.8323210386647855,0.339538973029538,0.06840334400503859,0.9296222048269265,0.8947809178762453,0.16373938573433655,0.019254442657724545
1.0119762780934514,0.9113443855192698,0.053302044921220246,0.005185224839979387,0.9132025012010822,0.8911678945831327,0.201650516236301,0.0246261679463449,0.7233292704327099,0.8409785687105865,0.34637217161229067,0.06549584084295998,0.9153669924399798,0.8916503323867228,0.1547313973815829,0.0188023206706563
0.9936936301529831,0.9078836801158883,0.05421237522798127,0.00550053339161331,0.8261555159731643,0.870150870363271,0.2158589615733628,0.03221176837171661,0.7187650060501396,0.8395680392289039,0.3391777400429458,0.06481303163347665,0.9227384874248202,0.8932792741947033,0.162342883839609,0.019395222628787567
0.9838431350829463,0.9059691672007091,0.06547513794619984,0.006795685738128061,0.9623889187077311,0.9016755808345743,0.20698504241533935,0.02257096066922661,0.7211230531438261,0.8402980241794492,0.3439564375648925,0.06537028660629175,0.9227285803965717,0.8932770994964078,0.15286297873112167,0.018263068065890623
0.8982590033051252,0.8877854849718682,0.04395201199473645,0.005555456575927543,0.9585887746832705,0.9008970895117645,0.19677618809268743,0.021646304757554802,0.712067735758459,0.8374800329191575,0.33867011530438684,0.06572175314876692,0.9202105323299746,0.8927230944419966,0.15886910653255634,0.019091010688180157
0.8417714935809517,0.8741598158872773,0.06791169173076879,0.00977626703434331,0.8617279376351792,0.8791283751835336,0.18812891143615157,0.025865900637655426,0.7138391672533135,0.8380344329231577,0.3371225400501659,0.06515513113602253,0.9103831290812496,0.8905366649569163,0.15399890983029993,0.01892929839541117
0.9360753981810671,0.8961716820374213,0.03972310776761282,0.004602224714778771,0.8858267916025087,0.8849018574386048,0.19471863739399795,0.02532682387062335,0.7102368795265476,0.8369054287249249,0.3356076547245979,0.06540259470814395,0.9224503692851126,0.8932160132565321,0.15561189932176756,0.01860340471698317
0.8535298214465478,0.8771080897118645,0.04293860063636077,0.00601614181786328,0.9055231253081194,0.8894410186153741,0.20046264418251944,0.02491783635185832,0.7045662104667525,0.835115340738325,0.3384053177078411,0.06681453780176688,0.9072991016765134,0.8898425064237836,0.15818110629565124,0.019581930594292724
0.8757388315331653,0.8825147987395657,0.04998714135181944,0.006654561907109002,0.8828462205351506,0.8842010065504812,0.2041247812322909,0.02673311162245661,0.7037127099520553,0.8348445510239272,0.34868102131804557,0.06897879438104755,0.9244968142696072,0.8936646281023946,0.15931751302364852,0.018956873154019675
0.8822126988529824,0.8840515632838626,0.07076162989336642,0.009280793911098227,0.8497026091857465,0.8761550357172859,0.1884946323569078,0.026643813092523443,0.7072841067788856,0.8359752725521259,0.33614527701354047,0.0659542683322588,0.9336974665869943,0.8956611017001368,0.15930301559044074,0.018557801729919648
1.3041365036788142,0.9527043037256511,0.056660312394457506,0.002812823365380411,0.996055121604592,0.9083374186255267,0.19563073896181316,0.019741582986386064,0.7112584694598904,0.837226250576493,0.3443773757686894,0.06695394062465082,0.9183588672379872,0.8923140897617521,0.15836871250053833,0.019112192841685707
0.9218397663751875,0.8930818365018529,0.05569623130426876,0.00666785340540074,0.9441261456567042,0.8978839382832055,0.19511524298768013,0.022190396047081163,0.704288710508407,0.8350273375689362,0.3373096331317907,0.06664077418519597,0.9305808364258963,0.8949885526987124,0.1634609264899759,0.019179316222718495
1.021572287651183,0.9131134684138101,0.05623768276908282,0.005351248633686391,0.8847550443331194,0.8846502728759236,0.20949846154540755,0.027316546564346008,0.6927453889344086,0.8313331578989817,0.3316989369651246,0.06729746274954979,0.9115185491827104,0.8907912596248942,0.15380256762766464,0.01885580319248664
0.9672313910607176,0.9026597036422083,0.051713538746309795,0.005576643298648036,0.8767310446910364,0.8827514704085501,0.19596424976524554,0.026028300045575475,0.7105687537931584,0.8370097068804805,0.33198898399165916,0.06464797405387637,0.9198862148829292,0.8926515565111625,0.1569961335882418,0.01888003269756536
0.9032382620713,0.8889226045095611,0.046352841199311115,0.005792127287439245,0.8414049001683132,0.8740669304372645,0.20214756788276295,0.02912484483926482,0.7094032280616509,0.836643250320598,0.33881714257301326,0.06615491982416737,0.9252713522467096,0.8938339861398065,0.15602751924493846,0.018532322587405864
0.7574417016555601,0.8512037965320982,0.04467520900386632,0.007809529886958934,0.8264108917801133,0.8702172958144172,0.17910343695246836,0.026711177183475012,0.7074269283042945,0.8360203608796872,0.34405736276143756,0.06748448341968828,0.9200367191669062,0.8926847599582203,0.15509357660326265,0.018644772655126596
0.9565866105337661,0.9004847266012697,0.06661570358541155,0.00736190160600739,0.8936240556690442,0.8867178702509809,0.20855998294173422,0.026644460251344097,0.7105695179707793,0.8370099469306305,0.3470404362560736,0.06757881352547711,0.9211478652864076,0.8929296155557424,0.1604452388837724,0.01923884381284007
1.0421269065302767,0.916795719333198,0.0646826134041406,0.005870304808856095,0.9650462809310167,0.9022167221634096,0.1977362218103882,0.021430877349822443,0.703577764656454,0.8348017043468784,0.3429515208910115,0.06786642438298097,0.9040239327216941,0.8891011053563305,0.1560878686682405,0.01946907050088157
0.7590671024304333,0.8516771990626795,0.055367327981188215,0.009642429286146394,0.8008047662696158,0.8634117914013939,0.19147007480737213,0.030289781514023728,0.6948946059636992,0.8320259267779659,0.34060465178895977,0.06876318258605409,0.9385317974695112,0.8966967898312386,0.1626016989844686,0.018732393908928283
1.0404566142018172,0.9165018714169558,0.06012143017764785,0.005477377694612397,0.9457200358846346,0.8982199497891972,0.1815651000674612,0.020573696905454665,0.7141119415569652,0.8381196666526647,0.3385810658871149,0.06539593090543303,0.9134772145909204,0.8912292290535007,0.15798290982684957,0.019281148259115442
0.7394578625392862,0.8458824333323254,0.057053855395344535,0.010395063209789262,0.8071113963299972,0.8651153252243228,0.17343813042233647,0.02704164997846073,0.6998608859101115,0.8336180455860803,0.34333744317042,0.06852677328741172,0.935127090141747,0.8959683303227601,0.16353394898242088,0.018988070432606943
1.055702073811324,0.9191492653280982,0.06048160516782172,0.005320117630958192,0.9584929398874084,0.9008773862138622,0.16588241743682985,0.01825187206286295,0.6890794133213524,0.8301462313286617,0.3329046611814905,0.06811463953697627,0.9217319188004749,0.8930581221525958,0.15911427044263635,0.019053607432000665
1.0903913675034134,0.9248898473441461,0.0454201125782383,0.0036885598854759028,0.8714031805016788,0.881475756568079,0.1972174985642811,0.026518091546698198,0.7066905999834021,0.8357877974828775,0.346123335515775,0.0680049115801823,0.919511485804772,0.8925688465270032,0.15672463917088073,0.01886365273589857
1.1109552710864798,0.9281137335932099,0.0449704683851472,0.0034831496978900774,0.9404227552436294,0.8970994204304963,0.19225081269172656,0.022051870281215333,0.7115483874541779,0.8373172042598316,0.3440295774003022,0.0668416857841395,0.9205155715149993,0.8927903416922981,0.15289135112861132,0.018359774683080768
1.2146942126491804,0.9425100691876781,0.05870849835205791,0.003581020106516277,0.9054860987035458,0.8894326345398996,0.17896336808829735,0.022247337634092135,0.7121612480898311,0.8375093374114386,0.342679904087076,0.06648556879735289,0.932099771563472,0.8953168059618415,0.1580497705453925,0.018479665172726468
0.9686115943950644,0.9029385851502865,0.056945239309406474,0.006121330494926809,0.7191542860198004,0.8396887350793789,0.18914495293533423,0.03611107948893504,0.711464639745772,0.8372909349591217,0.3350821599641921,0.06511584287284036,0.9203828612619968,0.8927610896839896,0.15939188933401327,0.019146233771725113
1.0340875066529214,0.9153727063921873,0.04966299710438718,0.00459140305150877,0.7672108699970465,0.854030387900649,0.20656859834032493,0.03530639963030402,0.7075434942918871,0.8360571530280431,0.3479468386025152,0.06822906198312856,0.9106226078049302,0.8905904064314218,0.15214581207763012,0.018691209047799893
0.8238288564484673,0.8695443531167942,0.05977069786817844,0.008967253972847708,0.8414077927669192,0.8740676635778429,0.20233513249171362,0.02915167444894151,0.7200166850011079,0.8399558593198136,0.33688259585952074,0.06418918918918919,0.9257310041349935,0.8939343797526114,0.1625536577855862,0.019287047155834115
0.9026877974059422,0.8887973916724293,0.047788380881941754,0.005979082130094624,0.8715711399750179,0.8815161558535373,0.20415760943095004,0.027440652353908912,0.7018373844476882,0.8342483144760362,0.3441065581902967,0.06836842344202296,0.9354029518515617,0.8960275213813153,0.15974257907981493,0.01853607338116743
1.0937121944782033,0.9254193154277373,0.05518878955226565,0.004447732651463036,0.9471671847257219,0.8985241769220218,0.1911527945170981,0.02158805255939324,0.7071049445120118,0.8359186974709298,0.3488941555287726,0.06848394186796118,0.9207038501247764,0.8928318300374343,0.15304410785918585,0.01837015259876519
1.0795779763452442,0.9231417622926321,0.05584037845607125,0.004649115939016126,0.9523985148447116,0.899617214557391,0.18002467207641554,0.02008785263220417,0.6890883637114295,0.8301491372542218,0.33980239703935083,0.06952453205109167,0.9362804268884295,0.8962156014143533,0.1600742425785715,0.018537067385182765
1.028134076619744,0.9143047230626431,0.04074502079427575,0.0038189191772824266,0.9250235409627428,0.8937798263790121,0.18246044112359194,0.021684288639215024,0.7149165052339778,0.8383708576987091,0.34168195047818917,0.0658727102552373,0.9159284416276038,0.8917751650996943,0.16827872244673658,0.020422117218297328
0.9012607182265772,0.8884722023237199,0.04764976958525346,0.005981361991659951,0.8424002493466256,0.8743189900542185,0.2017376643812521,0.028999248205699574,0.7213611252600526,0.8403715748834388,0.345264695964932,0.06558296509835525,0.9351655028873856,0.8959765742482282,0.16412498595032032,0.019055010790141217
1.1590776881394027,0.9351648546678327,0.05881154103706292,0.0040774145770277855,0.8942567132701567,0.8868641171335824,0.1831354658675822,0.02336230795090429,0.720693961698867,0.8401653900826451,0.34501053725440134,0.06563543951032048,0.9238806272699629,0.893529724636117,0.15988183941717002,0.01905103210233163
0.9403039978739819,0.8970741750562128,0.06460739068883589,0.007412730372822622,0.9555948146056175,0.9002798929563708,0.19207220628058233,0.02127500693979612,0.6928084072946976,0.8313535033219884,0.3425737509619203,0.06949373849116658,0.9340698786273702,0.89574121082951,0.16285899538502613,0.01895578930508426
0.9067056979019655,0.8897085003402948,0.05650814681047039,0.007004955277300167,0.9489541873804069,0.8988987366181822,0.20505415326258095,0.023062924790094193,0.7040291821004724,0.8349449995879518,0.3377670797166879,0.06677103942095249,0.9357941942011495,0.8961114183653885,0.1643700117517344,0.019055852915367405
0.9366939605281651,0.8963041348372038,0.043584058833071974,0.005042358405300098,0.8505298598474553,0.8763615741757547,0.18596450909353088,0.026236156217971728,0.7140971129858227,0.8381150341025174,0.3383126948935633,0.06534632699218564,0.9242003001752045,0.8935997302867613,0.15974062257791236,0.0190201997050696
0.9419265567866757,0.8974186237726521,0.06492383678407931,0.007421259544706942,0.7770584476543478,0.8568344653137261,0.1987467155459643,0.03320790765327184,0.7036179397613055,0.8348144613348562,0.33577504085815674,0.06644012958972619,0.922076247020452,0.8931338194708581,0.1547892080289664,0.018520999976226034
0.8656808019008064,0.8800922157414816,0.047275722854244535,0.0064410604653471915,0.8148231439907629,0.8671739973629264,0.20635698708042002,0.031607928505092246,0.7040095018098388,0.8349387544743575,0.3369734187527942,0.06661716432528866,0.9209145946959533,0.8928782521367311,0.16202011124500454,0.019438123242482508
0.9030425908543194,0.8888781098003188,0.04646461079377411,0.005808710240323706,0.9595128598301073,0.9010868993865259,0.1906920693217032,0.02093243598575312,0.7061256962362078,0.8356091975610196,0.33770493250580474,0.06643725919277833,0.9226031580295273,0.8932495645758838,0.15682137213182779,0.018741402652492224
0.8243249838579787,0.8696738860446197,0.05829614641108562,0.008736045018995631,0.8273722720904986,0.8704670998733329,0.20244891691207023,0.03012611888368796,0.716488026687309,0.8388605913417062,0.34426433126772776,0.06613083429500062,0.9177716007844345,0.8921840854058821,0.1675353652147206,0.020245797838085482
1.0240322233270593,0.9135618011441835,0.06403608588112646,0.006058882845592365,0.8747587489935241,0.8822806141158797,0.22339041025885623,0.02980614272526716,0.7148778489504062,0.8383587961046167,0.3454164707699366,0.0665986143879854,0.916489741748242,0.8918998383326752,0.16063986118019546,0.019469893610765066
1.163897842792712,0.9358345517048141,0.05031493396545886,0.003449840880479358,0.8888872531981329,0.885617651135125,0.20119878090077886,0.025985919678411074,0.7081663111836902,0.836253622548445,0.338771870414268,0.06633473992468163,0.934739674960245,0.8958851531883323,0.15358618354216053,0.01784894181466493
0.8082628352432312,0.8654244065362523,0.044787851759756026,0.00696461953812836,0.9812508717152911,0.9054594481388502,0.17679545567162633,0.018459512438789953,0.7046002683727347,0.8351261388777373,0.3349595253861643,0.06612901656306865,0.9292598286925986,0.8947023347039461,0.158263172831331,0.01862601890605251
1.0847949218543098,0.923989738560798,0.06217913057299531,0.005115048115444693,1.0037125880007876,0.9097949344504477,0.18046570770086626,0.017892956287381533,0.7147399902486671,0.8383157753009366,0.34195569986716773,0.06595228652902439,0.9190288433522892,0.8924622353745432,0.15920573108842997,0.01918358868106758
0.9993913564273936,0.9089750200551566,0.052979594048941765,0.005305389454484945,0.8817013676221436,0.8839308216985642,0.1672176905774911,0.021957396966311316,0.6970723339692723,0.8327255674828239,0.34509227392211594,0.06932069404434917,0.893559650649284,0.8867029729641628,0.15739410856074362,0.02011077566738774
1.0086653831078913,0.9107264946047152,0.050813737100321436,0.004980990956180573,0.873995947271458,0.8820980675494179,0.19570969379123668,0.026158714032105963,0.707013534194241,0.8358898262767491,0.3318536062707946,0.06515278839840362,0.9230970740992919,0.8933579615296827,0.1554119438335307,0.01855185402351339
0.9215705712149974,0.8930226351671442,0.06836195508586526,0.008189245739038993,0.8754004139191658,0.8824339816405947,0.1984583793887436,0.02644046122455162,0.7112441393542136,0.8372217538433168,0.3446831837094151,0.06701560711526935,0.9138662656983371,0.8913160394544499,0.16036044536705038,0.01955379186041228
0.9428930115324923,0.897623304388287,0.05740352377616333,0.006547048246120258,0.9122358912784625,0.8909518409405338,0.19356203456448656,0.023691048789774977,0.7102165775140431,0.836899047889992,0.34034054981098255,0.06632803305938458,0.9234317372736609,0.8934313530562209,0.1643610028159275,0.01960500895843738
0.89585519415161,0.8872328927045903,0.04320054554753651,0.005490779923779624,0.884352667576956,0.8845556945697236,0.2192555549241348,0.02861527590103758,0.70482620892343,0.8351977594910206,0.3461226345399784,0.06829734037818899,0.921551354651203,0.8930184079618881,0.15922714098994148,0.01907505252624964
1.0417650721895164,0.9167321431384792,0.039353031649309235,0.003574482067600622,0.9166579806197006,0.8919371821345801,0.20246852885062086,0.024530112876674424,0.7062811133540412,0.8356583497773685,0.3462751058810794,0.06809890949653523,0.9217159295885713,0.8930546059283675,0.16321698066401757,0.019545618151926836
1.0305304588133606,0.9147360701041659,0.06310427185733612,0.005882044436226127,0.8802610950244635,0.8835901402439063,0.20840189720259414,0.027456209073995676,0.7057996499560675,0.8355060437962447,0.3427750752420464,0.0674853624737568,0.9214888606814383,0.893004659698916,0.16587466487181277,0.019874270556742346
0.8503717225821392,0.876322115162316,0.0582581861898304,0.00822214699112507,0.8017521269457054,0.8636688415795509,0.18693243435992293,0.029507508081493636,0.7045460607708143,0.8351089519624809,0.3434724432802266,0.06781813440197487,0.9163550363705543,0.8918699297493745,0.1563475658212,0.018955536801774878
0.9501092061684226,0.8991401777971223,0.055033817209026635,0.006173343329454161,0.862441471362482,0.8793028514335636,0.15558395254547464,0.021356168019151904,0.7103637150973785,0.8369452880475889,0.3356636894901839,0.06539441345130485,0.9236953485633412,0.8934891316039304,0.16057821680425685,0.019142174999500015
1.0280883769451075,0.9142964779692329,0.049768056973047745,0.00466511451153332,0.8186098646910566,0.8681750972330953,0.2091091990925046,0.031751428860247115,0.715823586527261,0.8386536781180856,0.34926632106141814,0.06719440661959748,0.9174327718165355,0.8921090154005572,0.16285126582991447,0.019695108008482617
1.0720753362646729,0.9219070548026898,0.0537220256473823,0.004550687819248129,0.8603008785865207,0.8787787720835674,0.19925852471208672,0.027486284154482312,0.6996937877088981,0.8335646732100045,0.3388496991278087,0.06765709034890949,0.950511147958348,0.8992240781951313,0.1670437898627482,0.01872057511959136
0.8224382535706338,0.8691807000483054,0.04768933467462662,0.007177662109789149,0.8360252952034155,0.8726971152307869,0.22187882489991392,0.03236611418326104,0.7053093824394641,0.8353508362537662,0.33363232365437323,0.0657595356398468,0.9275176337645549,0.8943238072737387,0.1546832102931392,0.018277868272661594
0.9570069828368676,0.9005714322756315,0.053181416702806655,0.005871552108810943,0.8876898970812974,0.8853380712048621,0.19864582883948623,0.02572702408566574,0.708957700660304,0.8365029956038887,0.33488716375616745,0.06545469457083768,0.9191226536637547,0.8924829644676406,0.16601766053535627,0.020000075539174347
1.0677828092752248,0.9211924943979344,0.062252530691850654,0.005325669380803181,0.9312240838861455,0.8951276740582405,0.17094444469584183,0.02002769218473409,0.7059422625308973,0.8355511696262168,0.3483191318946363,0.06855435779296312,0.9184976353304313,0.8923447889929871,0.16128098032915963,0.019457431906278588
0.9742678861633418,0.9040740482796318,0.057267293809194285,0.006076293940247891,0.8279704277165767,0.8706223173867811,0.20088201909747203,0.02985180782811152,0.7036474711021761,0.83482383805502,0.35085952327119,0.06942018997780593,0.9267764474714709,0.894162405880803,0.1591996510292126,0.0188436775453001
1.014632916223455,0.9118373823025334,0.07686158011165166,0.007431498460718375,0.9005720914598777,0.8883149872937218,0.2129126182721702,0.02676882504200248,0.706978213025491,0.8358786692836907,0.33368082525925624,0.06551685440543156,0.9358392456498,0.8961210752364325,0.15808838559339355,0.018325706165003654
0.9555078956220279,0.9002619238944045,0.04877502073386681,0.005403679308086576,0.9058824809671737,0.8895223599717199,0.20613274157756709,0.02560144617699431,0.7037789720513973,0.8348655867359159,0.3361710712124269,0.06649383263965188,0.9312041342065809,0.8951233617938504,0.16399928272028333,0.01921488609732468
0.9161699054975432,0.891828813348546,0.06826219725506748,0.008279619104020178,0.7955729399552021,0.8619848688642716,0.19665922617368323,0.03148773240668745,0.7138613160423559,0.8380413551009129,0.3496798481507479,0.06757861531570133,0.8919515103674318,0.8863304456518054,0.1539482385441611,0.01974345770683243
0.9001262128983536,0.8882130889077285,0.06108843319375539,0.00768834341159536,0.8694982853010111,0.8810167372928212,0.20849922045454025,0.028158281757295633,0.7092617997212936,0.8365987383174807,0.346301337246705,0.06763825097591933,0.9167106763405038,0.8919488766152799,0.15829466131554307,0.019175892732611836
1.1700153762046082,0.9366752247613336,0.06029685437103192,0.004076423342591461,0.9003713920441497,0.8882691307183322,0.2028189449683905,0.0255115665336509,0.7113179666251657,0.8372449194925566,0.3443091647253376,0.06693150895234677,0.9199299685517129,0.8926612101423304,0.1636056000396527,0.019672891487459362
0.9990876041065628,0.9089171342523248,0.061664322915473795,0.0061794007768943395,0.9559533361450872,0.9003539809302409,0.2009220790523611,0.022236904311903585,0.6986928925626729,0.8332446931724745,0.34973730137281217,0.06999210613320066,0.920869750215245,0.8928683754290176,0.1583177210493287,0.018995895835419878
1.0857588531308284,0.9241454757930656,0.057732620852941244,0.004738734972717438,0.8195052754648502,0.8684108805602309,0.16151113382525537,0.024473562406395942,0.7173730760163718,0.8391358714108236,0.3416943495299755,0.0655035324476965,0.916020761861859,0.8917956794951498,0.15287498501846403,0.018548793469684032
1.002210162241895,0.9095106200612009,0.04940737689913967,0.004915657718988323,0.8569342590721546,0.8779505575253701,0.19738925498810178,0.027440324873971304,0.7040161183727959,0.8349408541183291,0.331781987918726,0.0655898573829118,0.9283631865762249,0.8945076705295316,0.155798096284093,0.018373798957301048
1.047678908846203,0.9177657149761699,0.048631071299353006,0.0043574752390364005,0.8435403431014256,0.8746071735002634,0.2047875986273633,0.02936049074604455,0.6947488104805276,0.8319790036151313,0.34050963744682383,0.06876708223869077,0.9196323506301158,0.8925955298634839,0.15936788596418291,0.019176460979339314
0.9047083806328282,0.8892564041674694,0.06623414241166593,0.008248472615070918,0.9276589849136694,0.8943545633723019,0.1828980181126132,0.021604788272102937,0.7086854059269816,0.8364172278861092,0.3379165516336201,0.06608822058710766,0.9144410902319581,0.8914441908143383,0.15528329810682007,0.01890965721993803
1.0080914270513261,0.9106189866423428,0.05654407964959234,0.005550034880221159,0.9118035556006768,0.8908550848410489,0.1956668419306722,0.023972519465108703,0.711475156902144,0.8372942340829106,0.33289178839240785,0.06468862580574392,0.9329575515460851,0.8955017780477742,0.15567731263864099,0.018166354068557603
1.0465391102426649,0.9175674231829536,0.05562748428086517,0.004997471308663885,0.8136368876719725,0.8668590636974194,0.17782065787952103,0.027311485656086106,0.7097003193406426,0.8367367226290172,0.3318715803937663,0.06475446865907034,0.9354698788774753,0.8960418772823758,0.16722710606929797,0.019401566439273356
0.8925345818335166,0.8864656379769288,0.053969967656097406,0.006912220376894378,0.7964550607434658,0.8622263319487711,0.2126342809529356,0.033976467378477225,0.7025255326124883,0.8344673027667227,0.34086307150600736,0.06761676991600751,0.9232127222816102,0.8933833281704596,0.15753541254154982,0.01880032999369894
0.9247979036827082,0.8937304916269274,0.06766422456935754,0.008045651286151286,0.9063101582785105,0.8896190978515228,0.19930896111078103,0.02472957582274785,0.706299441176588,0.8356641453560818,0.3455080187019255,0.06794518570078625,0.9291126476759389,0.8946704029413179,0.16339047810567595,0.01923597021374258
0.9029707026698273,0.8888617588502838,0.054978280945377433,0.006874172935066475,0.8851388549435474,0.8847404244297655,0.18666301832153323,0.024317528251594837,0.7140657643815164,0.8381052402254753,0.34573086613993687,0.06678399422166284,0.9265076082500457,0.8941038095194562,0.16002097798451734,0.01895262248646376
0.8633775920325125,0.8795314260075261,0.06720146381193587,0.0092045199025799,0.8365583801159593,0.872833421294781,0.1999330573809816,0.029129043706298444,0.711723723179964,0.837372191079345,0.3349228486315813,0.0650460686546219,0.9210872119129702,0.8929162624874198,0.15810284617701859,0.01896061746355551
0.9366334179538491,0.8962911774509589,0.057868998053392025,0.006695955289081725,0.8366924643839662,0.8728676860691938,0.19608724983134698,0.028559913720315057,0.7102307233143139,0.8369034938752145,0.33901870061078515,0.06606826950208443,0.9206399039180319,0.8928177406836124,0.15842708624359175,0.019019081125671498
1.0053428482722457,0.9101025292626139,0.042437938478143554,0.004191904988534591,0.9238644668002084,0.893526184553391,0.20016414822809858,0.023851836628737074,0.7204617539665947,0.8400935764386537,0.33768438568087783,0.06427605676459136,0.9284714533391698,0.894531192466403,0.15744288541104515,0.018563146281313548
0.8016510913138437,0.863641446701562,0.07095903618800461,0.011203574764738445,0.851707230365709,0.8766550163165294,0.18904312644175317,0.026598286569332965,0.7091248304270046,0.8365556204155685,0.3440698889850058,0.06722361091890396,0.9199793968645187,0.8926721148850746,0.16407376369665513,0.019726940907832825
1.0656109522826986,0.9208286801408786,0.05346652321294325,0.00459696282526675,0.8819481968921992,0.88398911957942,0.20569553297709992,0.026994585510970098,0.7130700686761212,0.8377939179038049,0.3548341353837012,0.06869977647795437,0.9147836368727332,0.8915204950313215,0.15854712589864906,0.01929188821518674
1.1383017904809465,0.9322032577404727,0.06189989831454102,0.004501820195408738,0.8976471634508287,0.8876450588881603,0.1901383102216383,0.02406702818220556,0.7104093117002984,0.8369596153106467,0.3312358832686926,0.06452500794915998,0.9315221981877561,0.8951920949288821,0.1613289299630153,0.01888817749014196
0.9830526312357138,0.9058139912926193,0.06209300275531908,0.006456394087967492,0.8861468067995437,0.8849768859857203,0.20088965839920256,0.026110234570255214,0.7266198543131634,0.841989232246993,0.34939434967462824,0.06556861694456402,0.9002431669015437,0.8882398247273021,0.15595015562241052,0.019621971725390704
0.9815260339083055,0.9055136706992677,0.050585661249665514,0.005278389052967228,0.8712646243096646,0.8814424206786361,0.2156051907868256,0.028999772315390235,0.7196937530227996,0.8398558748009132,0.33742363017780086,0.06434010131694726,0.9221408604814756,0.8931480188747959,0.1651994216468673,0.019763673109798603
0.9296695582712935,0.8947911828960368,0.053643515692543685,0.006307360800141171,0.9031713277431562,0.8889073857145473,0.17364251725147326,0.021701249761882018,0.7110851057672329,0.8371718429847813,0.33749350446008164,0.06564177450105851,0.9147334357316629,0.8915093153877293,0.15184927170531465,0.01847903455503372
1.2193244214226753,0.9430850400763683,0.054624039019437194,0.003296547882263525,0.88120789473025,0.883814193483072,0.21235177328111401,0.027915666240585918,0.7049270419812911,0.8352297143760365,0.34210454743255003,0.06748881538036343,0.9384238864426478,0.8966737709742749,0.15783199158688715,0.01818742226905272
0.9085527859878759,0.8901251520746479,0.05929212282324625,0.007318873040708255,0.8180257020077152,0.8680210799900294,0.20016929059606456,0.030434890812022688,0.7072198803658674,0.8359549932179879,0.3403908502249724,0.06679715987907196,0.9291389203870297,0.8946761035824619,0.16770546130564812,0.019742779050970258
1.0567454358214947,0.9193276195565953,0.058575677086880516,0.005140103708579969,0.8727252608464655,0.8817934342591004,0.21106495039614975,0.02829377262892077,0.7216248068427443,0.8404530054234503,0.34604871847261004,0.06569199307170569,0.9120651834331455,0.8909136457680773,0.16388567277350224,0.020066692926556842
0.9206931770796726,0.8928294785443517,0.052910385165715,0.006351082378993373,0.912232885525195,0.8909511685172248,0.20112539976585944,0.024616938167862094,0.7117628446766895,0.8373844578796898,0.33764235701502177,0.06556832338135608,0.9278481321509019,0.8943957069040818,0.16171622342930705,0.019094375482311025
1.1085309374928072,0.9277404033291038,0.054682647352311334,0.004259107427461231,0.8290065125952857,0.8708907999931704,0.1991411689520243,0.029522595728445372,0.709943987327217,0.836813354503316,0.33615499321680437,0.06555345396294522,0.9277098854904748,0.894365636716238,0.1627383928871747,0.01922118405351214
1.0496870860571634,0.9181140230671428,0.05474277017430163,0.0048824711344222045,0.8857052629290417,0.8848733535150742,0.20370190559847173,0.026502682198511325,0.7109441884180988,0.8371276073986562,0.34005866506493126,0.0661621572558751,0.9335811905942425,0.8956360785656126,0.17174773570462434,0.020012890977234403
0.9299302733942906,0.8948476834644582,0.04569788856053793,0.005369895828885445,0.8749249326823705,0.8823203511344054,0.18688504635609324,0.024925829496213508,0.7149661652969194,0.8383863516430877,0.34288180943171237,0.06609647219193905,0.9284772274375902,0.8945324468117343,0.15594491818651085,0.018386285496849137
0.9777787128882137,0.9047728380271101,0.05969174771085708,0.006282544622030703,0.8441315193268919,0.8747563831485463,0.18880964568048683,0.027032901247718,0.7114876078261967,0.8372981397400627,0.34137291702212363,0.06633480477945836,0.9182122347238213,0.8922816423448088,0.15774099982938064,0.019042867890744452
0.8198436576965201,0.8684998915864716,0.055855920772637915,0.008457179682224569,0.8679674443778378,0.8806467396111971,0.22697477307476654,0.03076168680808641,0.7016956092788649,0.834203168760584,0.34991859739826925,0.06954588140269269,0.9351603324045915,0.8959754646221869,0.16314747719488662,0.01894174693769865
1.1774580107585955,0.9376841444803378,0.054653854465815443,0.003632141716944448,0.9172247420272093,0.8920629021356327,0.17369547926557838,0.021016663622265935,0.7132778190993825,0.8378589146721969,0.34522761856595735,0.06680788349828204,0.9334782116406782,0.8956139125888255,0.16179153958065515,0.018857216882927526
0.9084718810573895,0.8901069311001335,0.04649379067642713,0.0057401477998892175,0.8391006396377075,0.873481744970804,0.20442153467859278,0.029609154406301085,0.7079752740298553,0.836193379425727,0.3427614288775844,0.06714546265148137,0.9148388471390022,0.89153278902373,0.15344078865741,0.01866817979167511
0.9558963692014573,0.9003422120631777,0.05084332850650711,0.005627786393234362,0.8286986719171678,0.8708110782546964,0.2207567188510332,0.03275029818586524,0.7058860643269911,0.8355333884362396,0.32976330337058185,0.0649106952206144,0.9371409767883248,0.8963997614322516,0.1630283325592197,0.018841787864212735
0.8731650856893709,0.8818989545497545,0.05482963327323885,0.007342606517238752,0.8348018601696561,0.8723838196206886,0.19220606916656702,0.028116757602661666,0.7097330910666164,0.8367470307927455,0.3372902428072772,0.06580678699362197,0.9171650977881453,0.8920496778021944,0.1568826984302479,0.01898497164926031
1.0800001797237953,0.9232107096403815,0.05850009749638357,0.004865824156725416,0.8428925376981441,0.8744434961289094,0.2085470318019599,0.029944114538747936,0.6978400960727773,0.8329716712902914,0.343491096086087,0.06887718476314258,0.9122186586262939,0.8909479857387368,0.15523918356981875,0.019001272724721192
1.00446099988387,0.909936261115068,0.0601845075833806,0.005956946664885525,0.9264526752090708,0.8940918327618085,0.2025627069650012,0.02399422996539703,0.7274766145701885,0.842251518287641,0.34956274355549866,0.06547093221178914,0.9355267779407668,0.8960540807992701,0.15736429499259041,0.018254898496516004
0.9091205945902996,0.8902529563831213,0.057140926597445886,0.007044118998578201,0.8581656324271378,0.8782540485554978,0.19298407621793284,0.026751974569811383,0.6942818332869967,0.8318286401608989,0.34204148742088786,0.0691507592835866,0.9246176598117356,0.8936910674706052,0.15952611545305073,0.018976413283813665
1.1391151338421759,0.93232152309628,0.05711734815891186,0.004146225344382026,0.9534583920318764,0.8998373878710666,0.20939687196084372,0.023308364322189207,0.7105351611177926,0.8369991541744984,0.3409321256044149,0.06639460095681293,0.9215048635753075,0.8930081803785976,0.16237607075098903,0.01945436968478443
0.9092298171553713,0.8902775256212885,0.05919298559541916,0.0072952541858903545,0.9193410094321994,0.8925312005327997,0.20497226447168293,0.024680507721965908,0.7014179689889604,0.8341147307382158,0.3377851838597119,0.06717731279918557,0.9149351183663871,0.8915542233727257,0.14757537800841014,0.017950592414495203
1.0400933823920748,0.9164378447419412,0.055030716018790976,0.005017781906659734,0.8710994895546991,0.8814026795282085,0.20945474297077882,0.0281832264110415,0.7162684888552429,0.8387922488187094,0.33792558575907955,0.06494602665148816,0.918513654551834,0.8923483323797288,0.1541928431788442,0.01860161116572802
1.0032467678014958,0.9097068702619449,0.059724082386157964,0.005927925242366116,0.8615295502078268,0.8790798260251668,0.19694309708245855,0.027090137729621374,0.7096440596412912,0.8367190252325533,0.33486796858032286,0.06534758584339952,0.9202786943363287,0.8927381242797663,0.1647745782958083,0.01979755300948727
1.0446589926994423,0.9172393863128826,0.05746232576807998,0.005184706866516032,0.945769039867775,0.8982302648766312,0.18626851784280815,0.021104274108698275,0.7271053595919851,0.8421379068593271,0.3526919287747209,0.06611350190592821,0.9341183613635023,0.8957516358965328,0.16437778223746624,0.019130431032995842
1.1557748334397255,0.9347022165713502,0.05451557861662155,0.0038084283773857403,0.9201423573283477,0.8927080598853022,0.1906512522173861,0.02291380984991679,0.7035103195000401,0.8347802863956728,0.34132756906861894,0.06755555219238671,0.9194804722262875,0.8925619987169247,0.1571949248624488,0.018921608317789187
0.9832122020454178,0.9058453335158302,0.056758184326477126,0.005899514760168601,0.8919549490029568,0.8863312433531624,0.1912577196434979,0.024528106567403785,0.7029482625289536,0.8346017123973947,0.3485122344230911,0.06906686857442033,0.9157311170274286,0.8917313063211998,0.15175632336586486,0.018425347155414953
0.932791119599156,0.8954659111710956,0.059743079754297206,0.006974233556004971,0.9430224585294884,0.8976506918273572,0.1813871350667078,0.02068159469437115,0.7166767556796024,0.8389193243049234,0.3506603206209694,0.06733019463090514,0.9324409164847788,0.8953904052203647,0.15921576930787407,0.018601379926251844
1.0398345936636255,0.9163922009766455,0.05280176315122552,0.004817412453883306,0.9325279617541364,0.8954091772141323,0.1835673038630028,0.02144210248922144,0.7075357068027162,0.8360546952412794,0.34000624524818074,0.06667318276466878,0.9203856127461872,0.8927616962377166,0.15312850729517397,0.018393756642099898
1.19873552377094,0.9404863002076943,0.0530228630901181,0.003355271369053376,0.75719651628843,0.8511322774806818,0.15493711352076237,0.027099354393919663,0.7107617912054113,0.8370703364316646,0.3555823461815456,0.06921152203429941,0.9099825500822099,0.8904467191785392,0.16091985162809494,0.019798262282805613
0.8892400763173574,0.8856999212191567,0.05062176083032285,0.006532767038035233,0.9575315782267474,0.9006795406577937,0.19434675746421082,0.021431162085592075,0.7022767717536326,0.8343881667747588,0.3469058013514655,0.06885489033283053,0.9214589325909707,0.892998075164864,0.15994851560164403,0.01916554975859157
1.0030045061815522,0.9096610396407977,0.05037381922370954,0.005002652922004093,0.9195449271223033,0.8925762299526109,0.20203474056498186,0.024315383699147815,0.7113039834003592,0.8372405320158945,0.3572100102968169,0.0694415869887711,0.9328313085750697,0.8954745730823686,0.16715539239826296,0.019511429221123755
0.9937884668582074,0.9079019409349178,0.04403604877186782,0.004467040368487376,0.8771114163887942,0.8828420904271784,0.19979457501325323,0.026513818276626255,0.704223328118826,0.8350065974587374,0.3390859692525181,0.06700180332855343,0.9240690443245858,0.8935709912783543,0.15813748012016257,0.01883500630078651
0.9945567879757886,0.9080497613716924,0.05507583181250168,0.005577046647930473,0.8767235171938481,0.8827496764391687,0.20465149730745372,0.027182625966287833,0.7148480650715298,0.8383495023965772,0.34183201028471766,0.06591202642971655,0.9236853303275744,0.8934869363029138,0.15777691872016397,0.018808672304833116
1.1174370263464575,0.9291031550709614,0.04834227217293141,0.0036888418202604537,0.9303161615329607,0.8949312616064641,0.1927819814755206,0.0226334249876121,0.707171565409534,0.8359397365595459,0.33875406328063723,0.06648335810913661,0.927035041753503,0.8942187422745072,0.17092527190544626,0.020219538446756852
0.9372227632619914,0.8964172489126082,0.06013379168534949,0.006948576216756705,0.9224585169894504,0.8932178026686636,0.20387153461871182,0.02437238753510732,0.7071312606718758,0.8359270084559384,0.3527815898292956,0.06924280495719094,0.9384233384001749,0.8966736540579463,0.1598027093495659,0.018414536831773187
1.05190052520413,0.9184963756316512,0.0463922881290853,0.004116662542800865,0.9213810910494983,0.8929809474343693,0.21571510527480767,0.02585231662213252,0.7144351595668705,0.8382206156639158,0.34552090815049713,0.06668669172680487,0.9145804173458614,0.8914752324086525,0.15559033847849557,0.01894096965230949
0.9952907083540375,0.9081907641494932,0.053619018605648265,0.00542036025861673,0.9514832182210164,0.8994267297644214,0.20477496079161447,0.02289779343623606,0.7065443420986743,0.8357415715654283,0.34257861422333546,0.0673311304620356,0.9292018659178671,0.8946897603683619,0.16011237856683477,0.018846167355176524
1.0052439870427312,0.9100839032439544,0.06488845274035306,0.006410965378197323,0.8683179815528597,0.8807315506447716,0.22517758287390083,0.030493492732566765,0.7028238352676306,0.8345621590590827,0.3364227187955031,0.06669011725112393,0.9036147112345524,0.8890081634210741,0.1546714461277052,0.019310585187395167
0.8862259654861528,0.8849954384174892,0.056822170027807026,0.007384002751358916,0.8552321112914215,0.8775299645079699,0.20113297877127148,0.028070566299746712,0.7070234236933619,0.8358929499903441,0.34894666270709035,0.06850710659569084,0.9267973658338969,0.8941669640610221,0.15276990362031262,0.01808174910288828
0.9149008838562397,0.8915466016417344,0.05716023651277831,0.006953334676345015,0.8993718812317963,0.8880405134699102,0.20179620899714645,0.025441406783075455,0.716501047675324,0.8388646440633274,0.3461101519800342,0.06648341055650506,0.9152870600142432,0.891632549914205,0.1594068395488009,0.019374026587299007
0.9919221717976615,0.9075419872023154,0.05343466743553241,0.005443784679124842,0.8986781002018054,0.8878815852595434,0.2025232912259204,0.02557389491711608,0.7152725167505963,0.8384819068148393,0.34064206296289623,0.06561841826430305,0.9300403357553086,0.8948715274592611,0.1609144396590561,0.018904042347995694
0.9892955070817588,0.9070332399449083,0.0422238563426569,0.00432775222377393,0.8524539914199488,0.8768408251153318,0.20746066762898202,0.029139478813440423,0.7129383490152402,0.8377526972265057,0.3401308204192427,0.06587302957765023,0.9150582033788375,0.8915816222692908,0.1604229648391753,0.01950780182564231
1.00338135885001,0.9097323229059744,0.055729829408202286,0.005529760918525347,0.9986292949272202,0.9088297319984886,0.1764528428563976,0.017701063693714065,0.7066563894617103,0.8357769859238091,0.344785507068865,0.06774739689446123,0.9173866499350927,0.8920987932123388,0.15511128954334202,0.01876103348133692
0.9967886908444211,0.9084779575241827,0.062394483959271094,0.0062857558225622775,0.9021454616522102,0.8886739071506872,0.20198375883356814,0.025302940155017054,0.7221771737481654,0.8406234791003641,0.3442394254887812,0.0652654646877179,0.896510967682988,0.887383878364368,0.152930396637231,0.019408092224109757
0.8998326560611647,0.888145956847701,0.07386320902002703,0.009302410831680596,0.8354952001104577,0.8725614499199605,0.2106633056566619,0.030767605227592625,0.7013230850570414,0.8340844982650143,0.3458087278379604,0.06878802891423895,0.9162096430056235,0.8918376399565789,0.15446135332313787,0.018733123342657667
0.9284732836937815,0.8945315900877838,0.06105994153691748,0.00719918112964528,0.9278168069911505,0.8943888939946224,0.17922602799837078,0.021163343115005756,0.7185493091932043,0.8395011309998018,0.34528323540729505,0.06601250042581908,0.9299511017751056,0.8948521961070393,0.1610300123992142,0.018921507080492513
0.9703522077765344,0.9032892735993805,0.04957027185959199,0.00530724446700727,0.8733215500608136,0.8819364729199397,0.18995567014972634,0.025429083721281904,0.7200487854394775,0.8399657953289482,0.3426561722531325,0.06528445361359242,0.9325472151640575,0.8954133289608773,0.1592007056588411,0.018595068102526435
0.9703552059736443,0.9032898766810928,0.058279876079956855,0.006239695747961035,0.8469139457474141,0.875456610602334,0.18843427973167204,0.02680686123364086,0.7201573474843248,0.8399993947050196,0.3473958063038568,0.06617092778391102,0.9092990372804511,0.8902930939522774,0.1574520125725142,0.019402119670091016
1.058350316874972,0.9196012603085398,0.050630494218503935,0.004426514078240516,0.9146392420166349,0.891488335999129,0.1894762618308932,0.023062987623827986,0.7014245459717346,0.8341168261713586,0.34422535590966175,0.06845707071116874,0.903449940537039,0.8889707216354632,0.15346856065796952,0.019167676872586394
1.0720401321156827,0.9219012186945245,0.058574562858469785,0.004962138981902438,0.8370856317826583,0.8729681131759551,0.2229621986680424,0.03244483774349517,0.7062621032371328,0.8356523382717437,0.3347784608134047,0.06584084638051468,0.9290818465019427,0.8946637193696658,0.16138146561092287,0.01900079659215828
1.0263672702640403,0.9139854336593705,0.0571954846026031,0.005382629332546396,0.9143872876088727,0.8914322016910213,0.15309018845719413,0.018644900500537506,0.7234418931635817,0.841013245902858,0.3399601847822901,0.06426672417362128,0.9132889314198562,0.8911871948829346,0.16086610498501858,0.019641543586109908
1.1098890811705464,0.9279497675718226,0.07012283081061066,0.0054446549101971825,0.9058204902035091,0.8895083318966985,0.20771969041274516,0.025802226093449312,0.7096158302333001,0.8367101446349261,0.34245193651053274,0.06683189816790491,0.9200360317870993,0.8926846083327189,0.16452558956290222,0.01977868546004151
0.9348318664836279,0.895904951820477,0.047448112792489526,0.005512988377980686,0.9187122407113714,0.8923922503164297,0.19362349708159135,0.023347792183790777,0.7093269494981993,0.8366192442395634,0.3393656889001198,0.0662736640513926,0.9299200535654423,0.8948454691907182,0.16164396542582593,0.018995006319780346
0.9922242669753967,0.9076003381140868,0.046855645117857204,0.004770211716020899,0.8576619277895732,0.8781299813934877,0.18376478825197926,0.02550353437192934,0.7026018440074302,0.8344915729285928,0.33813484013428363,0.06706378751347303,0.9240976770463418,0.8935772611136342,0.15977595461644795,0.019028902634871028
0.9027001739818064,0.8888002082980824,0.05672993427916881,0.007097609582232871,0.9026067567700216,0.8887789471343787,0.17547170234678788,0.021958381829426863,0.709105896861472,0.8365496594133925,0.3478985713740792,0.06797461374924449,0.9217943960684792,0.8930718606960726,0.15380110529468916,0.018414717488949385
0.9648053928849718,0.9021677777317262,0.06606210298673741,0.007163858544313883,0.826951281077241,0.8703577604141326,0.20529328419087822,0.030579012843844414,0.7105581338475594,0.8370063708209246,0.33334086589849565,0.0649128123519571,0.9138154741339685,0.8913047095999821,0.15594895632543393,0.019018094387698605
0.8296362991883655,0.8710537657648123,0.04841602449421203,0.0071672545146345195,0.9263058230425,0.89405980950485,0.19416691171353984,0.02300749837550527,0.7000577214950792,0.8336808987236835,0.35269016572650974,0.07036158736805884,0.9082426564112014,0.8900552919714659,0.1497666630003165,0.018500032733365906
0.9301763178423519,0.8949009801339115,0.05514961450066231,0.006476884659512722,0.8723848288851181,0.8817117037040613,0.19883161434216037,0.026674765472092868,0.7197405756013187,0.8398703748969328,0.3384967224065122,0.06453776068029965,0.9177452547009871,0.8921782498876843,0.15815775470694124,0.019113720726192888
0.9433989079832547,0.8977303013362116,0.04949811822709299,0.005638840114870458,0.8916821740024171,0.8862679493153598,0.1781237657249479,0.022858077139332772,0.7001157981727693,0.8336994400182823,0.34946043737033017,0.06970793506214595,0.9208005281950137,0.8928531281521902,0.15674328440875104,0.018809983498973136
0.8774086011011402,0.8829128496446157,0.06211760086205322,0.008237701914496458,0.852308624028643,0.8768046737255211,0.20516227421328512,0.02882629856833084,0.7124496020850573,0.8375996737328884,0.34617966138841705,0.06711999982756169,0.9253130794106139,0.8938431033191557,0.15863286029989224,0.01883996430526756
0.7556567003758006,0.8506824741599938,0.039309674962195736,0.006899899298766991,0.9499614894183617,0.8991093281646118,0.20123813193970247,0.02258129205681863,0.6982365213665226,0.8330986308489688,0.3375002535308395,0.06761414833405134,0.9308200856090716,0.8950403164540297,0.15689389790707475,0.01839865039807527
1.0850927261394852,0.9240378845086562,0.05235017983143755,0.004303536113633254,0.9288861538551523,0.894621247123069,0.19478252654734887,0.022943720368574776,0.7086289233172496,0.8363994323949946,0.3508838619560352,0.06863323521761303,0.931585851255775,0.8952058454815318,0.15539055699385718,0.01819025436721309
1.0555539962120082,0.9191239235469856,0.05002790545721844,0.0044020839876825835,0.9273092399089657,0.8942784491874511,0.19554011806504012,0.023116742382295385,0.7120976775793494,0.8374894164217674,0.3436954085313562,0.06669235493414413,0.9285302623982674,0.8945439673291437,0.16167922790364223,0.019060046864898064
1.1898748623544688,0.939334023729361,0.052708166736121276,0.0034041057937913045,0.8499967598756353,0.8762285098088051,0.2119927466858887,0.029944994796805104,0.7044768217881487,0.8350869971472429,0.3399146271413608,0.06712634978984498,0.9250996032930623,0.8937964525758735,0.1648349420523275,0.019586177070803994
1.0407597445635308,0.9165552699062831,0.062194775856784464,0.005662316780022716,0.9174115271104223,0.8921043069519842,0.18797379982064003,0.022734520221981813,0.7067491238443218,0.8358062914660763,0.3329920196160788,0.06541610798006804,0.9148210800525504,0.891528832856381,0.15546196546752789,0.018914857511310876
0.8522805720597053,0.8767976964367711,0.05499118873943207,0.007727028886950208,0.9087119618647985,0.8901609930814521,0.2029802137009525,0.025046194194432856,0.7081950341879946,0.8362626787401392,0.34666845122576906,0.06787647591128547,0.9201871102539754,0.8927179294068571,0.16122376140444802,0.019375010160013438
0.9821463524390588,0.9056358064718251,0.045262134775835364,0.00471616163469144,0.9315011851154177,0.8951875552636572,0.21185613131492054,0.02480503546428375,0.7122043180598024,0.8375228330608708,0.34220135983976235,0.06638613930832507,0.9325931825373995,0.8954232406368379,0.16216793158107487,0.018939643274519347
1.046359104298385,0.91753606762287,0.06182263309007987,0.0055563346384023835,0.9137950284474242,0.8913001485764183,0.21025424127073641,0.025641872520508677,0.7064868869162741,0.8357234095577442,0.3421258159732712,0.06725103294654126,0.9356771703042438,0.8960863303430737,0.16654694210030457,0.01931343369243939
0.9312639444446049,0.8951362897311351,0.050682269855915965,0.005937342640343109,0.8878394296170533,0.8853730191905244,0.19308281283270637,0.024997938045875225,0.7055040976195301,0.8354124927214158,0.3374063986088438,0.06647360264624681,0.9100239907016718,0.8904560272363757,0.15567109092199588,0.019150670243614453
1.072258172757038,0.9219373588315265,0.0529797881622191,0.004485925375375538,0.8954235600528181,0.8871334166278734,0.1933347498044818,0.02459723898180027,0.7010303996571062,0.8339912133246141,0.34031020718150873,0.06773990383213079,0.91886285168977,0.892425547887853,0.16144606635413888,0.019460975960193288
1.039155479324527,0.916272314679723,0.05434770347676404,0.004966217293352132,0.8766422850237869,0.8827303154985788,0.2020972032026567,0.02684837581997976,0.7085593859299809,0.8363775217084858,0.336858752371649,0.06590046057747542,0.9247823794319723,0.8937270965650334,0.16208655475266043,0.019273678561990984
0.9678801249493891,0.9027908746248968,0.053150818695507085,0.005723080221106213,0.838342906479037,0.8732888050974283,0.18630333950723735,0.027031972270236355,0.7082470514895213,0.8362790784593443,0.33926535767956767,0.06641902020130389,0.9393542993773625,0.8968720913764092,0.16712093759728378,0.01921660061377491
0.9774406087320584,0.9047057409736512,0.05775989244740796,0.006083951834210421,0.8228949575712075,0.8693002264336894,0.19868807492589968,0.02987286280791292,0.7115040827039509,0.8373033075314918,0.3470714024695591,0.06743956308817028,0.9338949537544775,0.8957035897101941,0.16940886677283576,0.019726097872832544
0.8943409451185589,0.8868835759708947,0.05194565449858733,0.006625341634384301,0.9066486583448812,0.889695611796731,0.19157126937493668,0.023750990097671613,0.6978967410713046,0.8329898172007859,0.32843233264669797,0.06584899692630429,0.9256355096248416,0.8939135294679548,0.16495232949492902,0.0195759543460219
1.0600728530378583,0.9198940191970882,0.05765611904423044,0.005020795731837431,0.9429028290629955,0.8976253817363602,0.20988164704659795,0.023937105538811766,0.7123856647407342,0.8375796467621061,0.3392340379389101,0.06578301238019968,0.9338960992281605,0.8957038361064062,0.15890561357613875,0.01850304224350805
0.91263823790486,0.8910418179013936,0.05136460965026567,0.006280956044104349,0.8337998196167437,0.8721267282843643,0.20970011442554976,0.030746723888956367,0.7144590548985471,0.8382280767523242,0.3387313492018535,0.06537268715332605,0.9111240995248723,0.890702871328691,0.15403265093409768,0.01890117008785781
1.0910059793984772,0.9249880999710142,0.0597532767925983,0.004845691339500642,0.8170618330407877,0.8677666178240863,0.21801895777586286,0.03322250887855007,0.7126257164463036,0.8376548274007625,0.34857136378067033,0.06755632077202905,0.922819720786774,0.8932971043118485,0.15944940813642342,0.019045974157752135
1.017928914399976,0.9124455833231566,0.060589213698193166,0.00581388453099139,0.8521579317254224,0.8767671884567922,0.17857094032673335,0.02509879398556233,0.7048092740599275,0.835192392195623,0.3467520335391556,0.06842420223519707,0.9262617443820822,0.8940501958446451,0.1674975506391123,0.019849369497592823
0.9881727468577203,0.9068150118782635,0.04453740825542775,0.004576697347189611,0.8838326687647093,0.884433369435526,0.1856498366471488,0.024258386021605252,0.7048410164565326,0.8352024524404004,0.34292107478031075,0.0676632976413943,0.9322771197093157,0.8953550730955445,0.16343656388861236,0.019101703665462055
1.0264609021494395,0.9140023814064252,0.05943237534633795,0.0055919359195540745,0.8497828722920548,0.876175087859423,0.17657019600991808,0.024953675709940382,0.7086759682798638,0.8364142545559816,0.3369350239776731,0.06589768976719033,0.9251062720238062,0.89379791016089,0.1654224258999187,0.019655681823718144
1.0464714397480162,0.917555636810551,0.05160747394995929,0.004637043417236348,0.854102426113345,0.8772501363765052,0.199494621228189,0.027914430028507874,0.7096458394136954,0.8367195851123375,0.33857641003185984,0.06607099640646653,0.9358434440119429,0.8961219751236023,0.15926045023410257,0.018461394174562613
0.8546966550880076,0.8773973980707658,0.039325615284974094,0.005495141388619687,0.9148682665478992,0.8915393395155131,0.21409038572251007,0.02604527204762564,0.7056763100395309,0.8354670082500155,0.3544905008635579,0.06981171258479855,0.9289767128878027,0.8946409035234519,0.16591555123776627,0.01953936210715769
1.0790005876224467,0.923047380737533,0.056288583252748665,0.004692666927250741,0.8954750316064668,0.8871452829834231,0.1918083200043997,0.024400145151790224,0.7088370859753153,0.8364650087118589,0.3426444909875021,0.06698948941673316,0.920298245822761,0.8927424350736697,0.1558270736994551,0.018721673595834102
0.8711500492036284,0.8814148483827007,0.05330344411476918,0.007171421055218754,0.8899779767873437,0.8858718157235208,0.2165220790783756,0.027894861651965686,0.7078986065349477,0.8361691974983916,0.35356580335937343,0.06927422042666606,0.9357749422841456,0.8961072914351891,0.16093400794986928,0.0186583349403669
1.0176511201170926,0.9123944694724869,0.052277234767296045,0.005019511888260546,0.8667384984423687,0.8803489892881968,0.20468876457456933,0.02781989626920549,0.7113004596259453,0.8372394263561916,0.3323001805423385,0.06459964295088297,0.9276395661491832,0.8943503385795363,0.1532141872481968,0.01809920152017024
1.047823123344672,0.9177907731325687,0.04827021466354324,0.004323705515877571,1.0407518404657914,0.9165538779395498,0.18546921011753917,0.016885735490766447,0.7101880837251149,0.8368900920760786,0.34943328915824795,0.06810456015647696,0.9143567431118127,0.8914253947815887,0.16004078402032815,0.019492786547896816
1.0233681449044703,0.9134409771082744,0.04706112394703011,0.004459581962194428,0.8712914003083185,0.8814488634752807,0.2066922585923242,0.027799232811272872,0.7087188018847689,0.8364277489314006,0.33274073341544325,0.06507095305782906,0.9200267046315715,0.8926825508858373,0.1611684482123111,0.019375517895661467
1.056587925449775,0.9193007174633389,0.05192072725946459,0.0045577745769436444,0.8798158938018585,0.8834846570103667,0.20979374863228537,0.027667928791982196,0.7172114714806518,0.8390856353547724,0.3406065358523598,0.0653192975798244,0.9216260658653795,0.8930348418977576,0.1602824786636516,0.019198176674544168
0.9100077700974083,0.8904523839776306,0.06156410463209398,0.007573904024908574,0.7799716104067218,0.8576553382636404,0.1985509584106245,0.032953411179844495,0.6985087664162121,0.833185775615593,0.33425634683800665,0.06692230577526422,0.9196679076997503,0.892603378690469,0.15282818506868834,0.018388044577340213
0.9823037279800242,0.9056667699617927,0.052500034020239776,0.005468344374006258,0.9233023718565122,0.8934029885375042,0.20109136929197077,0.023993359404937055,0.7039611757729225,0.834923418449855,0.3435273091804751,0.06792037762447607,0.9107052691573323,0.8906089511106451,0.16320416226293563,0.02004591854908611
0.9268290272329841,0.8941738628551608,0.05556030333834099,0.006575602939363196,0.8775514945790932,0.882946859160753,0.1811101715498862,0.024009955070228454,0.7089070750097948,0.8364870522149309,0.3542950442143519,0.06925609537138988,0.9401100378833648,0.8970329313608697,0.16006899777803765,0.018373723979345717
1.014752513829636,0.9118595178766534,0.04249867763541125,0.004107928757614324,0.8228370204279114,0.8692850685423186,0.20886441801451142,0.03140707125051268,0.6989253450660314,0.8333190506535891,0.3330238516630548,0.06661161977115446,0.9109463255545295,0.8906630152174763,0.15849404433771294,0.019456585282865733
0.909819389755783,0.890410064679754,0.05471592436598262,0.0067343293277038,0.8594227133786378,0.8785632048434464,0.16635899274128507,0.02299447872685937,0.6982651700458152,0.8331078029128675,0.3404830181915942,0.06820721013316011,0.9316554006252225,0.8952208679522696,0.16038399498162917,0.018771787376853956
0.9139180097167297,0.8913275807023874,0.057850870332715125,0.0070532923850224515,0.8605985017349395,0.8788517561229118,0.17211807029696333,0.023726187961413257,0.7005203465676466,0.8338285483842134,0.34281500681518556,0.06831868185437351,0.9264194390506777,0.8940845858798537,0.1637610886421022,0.01939953310259285
0.8322062267044195,0.8717169533516512,0.06778706203695599,0.009975635793254313,0.8585066483641866,0.8783379821957618,0.20726416597651928,0.028708967575531475,0.709662786504956,0.8367249162411999,0.3339684933689741,0.06516924818323529,0.9200923981817992,0.892697041273742,0.1557241834378093,0.01871818193131382
0.8743018989560093,0.8821713144792291,0.055412004365549807,0.0074011969436098505,0.8864456006456076,0.8850469007055882,0.20593831307804877,0.026748014520938394,0.7061726509563969,0.8356240487051858,0.34112468933555345,0.06710277834459787,0.9209187943353893,0.892879177039201,0.15924396207260527,0.019104874105499263
1.1202770282961447,0.9295326981043787,0.05190954842158191,0.003935230925548605,1.005145839535151,0.910065408254341,0.16723440493932298,0.016526458205785206,0.71534424799182,0.8385042741697547,0.3434673105060269,0.06615172315496572,0.9186492326867575,0.8923783176058351,0.1561091507028026,0.01882691354585416
0.9691124355795911,0.9030396077971116,0.05636893751763489,0.006052397084888388,0.8810145047268607,0.8837684596098514,0.1930678657643576,0.02539191707241547,0.7112189933974135,0.8372138628949312,0.34389933670430267,0.06686707788319848,0.9010970019102186,0.8884348430673796,0.15282225377218636,0.019190646177299504
1.2483328429980156,0.9465659567072225,0.049606236935766344,0.0028002927775241933,0.8880477752510177,0.8854216972142094,0.1951663747810858,0.025255572631243468,0.7122017584491505,0.837522031051477,0.3442449579119824,0.06678298541244089,0.9019148190625121,0.888621355757487,0.1633873792441105,0.02047876147544747
0.8998407103650059,0.8881477992166331,0.050009489895520766,0.0062981313580929826,0.8396198614830153,0.8736138081485306,0.2075711290264271,0.030029429813567966,0.709314371512001,0.836615285473967,0.34236605690322114,0.06686153294324065,0.9425446951015224,0.8975495779293894,0.1636894002386031,0.018684258290910034
0.8950491585248624,0.887047068572983,0.056792232903822425,0.007231689744595384,0.8603669146595925,0.8787949689183198,0.20015768677589618,0.02760611918018911,0.6948761551570105,0.8320199891048253,0.33695437308145865,0.06802913391816241,0.8960800894727878,0.8872846926253483,0.15473753331530765,0.01965692497007251
1.1027454784559423,0.9268422493296216,0.05347968499858218,0.004221272243347243,0.8884435904531615,0.885514126190911,0.17302303565089056,0.022369709121187676,0.701553705005291,0.8341579720687105,0.3449921964136995,0.06858917302177975,0.9191823299657049,0.8924961492020557,0.16074271386180397,0.019361944298925883
0.8953389648140789,0.887113911505663,0.043102256841780914,0.005484803154409626,0.8207537338832211,0.8687390325234015,0.20160455310635772,0.03046117153451944,0.7162831494453217,0.8387968134163426,0.34946949151390333,0.06716238634284015,0.9261547517341643,0.894026857295962,0.15647224884393784,0.0185473801157531
1.0589313204590254,0.9197001155070821,0.051190978919616055,0.004469532649844396,0.8810969615033126,0.8837879613285836,0.19216133855302053,0.02526789443194525,0.7046131143075498,0.8351302115642584,0.33832703699053834,0.06679186818812562,0.927631244189018,0.8943485279884066,0.15923165595717725,0.018810405916984387
1.0803040024206172,0.923260289901686,0.06559453014501401,0.005452097617996235,0.8070337716538043,0.8650944668505008,0.20528127071181454,0.03201220251911496,0.6996520436878175,0.8335513377283018,0.3387319757391342,0.0676400860732658,0.9234132179237722,0.8934272929317069,0.15722416702918274,0.01875452566696806
1.1068586023814437,0.927481834375398,0.061251703771013175,0.004789162476531647,0.960565255475301,0.901302670405783,0.20378918673330304,0.02231597574397376,0.699310429868895,0.8334421741609922,0.3371240345297592,0.06737197608925527,0.9147599194211958,0.8915152133520817,0.15205361199454792,0.018502773042145926
0.8540933147194887,0.8772478772091241,0.05181730045627428,0.0072507255857217475,0.9527386226511562,0.8996879135742999,0.14202356174166153,0.0158351352563088,0.7095440433064327,0.8366875596679066,0.3525063446757831,0.06880545875977644,0.9266540977002071,0.8941357419949538,0.16441241409546278,0.019466169852689758
0.7440781028112451,0.8472642269785233,0.04031961500919347,0.007268390863519369,0.8811840582545419,0.8838085573539982,0.17361814178376048,0.02282501362486038,0.7041077432763855,0.8349699273852286,0.3409347831021724,0.06738505204426866,0.9095795877927171,0.890356172869275,0.159312646130797,0.01961871974876297
0.9021031061753733,0.8886642581769917,0.06251536759282027,0.007832198450923256,0.892555833744151,0.8864705628459663,0.18762806327350218,0.02402934661400985,0.718026692001083,0.8393389238266052,0.35226620768789446,0.06742862319387616,0.9280336019587078,0.8944360367944478,0.16787103060769154,0.019812631165733095
0.9796545518286093,0.9051443324786571,0.05963619878732929,0.006249645765241541,0.9996598851908152,0.9090261657660468,0.1797699325664419,0.01799107733248407,0.7013125158389697,0.8340811303657515,0.34774409248030824,0.06917469373874884,0.9358355836959644,0.8961202903186986,0.1536125120417068,0.017807010204659975
1.0201994906431124,0.9128623570586304,0.06215177386985952,0.005932722537814899,0.8697191792885102,0.8810700444412157,0.19855323877229383,0.026801419492383047,0.711565723412416,0.8373226416354443,0.34007732689320497,0.0660711635249828,0.9375267363885255,0.8964822211801592,0.16372665736929828,0.018905695510787874
1.039186394454658,0.916277775621524,0.05784489378039417,0.005285409408676602,0.8908975372713739,0.8860857128409105,0.21696931534278163,0.027893356742460195,0.6982741693834468,0.8331106840270533,0.34680435161758677,0.06947209071684513,0.9142029956781321,0.8913911261308474,0.15530554416737827,0.018922737464158824
0.805271361328863,0.8646201600619894,0.0498269502254201,0.0078017664376840035,0.8689540987978916,0.8808853235379174,0.20778040894394098,0.028096388400608224,0.7129775624614769,0.8377649696625128,0.3448426613233754,0.06677954038111054,0.9128704793522645,0.8910937244958921,0.1584134068035885,0.01936071779055096
0.8661865900578589,0.8802150636168465,0.041371989529983354,0.005630148061236496,0.7983703550732699,0.8627493838624065,0.18095709017006972,0.028787586041636757,0.7171903754242093,0.8390790765421788,0.331964851954509,0.06366514435349904,0.9232102066660733,0.8933827764438739,0.16402950476095426,0.019575450568357834
0.8645924919161825,0.879827513579968,0.05447210664931944,0.0074401497970328,0.8124054008310563,0.8665314535905605,0.19134129318172577,0.02947157216653575,0.6986341144060161,0.8332258868682104,0.3415574559204196,0.0683643447622361,0.9295612345648886,0.8947676997759532,0.16488450991818793,0.019391822318072346
0.7932910578481437,0.8613585997001725,0.043479337633537084,0.006998288814578327,0.785884946899031,0.8593095297484913,0.17820854862494795,0.029177198251509114,0.7158192865914008,0.8386523383770866,0.3320770434410636,0.06388804035478036,0.9347391862131016,0.8958850482183514,0.15485461483908008,0.017996372178774273
0.9920635974575899,0.9075693082624591,0.05950955167467383,0.006060704098524186,0.8743998927803156,0.882194766534516,0.2027596256745372,0.027075818114172017,0.7128426830179552,0.8377227539773995,0.3543295612377331,0.0686380131243361,0.9259578352470694,0.8939838916112225,0.162460438534575,0.019265921480450993
1.1754923553188992,0.9374191488808471,0.05071863283160354,0.00338590822898264,0.9343629370959375,0.8958042120873733,0.19012072307051386,0.022113960027817254,0.7265043544572085,0.8419538463791599,0.3362834863880889,0.06312497030378686,0.9264586289703675,0.8940931308862925,0.16104711188393198,0.01907630738928172
1.065519242687048,0.920813283861472,0.060122322237877716,0.00517030906056756,0.9540414299112652,0.8999583220367968,0.17927881034219714,0.019929092904312218,0.7174448096426146,0.8391581663167413,0.34919274502589137,0.06692993487196247,0.9132984127326248,0.8911893119245586,0.1557880944474858,0.01902110979561181
0.8761644060430949,0.8826163613057215,0.06431746640899476,0.008553906963061303,0.8422211326913298,0.8742736629182541,0.20053635960764427,0.028838455296730486,0.7089551455493421,0.836502190960191,0.3542463325155448,0.06923890917750812,0.9281749616675721,0.8944667659445182,0.1569605679746714,0.01851891762581129
0.9428643411083213,0.8976172376336025,0.06342577325641802,0.007234381871204124,0.8856366767325946,0.8848572642659531,0.18274916542063252,0.023780376462300287,0.7183957319533454,0.8394534782521648,0.3486170150292046,0.06667343770090253,0.9299459317459721,0.8948510759930138,0.15417244510297287,0.01811593811418773
1.1748470372847932,0.9373319226586961,0.05629298627621225,0.003763632852409707,0.8628012400298026,0.8793907411479405,0.19765618252319497,0.02710872944890317,0.7301615320499202,0.8430711793316912,0.34583126877986026,0.06437284833158377,0.9281355321437942,0.8944581954431167,0.16075333093920893,0.018968126987140965
1.0686709305784396,0.9213408253855427,0.05202184062673103,0.004441347797554909,0.9773296877624569,0.9046837194015338,0.19279440192631614,0.020312563294472216,0.7092435668279459,0.8365929991350705,0.3538611107970924,0.06911769868725577,0.9157738509017058,0.8917408059826274,0.1560338687979742,0.01894283715868245
0.8798702602516668,0.8834975427082183,0.05486923644824269,0.007235335206874706,0.8916390809848498,0.8862579473083553,0.19761292198930624,0.02536157724026273,0.7029761074935127,0.8346105628059968,0.3345041276091188,0.0662865435327626,0.9141691231216846,0.8913835750253432,0.15715564106579566,0.01914965047082203
1.0588636094695798,0.9196886004941842,0.06026959673765292,0.0052630158284566715,0.8592639295944622,0.878524192211234,0.16442002718622564,0.022734781575935562,0.7026185437923985,0.8344968837665246,0.34371091980063434,0.06816709494914595,0.9120749711927075,0.890915836055923,0.15498414136837335,0.018976332894253815
0.9374941307685106,0.8964752536684834,0.06399171558031637,0.007389747899522761,0.8094650662368262,0.8657464835061203,0.2190103012598468,0.033962486308280276,0.7143448965094576,0.8381924293831762,0.33808979008582873,0.06526602444309537,0.9314241249915242,0.8951709057047711,0.1600787743400049,0.018746043714123372
0.962453662123365,0.90168879674201,0.05268466614146695,0.005744213458487773,0.794674824148121,0.8617386624037144,0.14732762899648905,0.02363792636751966,0.704218686074262,0.8350051248647095,0.33670007604770513,0.06653107310513211,0.9253782362874651,0.893857338395282,0.15939735608996397,0.018927919368562498
0.9437787191563767,0.8978105661535996,0.054450003313990296,0.006197537900928822,0.8615853280665344,0.8790934776221616,0.20987386267281316,0.028865097421050617,0.7061471702976354,0.8356159896505174,0.33235894400270605,0.06538230092214235,0.924320774721265,0.893626102666843,0.1553872911900425,0.018496719948756103
0.9064883815171462,0.8896593889044603,0.05434690961627422,0.0067404124466085265,0.9071097463311458,0.8897997605430562,0.18379824487442717,0.02276311086504026,0.7064719027917871,0.8357186727000299,0.34737676862741523,0.06828555886984475,0.9042237074387802,0.8891464532215695,0.15653249899163454,0.01951555071320712
0.9542061406914711,0.8999924629552378,0.051593883279262204,0.005733133782466552,0.8504068082956054,0.8763308708168694,0.18998560128312617,0.02681105350781095,0.7005299595551424,0.833831615315395,0.3474009404731528,0.06923106782716709,0.9199440616625595,0.892664319426249,0.15163079138264135,0.018232378997127503
0.8098314520661798,0.8658445084841527,0.05801711002184649,0.008989274442516437,0.8299214774078228,0.8711275018113804,0.1959712507572837,0.028991513418787595,0.7152231483328134,0.8384665112196942,0.34091764425106935,0.06567896955422843,0.9267666373284315,0.8941602681586358,0.16305006333645425,0.01929986781428553
0.9927643654135694,0.9077045778966195,0.0486855774876914,0.004950350625074285,0.8918492699054272,0.8863067254808147,0.20172320339672073,0.025876562685712434,0.7160688897832943,0.8387300929479704,0.35310086273092733,0.06789376438427211,0.9165333986210632,0.8919095298914034,0.15732869596639415,0.019066656581918768
1.015801681371602,0.9120534866353726,0.05728622110220459,0.005523934159124837,0.9292342856447517,0.8946967936063432,0.18789040508297364,0.022114153361485644,0.7073671561335183,0.8360014921969302,0.3455001206401973,0.0677767979598602,0.915032704556816,0.8915759466951169,0.1521987792999294,0.01850880861122727
0.8160546523554727,0.8675002771506776,0.052946653348459445,0.008086933317776344,0.9335267180376563,0.8956243539944313,0.1773438312143222,0.02066756767560221,0.7022849938610698,0.8343907828822692,0.34183348323849383,0.06784683712372884,0.9151796436604431,0.8916086490870332,0.15683770920809398,0.019066494243373967
0.9031581738428099,0.888904394710138,0.05050250640252669,0.006311822228388675,0.8457357385991654,0.8751605129434643,0.20139039030337613,0.028727842094965664,0.70739136376145,0.8360091341917619,0.3318882605856222,0.0651029288784565,0.9276110856604849,0.8943441420269104,0.1603562680123303,0.018944138259582497
0.7792597014636863,0.8574550992429842,0.03897447532614861,0.00647918791587741,0.8947839457163114,0.8869858677864867,0.1966761202495746,0.025059227958834546,0.711595153280157,0.8373318718972205,0.34856040839478164,0.06771469123210344,0.9245350079590855,0.8936729849905334,0.1528803176403857,0.018189324396522415
1.1665345330139452,0.9361981535949624,0.04993359104427797,0.0034029711488165557,0.9388576013608751,0.8967662606059338,0.16984461904576845,0.019552135166423443,0.7058239947684727,0.8355137477469423,0.34901849620863157,0.06871071189811664,0.9410844934992774,0.8972399920173963,0.15699260014493382,0.017980207065703687
1.1901331417108278,0.9393679048026432,0.046489012119800346,0.003000662673344167,0.9226843573479174,0.8932673915900252,0.1883126135029819,0.022500649441480326,0.7141078410858251,0.8381183856472769,0.33888400136599356,0.06545505999975157,0.9225220962109355,0.8932317651343138,0.1605585194801083,0.019191603329244956
0.8137746902608891,0.8668956806849267,0.048372113845706166,0.00742711889183358,0.8507783191404397,0.8764235488446507,0.20272191070968898,0.028583958441052184,0.710562721061806,0.8370078118162122,0.3372147421907352,0.06566649431650529,0.9445705159838604,0.8979777156837384,0.1550616123291811,0.017617074035673776
0.9674395395970373,0.902701807506394,0.05487826830475676,0.0059150832188780865,0.9457112173941836,0.8982180934437088,0.19729085099680482,0.022356083792055545,0.7123076395526324,0.8375552043862272,0.3439066648665677,0.06670109336303763,0.9433876837568851,0.8977279284908811,0.16378650825795418,0.018659089188575385
1.0850033882146704,0.9240234442071916,0.060320655053098936,0.0049597828310868055,0.84294387193747,0.8744564731366601,0.21462121430423883,0.030812630486681744,0.6999384376226074,0.8336428115101353,0.3318245596146642,0.06621708967823552,0.9240318804648053,0.8935628528563306,0.1605624873930208,0.019125473985154844
1.0209562952182545,0.913000872468338,0.06199512020060896,0.0059074657334027125,0.8905630525605341,0.8860079494789554,0.19242479985374145,0.02475699853407532,0.7109622199769392,0.8371332682535677,0.3486438355855195,0.06782968040896759,0.9106332418877422,0.8905927922916105,0.15789830064710383,0.019397430930524463
0.8601053809587547,0.8787308109470007,0.049840799185830564,0.006878276286346819,0.8189303185780868,0.8682595216422218,0.21217147202646502,0.03219264577228361,0.7066989164958677,0.8357904256658135,0.34568578204720285,0.06791764224641726,0.9311155897999406,0.8951042204045475,0.1668189849509535,0.019549240277119587
1.074731334050429,0.9223462138625957,0.05943393642853231,0.0050038370834716555,0.8585303453464433,0.8783438128386812,0.1973782703156665,0.027338141903107176,0.7122350493786961,0.8375324619349889,0.3471692257133989,0.06734512625729154,0.9334706038076628,0.8956122748557458,0.1606836397495116,0.01872841640547194
0.9765277914596158,0.9045243803330016,0.04982563405797102,0.005259264858327574,0.9637732513301643,0.9019578164233891,0.19112545289855074,0.020775203006219763,0.7019703554939315,0.8342906477268255,0.3450701992753623,0.06853889512785073,0.9108681082469351,0.890645475216249,0.15778079710144927,0.01937251641326883
0.9541812423387185,0.8999873027393971,0.06534203931176319,0.007261250882302831,0.9083810247240454,0.890086465766786,0.21294883177307516,0.02629627526225691,0.7117261306348207,0.8373729459740402,0.34325530169362,0.06666396229017418,0.9137946441077267,0.8913000628363129,0.15854171115181892,0.019335210170619115
0.9572721726135718,0.9006260955431235,0.055515385051283506,0.006125494916562533,0.8501112676838024,0.8762571018860523,0.20107213690712303,0.028394918451784937,0.7152568058972014,0.8384770074965241,0.34046806822689407,0.0655872739982241,0.9257917163757657,0.8939476337936271,0.16885589618632063,0.02003200932750724
0.9496034495157177,0.899034519219197,0.062139458883642834,0.0069785310880997,0.872714858944461,0.8817909377055914,0.20445107473977847,0.027407822871210304,0.7090658206851854,0.8365370413411042,0.3537952171597259,0.06913311676382035,0.9325554897921594,0.8954151132317884,0.15839208818192488,0.01850026692948955
1.1265238408293894,0.9304690607485846,0.057958729874324356,0.00433106816333976,0.9089758588645245,0.8902203911516338,0.2003298669735624,0.024704145912174395,0.7122673496057819,0.8375425818906622,0.3394597624314596,0.06584471971817117,0.9262394798931077,0.8940453396145687,0.16071596753704687,0.019046691486860168
1.0659592991195876,0.9208871359518049,0.049318833678975126,0.004236951556313739,0.9574276442931491,0.9006581303103849,0.1645337672096891,0.01814794261175831,0.7081443532554301,0.8362466990731486,0.3375886012677795,0.06610638687620331,0.9214131972738,0.8929880121649088,0.1580233652346791,0.01893686612562364
0.9857014667743257,0.9063330555825628,0.05647589512263885,0.005836623189228188,0.8687393546622927,0.8808334311754751,0.17418212574006203,0.02356482569843573,0.7102755998569622,0.8369175978005099,0.3424324781505498,0.06672665418277818,0.9277415624531852,0.8943725274751124,0.1581167183535382,0.01867395163709174
1.0448652921247221,0.9172754387002221,0.05248585943108502,0.004733441573482816,0.874807274831519,0.8822922185751015,0.20627854977434532,0.02751989639974014,0.7101759167687667,0.8368862677888214,0.3450207364527177,0.06724643739435003,0.9255877279483952,0.8939030954542009,0.16216500454967375,0.019247282055370546
1.0985745743492246,0.9261883774120235,0.05277464009108542,0.00420582023227721,0.8667439900107223,0.8803503212176883,0.2089901849160025,0.02840415672168804,0.6982283998359246,0.8330960306139736,0.34056901385632443,0.06823021377333127,0.9028131938544892,0.888825926149417,0.15429168035498111,0.019298755989968323
0.9811728247076517,0.905444063378765,0.07025142327912615,0.00733638818321329,1.0107611253270574,0.9111180591347519,0.15162576157918153,0.014791488149326473,0.7174870547869003,0.8391712949948247,0.34879191522976766,0.06684660495092887,0.9246624244655579,0.8937008599004765,0.15448139976210581,0.018374425596850468
0.8902240526830776,0.8859290892073226,0.05191626438159699,0.00668466092276187,0.8330091171147561,0.8719235476104066,0.19216482904958174,0.028227004129174133,0.6999681817762291,0.833652309440076,0.3513679200466907,0.07011225348355189,0.9419943769913529,0.8974329988910725,0.16198100701717874,0.018512698047526005
1.1010064041534047,0.9265702659554502,0.06260078935166861,0.004961047728346723,0.9369984360401094,0.896369277308675,0.2059845974645753,0.023814217241612097,0.7049113646668296,0.8352247464234205,0.3440057900867382,0.06786633362586916,0.9223328645019232,0.8931902037280649,0.16092822328021983,0.019244177411732937
1.1514422109103983,0.9340906804240716,0.060947840399568645,0.0043004718648238125,0.8563500723495145,0.87780634797791,0.21404847040127137,0.029796280658398466,0.716346404071921,0.8388165066461449,0.33603042170384245,0.06457020911516577,0.9268143071967023,0.8941706555130505,0.16360065838015778,0.019362915040050506
1.06823318625182,0.9212677467622385,0.06539492998779367,0.005588701228670529,0.9196283563767491,0.8925946481450283,0.19027494599315276,0.02289566441615028,0.7131966293067535,0.8378335161456942,0.34658346277742436,0.06708280396709627,0.9181851695183658,0.8922756523104249,0.161393365418983,0.019485004399892043
0.9925588955400308,0.907664934368374,0.03801590851368451,0.0038672876683284283,0.9742174396350358,0.9040639741513643,0.21083388212236384,0.022372935260522673,0.7087539280114185,0.8364388144608129,0.3380345635947217,0.06610087076173668,0.910075107118036,0.8904675076383308,0.158118668791398,0.01944948213502405
0.9439526926564162,0.8978473130179334,0.05484028995911586,0.006239460644337236,0.8311918179228427,0.8714555263235186,0.22025740531290705,0.032489176307987734,0.7137164318165652,0.8379960699985747,0.34099544201607823,0.06592226825034134,0.9224741287716531,0.893221231280006,0.15548391611864754,0.018587087428632253
1.043291425945781,0.9170000320101035,0.050457675759732694,0.004567050519858924,0.8469646463193317,0.8754693387386603,0.2150690707300597,0.030592383319173192,0.7035415871749399,0.8347902160666483,0.33775292309505783,0.06684324561242523,0.9178154833721465,0.8921938045506632,0.15521079380335584,0.018754540871350703
0.915209482340693,0.8916152888490861,0.05650661505303032,0.006868941377782035,0.865260650816378,0.8799900850136849,0.19661700424107995,0.026813927072222646,0.7083821760027917,0.836321673575131,0.3456267087111468,0.06764335187887978,0.9262723504626942,0.8940525091261946,0.1541792915983556,0.018270637264372256
0.9912092703648774,0.9074041561744894,0.0625099051370871,0.006378808576349706,0.9415406500644617,0.8973367933118591,0.1848762706875863,0.021151468357027543,0.7148501391906628,0.8383501496149564,0.3404288075346963,0.0656411474728277,0.925949183655606,0.8939820035474797,0.15704906155901197,0.018624566026122124
0.9059405978517612,0.889535509998407,0.05088352736066588,0.006318829137454136,0.9238776823383075,0.8935290795325402,0.16633485180810978,0.019820087766022166,0.7083644172835131,0.8363160760270701,0.34192002699510715,0.06692064556424683,0.9073002743241049,0.8898427710969669,0.1546887126708284,0.019149540215278208
0.997789926074186,0.9086694637630504,0.051721174813687265,0.005198504867740175,0.9015549835785277,0.8885393247232569,0.1778067436394762,0.022304538655041953,0.7154920130424361,0.8385503426312322,0.3448933905012309,0.06640378865084305,0.9251292701535773,0.8938029367287503,0.15701828197224782,0.01865610386824025
0.8893084161698765,0.8857158505122404,0.06631596162232882,0.00855676599564932,0.8329838207072003,0.8719170428449351,0.20407217618839948,0.029977814992576225,0.7124136293926664,0.8375884063209134,0.3479089438871929,0.0674608741065571,0.9266532384417411,0.8941355547144104,0.15985244948393662,0.01892631469907807
0.989763015352693,0.9071239730125389,0.05554175923253665,0.005686651530419687,0.888798973520997,0.8855970583190148,0.2001548171166878,0.025856341385361883,0.7076809989219561,0.8361005455847468,0.35441262341183816,0.06947494045043781,0.9290051234726048,0.8946470695506795,0.15355754968354218,0.01808281545023476
0.8184945664341952,0.8681447103843807,0.04984547834915659,0.007570615710884339,0.8625968351949026,0.8793408128296071,0.2041467020537575,0.028012091300595458,0.7015668323203116,0.834162153549576,0.3423745569191856,0.06806669297724424,0.9301875630663584,0.894903415436939,0.15922409647138455,0.018699122643432403
1.2716021659091978,0.9492120063125408,0.05343579539606848,0.0028591050484103363,0.9345217871037668,0.895838347355517,0.17247018193877434,0.02005359475363919,0.7189634184256677,0.8396295659622417,0.34766887371779476,0.0664052463608085,0.9286583479100263,0.8945717861220222,0.1610667032602605,0.018982238321595454
1.0644434790811337,0.9206324793949785,0.05712256884813369,0.004924523913218286,0.8803382790139165,0.8836084193069647,0.17942144654245,0.023633937066473248,0.7044358577360703,0.8350740068542708,0.34374042909419245,0.06788827240145691,0.9202209039630552,0.8927253815241625,0.1554008834158747,0.01867379467892374
0.8408707962014041,0.8739314970461988,0.060615922867255194,0.008744116303012691,0.7823515242782778,0.8583230353303631,0.20533700373820793,0.03389344364128597,0.7046628008236906,0.835145963461107,0.34713351323741465,0.06852258572615381,0.9241508608617254,0.8935889061483445,0.1582929905211342,0.018849976935151586
0.9224089025232787,0.893206905849476,0.054095297697599645,0.00646771110062815,0.8583311761995226,0.8782947997746909,0.20252461350783868,0.028063810287670923,0.7029469415395235,0.8346012925168482,0.3436821172831948,0.06810986095203757,0.9275101017243335,0.8943221681820825,0.1633720165616823,0.019304900520417844
1.0310863761385949,0.914835853089052,0.05394831807788038,0.005022171432032757,0.8315984894044096,0.8715603856296318,0.20273226623856966,0.029876133111880414,0.7073841638052792,0.8360068613005892,0.3498164174305635,0.0686208390368637,0.9239774734900966,0.8935509374183508,0.15825874237508403,0.01885342409225306
1.086609621377297,0.9242826864844895,0.06106696474851597,0.005002610762829224,0.8678939086640964,0.8806289413321907,0.20937019692332656,0.02838055949242014,0.7038929952327118,0.8349017797545824,0.35167648503806404,0.06954250570530054,0.9291172891575847,0.8946714100677345,0.16253273416477737,0.019134783468844355
1.1697687110593413,0.9366415275563721,0.04523776555537648,0.0030600775622551223,0.9531157778696336,0.8997662619891291,0.1646029068936008,0.01833672292727095,0.7093008303333688,0.8366110234691829,0.3388735163061613,0.06618152934809178,0.9268134440836499,0.8941704674470743,0.16692506225328518,0.019756413293395662
0.8977530198475219,0.887669365435703,0.04624138501906125,0.00585164288031226,0.8552235545153157,0.8775278470203185,0.20493619414578168,0.02860191503405902,0.6900868545573307,0.8304730693176183,0.33880262253740245,0.06916078416980019,0.9268136530138895,0.8941705129714614,0.15456732895336628,0.018293805149251434
0.9822638564532287,0.9056589261372923,0.05861395690724491,0.006105724217345917,0.8226670938104852,0.8692406026234858,0.1948017641383746,0.02930392483937969,0.7200522812316983,0.8399668773470564,0.35327560067992836,0.06730717491202204,0.929802322993744,0.894819958192037,0.15554049708273993,0.01828273479622475
1.0596156499049743,0.9198164088540586,0.04850036692787084,0.004227945440783678,0.9711190367523627,0.9034434104373809,0.18290047961903116,0.01954770640568531,0.7113240478116346,0.8372468275394037,0.345877798251015,0.06723549985191131,0.9218288895441445,0.8930794450309907,0.15240797835239162,0.018246468125326726
1.0731631654542524,0.9220871973874605,0.06445560720005182,0.005446249568671552,0.8515801995676834,0.8766233845988709,0.185252356947103,0.02607255201807544,0.7160310897014158,0.8387183196863651,0.33849579758732595,0.06509118703214067,0.901138226887556,0.8884442514346901,0.15538764269553001,0.019510942606366814
1.0155124651231144,0.9120000552438804,0.049540955971650744,0.004780264390998095,0.8928871384666295,0.886547314558883,0.19622432888034946,0.02511109863485798,0.714150468942317,0.8381317023794378,0.34618626402508657,0.06685892092886664,0.9311758063307984,0.8951172382541096,0.15901366709565154,0.018631964448436844
0.8892891954652833,0.8857113705657804,0.0459707188532876,0.005931876485329463,0.8742894036404798,0.882168323787457,0.20843451495292073,0.027840705243196144,0.6947731637826303,0.8319868422670946,0.34843428779119295,0.07036354660933508,0.9253941048247364,0.8938608050015556,0.15288892927319606,0.018154401430771846
0.877900732695009,0.8830299438921738,0.056132236266049955,0.007435524549209806,0.9660444771265206,0.9024193063611343,0.18637444216445762,0.020153100908599637,0.7171447228285444,0.8390648823052116,0.3398947938320043,0.06519282334748204,0.9179739632487973,0.8922288983655502,0.16047839619635812,0.019383964785598562
0.9185186456029019,0.8923494363590083,0.06036064833546062,0.007281741378759412,0.7388473840776979,0.8456990924497085,0.16452037616153398,0.030017347279759143,0.7032251293884962,0.8346896965182129,0.34108024615467153,0.06755094646390082,0.9100369491113568,0.8904589377075361,0.1534621927257852,0.01887836811003472
1.1245309602667846,0.9301715963803648,0.06191616684748862,0.00464807472732068,0.8823442583558208,0.8840826110158191,0.20397171444232917,0.02674395839277364,0.7091625617950706,0.8365674991549591,0.343593557734517,0.06712471434943404,0.9103801336852387,0.8905359926128348,0.15560013555960414,0.019126250403834526
1.0661402970921827,0.9209174935027878,0.05152262491957967,0.004424433620495398,0.9065545205219837,0.889674337717977,0.21188969904925298,0.026275762250611012,0.7066249588034735,0.8357670523815075,0.34798770462506257,0.06838154998179959,0.9329787709854481,0.895506350156559,0.15908705053970978,0.01856333743564854
1.0549093505773026,0.919013515412973,0.054305069185162626,0.00478554077258081,0.9688502533917673,0.902986735801354,0.1826265591942752,0.019620663221681503,0.7033898623865446,0.8347420283733726,0.3558292107051228,0.07044525327330234,0.9139317041168111,0.8913306349906426,0.1549729463175859,0.018894011951174645
0.9428551382344779,0.8976152902081422,0.0656214985442944,0.007484986227236006,0.9134969989845415,0.8912336450866063,0.20475500497234833,0.02498834695468885,0.7060478485815573,0.8355845730239535,0.33558176475617496,0.06603139995522635,0.9292881298761186,0.894708473828268,0.1613560786396015,0.018988786039273196
1.080409437304409,0.9232774887630999,0.059426890122913044,0.004938255617319723,0.894148343951034,0.8868390778781126,0.20572156358831623,0.026250130848665558,0.7158379894346447,0.8386581655999311,0.3445674432543124,0.06628820376347741,0.9390346331559635,0.8968039915472678,0.16710180396572782,0.019228548642789077
0.9149410520814432,0.8915555443655466,0.054024102111791025,0.006571227537845034,0.7169528841896047,0.8390052250615916,0.1599586873169149,0.03069410308158623,0.7182548257414426,0.839409747072565,0.3517930344257126,0.0673026880776156,0.923637942782318,0.8934765517063035,0.161247423669791,0.019224490631542537
0.9944992761810892,0.9080387038299897,0.0712490200086711,0.007215719113297988,0.9006731585870243,0.8883380732703137,0.20252629970998995,0.02545706135930754,0.7068271717504824,0.8358309525910382,0.3428251156333608,0.06733571242716797,0.906767952818269,0.8897225658301811,0.1575241993274283,0.019524473345547962
1.1257178276808282,0.9303488938573891,0.05741912216675248,0.0042987156743640575,0.9255009197412616,0.8938841369607107,0.21073713768567937,0.025017283913304645,0.709759346823108,0.8367552890166137,0.3397560793048464,0.06628387498590033,0.9222980363571235,0.8931825527886658,0.15753910919273,0.01884040997820149
1.0582759299998203,0.9195885956928516,0.05070085146811835,0.004433424560955803,0.9173601799779186,0.8920929261789466,0.20544426283393444,0.024850425987220925,0.713051690667714,0.8377881671512604,0.3428588796282538,0.06638404486193127,0.9131061612712607,0.8911463778535246,0.15468262437693336,0.01889449855264908
1.0563623256097132,0.9192621717272583,0.043646106614568796,0.0038333915709808574,0.9214094930517335,0.8929871970999559,0.20202065308400782,0.024209525512152708,0.7094095484780991,0.8366452393291524,0.34696734579960925,0.0677452820733686,0.9275184589596227,0.8943239868479372,0.1595623778956182,0.01885437066772849
0.9201224302692737,0.8927036650431949,0.04987127240376882,0.005994155684683934,0.8683520512230983,0.8807397908831359,0.19730593135426822,0.026717024570574812,0.7249662311416061,0.8414819953661781,0.33796048759227726,0.06366484658401825,0.9271512295590695,0.8942440459103608,0.15946945359291526,0.018859330727445237
0.8655704773482551,0.8800654052142672,0.05547138047138047,0.007559594434257362,0.8615896179466506,0.8790945275126609,0.16806806806806807,0.02311509006579657,0.7126004092432527,0.8376469028827244,0.34373464373464374,0.06662280228670046,0.905498216461656,0.8894353784714325,0.1578874328874329,0.019626793226189192
0.9401331422055149,0.8970378450364904,0.061498478360399664,0.007058805705913035,0.8957798881617489,0.8872155429056908,0.19561597227832989,0.024867058978848472,0.7215013144613169,0.8404148725125182,0.35040352625389387,0.06653760331741143,0.9088384344502946,0.8901894631096956,0.15433420412413706,0.019038106512973788
0.8558622082150292,0.8776858037958968,0.051877598679232924,0.007229656394129186,0.8486469101995014,0.875891030699716,0.20914328561136294,0.029634459885455707,0.705390393885502,0.8353764907414524,0.3467329760396411,0.0683289509866898,0.9246465210787747,0.8936973810681385,0.1507612252779641,0.01793259488046107
1.0259618878785048,0.9139120229087913,0.04650336997331162,0.004380488437152332,0.8169647424955977,0.8677409628027501,0.19225810829149137,0.029303528801805985,0.7025323931761229,0.8344694848248069,0.33152847514361966,0.06576403365701386,0.9181834920527747,0.8922752810463879,0.1596847152485638,0.01927879370497186
1.3080394662460166,0.9531075994434511,0.056652168307627586,0.002787257357122682,0.9119377891817583,0.8908851341832736,0.2051348166443876,0.02512474070297644,0.7118683684765534,0.8374175418372312,0.34119320816341303,0.06624178228933146,0.9386587549016732,0.8967238657303531,0.1577177185327932,0.018164428201795056
1.007214051225516,0.9104544193221628,0.05814541204290788,0.005718753816375208,0.9354186435119349,0.8960308874123871,0.20545058237924826,0.023839038397733034,0.7058142777185125,0.8355106728073363,0.35562139256558256,0.07001217997836352,0.9261811917946597,0.894032625147781,0.15956198582072376,0.018912469509526214
0.9491087044250428,0.8989310660295668,0.03528888349612732,0.003967612168209447,0.88223130703559,0.8840559552096752,0.2025656063149238,0.026566503616828732,0.6968529994944117,0.8326552072889697,0.34453454850227283,0.06924362220542982,0.9161066801009342,0.8918147682394164,0.15436105886873344,0.01872539850566798
1.0353275908686352,0.9155936391903238,0.06296108961827818,0.005804230413822328,0.8514098782503936,0.8765809622466124,0.21063280064524068,0.029656242485931506,0.7123813544281163,0.8375782965795907,0.33995661941281274,0.06592378699347766,0.9181250855741102,0.8922623535669728,0.16071094949715883,0.019405300902389084
0.9947320059805889,0.9080834424068767,0.05561247658187842,0.005629116409265057,0.9586082308026427,0.9009010891959793,0.20724324497009555,0.022796708866626318,0.7128625214573474,0.8377289637319492,0.35243445778348764,0.0682677896515876,0.9341178772117542,0.8957515317956906,0.15477296116870404,0.018012633580360555
0.8793606452975284,0.8833767074390113,0.04336366032556829,0.005724865509897134,0.8369498786298032,0.8729334452888297,0.19328458595021042,0.028135027415912665,0.7035378708683244,0.8347890359047617,0.3517060069258246,0.06960523675221238,0.9205829400334763,0.8928051883815592,0.15845096025376512,0.01902444234889959
1.0377726424215699,0.9160277149627016,0.05196625073409868,0.004763747589385036,0.894107419380014,0.8868296208004591,0.21464025196307626,0.027390739028564676,0.7080481860965053,0.8362163741792821,0.34356498729073937,0.06729157794686041,0.923213516370279,0.8933835023300283,0.15884194940331098,0.018956217888827537
1.0143708437803876,0.9117888593915753,0.06639556974091777,0.00642344867220768,0.918050766580871,0.8922459020968687,0.1806129063369841,0.021812126843359307,0.7046811059974786,0.835151766365056,0.3415552111393473,0.06741861241603384,0.9056035819812235,0.889459234807945,0.1596122401832035,0.01983638875555558
0.8678590070806288,0.8806204930948921,0.04753170455376069,0.00644353781961758,0.9436664505589826,0.8977868464448331,0.19562029456911045,0.022271396920636562,0.7138246640015293,0.8380299000816196,0.3450679774870258,0.06669296022345213,0.9288074236464896,0.8946041556134945,0.1630683064103501,0.01921153812996776
0.9392291110121087,0.8968454267157463,0.06160005587511012,0.007085198060665556,0.9014743934205565,0.8885209454924612,0.20299787990005566,0.025469305853842855,0.7115769459643534,0.8373261614799109,0.34496121411207015,0.06701828680592006,0.9311765930261493,0.8951174083156064,0.1632882502303722,0.019132791650201927
0.9172687583843289,0.8920726605385069,0.052216190338548255,0.006317371610348971,0.8810119627761592,0.883767858372048,0.18502502077537306,0.024334279885549304,0.706192942408147,0.8356304662839493,0.3453363803880478,0.06792808796452374,0.9243480480232076,0.8936320721068376,0.16102494851320592,0.019166601834323106
1.0221559737189212,0.9132200374648246,0.0607072155095911,0.0057687848179087415,0.865954396875176,0.8801586811025996,0.21606252986551983,0.02941880719844253,0.7110613600842208,0.8371643896182069,0.3443374974400983,0.0669765786365671,0.9246826480508872,0.8937052836222604,0.1607163173823014,0.019115133015871304
0.9642122337089529,0.9020471645651277,0.05364617228977565,0.005825410125361361,0.8763410268875866,0.8826584891860924,0.2034115430724439,0.027041735930187757,0.7165229196696299,0.8388714514339222,0.34767825540903124,0.06678126018746279,0.9224965543810971,0.8932261561534061,0.15508820003425244,0.0185388248416481
1.1826489926501849,0.9383789273548472,0.049625105071448586,0.003258760523588263,0.9364502906703636,0.8962519756392617,0.18618100308209581,0.021551875776330283,0.7244914935063419,0.8413361290962788,0.340554777248529,0.06422372384155961,0.9202827544232502,0.892739019477336,0.15711067525917624,0.01887656382348245
0.9155816519340726,0.8916980747460567,0.05599761423865747,0.006801236431290225,0.7452496551847221,0.8476129897525907,0.19808370949740864,0.03561222472279154,0.7019186766688312,0.8342741960567761,0.34249004803152094,0.06803451289858001,0.9194453265432645,0.892554238072485,0.16080618852033093,0.019357863882355355
1.0659401925527112,0.9208839307166119,0.05184677350244237,0.004454321318591522,0.9658066432403172,0.9023710719024942,0.21319645845267038,0.023066056039491162,0.7034142778465151,0.8347497834684128,0.34856412176211377,0.06900306862854245,0.9202201041657831,0.8927252051598205,0.16199015835930558,0.01946563276547312
0.8574691254515302,0.8780824635666222,0.0703975253598456,0.009774358581330921,0.9224275600132593,0.8932110037065918,0.19167122119590976,0.022915500643078315,0.7069754035985274,0.8358777818362304,0.34292543649776736,0.06733243127859513,0.918999834182249,0.8924558245597566,0.15786716498130185,0.019023568024084538
1.2747476290315758,0.9495600325511884,0.056316023891369645,0.002991467958371611,0.9247100023029199,0.8937112668532029,0.17726436965384923,0.021081982494093307,0.7193367819352849,0.8397452924501042,0.34109155693614884,0.06509298497530908,0.9205833316193621,0.892805274674056,0.1618423306647785,0.01943161031172799
0.8227348626430315,0.8692583377211445,0.04749156198423403,0.007143015474911591,0.8293435720752098,0.8709780404863131,0.18822573127593606,0.027882738199183733,0.7114566758939483,0.8372884367448528,0.33841227953643266,0.06576418425433288,0.917171244440611,0.8920510407051115,0.15892065450631698,0.01923132027384803
0.9450049971077914,0.8980693323087138,0.07339416631168307,0.008330221406807272,0.856493191954701,0.8778416913601915,0.2038809048718696,0.0283715694392579,0.7138239636252053,0.8380296811836434,0.3422124072371814,0.06614115698722216,0.9145086203744509,0.8914592372678838,0.15579221128623635,0.01896868048903249
1.3009070561910685,0.952368112705157,0.044211162676533286,0.0022111839841014846,0.9364471311760276,0.8962512991755829,0.21587856418834458,0.02498977752220085,0.7056041777031206,0.8354441758173652,0.3391439129822137,0.06680052088783973,0.925945122752311,0.8939811173136891,0.16521970354680207,0.019593711800569437
0.9798937048315715,0.9051916014070357,0.06431110559398734,0.006735847884173243,0.9103449086518253,0.8905280857595695,0.21073431663525669,0.025905403105319892,0.7005231861141982,0.8338294543189404,0.34018710572940764,0.06779453124366792,0.9257282182395364,0.8939337715309583,0.1554873438434541,0.01844874493095837
1.0173242487667873,0.9123342909508861,0.051249637523560966,0.004924549977542066,0.9072775435982718,0.8898376405445042,0.18931011671741338,0.023436690218705734,0.7156927322946315,0.8386129035375088,0.3453131796433232,0.06645389213281278,0.9229251849670375,0.8933202489994267,0.16609350079744817,0.019834783021801472
1.1176762243174545,0.9291394262258612,0.05613374667847653,0.004281025414975864,0.905135305671662,0.8893531755066784,0.20087986478913974,0.024992005151275504,0.7177132535607978,0.8392415768791542,0.3565824912781765,0.06830409811624077,0.9232168562074816,0.8933842348205563,0.15650024403029592,0.01867661485140385
0.9982367650112935,0.9087548142553878,0.06216146390136127,0.0062414352373848635,0.8389607540587791,0.8734461451424701,0.20586335613997578,0.029827598917587468,0.7093991254464456,0.8366419592343644,0.3476854821466752,0.06788712727020417,0.8991256020645476,0.8879841195078778,0.1609939598032927,0.02030878679595483
0.9478638645847439,0.8986703487391065,0.06064184212315572,0.0068376760430330415,0.9646031469069039,0.9021266678573778,0.18814903791673276,0.020412624896762807,0.7289365564932441,0.8426976452490215,0.345520476848809,0.06449666132262366,0.9286224232546382,0.8945639843272822,0.1607778256238243,0.018949760597669132
0.9631217830891985,0.901825086146789,0.06368728496651196,0.006933155676392988,0.892105533387026,0.8863661714254978,0.18701429894836025,0.02397558872706247,0.6994376411189132,0.8334828315332713,0.3378406843925608,0.06749542045685836,0.9118244912804551,0.8908597719510241,0.15538356651513813,0.019036214697836534
0.8393699382677627,0.8735502553354175,0.049181782603551376,0.007119251370352075,0.8580778840030494,0.8782324431265182,0.18522293921163524,0.025681293103262313,0.7047308490542847,0.8351675345312628,0.33928490165918834,0.0669628122795626,0.9269682554657633,0.8942041949939096,0.15730434228609394,0.01861111770251118
1.0542198688888553,0.9188952761324738,0.047881323663144126,0.004226163345246202,0.9520043587285975,0.8995352250138517,0.20392959696096832,0.02277591860995116,0.7131572462674984,0.8378211948309467,0.33403142064875085,0.06465916238925741,0.9166931077417694,0.891944977833321,0.15449605562001353,0.018716484906095485
0.910760511286004,0.8906213428810431,0.048971505552851145,0.006014270326306156,0.9520800375465235,0.8995509717946771,0.2242287706746063,0.02503867242231095,0.7090637760726047,0.8365363975693219,0.34314695527152933,0.06705271597839203,0.9300904232092999,0.8948823768640173,0.1566119117430632,0.018396464544205345
0.9737644205669076,0.9039734642469407,0.05948255292072402,0.006318662793363597,0.9408068520233763,0.8971810339723274,0.2040200434046518,0.023381156218728338,0.7080516297280887,0.8362174601556178,0.3436216750559602,0.06730214730959182,0.9288570170275803,0.8946149221058305,0.1609267234032883,0.01895706729459491
0.9787684498138087,0.9049690092213759,0.06037804228909249,0.0063403112388819155,0.9933049879438081,0.9078088130239332,0.2049333499439392,0.02081170452551592,0.714865782713116,0.8383550310295895,0.34667542498612636,0.0668432063273542,0.9091986935746694,0.8902705249708229,0.15109913134081565,0.01862358451093925
0.9620779793631373,0.9016120875255353,0.05640124020356694,0.006154753647801596,0.9488564128298766,0.8988782746280152,0.15420512171531361,0.017347719273226984,0.7106589525762383,0.837038038943816,0.33672837553219376,0.06555725530613876,0.9188872301035608,0.8924309366957721,0.15399269617724426,0.01856149243863072
0.984395031419284,0.9060773685923169,0.052587875226593646,0.005451180873322242,0.8417410595921885,0.8741521069211858,0.19972457103186037,0.028753481529611824,0.7138840306489581,0.838048453866162,0.3426504252813845,0.06621665597225677,0.9252501691732135,0.893829357478752,0.159748801520985,0.018975247073248522
0.9261981991872895,0.8940363351337586,0.06009963473251509,0.007123175315270571,0.8816299932145939,0.883913959243893,0.1964160232765414,0.025795676428435783,0.7145902541025386,0.8382690374989986,0.34352654868250015,0.06627810032066733,0.905690548219219,0.8894789218748645,0.16024399059778593,0.01991091432117481
0.8850931364170997,0.8847296890258411,0.050787567167569735,0.006617047821095274,0.8095035354449207,0.8657567786227535,0.1820255197403491,0.028224661644214166,0.7028490210879815,0.8345701658208413,0.33856503755086065,0.06711090368993972,0.9094524402051032,0.890327588974384,0.15632809038297604,0.0192568205182561
1.1345163914353482,0.9316503111424219,0.04964150443619866,0.003641904416342297,0.8626110035286607,0.8793442741891937,0.21485736019578588,0.029480797795743426,0.709225317808045,0.8365872547140726,0.3443051615663777,0.06725401486890493,0.9329307148968629,0.8954959953573144,0.16251044244261467,0.018964900032558463
1.0521349073697475,0.9185367677409148,0.062112775820175554,0.005508660796823617,0.8955101379384426,0.8871533758432194,0.20746249921546475,0.026389397045738446,0.709764449898915,0.8367568940481706,0.3435345329997938,0.06702023558752915,0.9284306796359338,0.8945223345524395,0.16131613632084355,0.01902160382239792
0.9395566632414893,0.8969151812341115,0.053909561727781344,0.006195967597304241,0.8634018101392618,0.8795373344337556,0.18535281410714124,0.025386181101596583,0.6998819889276573,0.833624785068382,0.3423363370963223,0.06832364234303728,0.9220141539250476,0.8931201723753058,0.15242364808069486,0.018240561277957482
1.0025116558016092,0.9095677384108091,0.06257701700535478,0.0062216159746242075,0.9479753639172507,0.8986937252917112,0.1939797907377949,0.02186659305088691,0.7032427096262354,0.8346952819856502,0.34115788766159566,0.06756358833622925,0.9337215880926937,0.8956662920964349,0.15810723007640087,0.018417477252182762
1.1409823657750369,0.9325923071455016,0.04939218905895565,0.0035700632355505305,0.928125063211008,0.8944559197861713,0.20636266425660046,0.024350397943193054,0.7039942478630957,0.834933913834625,0.3318151109361228,0.06559970889337245,0.919401944770775,0.8925446581076002,0.1632096533889319,0.019649155866589125
0.9682541893544048,0.9028664369996497,0.05839651263850848,0.006282503266178579,0.855422839120658,0.8775771544611884,0.20503906489333457,0.028603144057767513,0.7076342903769919,0.8360858067299378,0.3504993453254878,0.06871521674960053,0.9257042437713415,0.8939285372553509,0.16008096633134927,0.01899483185588557
0.6184871761996419,0.8059833887062245,0.025947918739485158,0.00624619233411539,0.8517418233885613,0.8766636290575185,0.21275032109842798,0.029931494419744124,0.7058215111336286,0.835512961810418,0.34679760849508856,0.06827387973608824,0.9223037765193329,0.8931838138029983,0.15375866061252916,0.01838805570318137
1.1650089766833753,0.9359880127507879,0.06032742970397386,0.004125777903543201,0.9471132932250482,0.8985128620461781,0.2075848213073658,0.023446731023041713,0.7100724212373689,0.8368537344137821,0.3431156501986479,0.06689106434269446,0.9257324141371327,0.8939346875856158,0.1611604839950406,0.019121684527036806
0.8304009788245543,0.8712514013222098,0.05219554856511393,0.00771316261274133,0.8595213109483719,0.8785874244944754,0.1935576451552398,0.026747858610204667,0.7053681915624103,0.8353694600885535,0.34459638109055407,0.06791137452457824,0.9145314540399693,0.8914643244436576,0.15610303971218664,0.01900552653313894
1.0045098663126337,0.9099454818853412,0.05321256530293778,0.005266284652649885,0.8378042611548908,0.8731514981464777,0.16126829047651356,0.02342851279170875,0.7157292050180473,0.8386242693864696,0.34393785195739196,0.06618365836929342,0.9262793961086007,0.8940540458203079,0.1595381866702852,0.018905373219773276
1.0303723047874995,0.9147076632800052,0.049975454543397954,0.004659984241703538,0.8544221092398125,0.8773293790760148,0.20744417322531825,0.02900541819699815,0.7203105335473418,0.8400467952633827,0.3385553697993607,0.06446428542497987,0.9072686308875628,0.8898356287992973,0.15612720202155023,0.019329024913553487
1.0617103619430999,0.9201714243643451,0.05970560256346067,0.005179701394663587,0.8981634310153614,0.8877635598599841,0.19147439953027495,0.02420735199427941,0.7061350405919585,0.8356121531405075,0.33507735442847847,0.06591891300150889,0.9208513574777618,0.8928643243154473,0.1532409662134791,0.018387535497537147
0.9713279077859238,0.903485356626349,0.053020902821573554,0.00566394738956408,0.8715389200611947,0.8815084069229974,0.13980369880447974,0.018792291553093844,0.7075092049928875,0.8360463308603812,0.34398927196435525,0.06745834674638468,0.9116269778208544,0.8908155453270084,0.15975028630103616,0.019580089262171637
1.086122595244569,0.9242041675118093,0.05596374605984519,0.00458969876016001,0.9521472030421417,0.8995649453395207,0.20179689122914765,0.0225303152439591,0.7091619798502456,0.8365673159500489,0.34722134412341155,0.06783353251743492,0.9286337957342812,0.8945664541555951,0.16383592698633478,0.019309692017435993
1.1029893994320081,0.9268803231879686,0.05293450064850843,0.00417589356769662,0.9175303917743218,0.8921306485181538,0.1901570831531921,0.0229922840040137,0.7108353883535685,0.8370934471784747,0.33931852572416776,0.06603469603127919,0.9100507291893669,0.8904620326517828,0.16247838305231302,0.019986873291581605
0.9907929469783456,0.9073235796806267,0.05513347092212369,0.0056314779415776025,0.8862517882728426,0.8850014899441878,0.20391472508991118,0.02649700574544704,0.7167655695924278,0.838946957444617,0.34956519380353135,0.06710619489580469,0.9303926709403691,0.8949478255410784,0.16296133875550714,0.019128984394875388
0.9494343348345896,0.8989991672372366,0.05856170162309085,0.0065792948953597805,0.9697494794064392,0.9031679677080591,0.16063993286907188,0.017222810953345543,0.7005549261458391,0.8338395804542524,0.3444929380270257,0.06864760615217436,0.9271770127398296,0.8942496603045581,0.1622726008218066,0.01918969994836175
0.8063548155653371,0.8649119098303818,0.057225510183439014,0.00893788695912262,0.8031263584970764,0.864040991680541,0.21988181321633035,0.03459895254996157,0.6993321185733951,0.8334491065445672,0.3413548098514461,0.0682140614461474,0.9217043848966037,0.8930520670454364,0.15843727311756417,0.018973741272376495
1.209653431252256,0.9418779153468775,0.04989810678772551,0.0030791485175428947,0.9914402696154716,0.90744883733118,0.2019418844785706,0.020596154219549922,0.7078089315574955,0.8361409091993723,0.3325039347155633,0.065161017515927,0.8978494844804227,0.8876915114640977,0.14803855566371601,0.018729464252968044
1.0884215409743068,0.9245741511484445,0.055312707487802835,0.004512356212168733,0.9214899641051081,0.8930049024583634,0.20688615901978513,0.024787999151402805,0.7024208638997519,0.8344340091714991,0.3389690702960178,0.06725726584358496,0.9288917732260052,0.8946224669365497,0.15716613300520518,0.01851259049409194
1.0227820826431733,0.9133342205449788,0.06240411374339946,0.005921491866957999,0.8933495345759548,0.8866543599113419,0.19152945269016697,0.024484206464814622,0.7116915001628801,0.8373620867822755,0.3492467354074497,0.06783297350258384,0.9225105756391037,0.8932292352510792,0.16394765948337378,0.01959722800263587
0.9228952360401849,0.8933136769941273,0.0606406143589376,0.0072421640207515955,0.8053949458715008,0.8646534654222142,0.1948994587619628,0.030508136946674636,0.7021978858149602,0.8343630651885928,0.34324931001111153,0.06814151531686023,0.9253274842425728,0.8938462505436277,0.16028128248324314,0.01903510709243814
1.1090627111982623,0.9278224454909573,0.06331956026687315,0.004925781904567421,0.9209900736149795,0.8928948740725708,0.20776545130204585,0.02492202102536223,0.7186889435364158,0.8395444475428863,0.3459529340286105,0.06611927375159554,0.9364427686362854,0.896250365127402,0.16287165009558918,0.01885396635360131
0.9340479671209326,0.8957364989754665,0.05334132052402528,0.0062089161639253525,0.8914062172994537,0.8862038857445819,0.1974773292682109,0.025357768213100575,0.7155103879738073,0.838556070610824,0.3448477031983781,0.06639218317819166,0.9098554139924416,0.8904181585668587,0.15587315566304485,0.01918297292481438
0.8359940387721827,0.8726891193094403,0.07014389723390677,0.010232832212899789,0.8515334104875352,0.8766117319751855,0.202304734587259,0.028475583777206714,0.7004925919808532,0.8338196932959591,0.3441021805314431,0.0685795818424592,0.9345572681721176,0.8958459705296958,0.16756902652640632,0.01948213186338485
0.9100315036713275,0.890457714664779,0.058343551850045354,0.00717730432223153,0.8004564620636085,0.8633171824639002,0.20691470691470693,0.032759321492991426,0.7119476962529513,0.8374424092121586,0.33425034074384724,0.06488199010896953,0.9189293855921631,0.8924402545363729,0.16264991589666913,0.019603086553524662
1.0283924541655622,0.9143513257821445,0.044196824949871816,0.004139983565241835,0.8775154379452144,0.8829382782711629,0.19402503797934015,0.025724227347847645,0.7192773528527321,0.8397268765360735,0.34864466552066325,0.0665435048983241,0.928392790808465,0.8945141027772805,0.16349169223223145,0.019279816595436792
1.0445850665933025,0.9172264636872629,0.05340592260426316,0.00481952631003291,0.889692063299534,0.8858052386886698,0.20031864094267596,0.025824344211966027,0.7055637773701425,0.8354313865731927,0.3384709710045693,0.06667417489774548,0.9017922401207904,0.8885934175932457,0.15401948543067992,0.01931005131948137
0.7673584351766132,0.8540727407968242,0.052095264066903006,0.00890102065036791,0.8999913822728896,0.8881822595338131,0.1885555858558313,0.023738212890835726,0.7062567575297239,0.8356506477847656,0.34493000636305793,0.06783818483913429,0.9037471547882961,0.8890382513142651,0.15765157712935188,0.019676650195283
1.0574790737054895,0.9194528139814537,0.055307086053518105,0.004845088383824692,0.9132016388869736,0.8911677020089424,0.20642252869266473,0.025208990523449555,0.7047098581844904,0.835160880734719,0.3348530766457952,0.06609132145773398,0.9304533364513237,0.894960957706723,0.16503344325327424,0.01936950955950686
0.8735919490600424,0.8820012871771764,0.05029899734724158,0.006729261090138133,0.7530397444880023,0.8499154523093386,0.19648397104446744,0.03469663699200623,0.7144042175475065,0.8382109539021722,0.3341711253990378,0.06450074096509352,0.9259095959422893,0.8939733638194618,0.15818982959399308,0.018761560678010103
0.9809464184293318,0.9053994210978551,0.04905729328803649,0.0051257469756201424,0.8290522900419852,0.8709026514344402,0.20263118714724632,0.030036823236575513,0.7092587987635699,0.8365977937147712,0.3365320845119987,0.06573061213902258,0.9338465713745445,0.895693181986907,0.1596059535572008,0.018586709697362064
1.032153482317625,0.9150270939251237,0.07030167638434222,0.006528481816519729,0.9107104552917954,0.8906101145031939,0.19948495940415445,0.024501896522619398,0.6999449795316766,0.8336449005156713,0.3392170199987716,0.06769126887691236,0.9295616399587433,0.8947677876685004,0.16037235797141342,0.01886113722324064
1.2014404179342626,0.9408339517429409,0.04226349166732844,0.002657816273390807,0.862484835037705,0.8793134478938643,0.19446833131019775,0.026690951282362624,0.7119115135112082,0.837431067161699,0.3374862445687318,0.06551557588267833,0.9324984120075549,0.8954028049135347,0.15416520131144565,0.018008931341994848
0.9998886074111826,0.9090697092703303,0.0567806101877156,0.005679517576623686,0.8542752787179905,0.8772929883541839,0.2004972895479593,0.02804356534260071,0.7002139622522993,0.8337307756713888,0.3466533757448143,0.06913237411629694,0.9195015497575643,0.8925666526857499,0.1554052237802966,0.018705273528424653
1.0709081902765014,0.9217133536275003,0.06076001043284987,0.005160712309988154,0.8921431158349382,0.8863748872212475,0.20225440277604526,0.025927155266630506,0.7192226239941826,0.8397099156152793,0.34758626946236804,0.06634985657192048,0.9235990900491082,0.8934680367793176,0.15590533322749284,0.018589250584911312
0.8870339865895254,0.8851846655433014,0.048903077744577875,0.00634310946152622,0.924415007461365,0.8936467265924296,0.1890841750076688,0.022502987325109986,0.7150646061538215,0.8384170616558274,0.3418966359536009,0.06589162550946369,0.9284082555700537,0.8945174627396224,0.15946102546041196,0.01880382917085881
1.048893704502885,0.917976575938015,0.046031792224537904,0.004113051806478124,0.8891934580510543,0.8856890538874463,0.18234974133280205,0.02353486402890668,0.70950756711303,0.8366760828878308,0.35933585993691697,0.07014439805808947,0.9282522876717666,0.8944835719387807,0.16345841737312325,0.01928212979962069
0.9631055614411507,0.9018217791024153,0.05175104945165726,0.005633957931026664,0.8919323091136406,0.8863259912178966,0.18700741469028434,0.02398427069775025,0.7055821143741184,0.8354371914861818,0.3433796760915317,0.06763826707746261,0.9174967067267524,0.8921231841579315,0.15883476318525852,0.01920652753086773
0.9238477037029539,0.8935225123506443,0.05163070408576963,0.0061526235552335955,0.8836520733919565,0.8843908596117387,0.2000855894409658,0.02615554282130848,0.7103769499995053,0.8369494467934866,0.334463264110996,0.06515855939625252,0.9076851460473051,0.8899296087205796,0.1571579800891932,0.01943798722010185
0.9717817814782327,0.9035764489740906,0.056590420428989,0.006038945899937631,0.8267081813450128,0.8702945869733097,0.17904797424358504,0.02668463276512211,0.710878014383469,0.8371068312639354,0.3487361068360994,0.06786078834100463,0.9219279036815915,0.8931012133691206,0.15169414032572967,0.018156866542216633
1.1326799857160357,0.9313805579694795,0.05686561290894906,0.004189572774680483,0.976357070580083,0.9044904268640455,0.19660717007140047,0.020760713802236846,0.7170896688108513,0.8390477636462402,0.34389820600364396,0.06596905174241031,0.9154718601967436,0.8916736583052437,0.15611885368022874,0.0189663383360471
0.9548501336693547,0.9001258491334136,0.05167290961413911,0.0057334071402198915,0.7813859430293428,0.8580524523519697,0.18730845502073193,0.030986422532859336,0.7204156654468312,0.8400793197817865,0.3402996169656827,0.06478072360748688,0.9206195519495448,0.8928132561650757,0.1591250525809747,0.019103766807828663
0.9019470933297913,0.8886287106818495,0.056132399147675975,0.007035039033119797,0.8473689686693415,0.8755708020091166,0.17984352992162952,0.02555794019244236,0.7080811927716085,0.8362267828559538,0.3473378417422081,0.06802536936656552,0.9262042804769914,0.8940376616761267,0.15943831485427426,0.018896806459700356
1.0307026309060676,0.9147669850287644,0.052288155035830446,0.004871926046661036,0.9415180600470714,0.8973320013701056,0.18726973373459832,0.02142641601673403,0.69973971339438,0.8335793435720057,0.33581874699163733,0.0670448191238645,0.917430254224866,0.8921084574380035,0.15659680517505858,0.018938808089700977
1.0118605446709104,0.9113228522060188,0.06443484930908197,0.006269895066751437,0.9363780530009722,0.8962365082149271,0.19727183544519886,0.02283952314932402,0.7051165681810567,0.8352897634393341,0.3464286445897624,0.06831203553461816,0.9235541801468604,0.8934581936221404,0.15773325169628286,0.018809145947216836
0.920051743313245,0.8926880740086734,0.056682130154718964,0.006813879039381939,0.8999962341743437,0.888183369062622,0.2078719320493211,0.02616975268601303,0.713196033536902,0.8378333297597138,0.33840272793357196,0.06549947542067279,0.9148669839680048,0.8915390539449916,0.16714784638633648,0.02033451419755512
1.0395101467635615,0.9163349447674579,0.0710922181683623,0.006491004619680194,0.927975057889027,0.8944233080178331,0.19500720895128373,0.023018425223486284,0.7214152342909711,0.8403882876601306,0.3455829097087313,0.06563523169460504,0.9085936726586298,0.8901343593439671,0.15489881520490795,0.01911852676026351
1.1351164756775431,0.9317382454540551,0.05922218065278047,0.004338782892212028,0.978889607770627,0.904992998518774,0.21188770841691046,0.022244167480154675,0.7134834899324399,0.8379232401285763,0.3409382874091169,0.06594658113421309,0.9306628847755697,0.8950063071500179,0.16007365303739898,0.01877833019289125
1.3107923269903259,0.9533900857014292,0.05506316148856265,0.0026919613246261615,0.9145855145736334,0.8914763679053623,0.166279731421418,0.020242017676781295,0.7116143630185502,0.8373378965323597,0.341775349948788,0.06639362384801635,0.90987574892308,0.8904227271659305,0.15704563559804258,0.01932636256275581
0.9577446573370281,0.9007234220303921,0.054777859215909636,0.006037545242465076,0.8938246050879584,0.8867642476518885,0.19653996355706632,0.025097257471516202,0.7188810804241549,0.8396040356573065,0.35008134988620093,0.0668787110693546,0.9289128556982135,0.8946270432602217,0.15874460220246023,0.018697610615027702
0.9100413628579833,0.8904599290237502,0.04291830863002304,0.005279602619140353,0.8031642353731722,0.8640512368321155,0.20992586734299648,0.03302947881523711,0.7166568823875887,0.8389131404985976,0.3512074396280186,0.06743833270936886,0.9196658093348169,0.8926029155137974,0.16028971278708792,0.01928589692826063
1.0581845457803811,0.9195730347301178,0.056521436416191465,0.004943432910669279,0.9219374931646983,0.8931033214174948,0.19051223253609795,0.02280265272681339,0.7164710510653971,0.8388553076351167,0.34313089139286734,0.06591568466113032,0.9062778053096106,0.8896117824112125,0.15790785788562303,0.019594127820577945
0.8743721192361364,0.8821881201315522,0.04697881066302119,0.006273788857380072,0.8960157414090236,0.8872698735201168,0.22466621098200046,0.02854447235909988,0.7139995558711834,0.8380845539054939,0.3492390066074277,0.06747193858296582,0.9118556906731098,0.8908667565880054,0.16110047846889952,0.019735182170082917
1.1309095314913509,0.9311195591452309,0.05514070276114058,0.004079085094846275,0.8663418503798047,0.8802527520550955,0.2104816600599395,0.028633366355525037,0.7116875657245226,0.8373608530104506,0.3437968990197107,0.06677507575520747,0.9345680081195705,0.8958482779303683,0.16913297539925462,0.01966347547967518
0.9093522041952592,0.8903050504330393,0.05851784096921435,0.007210013703463967,0.892473150432725,0.8864514009574963,0.20398070180158367,0.026128587417492376,0.7126490195501322,0.8376621240936142,0.3401217795234636,0.06591517707343368,0.9086643813941322,0.890150280647835,0.15715432281438038,0.019393757022213468
0.9934974787434212,0.907845900814941,0.04798849272867304,0.004871241159639367,0.9248241628342938,0.8937362341306638,0.2011801748742808,0.023919991362090373,0.7116126794374166,0.8373373685280855,0.348038327368278,0.06761053824974356,0.9203860857635618,0.8927618005122083,0.15869387940017216,0.01906224693624143
1.0893617659431336,0.9247249889665093,0.05781582163665404,0.0047063577426121475,0.883481331195118,0.8843506565987583,0.1914234141426464,0.025033047685365507,0.7034952420960684,0.8347754980956218,0.3347407753808339,0.06625419409836136,0.9090966474897818,0.8902475689210482,0.1621088587520078,0.019985273724510606
1.0107433849832979,0.9111147510761275,0.05987798584239124,0.005841492161525069,0.8573336657435714,0.8780490687917315,0.20168169494657656,0.02801127110155937,0.7177111839335971,0.8392409339409349,0.34016798920037233,0.06516017753120067,0.9257604096435339,0.8939407994281026,0.16502110569977846,0.019578485017359076
1.1309615737245386,0.9311272442633034,0.0604479006650591,0.004471154208998157,0.8774741159124899,0.8829284436317205,0.22133385602085887,0.029347677253178165,0.7060488918565578,0.8355849030491643,0.3394445229488693,0.06679130265088663,0.929705535676131,0.8947989812896522,0.16272523805833738,0.01913151576116899
0.9788906429534476,0.9049932034618057,0.062127938138002985,0.006522232824993675,0.8645398492380441,0.8798146968791951,0.20976844938140277,0.028654993788478127,0.7083778163048046,0.836320299412647,0.33735427221915365,0.06602499820639945,0.9298409864017787,0.8948283367553854,0.16222408608309638,0.01906664803839438
1.0009934345039002,0.9092797791664443,0.059576842447681355,0.005944071810740494,0.8569631434979442,0.8779576839938565,0.20480400838544113,0.02846920297684389,0.7193221556218293,0.8397407601995757,0.3433422488885676,0.0655247076314038,0.9040509116641107,0.8891072303899941,0.15552598763870315,0.01939778119678805
1.0510550470246778,0.9183505189605435,0.06029565330167057,0.005360816702743011,0.9048912659704138,0.8892978679587373,0.1603128710480241,0.01995616683463784,0.7052564302175779,0.835334065751294,0.34709411399042517,0.068421220797521,0.9204621036867001,0.8927785571524226,0.15227195989383135,0.018287647159806925
0.9760959067658815,0.9044384649418704,0.05870625326045045,0.006202809695229562,0.8095893548355174,0.8657797431754951,0.1940733516296582,0.030086838256326673,0.7132760107826974,0.837858349013121,0.34155231463630387,0.0660969199134316,0.9315930016444294,0.8952073900333339,0.15850438884982648,0.018554458758574536
1.0198903253658471,0.9128057142016193,0.050495926358635035,0.0048235414897898985,0.8956437271294321,0.8871841667564357,0.196782607351327,0.025023207861503523,0.7115749159389472,0.8373255247866958,0.33664245376985746,0.06540244251538997,0.922138670454754,0.8931475376234227,0.15337386729801297,0.018349012559133196
0.8740800145550518,0.8821181977626487,0.06058927854745372,0.00809684390317558,0.7895090901611486,0.8603153783154093,0.19491348712901035,0.03164701852029244,0.698730653531075,0.8332567740490858,0.33994390172263417,0.06802626102891235,0.9242375196217121,0.8936078783934601,0.16332849779037362,0.01944573880656385
0.945119792056747,0.8980935262992646,0.04775263191073567,0.0054184805762988245,0.9189939084692657,0.8924545149791081,0.19649498833764106,0.023678684426220644,0.7169804744196371,0.8390138060655757,0.33891985843066974,0.06503041745332494,0.9162671778185164,0.8918504186309049,0.15082266910420475,0.018289399414791123
0.945390963091401,0.898150657634532,0.06448277269573184,0.007312278777659877,0.8628959858583296,0.8794138778992323,0.20331484446218248,0.027878737503872573,0.7081058215773351,0.8362345492194662,0.34889089449551686,0.06832565655606135,0.9103177914450827,0.8905219985036016,0.15498677962565705,0.019053592073291183
0.8483770626398042,0.8758234708207538,0.05495419363081882,0.007791548475544248,0.8511152446526589,0.8765075475346954,0.1884393555950569,0.026549501175281154,0.7187093897724449,0.8395507894599765,0.3405295023502803,0.06507967177642002,0.9173815708718682,0.8920976674659745,0.1581894435764609,0.019133566387013076
1.0407950920730926,0.9165614945909872,0.050834732211093456,0.004627702673080139,0.9133868449179788,0.8912090558261777,0.1951271988901614,0.0238194080978843,0.7117765324320071,0.8373887495885339,0.34422254146766745,0.0668440529149385,0.9081877963444939,0.8900429300854317,0.15517121591426095,0.01917005535381899
0.8617364584002133,0.8791304599994102,0.045573234860209796,0.006265754839044136,0.7933573992925911,0.8613768409070501,0.19927457528940057,0.0320696701393014,0.7106499823221404,0.8370352215023995,0.34947550390543686,0.0680403842290686,0.9295985280283257,0.894775785018378,0.16464606695810366,0.019362116672750798
1.1924334587229024,0.9396688803059171,0.06351004120819405,0.004077640515944592,0.9425891477696221,0.897558989628803,0.1798814320591055,0.02053038948980213,0.6988963498780446,0.8333097770493526,0.33885902953673386,0.06778330068599799,0.9241411912013267,0.8935867889799979,0.1556438751718915,0.018534925467668367
0.9984955078949493,0.9088042038003062,0.0515109109991413,0.005168966562758624,0.8711555611684609,0.8814161749543146,0.1930472196602438,0.02597215523408443,0.7183583084582222,0.8394418645610372,0.3407671093462487,0.0651777496517516,0.9268335082648556,0.8941748392081723,0.16009159514582075,0.018946763043264807
0.9110840427290084,0.8906938918907902,0.051356670533247675,0.0063024994698454,0.8470594683023354,0.8754931403497058,0.18906900144599537,0.026888146282739406,0.7043799908615093,0.8350562893372996,0.34742024892912354,0.06862385895351529,0.916051343360457,0.891802474228789,0.16356772683626655,0.019844779366652764
0.8463540272949154,0.8753159715304095,0.050695318385002956,0.0072212740614559495,0.8664733731194989,0.8802846703333134,0.18563625127990005,0.0252458162331128,0.7075436983875428,0.8360572174416799,0.3456271397447868,0.06777415927443543,0.9245176691455336,0.8936691912804172,0.1575303229182172,0.018743318889344055
1.032532225571097,0.9150948764639525,0.060617743782516,0.005624287881731721,0.9084981544558673,0.8901128485444036,0.1970638925798686,0.02432813979234806,0.7081758783754525,0.8362566390716022,0.3457120760441265,0.06769220667454964,0.9265279700368132,0.8941082485878001,0.15968210911377473,0.018911600726152077
1.0490387861092836,0.9180017258748205,0.05295922781593035,0.004730454374440519,0.890539409566737,0.8860024510392405,0.17721119702950666,0.02280088738588745,0.7280461071165082,0.8424256652066308,0.34116512554299827,0.063814375478397,0.9327683997379689,0.8954610140894703,0.1574086591322843,0.01837639086494177
0.8393435626365668,0.873543546699013,0.042056117502880866,0.006088153795103621,0.8357508574549865,0.8726268947818684,0.18793327358197215,0.0274317062344591,0.6992481132672872,0.8334222545549501,0.34996158841067476,0.06994751108602063,0.9242620193075172,0.893613241581433,0.15190411735655102,0.018084542488870883
0.8676071546407982,0.8805595146593042,0.058926284179698495,0.007992854389257361,0.796359486113393,0.8622001874429873,0.2020786389124626,0.032296906181958955,0.7024827175453631,0.834453684565284,0.34408069639130817,0.06826177720033284,0.9276781998201122,0.8943587436665745,0.15501774969441712,0.018310627528011218
0.9813670683401252,0.9054823488635958,0.05389124320862079,0.005625370534602055,0.8080652119941428,0.8653714009818432,0.19604504356180635,0.030499354992820343,0.7119282387478417,0.837436310029889,0.3357540601678421,0.06517680006182558,0.9201940709301739,0.8927194643977064,0.15663530998459607,0.01882329289270723
1.1289077241618064,0.9308233472888812,0.055734419212072846,0.0041420539924348415,0.9290989277115845,0.8946674258813708,0.21126795690343175,0.02487337426809679,0.7092095360484829,0.8365822868055175,0.3484296778640354,0.06806214052541583,0.9242736741805557,0.8936157928478942,0.15781896176449248,0.018788214415254675
1.1102012094777787,0.9279978044887288,0.06320008010668754,0.004903615614345974,0.8981457535778523,0.8877595040924724,0.18843050062128197,0.02382349356592567,0.705189863614315,0.8353129814913361,0.3397524885415576,0.06698426291533512,0.9171351259831181,0.8920430319095509,0.15297418835084908,0.018513265593368227
0.9273323512570271,0.8942834803476338,0.05509634997742418,0.0065131409593944594,0.8343810485038298,0.8722759066865393,0.2099574122435829,0.03074327733654682,0.7158861503869799,0.8386731702687714,0.3385919493938562,0.0651314095939446,0.9282906970692655,0.8944919189400848,0.15900185371321218,0.01875475911524034
0.9100386429121621,0.890459318131799,0.061816270313074594,0.007604386031750149,0.8506231494754641,0.8763848470880519,0.16575559110116436,0.02338002854346718,0.7146085110116407,0.8382747366919757,0.3316916676630968,0.063992054086682,0.9383779833919844,0.8966639778674396,0.16681819925143654,0.019224960024555378
1.1347540087078345,0.9316851433182641,0.06529590615920192,0.0047877552874600075,0.9132852438212844,0.8911863714851139,0.2138291939154605,0.02610849000482399,0.7239576213767582,0.8411719632778961,0.3346699110347495,0.06319155563920022,0.9288184383886551,0.894606546946602,0.15491557746453533,0.01825057920319811
1.0603614667807018,0.9199429761350536,0.0448071310034045,0.0038992912051243503,0.8233481069098726,0.8694187307889623,0.17009439944592608,0.02554711760716561,0.7193864246876536,0.8397606744586688,0.3463074480668127,0.06608081754237573,0.9261058565638697,0.8940161901731037,0.15977072492837965,0.01894049605906588
1.2113008395799505,0.9420852275554961,0.05350006913325037,0.003288921468025994,0.8962920200160475,0.8873334873701123,0.18469457836650596,0.023451041059968702,0.7081739069342808,0.8362560174824126,0.34550531872695084,0.06765202962566319,0.9275461669329741,0.894330016341329,0.15716367807025297,0.01856974829197936
0.9380844570925901,0.8966013365906851,0.047464981900757694,0.005473799209298049,0.8811766777343188,0.8838068121835825,0.18161971355981743,0.023877360072255664,0.7027570093675864,0.8345409130968477,0.33902691278638397,0.067216696683054,0.9251366895981717,0.8938045583090043,0.16307080063853227,0.019374901973509863
0.987428339397262,0.9066700699962116,0.05816858808574059,0.005987702069490457,0.8508833935752262,0.8764497501516471,0.17074290513026968,0.02406906794716803,0.7097511944740513,0.836752724894017,0.33724307700826167,0.06579484205077317,0.925670773299057,0.8939212293641379,0.15816005186331894,0.018768347046975428
0.8749000604307671,0.8823144045448932,0.04600302339748652,0.006136013617573154,0.7427603969061112,0.8468711737950742,0.17641073080481037,0.03189808435330037,0.7084234822503801,0.8363346927082586,0.3549062521152501,0.06945286536435114,0.922080625102703,0.893134781647271,0.1582184517497349,0.018931128583394127
0.9058963777665733,0.8895255045059165,0.06589179397730911,0.008183422127830511,0.8776421171121859,0.88296842343368,0.19845010534895022,0.02630323812534885,0.7122345142936445,0.8375322942836848,0.34117834088278165,0.06618307456518126,0.9189879001794208,0.8924531871346802,0.15466703686205668,0.018638453097178407
0.969181781238495,0.9030535878296216,0.052492121117247444,0.005635239013623425,0.9721759440372412,0.9036554949938047,0.20071180439652017,0.0213991720856139,0.7112682305667989,0.8372293135177706,0.34730851840170907,0.06752229651855385,0.9096382135655394,0.890369350257611,0.16048518724000838,0.019760445871211285
1.1303976626812549,0.9310439287437077,0.05529502924762391,0.00409532553642539,0.8323093616364492,0.8717435072260078,0.15681294957584227,0.02307132633329508,0.7127034538116053,0.837679167577767,0.34610285489057896,0.0670658954931389,0.9194754169142597,0.8925608824656887,0.16613143067014235,0.01999753143629265
0.9385969424158069,0.8967106839180728,0.06327693838776803,0.007288673824285498,0.9191019085960411,0.8924783807706116,0.19088482764860218,0.02299691084660085,0.7066530101739766,0.8357759179356881,0.335463222654483,0.06591616080879653,0.9344614930607651,0.8958253919362437,0.15964217859404686,0.018564623792961914
1.000365390933017,0.9091604177013831,0.049002213280588756,0.004896100291487255,0.9333265107292,0.8955812517492334,0.21794024595023967,0.02541036631923632,0.6932720719272315,0.8315031369007162,0.33799600794789514,0.0684919449511362,0.9203947845517703,0.8927637181039128,0.16590325836543118,0.019927835574836843
0.986527017985527,0.9064943051025365,0.053319603738604775,0.005499964612211974,0.8995210031559893,0.8880746479269551,0.1999191579784075,0.025196105074176585,0.7145700693940171,0.8382627363232149,0.34525640243971284,0.06661494466808686,0.9099536804417772,0.8904402343027552,0.16223954981381494,0.01996195407583576
1.033795979078161,0.9153206918437127,0.06519714098331499,0.00603160055424346,0.9253026467947512,0.8938408239087744,0.17760585142450616,0.02109379024976206,0.710502774776044,0.8369889799017873,0.3309056146552395,0.06444680049133521,0.926131277063385,0.8940217361066797,0.15795733706828516,0.01872442657223197
0.9137879224249493,0.8912985633256387,0.05951373851383949,0.007258206334562514,0.7540161664061341,0.850202017345322,0.17259926623209057,0.030410445237444638,0.7179772674765725,0.839323576844189,0.3353947648913373,0.06420650230099317,0.9230355786024016,0.8933444707470892,0.15313309921574347,0.01828241207933489
0.81346988798343,0.8668146770119841,0.0761752388549466,0.011704259352827116,0.8575380502048253,0.8780994525085496,0.21698634855599266,0.03012273223902125,0.7070267429803427,0.8358939984151247,0.3364342174441161,0.06605009047292074,0.9271656588493777,0.8942471879803603,0.1612746786562483,0.019072188321867672
1.2051155610374549,0.9413032574033096,0.06334208342659983,0.003949815255803604,0.9068980263848699,0.8897519487738781,0.20123405708135778,0.024934660344513766,0.7141838858711194,0.8381421410451532,0.3425130177421142,0.06614441751702288,0.9224130175545474,0.8932078096705265,0.16376692645625746,0.01958002224167814
0.8814493858286493,0.8838712806085418,0.04107022171590799,0.005396071076896983,0.9318875095005074,0.8952709890639158,0.19890012273599555,0.02326738315399544,0.715068696530175,0.8384183376044355,0.33997644734670995,0.06552094231929509,0.9264934097396194,0.8941007140084577,0.1544981725220552,0.018299108703014617
0.9054498443944765,0.889424424798792,0.04247062628004743,0.00528005955214708,0.8809437848756816,0.8837517315082208,0.2052634652006755,0.027000255347142278,0.7148156164621329,0.838339376699893,0.33722512665732457,0.0650285858961819,0.9325603003404356,0.8954161505254276,0.16195070245409796,0.01891570514762527
1.1060897888562204,0.9273626779158726,0.0684621351039934,0.005362417829119206,0.8249538255350042,0.8698379119339914,0.20123698120990122,0.03011299612377508,0.7047732634278986,0.8351809786050849,0.351452410521738,0.06935747323391464,0.9108081137647006,0.8906320199573591,0.15722528839730457,0.01930697731309744
0.808417316195007,0.865465828398096,0.05354295139863251,0.008323097660445858,0.7836694415679316,0.8586916575752737,0.20930094611027078,0.03444306172285912,0.7035000719692702,0.8347770319846674,0.340077249321844,0.06730967711684405,0.9286674233499683,0.8945737569641669,0.15438685347040182,0.018194615937252585
1.235363571235661,0.9450352284870911,0.055450744792406005,0.0032251046583887722,0.8628511475496929,0.8794029289468536,0.20733985704015423,0.028433586753645945,0.7170531723901509,0.8390364145302043,0.35308151275511374,0.06773635240609285,0.9182256499443334,0.8922846112745696,0.15593704638181544,0.01882450885678683
0.8080473553530284,0.8653666106913797,0.05990200221580071,0.009319529416835714,0.8807995034371443,0.8837175966352698,0.2012015579134924,0.026474748046196244,0.7071376691231857,0.8359290322768492,0.34966477447945815,0.06863003402487615,0.9363002321984278,0.8962198430568238,0.16100419174671343,0.018643907984665906
0.8274946693245686,0.8704988740567424,0.05179234728127098,0.007704969515826863,0.8434339820708309,0.8745803124001279,0.20717386439919444,0.029709885968617004,0.7082764256616719,0.8362883387977792,0.3413582456925487,0.06682423139815687,0.9130425628314988,0.8911321716197365,0.1538688744685612,0.018797851488472326
1.0559327980697766,0.9191887367030727,0.05817512125907054,0.0051145155001133015,0.8385427117600228,0.8733397054680235,0.1752449354521721,0.02541574029055986,0.7128090294590206,0.8377122194272897,0.3361726432341149,0.06512584022831171,0.9215504137984813,0.8930182009919967,0.1573860659442467,0.018854536732626628
0.9222918739952712,0.8931811990097878,0.05176744776552525,0.006191058104186817,0.874187616048463,0.8821439589822258,0.19331743325594894,0.0258275614895675,0.7153060796024394,0.8384923727504502,0.3329358313987232,0.06412899854912256,0.9170378895324577,0.8920214684026823,0.1648945335171213,0.019960359955782783
1.05894393181678,0.9197022600433883,0.05436831111927554,0.004746810677544482,0.8350493747462645,0.8724472558909301,0.18701311071649693,0.02734152155926389,0.7091064394125719,0.8365498302314234,0.33448542535554965,0.06535378716693392,0.92521545727718,0.8938217722836486,0.16247218990468026,0.019300278547923898
0.9656130159230889,0.9023317871598784,0.05850250208227731,0.006332299167954633,0.951471360566226,0.8994242599314185,0.18468962344834053,0.02065242888013812,0.7052959986014637,0.835346597586859,0.3482773481723969,0.06864821204236557,0.9098144638564426,0.8904089578931967,0.15915744249453473,0.019589010001988153
0.9677397204445644,0.9027624988663058,0.058824610746521074,0.0063360608812806415,0.8954470853457241,0.8871388403313493,0.20430063052629643,0.02599097800026687,0.7061742090330801,0.8356245414853338,0.3516126215555433,0.06916561567830717,0.9247987663842135,0.8937306802918454,0.1634979503299693,0.019440773757000013
0.8325277129541874,0.8717997100858463,0.04278678754038709,0.006291902261165907,0.8325437973489577,0.8718038493215726,0.20252696580373108,0.02978098507459455,0.7036790104805867,0.8348338518909291,0.33883703109525753,0.0670365811543887,0.923387899681832,0.8934217420188667,0.15617535950670616,0.018630504467228953
0.8513629369039964,0.8765692682463736,0.05357908764171738,0.007544533254672674,0.831151812484703,0.8714452070715056,0.20478633733265136,0.030209891541951663,0.7115334182564875,0.8373125090943468,0.340096469881259,0.06607979786507365,0.9257919319303344,0.8939476808485729,0.16009963508421046,0.018993211750222984
0.9464823851730546,0.8983803154792379,0.03845771840561979,0.004350118924503202,0.9258586441482828,0.8939622430508493,0.1916520318009237,0.022732896970640074,0.7209777447356063,0.8402531186819151,0.3350699539058162,0.06370268550007187,0.916777855740252,0.8919637837688735,0.1569324117506309,0.019007928660427047
1.0258899140790776,0.9138989832327362,0.05711546209370843,0.005381009772004583,0.8502842438876307,0.8763002824987276,0.19743502598510443,0.0278701917903915,0.713400838103831,0.8378973924784401,0.3384725845331797,0.06548210916983109,0.9232955883696282,0.8934015010142047,0.15890414658794985,0.018960057140787048
0.8492318964493546,0.8760373813625453,0.06161821759910036,0.008719211955860442,0.8575563975663851,0.8781039745207894,0.19565476525161654,0.02716026682746257,0.7117373700877427,0.8373764702409299,0.3416834411020523,0.06635697231408198,0.9264211171057766,0.8940849517769983,0.16363227438852965,0.019384198557704006
0.8110225522339699,0.8661627644292875,0.05260704909691045,0.008128705494864346,0.9225435576080925,0.8932364778524186,0.20319402353301422,0.02428663648385775,0.7058373762380813,0.8355179822087181,0.3411566571051601,0.0671608948442327,0.9282501651302509,0.8944831106582025,0.16252459798893146,0.019172066880837016
0.9937262972353803,0.9078899705338238,0.0471717766405507,0.004785815327135098,0.9044622379793176,0.8892005772047197,0.20406684479869572,0.02542788342133964,0.7203596380072002,0.8400619873124396,0.3536637833431457,0.06733346291317072,0.9339193094728804,0.8957088286169762,0.16209410805670033,0.01887330331400434
1.2289737181543883,0.9442659489838815,0.05425214582962181,0.0032021612837525473,0.937534478954628,0.8964838756321403,0.213552872602358,0.024658743252723426,0.7106106047615135,0.8370228530531119,0.34867047639930016,0.06788980642630611,0.9225821969449678,0.8932449622205103,0.1636403502761371,0.019557268739082315
0.8768725394211943,0.8827851873095517,0.05873957853471714,0.007799347785214304,0.934526534372196,0.8958393673436277,0.174285740093398,0.0202644733117081,0.7045880034586381,0.8351222503231907,0.347530462744673,0.0686127577361361,0.9170411949188529,0.892022201479274,0.16063734655719047,0.019444882664009976
1.0364882304778908,0.9157999436776085,0.0662679632483645,0.006092778533568809,0.9074965410668238,0.8898870617586793,0.1774707564454022,0.02195989500678054,0.7138926437716046,0.8380511455722459,0.34154153198492476,0.06600105511065177,0.9041287605211366,0.8891249027687208,0.15990871191973197,0.019940836126643487
1.0569381348728406,0.9193605205977704,0.049249003780525186,0.004319756979947069,0.9351477054556665,0.8959727547362307,0.18430798224401984,0.02139914586868608,0.7126893219538701,0.8376747430014164,0.3454310139300433,0.06693788798092098,0.937139230878106,0.8963993880954733,0.1645947572176243,0.019022901834251045
0.8941480744065508,0.8868390155925286,0.060207002558768846,0.007682435659668584,0.9448510683549551,0.8980368825517366,0.20617187931447084,0.023408757428021877,0.7203605120484381,0.8400622577147162,0.35366235296283344,0.06733305507386068,0.925185723774989,0.8938152745805115,0.15571673140290485,0.01849905549555287
1.0097596226458199,0.9109311339890589,0.055876930037893784,0.005463524748411625,0.8854007480167889,0.8848019041419009,0.2038662971551383,0.02654267484278258,0.7140801410164496,0.8381097318083824,0.3414444884339121,0.0659538216861484,0.9123595516669345,0.8909795021087321,0.1591719925343589,0.019476328956357147
1.020274675322978,0.9128761267786439,0.057172587808289675,0.005456487628308964,0.9054713169931958,0.8894292873052776,0.20436723395669493,0.025406213886326502,0.7134929474315136,0.8379261975538645,0.34715928025880577,0.0671484252076882,0.915641395111302,0.8917113589216829,0.1568726578599556,0.019050477233508414
0.8277374978613643,0.8705618924317216,0.06392268313893545,0.009504242269413876,0.8262068935930953,0.8701642364493811,0.17306864740319702,0.0258232860430527,0.7172175155635031,0.8390875144342496,0.3346796245326831,0.06418177999952371,0.9181488089763246,0.8922676045837823,0.153896325118118,0.01858144312934213
0.8214584826678156,0.8689239658041319,0.06836359496841027,0.010312558134518895,0.8396466621240768,0.8736206216440706,0.1881541351243668,0.02721868285041803,0.6952715094346504,0.832147181814791,0.34455005976435765,0.06949936237385652,0.9234936799945882,0.8934449321953402,0.15620923217029997,0.018630006982882502
1.0473981082442856,0.9177169041921847,0.0625792715556011,0.005610898277530795,0.8253569462292067,0.8699429688206638,0.21725814348009245,0.032480231639621375,0.7162772621442367,0.8387949804084942,0.3370199587844838,0.064770665451673,0.9314693477491374,0.8951806767866268,0.15663945531759857,0.0183413718824224
1.0675821541053616,0.9211589462515191,0.04365278017967179,0.003736196888084509,0.9797291869093934,0.9051590864718582,0.1938912503299444,0.020315570578959517,0.714692584893377,0.8383009796383206,0.3349572665131477,0.06460956526803761,0.9206938319150056,0.8928296228194573,0.15342414009666233,0.018416193350346118
1.00421978919919,0.9098907337982635,0.05615109292250593,0.005560814712939313,0.8236035116182964,0.8694854821480177,0.20380376925473287,0.030592058437808343,0.7180837871011458,0.8393566511508282,0.3383274800588988,0.0647520447116782,0.9271994864889826,0.8942545538419646,0.16148762071678147,0.019095883189333456
1.1121218035585174,0.9282927365751824,0.059081583407477885,0.004563839075791616,0.93362652223966,0.8956458347770965,0.20369663021575493,0.023733255913788526,0.7120961084000121,0.8374889246656442,0.3418433746789293,0.06633321680901845,0.9235369103508291,0.8934544082900748,0.16872022305121806,0.02012010443020418
0.8995213007480536,0.8880747160375793,0.06342708469077331,0.007993803152732595,0.8759306808666074,0.8825605926530365,0.21633511429457308,0.02878699527555307,0.7061284999317764,0.8356100843623376,0.3378958294950548,0.06647438553520833,0.9187781019358376,0.8924068122479859,0.15819249659610227,0.019072506791324845
1.0345841316180875,0.9154612477881289,0.05872411374010332,0.0054229092846159324,0.8011762916850944,0.8635126470855031,0.19579487786878524,0.03094746172476336,0.7175127163248283,0.8391792695019503,0.34453894441458105,0.06602761381208201,0.9284706341377683,0.8945310145048352,0.16344445557995244,0.01927079177279207
1.0850142591199197,0.9240252014807806,0.05917955010776468,0.00486583524853027,0.8243797062516436,0.8696881667092585,0.21842405118765887,0.03272809684504997,0.7038595592675533,0.8348911672344079,0.3487507613197858,0.06896926615999814,0.9201204894977493,0.8927032370044641,0.15683075215023676,0.01884997314487327
1.0409885609483074,0.9165955569191377,0.05677502573022144,0.00516617101859735,0.9334339966249586,0.8956043941348224,0.192241832620977,0.02240855752889237,0.7063452777079507,0.8356786389518632,0.3385512874099442,0.06657009733020763,0.9365534638696822,0.8962740633987784,0.16186893542051498,0.01873311704398304
0.9924856959086269,0.9076508074757632,0.04697075138338051,0.0047790526122874636,0.8745975436670532,0.882242056388723,0.16895822494881998,0.02255183028524565,0.7130058447134857,0.8377738205527461,0.33898621912026683,0.06564115261666646,0.9237633080158617,0.8935040225406669,0.16086176104283356,0.01917297521434105
0.9578048990438149,0.9007358250397454,0.06719072821122879,0.007404648527854463,0.7878710183283779,0.8598614941607519,0.2143244990886376,0.03493017802401078,0.701774449135911,0.8342282750903587,0.34368388679729905,0.06829434153603482,0.9227598111590045,0.893283954849261,0.1592079145459748,0.019019751675613907
1.0752865811567955,0.9224377355660726,0.062002918642831084,0.005213454075032342,0.9401201248418263,0.8970350766145326,0.20746990149580444,0.023814144027598103,0.6986131548877728,0.8332191803769473,0.34406010580080265,0.06886858559724018,0.9021417619786238,0.8886730643596049,0.15940578256110907,0.019969275549805952
0.965030559185432,0.9022135284330997,0.0532151774477158,0.005767730445647466,0.902056093294275,0.8886535473464502,0.1787693145922969,0.022399425605846884,0.7022166033922782,0.834369021416704,0.3368320804036392,0.0668646913577577,0.9328028444349014,0.8954684382849868,0.16398406876816635,0.01914250695149927
1.0849641172892872,0.9240170957811,0.05580452099225044,0.0045888648520635835,0.945534459360112,0.8981808784782596,0.20669708271529633,0.023431489010136378,0.7214638026613035,0.8404032878734662,0.34324743463062957,0.06518437374457751,0.913732798715427,0.8912862653342517,0.15537168876594423,0.018951303530673806
0.9690290160936178,0.9030227881073072,0.04957174344929447,0.005323597069403272,0.932395955358168,0.8953807078360593,0.21168853821915046,0.024734400500129837,0.7072848766477592,0.8359755156241333,0.34537344741426373,0.06776478565517062,0.9027819060369767,0.8888188070778585,0.1561862174107072,0.01953713156319187
0.9420463194551107,0.8974440073691711,0.06068305907036148,0.006934595704839433,0.8719527200402875,0.8816078929935598,0.18857378035550923,0.025323783237296275,0.6948352598169556,0.8320068279361296,0.3387537269866265,0.06839885351194547,0.9282505180497689,0.8944831873564343,0.16168132111470732,0.0190725749898602
0.9375728738380134,0.8964920796066995,0.06607017331096483,0.007628384449802569,0.8755453532625739,0.8824686003267961,0.18067280677523026,0.02406287074159409,0.6920442149089852,0.8311066524705242,0.34626933381843333,0.07036712648316924,0.9369918611641953,0.8963678709977669,0.15951031848163694,0.018441528792945163
1.2354209955713633,0.9450420963013012,0.061213286988605044,0.003559792674386851,1.002808571054822,0.9096239576586362,0.19233737162397777,0.019109754415943633,0.716158337313016,0.8387579496245409,0.353641773248293,0.06798376652345661,0.9170509544810328,0.8920243659530602,0.1595833473942339,0.019316863726940164
0.8926242431808815,0.8864864146271288,0.045030445995111586,0.005766097812107561,0.8476900289647424,0.8756513204354135,0.19959240746684384,0.0283435332539415,0.7198696453136064,0.8399103399240571,0.34702598851289324,0.06614428933399054,0.9244500951419711,0.8936544050372554,0.15341504635916176,0.01825651425130274
0.9044640506772401,0.889200988427963,0.05076879552374195,0.006326052755157467,0.9277538493773675,0.8943752001698589,0.21601268153363928,0.025510877586307636,0.7111494242628762,0.8371920300878551,0.33788159111933397,0.0657075246106337,0.9110300781841506,0.8906817937622021,0.16340721913366804,0.020055854073928202
0.9182735991607958,0.8922952223536158,0.05852981906616109,0.00706486036266787,0.7973304876271969,0.8624656116937216,0.20017633286568104,0.03192142286114969,0.7176141156650927,0.839210776948065,0.3345292841746919,0.06409439102555452,0.919377162239075,0.8925391850621753,0.1588423679373361,0.019124460405635695
1.0212038128189695,0.9130461315398796,0.05003099067604265,0.0047646970201133945,0.9540975647083241,0.8999699587078734,0.2036667097712041,0.0226371882651452,0.7075250297112794,0.8360513254274184,0.34109809552262765,0.06688893248459006,0.9303966185567463,0.8949486801193278,0.15439153486339577,0.018122865451502733
0.832201026338794,0.8717156143033014,0.053921021776497775,0.007935185559644653,0.9085619263879178,0.8901272104600176,0.21762837660933212,0.026862943341286853,0.7177886015036897,0.8392649826126544,0.34061948615205984,0.06523503322953317,0.9238335749234122,0.8935194171472586,0.16053593179049938,0.01913104433749882
1.060587138113309,0.9199812372536275,0.05157696856856317,0.004486097154965317,0.8871181199759357,0.8852043528101802,0.19148486442972337,0.02483226485441682,0.7058554470137747,0.8355237004259136,0.34900183038986854,0.06870245521203908,0.9259828586958817,0.8939893523895444,0.1643370795612461,0.019487346447843914
1.0608337033332447,0.9200230217098325,0.05236414074195438,0.004551979296691334,0.878334114001061,0.8831329753843356,0.20476127419184698,0.027096531936087246,0.7124057949413584,0.8375859523206529,0.3396498284154747,0.06586058812676286,0.9224666376075553,0.8932195861058027,0.15532832233202334,0.018568807498294294
0.8091299141471439,0.8656567619901694,0.061504260006191476,0.009544985730411378,0.8158245296891543,0.8674393593456853,0.1912493774872469,0.029226411888401752,0.7085275641217686,0.8363674941185589,0.3407197369070426,0.06666067816531078,0.9324605227763543,0.8953946337302441,0.15741608976746063,0.018390290835536633
1.0934728720652038,0.9253812732123313,0.051979957024890694,0.004191437976922525,0.951570028326448,0.8994448098157868,0.186264720333476,0.020823828403187934,0.7086566225475638,0.83640815954835,0.35053016974941753,0.06855967980286258,0.9356528302250054,0.8960811115527142,0.1623680236204605,0.018829885282129723
0.863300977259883,0.8795127328608168,0.05103461466608546,0.006991395372545447,0.9006923161996102,0.888342448824121,0.18333274026101112,0.02304346128568361,0.7112454494441592,0.8372221649487624,0.3511685007428231,0.06827631981363509,0.9156651247526999,0.8917166349214943,0.1605320748338656,0.0194938084423824
0.9448544416237721,0.8980375937694697,0.05230883061849082,0.005939099068870061,0.8056836324229295,0.864731237946365,0.1838903151309963,0.028765718398813696,0.7083939242351955,0.8363253765332003,0.33948498335220456,0.06643954420364172,0.9187954575124557,0.8924106492813644,0.15645564511608614,0.01886234917508003
0.91698195415459,0.8920090622558561,0.0467232750379576,0.005656545991882911,0.8682502585955495,0.8807151694145201,0.20921104425574988,0.028335726279414986,0.7041790065546242,0.8349925369154613,0.33461620648934376,0.06612534711237654,0.9150640368331083,0.8915829206534693,0.15303154698307372,0.018608738444233542
1.0046188020789386,0.9099660342786966,0.05681600350521675,0.005621495659521998,0.8813315088450473,0.8838434182028451,0.21018521054120912,0.02762298739569164,0.7012928172130137,0.8340748532190317,0.34737473870617336,0.06910435470554378,0.9152863096003117,0.8916323829583556,0.16084061304780423,0.019548318671061396
0.923481104480955,0.8934421755031975,0.05487079965851527,0.00654425456993703,0.9003918019698003,0.8882737948084615,0.18216217807477791,0.022912179785860718,0.7023829210198466,0.8344219387677271,0.34743354294940454,0.06894278514965507,0.9263140173453921,0.8940615966169478,0.16204899898324507,0.019201375259899393
0.8906811657982003,0.8860354145580823,0.05397979997663698,0.006943046999586717,0.8228838348084964,0.8692973165401754,0.21808477180623073,0.032790006772648886,0.7249532435615242,0.8414780062949854,0.34415969520249445,0.0648345894108661,0.9343136147461022,0.89579361119969,0.1619371534860316,0.01883791731309761
1.2885528676742288,0.9510609555862316,0.05274631217150576,0.0027141836691557523,0.9179326887878706,0.8922197595082674,0.23178152541692856,0.027999232571071182,0.7150946783502429,0.8384264421619237,0.33284741818570873,0.06414318402793961,0.9132762710671707,0.8911843679507561,0.1569907141169495,0.0191689221634125
1.0279436486999607,0.914270361488023,0.04591674176839537,0.004305537879457882,0.8375447594179704,0.8730853027580457,0.2051005452840666,0.02981412414876108,0.6972841005361344,0.832793477538412,0.3521224203694095,0.07069839879721046,0.9272508320653696,0.894265733314496,0.15200362308945753,0.01797227716792245
0.9821480570826976,0.9056361419076293,0.06526538424167376,0.006800406004063282,0.9253986187542849,0.8938617910865979,0.1731499705116067,0.020560032800115383,0.7100482395480138,0.836846132250945,0.3370602444486122,0.06571421008819622,0.9302300055311431,0.8949126064692547,0.16452037862645097,0.019319224746152927
0.990603924306205,0.9072869748814544,0.0472819492971109,0.004831605296008589,0.8923301506024652,0.886418254037221,0.19989235442760836,0.025613329280045536,0.719194647025731,0.8397012447630511,0.34618086280663024,0.06608583914915453,0.9235924692955082,0.8934665857216578,0.1604580410330326,0.01913238081070068
1.087008746467332,0.9243469782561187,0.050018432366783744,0.004093750118140876,0.9905471146553846,0.9072759709880572,0.18488681622138742,0.01889551917986739,0.711671539826357,0.8373558274880243,0.3461394934378513,0.06723255471070202,0.9190290705663656,0.8924622855858686,0.1666353806453364,0.020078818191588587
0.9483352633447493,0.8987691478759382,0.05266509066523969,0.005931814657671243,0.8404546806032035,0.8738258957460108,0.20475825989573102,0.02956560357929554,0.7186936892569153,0.8395459195661646,0.350355503473751,0.06695997065159193,0.9181700795079949,0.8922723124827291,0.1629264856297119,0.019670781314918902
1.1557626879679668,0.934700509675319,0.06100748630324081,0.00426206867371388,1.0076756841301524,0.910541040748862,0.18163890301561886,0.017845683495970373,0.7141258361335813,0.8381240073192698,0.34335948690729734,0.06631674704945183,0.9231447764660058,0.8933684253627238,0.16185161085436242,0.0193184487306825
1.199051022675606,0.9405269486584918,0.05569991098290646,0.0035221145660193783,0.9164873023718899,0.89189929678352,0.1931603321802427,0.02341157551924974,0.7096383269616633,0.8367172218389733,0.339578802663752,0.06626775313847111,0.9171664371232411,0.8920499747754885,0.15196231985306546,0.018389481223226714
0.9022004575825591,0.8886864346463877,0.04886348076133096,0.0061204582933638,0.9086254471841053,0.8901415141822747,0.18417545301017846,0.02273035924077647,0.7124172412315727,0.8375895376540988,0.34499064311470173,0.06689444809709094,0.9282621939923384,0.8944857248028442,0.15667077456752931,0.018481014022569763
0.8221528021751741,0.8691059459280996,0.043416037037205306,0.006538789805961952,0.8614833085002709,0.8790685073874954,0.16202641490574868,0.022289612279976737,0.7039344549456664,0.8349149382390766,0.34014983893904216,0.06725674029459082,0.9078461934674334,0.8899659276325739,0.15875067581995703,0.019627699004183315
1.0091495188403885,0.9108170875832555,0.06923351612734473,0.006779019288572425,0.9395524811489564,0.8969142908916763,0.2070727862856727,0.02379964867108246,0.7094093428736441,0.8366451746265992,0.3425647720836925,0.0668857123903041,0.9174154407479079,0.8921051743421508,0.1560853119590954,0.018877592021586717
0.929384266361817,0.8947293255037014,0.05724860030211412,0.006735666973226562,0.8828539838769984,0.8842028368290966,0.1432115496743606,0.018755301945276626,0.7067263030817681,0.8357990801313874,0.3383993354389772,0.06648186565756016,0.928001020854657,0.8944289531082842,0.1658768626056105,0.01957874236911866
1.1196736207361202,0.9294416359456993,0.06330248646299282,0.004805594792247118,0.9078793357759263,0.8899734004795006,0.19236811604701282,0.023782294676912844,0.7246602397906765,0.8413879899773944,0.3384591354425107,0.06380372007032367,0.9137721056093592,0.8912950347500967,0.1550892808634709,0.01891514507496728
0.9548194705780457,0.9001195016696886,0.06408935369396994,0.007111585264786693,0.8082096609586064,0.8654101461194817,0.17964268486834506,0.027938293554275507,0.7104075980839998,0.8369590768802809,0.3414241424368901,0.06650995119828484,0.9182060781418098,0.8922802798042019,0.15736314205416568,0.01899752131127007
1.0818196317255626,0.9235071844616705,0.06402159268426966,0.005302819471320702,0.9170705463351374,0.8920287109155014,0.16191603740225327,0.019598341474718752,0.6985479903092261,0.8331983280581581,0.3459171295695339,0.06925068572808459,0.9265108648081061,0.8941045194919333,0.15830606645211248,0.018749370581209374
0.9308398919159069,0.89504460072053,0.05759064858423651,0.006753238343716358,0.8983983781113084,0.88781745205381,0.19122056403563525,0.024162185642555924,0.7131775215538726,0.8378275382189356,0.3458298814049821,0.0669398899732083,0.9338817106738497,0.8957007410304471,0.15996822334449298,0.01862739014183689
1.001755901623499,0.9094244984416872,0.05607652669958427,0.005585026068866835,0.959811159270887,0.9011481018600654,0.1957521044393917,0.02147312639152115,0.6975692520165149,0.8328848861152139,0.34448226530511566,0.06911902707979985,0.9344209395996312,0.8958166773873627,0.1686376866190393,0.019612533404625397
1.1575153677170475,0.9349463984579471,0.05796353320345815,0.004033104570707563,0.9295018426318815,0.894754822442057,0.17608560988966596,0.020711999324749864,0.7117262668354924,0.8373729886817824,0.33941188088590435,0.06591750694187438,0.9340979043790709,0.8957472372176546,0.166378637028791,0.019364204384364498
0.9730214576997257,0.9038248604603109,0.06145026584085519,0.006538864054906987,0.861109883283143,0.8789770701670013,0.19033755606263278,0.026206836871837724,0.7053088879136742,0.8353506796388074,0.33382192596922317,0.06579698152189492,0.9176137852263315,0.8921491259439223,0.16090959162798016,0.019452174077649688
1.1722681775656825,0.9369822101301211,0.06184870490431639,0.004159704044800479,0.9292262072637976,0.8946950410956246,0.20345686966715437,0.023946726331327304,0.7063607681277125,0.8356835368190006,0.3425884911206862,0.06736153903634787,0.9382661598386498,0.8966401176280897,0.15958827187836974,0.018396483366057204
0.9083082035810224,0.8900700604373187,0.05386626553490204,0.006652864283301137,0.8623900376420816,0.8792902819154284,0.2251844489810537,0.030913512764317086,0.7240743111048654,0.8412078571624089,0.34498674832563303,0.06512205580436421,0.9210166679391103,0.8929007301226696,0.15853434690734572,0.01901545404932475
1.0308834077453075,0.914799434067106,0.04424517727567695,0.004120809440085827,0.8932772234252895,0.8866376255904074,0.1964440491371056,0.025116646537516312,0.7139903585329479,0.8380816801019662,0.3376542341500161,0.06523517647274686,0.92277853156444,0.8932880639125631,0.1620144942662788,0.019354205049664498
1.1276607431578054,0.9306382331460618,0.05123037591737562,0.0038182714438972716,0.9197693805047712,0.8926257749071641,0.21268848516687688,0.025584362364326374,0.7048286956843516,0.8351985476273038,0.3391589468607129,0.0669228738323686,0.9339373833997139,0.8957127161622234,0.15691114165570308,0.018269068275898186
1.0281663594977875,0.9143105470766266,0.05514042198939128,0.005167776538663176,0.8876367338299337,0.8853256439246409,0.1934411122463289,0.025056017678436567,0.7074874932368842,0.8360394780388742,0.3427712224514917,0.06722284057474437,0.9267336799333865,0.8941530861544169,0.1648937235811447,0.019519578944400862
0.8991222351024055,0.8879833483558156,0.06128503202315503,0.007730937855818495,0.8411456141903341,0.8740011985371557,0.2019026649491397,0.029106932391311045,0.7001205956056531,0.833700971550781,0.3333566447764696,0.0664949280919023,0.9336557117697544,0.8956521164792774,0.15639346407293023,0.018220608953210694
0.991558902812548,0.9074717764966238,0.06415275478943686,0.006541184626623351,0.9155334790470312,0.8916873622360993,0.2027650917357449,0.024629733315119882,0.7008211377916977,0.8339244914529635,0.343532986602483,0.06841436609360886,0.9138482077663622,0.8913120114685124,0.15114944220410326,0.018431400709784673
0.9869178726438793,0.906570561317126,0.05762749637284019,0.0059389802278505864,0.8943921877258029,0.8868954123635011,0.21201488158858228,0.027037974738163842,0.7095306564256652,0.8366833477279518,0.3436978382582356,0.06708820067938784,0.9378339964398263,0.8965478593690237,0.1600816850033429,0.01847173334512751
1.1083412509484314,0.9277111176462721,0.06022271553809358,0.0046926599409528565,0.9344591356440655,0.8958248853676966,0.18995926376373887,0.02209028617231698,0.7219136536028882,0.8405421688824163,0.3364582532699759,0.06382892532253935,0.9193978756962347,0.8925437594983249,0.1589707883659841,0.019139009248126556
0.9888343485064595,0.9069436612805252,0.05364412523254809,0.005504119055092968,0.8387832432778488,0.8734009576519117,0.21681442093819792,0.031427144449010985,0.7184282273445836,0.8394635620460965,0.3468889727856191,0.06633798365322485,0.9164084735794761,0.8918817952624245,0.15452564738204297,0.01873234286158098
1.0318422461373884,0.9149713561842113,0.05763184043484771,0.005355749335388421,0.8937296185433277,0.8867422839135943,0.18742825511912486,0.02393896906682382,0.7158871999734666,0.8386734972575982,0.33969527992413756,0.06534348788588216,0.9240635699568914,0.8935697924944974,0.16262324239220685,0.01936952835514166
0.9390429961594873,0.8968057736596265,0.04929682824655895,0.005672519291639498,0.8283276470026351,0.8707149379361392,0.19444217761093882,0.028871066643060408,0.7159466236295977,0.8386920092673589,0.32723781803674085,0.06293856902887593,0.9206109743427541,0.89281136605586,0.15879395390167383,0.019064393268761578
1.0530518822715547,0.9186946188149374,0.044268438319309274,0.003917800516412859,0.9743389572303806,0.9040882395059502,0.20994449858844308,0.022272324299519457,0.7057055542764916,0.8354762643592626,0.3409996659849098,0.06715036835080743,0.9274275358513228,0.8943041990660199,0.1561154502569171,0.018450933776567955
0.908283980606704,0.8900646029493362,0.055197706116718176,0.00681768684893166,0.8672879017262546,0.8804821785489744,0.18091454464228732,0.02455758080201485,0.7178815662227758,0.839293856942572,0.3467515476418406,0.0663952242230306,0.9179263574320722,0.8922183575797267,0.1636032931265556,0.019763583083382028
1.1029167579405756,0.9268689864169175,0.06842712829749675,0.005398977981041905,0.931845368930378,0.8952618908893313,0.21052099662670518,0.02462918542513976,0.7063960621797762,0.8356946958963506,0.3492842416375078,0.06867251141196799,0.9278539911471617,0.8943969811342365,0.1600922602872017,0.018902373710980483
0.8307777405495854,0.8713486824479841,0.05221197542274639,0.007708899508814916,0.9006254105788787,0.8883271670847286,0.18804446322564025,0.02363932872992491,0.710097143378601,0.8368615061873664,0.340709974396811,0.0664182922013767,0.9370667516873381,0.8963838884549076,0.16401633361429802,0.018959214838510683
0.7418768072552959,0.8466071475719924,0.051998481136254736,0.009421365466012433,0.85900706684447,0.878461059045862,0.21401287417841225,0.029609619926063726,0.7116788279689337,0.8373581129744406,0.3368283774376407,0.06542290814573787,0.9206563896891871,0.8928213731716974,0.1572340406296052,0.018875140169954042
1.1408709726422859,0.9325761812594622,0.05246269636173554,0.003792971985791475,0.9598797377876754,0.9011621674338013,0.19050539245192505,0.020894286025943842,0.7064604876418382,0.835715064011073,0.3396339559280765,0.0667652709782563,0.9350364292714951,0.8959488709114043,0.1604542965373353,0.018634378884637277
0.9069824283072109,0.8897710110607221,0.0544339323189627,0.0067435297946550725,0.8699363545427437,0.8811224340263836,0.2023329154363826,0.02729795948278231,0.7170749567392978,0.8390431887820635,0.35126864836597727,0.0673851862189516,0.9161069381661778,0.8918148255701824,0.16048384702688015,0.019468136754365782
0.92091151000785,0.8928775727797316,0.05640854396808846,0.006767579710856452,0.8111579798627016,0.8661989095634594,0.1973208667543507,0.03048000504978843,0.7077161061935714,0.8361116229629361,0.3367521018043374,0.06600764050254027,0.9172199960639538,0.8920618499117942,0.1541716925970601,0.01865454429705704
1.078264373589883,0.9229268830696258,0.05188006909411213,0.004332476066085879,0.9398225867655852,0.8969717807847378,0.19524348810872028,0.022426111193396797,0.7060063523214207,0.8355714458406535,0.3413935504535731,0.06718138607995476,0.9152351451420235,0.8916209991005265,0.1536794902593317,0.01868016750373652
1.071766925912853,0.9218559132749227,0.0532091634463516,0.004510446180411376,0.8775713693773299,0.8829515888046552,0.20323943213214443,0.026942420088418552,0.7154388657880805,0.8385337742231295,0.35548864582906614,0.06845211452779985,0.9095476974358587,0.8903490042506439,0.15273624367885152,0.01881024309169407
1.0400336112782054,0.9164273046456834,0.05507240514521479,0.00502227434112737,0.8220337961427221,0.8690747698679574,0.15851603160477848,0.02388027893230288,0.7054856812214072,0.8354066619717798,0.34489523501334846,0.06795188569227874,0.923661048423266,0.8934816152317112,0.15118113421244236,0.01802339292630103
1.0088719611955086,0.9107651602848181,0.051676110247925844,0.005063115736262532,0.8377301078904331,0.8731325856622191,0.2128475928708873,0.03092705987495549,0.7066986976006957,0.8357903564910295,0.3420343951669858,0.06720028014439038,0.9276322924026092,0.894348756047509,0.1617642632038401,0.01910954257942303
1.0497051262229413,0.9181171459437568,0.052222794370065224,0.004657522701438802,0.7908330990987006,0.8606813401132768,0.1682769617142754,0.0272390252968151,0.7060602577318613,0.8355884984477161,0.3397564456971471,0.06685092901937564,0.9208300280847872,0.8928596262166277,0.15670000180678267,0.018803512077900188
1.0442707060794931,0.9171714915116397,0.045367790722917724,0.004097103402983011,0.8999881757454565,0.8881815262624919,0.16376456328243721,0.020617298352949308,0.7083323802287657,0.8363059775584698,0.33768950358202476,0.06609752251084496,0.9123988923566704,0.8909883008014534,0.15777190824227513,0.019303265584763484
1.1554050075495301,0.9346502234992327,0.06114986025293196,0.0042755349542646665,0.8852340490497617,0.8847627746605037,0.2134571082249507,0.027802034155736913,0.7067682886700016,0.8358123473323209,0.3427157551458532,0.06732335978192452,0.9112847699576206,0.8907388819390476,0.16115372632316255,0.019767674539397
1.1547078311902734,0.9345521041629408,0.06420390530654835,0.004496282752045203,0.952974661160685,0.8997369534499045,0.16995032349323216,0.018938576580932277,0.6964114526631948,0.8325134919902181,0.3381892924527241,0.06803750832169243,0.9262886577726551,0.8940560658102756,0.16182532489874674,0.019175991559059274
1.1034910338146124,0.9269585664191415,0.05126320251828735,0.004039379900599043,0.9498609653420245,0.8990883296092554,0.1824224986245028,0.020474694695517014,0.7051482588421245,0.8352998025238818,0.3347644517403422,0.06600716430558769,0.9216172858995237,0.8930329107179703,0.15206234384724315,0.01821396066765967
0.9666601373683422,0.9025440680717048,0.05330085909530258,0.005755380905454881,0.8683901121944197,0.8807489958928034,0.19467870106051968,0.026358963436817033,0.7234982034662214,0.8410305818720364,0.35004134382061963,0.06616390645870823,0.9364686359871041,0.8962559033870715,0.15688346449951446,0.018159694386949497
0.8958844999041777,0.8872396438473744,0.043011262008034304,0.005466353150732459,0.788147679857693,0.8599382393007466,0.16499868049775684,0.026874029607476393,0.7068661676200173,0.8358432731646962,0.3376256628525157,0.06630851200084738,0.9144706530563752,0.8914507779600233,0.15517120823549843,0.018894721226797723
0.7061552202373536,0.8356185357298305,0.04628610853076722,0.009105324942331681,0.857168752272214,0.8780084021720312,0.17539298887997043,0.024369323697085127,0.7051732114168174,0.8353077067468921,0.3402995102858019,0.06709468413759109,0.9253595894014393,0.8938532647094474,0.1625030438037175,0.01929753825998413
1.062619500881836,0.9203250596901223,0.058488767930645266,0.00506352515842774,0.8897453368710323,0.8858176463912338,0.21911265412976527,0.02824373465117247,0.6997005529888805,0.8335668343555723,0.33852562615041126,0.06759133076057748,0.9213135739294515,0.8929660894661362,0.15764774265933407,0.018896187193124806
1.0252351406913938,0.9137802740827995,0.057179987004548405,0.005395216932680835,0.9597549073300835,0.9011365631582515,0.19964939354559239,0.021903478358609004,0.7213366876216922,0.840364026311065,0.34554364305826296,0.06563964446903803,0.9227784407929466,0.893288043988875,0.1602072955021298,0.019138321603347802
1.077472226911703,0.9227970376775672,0.044531269397364105,0.0037255710335906563,0.9521908881973045,0.8995740329553592,0.19860643693416125,0.022171875531886726,0.7051223756982582,0.8352916032028255,0.33767382859670864,0.06658478875552959,0.9140303591777921,0.8913526359902847,0.15810417640061666,0.01927138745236321
0.9181677397295989,0.8922717946182926,0.03776599970491766,0.004559668250409426,0.91406421107946,0.8913601843790308,0.22126408734437245,0.026967874574048742,0.7033921900877504,0.8347427677348848,0.34011644403082475,0.0673341589300698,0.9178431947357291,0.892199941685143,0.15676589756103096,0.01894123963619783
1.0093670658327707,0.9108577686395373,0.06159022153487173,0.006027603833037534,0.8927946505384636,0.8865258928955717,0.20803657428133437,0.026628398223693235,0.70738847969921,0.8360082237504256,0.3365010242426709,0.06600820315833478,0.9155407547116485,0.8916889802313938,0.1595014900130687,0.019374209417104785
1.1550667638790595,0.93460263679707,0.0594743132896192,0.004161622398986001,0.9029457398117688,0.8888560805619086,0.19017437249360486,0.023779693471024915,0.7027450084971476,0.8345370974277341,0.33284480736363536,0.0659928337544789,0.9260951201679887,0.894013847760767,0.15771941779023915,0.018697779980554177
1.0800316060346369,0.9232158394031197,0.054808835717631794,0.004558468631334931,0.945639735478118,0.8982030449607749,0.18485595113689596,0.020950466659170133,0.7037620490436495,0.834860214524983,0.34710235667183165,0.0686586900673823,0.9336833845970639,0.895658071472534,0.1566565168822745,0.018250092985840204
1.0341841584785667,0.9153899446755462,0.06729998495663245,0.006220578982363485,0.9225519415036213,0.8932383188261558,0.20286317944941273,0.024246624478394877,0.7209336201018836,0.8402394805672707,0.34324249683977015,0.06526305994272825,0.9249641877933786,0.8937668509857291,0.15547208108150587,0.018479415228786707
1.0115445002786687,0.9112640250638475,0.05300783938071407,0.005161733786623557,0.8508303782510863,0.8764365308742258,0.15818676884457725,0.022301792816344736,0.7062116053021157,0.8356363686209475,0.34805570098329475,0.06846003965840548,0.9306199127412271,0.8949970087573164,0.16225620531907353,0.01903625010975822
0.9558115019081096,0.9003246769379593,0.05755431275059423,0.006371862133713922,0.8644186990786398,0.8797851964544915,0.20851463818859303,0.028491666337671917,0.7186647957847329,0.8395369572459789,0.33623421101748846,0.06426538356911891,0.9158441534406395,0.8917564325139816,0.16040954096421575,0.01947090072993569
0.885524012772053,0.884830830817341,0.06124862300757627,0.007972092268584873,0.936687744858363,0.8963028046188785,0.18965176142622692,0.021941642553881934,0.7048651897685915,0.8352101134542866,0.3469503833097278,0.0684545282457611,0.9252497145279364,0.8938292581333864,0.1615049122097075,0.019183861110359933
0.9337444748686531,0.8956712165962282,0.0564710141274911,0.0065778067803582176,0.8777745609033893,0.8829999331721612,0.22203714480792935,0.029420569362291406,0.7228634835450573,0.8408350850841643,0.34565154632561507,0.06542971378975786,0.9269360467234997,0.8941971787076101,0.1572720149202436,0.01860867299195717
0.8729170935309205,0.8818394677078071,0.05255402418499017,0.007041884264872581,0.8292613786181439,0.8709567711339234,0.21680421964315086,0.0321222791552766,0.7010437650172419,0.8339954740588003,0.33735740566749806,0.06715007208376961,0.9216949660996949,0.8930499956453094,0.15666844663147292,0.01876232140550107
0.9605003561079893,0.901289376326757,0.055857002424499536,0.00611754636264707,0.8768296329275971,0.8827749639726604,0.19139861463686106,0.025416114425605516,0.7080635382607754,0.8362212155605373,0.3452961743997482,0.06762826230960821,0.9255662379431879,0.8938984024188154,0.15993714091519726,0.018983797395488323
1.0295677068493831,0.9145630125561786,0.04952000357206644,0.004626078099943657,0.9765012325308692,0.9045190989246337,0.20073227362028934,0.02118926884236987,0.7098686186127585,0.836789654664155,0.34129308805143777,0.0665669830537858,0.9280054788457188,0.8944299223761194,0.16162261118056795,0.01907640965630824
1.086673416673746,0.9242929661100592,0.05002636181993859,0.00409756171317824,0.8991219428516575,0.8879832814199565,0.16977464603882542,0.021416618021171455,0.7065013689696995,0.8357279875939175,0.3410337001359953,0.0670341224073661,0.9263448810912978,0.8940683275151959,0.16095418474091874,0.0190702941355943
1.019549736716273,0.9127432756483611,0.05366206905886652,0.005130003685518291,0.9400425249222212,0.8970185719578061,0.19676768770557262,0.022589741289585547,0.6980000333409462,0.8330229022478562,0.334267292915894,0.06700293868745832,0.9268057263337734,0.8941687857931307,0.16037484715999584,0.018981499995136413
0.9995075652394008,0.908997157106071,0.049970297773357215,0.0050026989876504465,0.8795594183039259,0.8834238516239165,0.2095702622672472,0.027654781953614083,0.7058872767765063,0.8355337720732521,0.33862586802196826,0.06665501868799541,0.9321871444540963,0.8953356603113957,0.15264896064967076,0.017844595472711104
0.775882337871216,0.8565019447012229,0.044239979548482994,0.007411951684335644,0.788442138818893,0.8600198827447489,0.2203877191355162,0.03587114598763649,0.7171985025170218,0.8390816032996595,0.3374839656939376,0.06472240418331093,0.9333857423550369,0.8955940052492624,0.1617819062895202,0.01886010933506288
0.994100915637717,0.9079620799754476,0.05127734455556387,0.005197860396773429,0.8535281040248495,0.877107663456661,0.18410395520172593,0.025794969265740816,0.7106281914783182,0.8370283771152899,0.3332268218561551,0.064880137198899,0.9353060717489718,0.8960067374167977,0.15868397138240567,0.01841734354731705
0.9972237509750814,0.9085612157899082,0.05401458523660571,0.005436098215301406,0.9042577071607449,0.8891541693725502,0.18946910376659976,0.023620043529759983,0.6985491016536307,0.8331986836999378,0.3372739140241082,0.06752018925795075,0.920411909747394,0.8927674931545689,0.15713188908658873,0.01887349898076528
1.1517344182076052,0.934132091429107,0.06819747416762342,0.004808768518343712,0.9815455499192738,0.9055175154024482,0.19726728126314352,0.020583039584013203,0.7092019512770117,0.8365798991672251,0.3413056575462368,0.06667170108500706,0.9396132856163351,0.896927235128488,0.16240124586511465,0.018662768588465967
1.0205260888493337,0.9129221576875088,0.044858171359397826,0.004278735858438234,0.8868150461118205,0.8851334195567089,0.18368777220040322,0.023837746712211602,0.7053669290253752,0.8353690602826201,0.3406299348766935,0.06712988179816921,0.9383957455667709,0.8966677674052533,0.1647492229346901,0.018985744378159572
1.0478396964995325,0.9177936523748037,0.06207239230975041,0.005559795109651815,0.7492748024704419,0.8488062714353521,0.1957726560409739,0.03487203006616048,0.711666556955832,0.8373542648962757,0.33993673148654024,0.06602851612421708,0.9282853848295303,0.8944907645366877,0.16507820878609442,0.019471722114085047
0.9072987018791937,0.8898424161871435,0.046491346979350236,0.005755372365137159,0.8560936214082181,0.8777429954082419,0.19589489855858297,0.02728534848795877,0.7096810728030853,0.8367306684937348,0.34498892955582666,0.06731689661505882,0.9332937966626349,0.8955742073065663,0.1527472775744431,0.01781064641248096
0.9923396635512693,0.9076226186999515,0.055057543475666465,0.005603729548279387,0.8862060992272052,0.8849907826044957,0.2064539663453419,0.02682978124099497,0.712353591684863,0.8375695998310341,0.3345470266764843,0.06487891564994883,0.9281481706257952,0.8944609426425025,0.16282630674691903,0.019212169148833218
1.0606219100241225,0.91998713112216,0.046222616392171366,0.004020060737226131,0.8658387132878009,0.8801305815780901,0.16090453089938342,0.021914398776800178,0.6955867696247541,0.8322485516840991,0.34501507477220716,0.069542660502971,0.923436626520522,0.8934324249367244,0.1618582637160372,0.01930626445463055
0.8890300862962328,0.8856509626773783,0.055831460443891874,0.00720856638011775,0.7492424828966042,0.8487967207410497,0.16500326759434467,0.029393416043036795,0.7137577970845368,0.8380090001937792,0.34793617830362894,0.06725766594288038,0.9277227220641204,0.8943684291319085,0.15597468809844225,0.018421772038052432
1.2119562867388416,0.942167516818528,0.05960771089754398,0.0036588630752297947,0.8921452342461269,0.886375378487467,0.19523632889338505,0.025027380627225943,0.7037316529925598,0.8348505649426924,0.3368650592929804,0.06663836208411869,0.9228360453946735,0.893300687124991,0.15875007025234641,0.018961726615592218
0.9291297269859254,0.8946741088333486,0.06439277374508988,0.007580666761708507,0.8307226280339617,0.8713344561268913,0.1889424904512789,0.027900180147487654,0.7081491487048102,0.8362482111291177,0.3516350487844614,0.06885619305589756,0.9093462389135415,0.8903037089831766,0.1583187010118929,0.019506797651602535
0.9365454194514806,0.8962723413648241,0.05644379358997506,0.0065323699988998,0.8564868749011866,0.87784013154967,0.2119400589781139,0.029493490663745806,0.7100388639585007,0.8368431847061203,0.3386137245592801,0.06601850612345328,0.9147530709413906,0.8915136882105514,0.15390925038059383,0.01872887331386214
0.9602512667675123,0.9012383377052832,0.0589025221540559,0.006454797535686156,0.9739969536030727,0.9040199321802305,0.1929334242217678,0.020483799618052932,0.7068930527551197,0.8358517669722786,0.34263122017723247,0.06728742056256272,0.9122998739628644,0.8909661537766735,0.15944330833901385,0.019512208279835568
0.9965039928163784,0.9084234374373741,0.05481877873068762,0.005526184280536737,0.8582468712531295,0.878274048246544,0.22073144883573054,0.030592667226239323,0.7030311863212707,0.8346280682686523,0.345591000357816,0.06847487340881635,0.9235536305624164,0.8934580731616496,0.16339884177011804,0.01948477266956588
1.0104845457338325,0.9110664724387114,0.06330528663962298,0.006179529841626259,0.9225029927651175,0.8932275700457514,0.2068524731844498,0.024726219772659402,0.7144479614043983,0.8382246129495817,0.3505489806584148,0.06765513222832993,0.8980422983811717,0.887735765606185,0.1526331388390524,0.01930218781169688
0.9478323857792366,0.8986637481386791,0.04789784439402619,0.005401116973039812,0.9415941811699522,0.8973481478881271,0.19696122254748513,0.02253131556163726,0.7199719212145073,0.8399420028064191,0.33909409520029227,0.06461722542340455,0.9309331887365282,0.8950647795113571,0.16500602162371844,0.019344905148084856
0.9598352991958224,0.9011530532041236,0.0501595416843872,0.005501970537139245,0.9597593381586681,0.9011374720772378,0.15922783189332654,0.017468662068117428,0.7107527321554424,0.8370674915545601,0.3430294043398067,0.0667695757911139,0.9208016069249668,0.89285336577467,0.15503176050780423,0.018604545800223617
0.9864446538344375,0.9064782286383275,0.07081159322718551,0.007305664297637374,0.9285101177078879,0.8945395915302566,0.19137577002053388,0.022561960441629624,0.706721167414615,0.8357974572314003,0.3382031171104454,0.06644410236154435,0.923036078712639,0.8933445804665249,0.15441254025426107,0.01843514207412257
1.0160091324992777,0.9120917942352265,0.046237355380884124,0.004456396797484463,0.8773271816262233,0.8828934674818576,0.21157586997923417,0.028063313876865448,0.708807629860336,0.8364557306014506,0.34085160250095675,0.06664348663647864,0.9290435099302293,0.8946554001633014,0.15250537261855426,0.01795732462858411
1.0914220035551567,0.9250545390719352,0.06500099858382657,0.0052662082005853865,0.8770592466787375,0.8828296650743733,0.2058217437089219,0.027316937342968892,0.7128888696573226,0.8377372108513389,0.3406668724354552,0.06598436380276461,0.9128002697709295,0.8910780347531954,0.16107611024365445,0.019689326633339378
0.9619332205761922,0.9015825155572221,0.06037686374856461,0.006590787804936015,0.8663525210903253,0.8802553419247209,0.20059992585694006,0.027288410973051336,0.7097839508133412,0.8367630274052067,0.3453845945188387,0.06737813902338374,0.9157521447962209,0.8917359808469366,0.1603004602294818,0.019461782937194687
1.0690258756149418,0.9214000356424428,0.0569388856410487,0.004857167580664352,0.8295903004275625,0.8710418689003234,0.2280343571524936,0.033760586689165074,0.6997408196293213,0.8335796969315826,0.3407249179295768,0.06802414251873966,0.9156350361887402,0.8917099450535098,0.15620362458964787,0.018969508171896465
1.1581262633860196,0.9350319002261028,0.05852554993463309,0.004066485610336932,0.9640964022452604,0.9020235958959555,0.18844767805377138,0.020468894540531357,0.6975691383880398,0.83288484969826,0.33469902802250895,0.06715607612996141,0.9348275954961409,0.8959040346761455,0.1621508554538737,0.018840466359392318
0.8490914452654721,0.8760022570941144,0.057871184739180806,0.008191641321509744,0.8352612371380614,0.8725015333661612,0.1944374107877123,0.02841309818223939,0.701654683533556,0.8341901348713944,0.3408923357541561,0.06775830815055862,0.9205324646766441,0.8927940647810243,0.15836707621222273,0.019016580847667622
0.9585449535670327,0.9008880804765298,0.049841757885055814,0.005483380681203976,0.8579663686619041,0.8782049810385862,0.19011369988999693,0.0263661698383254,0.7089373980259431,0.8364966019044849,0.3449339981606045,0.0674215300929229,0.9070708059512813,0.8897909681747088,0.1578656700268696,0.019553157173310503
1.0933752051328784,0.9253657431455796,0.06934496650270426,0.005592934555726035,0.808384514240983,0.8654570339229436,0.2059048721315854,0.03200973721448438,0.713406558375244,0.8378991814821083,0.3456742860958401,0.06687449511241712,0.9228552253086907,0.8933048964658199,0.16137016181085714,0.019273829338509164
1.0198882984047108,0.9128053427277049,0.049574591074541395,0.00473555453262535,0.8702450466655147,0.8811968660364181,0.1774682298111401,0.023926301480583417,0.7093760056125806,0.8366346833072765,0.35175718272713313,0.06868580122449068,0.9293383977914326,0.8947193772219596,0.16599754328603558,0.019532744211979952
0.9255038204407797,0.8938847705076975,0.046919493927261566,0.0055699269413956,0.9258757656902539,0.8939659801233822,0.18465336885192646,0.021901883761200072,0.7250160662580714,0.8414973012204255,0.34094264673264046,0.06421925484229096,0.933967565406678,0.895719207765286,0.15623550709214296,0.018189140428738225
1.2170873277040697,0.9428079196424026,0.04848054432366181,0.002940899338001513,0.9700957138644737,0.9032376678974586,0.1998144351152908,0.021405784343022365,0.7180748444202527,0.8393538746632004,0.34506363042805926,0.06604262742595927,0.9181714696265524,0.8922726201573957,0.16335666258118464,0.019722655208897003
1.004896567986823,0.9100184199262691,0.05158068002478079,0.005100238619657118,0.9506405211666148,0.8992510700726472,0.16391274266411623,0.018364207699561756,0.72060913014179,0.8401391577086047,0.34167650210953293,0.06501386456903173,0.9226950321592411,0.8932697350109419,0.15424913742035554,0.018430100859743708
0.9345602889841808,0.8958466195340654,0.050424661843346964,0.005862497971547574,0.8961074716305151,0.887290998112435,0.17772210488473464,0.022575323200086546,0.7125328688501965,0.8376257522364635,0.3462746595964589,0.06712554768215503,0.9084963126410581,0.8901124337294982,0.15530040893362693,0.019172391410180126
0.8999383721627647,0.8881701365987421,0.058523976523177,0.007368777704402923,0.8196628864292814,0.8684523462873859,0.2016699071466211,0.030547678549076987,0.7164878257120358,0.8388605287884471,0.3367138807624516,0.06468047408788581,0.9315975349625176,0.8952083692626479,0.16288635909363472,0.01906721136705987
0.9269479930562146,0.8941997811200686,0.04963500007937246,0.005872729990970428,0.9093537900812079,0.8903054070586192,0.2080919087715638,0.025639018977213417,0.7035373249963081,0.8347888625553769,0.3455786138847376,0.0683926660229566,0.9164324137762613,0.8918871107137801,0.15935041579829418,0.019316159695509663
0.9714212562487682,0.9035040979181705,0.050183790920706066,0.005359721318295601,0.9144921958721873,0.8914555778779073,0.1863462544600454,0.02268968528205486,0.7095421453210238,0.8366869625064384,0.34038931789654264,0.06644063541938859,0.9341178833899015,0.8957515331240976,0.15501534772074557,0.018040842515514625
1.181222279792669,0.9381886946142265,0.05718279720690989,0.0037674119942603134,0.9950216539148695,0.9081390952597144,0.19523582248903507,0.019748669983674187,0.7049838407799104,0.8352477122260694,0.3440468138912577,0.06786310080257324,0.9063237213612471,0.8896221645201626,0.15426461972761263,0.019140029886551
0.8217791900204723,0.8690080494150583,0.05431377718593459,0.008187113596945933,0.8365288803550848,0.8728258816734021,0.18863363168784045,0.027484652208814457,0.7047015399808744,0.835158243927053,0.3495328063347082,0.06899004113327202,0.9271268884987598,0.8942387453026713,0.15411134894071488,0.018226686902893197
1.1288163462838012,0.9308097977992541,0.06650907552089258,0.004943841797062494,0.9362819461592061,0.896215926797342,0.17529474397885034,0.020299575132696878,0.7087821648663902,0.8364477092762168,0.3393116345948209,0.0663462814133768,0.9381960332434418,0.89662515194895,0.15624957341184073,0.018014524658806423
1.0322122618777505,0.9150376167429154,0.06377448472445549,0.0059215403979447565,0.8437284665800981,0.8746546713493384,0.2153353859084929,0.03085936152970792,0.7083863977682763,0.8363230042529001,0.3459061175266774,0.06769737749577572,0.9161168589334848,0.8918170295088389,0.1608934183598889,0.01951737559915859
1.1355415778947566,0.9318004750382923,0.05717188034895611,0.004184474236081669,0.9143004270538938,0.8914128436396761,0.1981236561184786,0.024134366673218444,0.7092346482043431,0.8365901917537152,0.34029709151036064,0.0664696801595385,0.9275758818614471,0.8943364822282902,0.15639480638037467,0.018477637591393238
0.9333097181913109,0.8955776358014991,0.04196964532026377,0.004893567473904486,0.8241240548560066,0.8696214390667728,0.20751620338493282,0.03111200201858983,0.7081364116201135,0.8362441949667443,0.34181635937990307,0.0669354877925564,0.9245807755022237,0.8936829982973226,0.1590561739919587,0.018922118417092744
1.0295034277034272,0.9145514468542841,0.057271807991928346,0.00535103098440481,0.8837834263953175,0.8844217797638758,0.1911364951815559,0.024978145541771614,0.6991774953419765,0.8333996791129988,0.3454438170995647,0.06905576306253268,0.907209210206475,0.8898222157528312,0.1564873891667774,0.01937626808567921
1.1260058437477274,0.9303918556428517,0.055121932668022344,0.004123999391363535,0.839751331181952,0.8736472285263837,0.2208322427512645,0.031938252639365027,0.7022051994687736,0.8343653925289408,0.35432843634020794,0.07033974802233761,0.9196584607102288,0.8926012934220002,0.1598133370916469,0.019228905250355897
0.8496425513149661,0.8761400296280577,0.05534550993485564,0.007824198174875552,0.8724104606206688,0.8817178590476594,0.2019203307538522,0.027087541415081406,0.70343618717946,0.8347567422925628,0.34491379818393647,0.06827699226918481,0.9257108079406845,0.893929970413901,0.16235997588253162,0.019264962598227558
1.1664890785436846,0.9361919016788198,0.056051656071656665,0.003820316727021054,0.87332366603714,0.8819369802361526,0.19939907315443411,0.02669312801513454,0.7067041835718032,0.8357920901488248,0.33675313134251694,0.0661618224022035,0.9241982076101232,0.8935992721646598,0.15919106700879798,0.018954855853440523
1.1739666924809387,0.9372127454258372,0.048616762509385694,0.0032570118781957602,0.8715526203056627,0.8815117019029433,0.20971795713380062,0.028189216056387086,0.712306261790459,0.8375547727581831,0.342372073574836,0.0664036682758822,0.9202386007321266,0.8927292837965753,0.16575694766043353,0.019917422687883938
1.135388356809945,0.9317780514732771,0.0631856256910288,0.0046262589000743174,0.8599648054611471,0.8786963136644615,0.21200422238501054,0.029267100924496737,0.7072631210170365,0.8359686465703693,0.3460148966471169,0.06789404367818323,0.935952081599449,0.8961452583723735,0.16234342368084592,0.018814064085928256
0.9460416086714076,0.8982876222980826,0.04858347017707468,0.005501066858829196,0.9082606804972425,0.890059353160709,0.17055798457889296,0.021067421045148645,0.7117614029817753,0.8373840058400828,0.3380231879748703,0.06564249660643208,0.9233706552334858,0.8934179611038721,0.15733313510700841,0.018769363339087037
0.9772132376084037,0.9046605952001175,0.0554930030561364,0.005848237350008341,0.9089533281728561,0.8902153210318265,0.16204319369652045,0.019983771991623628,0.7134111946467449,0.8379006314552457,0.346743481639394,0.06708062664081846,0.8908847277171652,0.8860827356369976,0.16000425910780752,0.020570593186071986
0.848628435688815,0.8758864063696398,0.0553600835898193,0.007844554805329335,0.7177248712937706,0.8392451859371945,0.20859067110359006,0.039954896507446665,0.7020981492992262,0.8343313245628383,0.353062499290168,0.07010571805461516,0.9261904624399221,0.8940346474569087,0.1586752830810117,0.01880696946072732
0.7805678689904461,0.8578228676670031,0.04832128701328981,0.008008858561760975,0.869367870227518,0.8809852552284975,0.2207951467977115,0.029827829565774604,0.7061380628622055,0.8356131090624376,0.33646447979625876,0.06619133800652052,0.911648468545445,0.8908203582281903,0.15635704933909644,0.019163242597299134
0.982366999787952,0.9056792160651742,0.06006922535275667,0.006255831341968209,0.9086644323729607,0.8901502921258767,0.20894945726226075,0.025785574687504715,0.6974799388641193,0.832856260057128,0.34625021718654264,0.06948804857709868,0.9352141335188868,0.8959870102501001,0.15871535303100967,0.01842488585114429
0.9940750240017874,0.9079570977858611,0.052772479487150546,0.005349737538126538,0.8435671728275416,0.8746139484738202,0.20527973093461846,0.029429229850681752,0.7041358871293538,0.8349788568152753,0.34038125119916934,0.06727128804886681,0.921247674635068,0.892951585769448,0.15854767897249528,0.01900694044830595
0.987066295353223,0.9065995041509656,0.046737093162189706,0.004814990142730257,0.8728451706590974,0.8818222104358714,0.19515966137967214,0.026154407454234488,0.7141626841863349,0.8381355181984966,0.3396279613678856,0.06559047168204409,0.9099583955281547,0.89044129345739,0.15315567244515216,0.018844069222804388
1.1197714417858358,0.9294564058140989,0.050989969038005394,0.003870020864742042,0.9188850312958827,0.8924304506627243,0.20632276521392748,0.024869217377781427,0.7067254811894833,0.8357988204096239,0.3411455032682105,0.0670215040757524,0.9171670388595391,0.8920501081993778,0.15617927175940177,0.018899762841751946
0.9184227124994394,0.8923282150053108,0.051495080382729735,0.0062135962194364925,0.866260240654038,0.8802329430997924,0.20047694430455784,0.02727747669968951,0.7045873180293737,0.8351220330077087,0.34310180909129917,0.06773851786739826,0.923154492918739,0.8933705566207427,0.15472913312211084,0.018467903623076046
1.2634408993940995,0.9482983847509686,0.06199979738628305,0.003380254276005439,0.8821650507640753,0.8840403166652354,0.14909668051193734,0.019557030977554183,0.7099017881894226,0.8368000852435278,0.3422978646765497,0.0667578592804254,0.9274105062927076,0.8943004925250984,0.16876596990060672,0.01994685236798923
1.0142239258425474,0.9117616468734646,0.0561070241996528,0.005429918478348882,0.9084427950678413,0.8901003798623383,0.21703539522171306,0.026797098429485553,0.7149910236285025,0.8383941069946124,0.3451204090235379,0.06652419360933305,0.9095034802913348,0.8903390640191394,0.16006943972296633,0.01971537057209824
0.8530005779545728,0.8769766740275663,0.05066461535643805,0.007107292217520407,0.8738985133763559,0.882074732927077,0.21225795226124902,0.028376933126400807,0.7048794822784363,0.8352146429066548,0.34694615768531617,0.06845144176037687,0.9246254401001324,0.893692769493884,0.1581638026163363,0.01881402244306035
0.9810967289426107,0.9054290610922511,0.04496452241364571,0.004696488421817663,0.8809994343679797,0.88376489503648,0.20547754136052157,0.02702495168321929,0.7075663474408512,0.8360643654727834,0.3385916050626988,0.0663910960852322,0.9230140357920197,0.8933397443647575,0.16388305219727067,0.019566809102481326
0.7700104866207926,0.854832173976039,0.04136496197839537,0.007024608790796144,0.8455232007498132,0.8751070354067491,0.19178197312594827,0.027370616633324053,0.7044438235143267,0.8350765329819995,0.3383627542723201,0.0668249631504777,0.9169268816670986,0.8919968462692045,0.15984745932097139,0.019354361839649007
1.0235245913639974,0.9134694551146069,0.061443636429581804,0.0058203931288809815,0.918162248888152,0.8922705793187464,0.16635005984548984,0.020084485572895525,0.7081022252858551,0.836233415195655,0.3446578832831598,0.06749723635233053,0.9139182922336864,0.8913276437134463,0.15421774690798304,0.018802520101218596
1.0287212131169468,0.9144105897599307,0.057703751838298165,0.005401107712210439,0.8977887266654181,0.8876775633323593,0.19162078046444816,0.024246769172719555,0.7092800163425829,0.8366044722159367,0.34568441693172364,0.0675149244680421,0.9111870937575974,0.8907169912888827,0.16290342806981542,0.01998679369870767
1.0457412945968623,0.9174283676585434,0.0639746882459788,0.005757936666475905,0.8862013472615824,0.8849896689199221,0.19812290786213518,0.025747397995708948,0.7143100914264071,0.8381815598046303,0.3450583647012461,0.06661660078197801,0.9244676674234982,0.8936582503000824,0.16271227130866478,0.019362108079683582
1.1399790590858623,0.9324469338169276,0.05194606155570551,0.0037633409548124388,0.8961960349554863,0.8873113901198864,0.18564157697894387,0.023576493527128966,0.7105358812949685,0.8369993804146466,0.34130362677707504,0.06646683848658431,0.9214078818326771,0.8929868425708597,0.1625335971543925,0.019477592043498988
1.032170457447044,0.9150301329633489,0.04330608217792498,0.004021410784166998,0.9101882576010734,0.8904929167198293,0.2015863017224446,0.024789784979060894,0.7129993616045098,0.8377717917074813,0.34914442209262686,0.06760919213569168,0.9159554076092639,0.8917811575392826,0.1611114497750143,0.019551091043378613
0.9485849952021962,0.8988214538264642,0.05449011762404435,0.006133844334216583,0.9231625378622158,0.8933723212127119,0.19212003066277544,0.02293031967937679,0.7097212685305079,0.8367433121403188,0.3496761983617707,0.06822519778722091,0.9271952679681036,0.8942536352970669,0.15805887343871197,0.018690615967842755
1.046360488969968,0.9175363088627344,0.047319725165397064,0.004252866249594233,0.8763971340229799,0.8826718692039417,0.18217581947245962,0.024215508753236695,0.7206402785745023,0.8401487901110004,0.3427464336613196,0.06521277272643938,0.9248931822733761,0.8937513263986103,0.158216580230668,0.01880870136326822
1.0746396422451312,0.9223310907375646,0.05567198837583005,0.004688102414680532,0.9973077852947166,0.9085772897424104,0.1760509508009723,0.017714568972127337,0.7020552161527543,0.8343176598122335,0.3441894993187548,0.06835061087885991,0.9166076938635345,0.8919260212253441,0.15760980268786298,0.019097456588344434
1.0387723319220847,0.9162046075008345,0.05615864874905987,0.0051362282787318905,0.8965842374313632,0.887400737065289,0.20587049303623695,0.026122207034160183,0.7030747595426732,0.83464191590219,0.3458049783883215,0.06851039662436323,0.9151650689403966,0.8916054057616606,0.16199923883396614,0.01969463357540657
0.9329577364137835,0.8955018178815985,0.051447415014164305,0.006003518068102849,0.8594484519893706,0.8785695277149291,0.20293909348441927,0.02804899235580264,0.7234837658569355,0.841026137184148,0.34579718484419264,0.06536385945100764,0.9036098977389435,0.8890070697797104,0.15069714943342777,0.018814606497567755
1.0908317211984309,0.9249602548389286,0.054572723167995135,0.004427350491924834,0.9124517664843543,0.8910001253165928,0.19945409125252703,0.02440007619964523,0.7130353050483723,0.8377830397082909,0.3451636251426601,0.06683280923591507,0.9115504614754306,0.8907984077899097,0.15515516196881105,0.019020230142356265
1.115745790498109,0.9288462122549213,0.05444587263696479,0.004170798151613668,0.8721515292339073,0.8816556651123801,0.1722014794260933,0.023114545004083355,0.7101678061284665,0.8368837184325688,0.3395403033662271,0.0661795067911087,0.9135410750831893,0.8912434826544067,0.16009358061466686,0.019535873883959293
0.9972572056291019,0.9085676152480123,0.04887203594290198,0.0049181664842022944,0.9014577445671823,0.8885171482578358,0.19430557345615784,0.02437965263896413,0.6930178157493438,0.8314210966087348,0.3470945626637905,0.07037687759620158,0.9101148301905962,0.8904764284435875,0.16169105293980648,0.019887086329322717
0.9893110790170909,0.9070362633952541,0.06199963721948893,0.006354451499532538,0.9207872667902819,0.8928502068939592,0.20227700755344855,0.02427500082556982,0.708215653583176,0.836269179663911,0.3511558590172231,0.06875183046423008,0.9156822966277567,0.8917204527401362,0.15484905419537745,0.018802961657289455
0.6667234858129026,0.8227640486475881,0.04445078033249835,0.009575377477342719,0.9098132212624663,0.8904086786966805,0.1865013905011461,0.022954553677356434,0.7103634522554149,0.8369452054550337,0.3440771892190339,0.06703358240186885,0.9276768708392726,0.8943584545451686,0.1660568374414779,0.01961461967682831
1.045394678212017,0.917367887558554,0.06247411419338689,0.005627369454196394,0.9506374162249739,0.899250422345983,0.18986869353480645,0.021272373310036508,0.7194768642976996,0.8397886944684667,0.34792117060737776,0.06637491708595557,0.9159940762705236,0.8917897500652227,0.15773843388025396,0.01914006676265821
0.9507652189821711,0.8992770804201121,0.055470755330435675,0.006212964335278029,0.8262830373757728,0.8701840433953546,0.20334257389598093,0.030335089397593606,0.7087230564485393,0.8364290892478811,0.3486635408467093,0.06818415769546882,0.912453104455776,0.8910004245194706,0.1591453049956079,0.019468869157493365
1.1626214343257644,0.9356578413413973,0.05013084650041817,0.003447335913516975,0.9184291397591572,0.8923296368938541,0.21157789188751697,0.025529431616840566,0.7085314391051339,0.8363687152177806,0.3435529995773343,0.06721439681897538,0.922573181391486,0.8932429826517929,0.1595113265407063,0.019064189459610897
0.8957003566634337,0.8871972170592312,0.052659334543634806,0.006695376597348363,0.9851076759311576,0.9062169201789119,0.1865091030678674,0.01930155761925091,0.7178929964959108,0.8392974068329438,0.34181890808066984,0.0654490106544901,0.9172602764500561,0.8920707801585298,0.15339785781126927,0.01855919001851049
0.8737171555331587,0.8820312885501695,0.05980856955933358,0.007999194559378512,0.8397261783909364,0.8736408351224297,0.1951765981663545,0.028229394685390995,0.7029203122133386,0.8345928281214847,0.34655989819055216,0.0686843820300135,0.9222989189228635,0.893182746673943,0.15287997060431435,0.018283177333341994
0.8211474936105368,0.8688423863879238,0.05465972948618677,0.008251254534086504,0.8680565057231422,0.8806682925778693,0.2188041967224992,0.029648255314829473,0.7118570834999398,0.8374140040158731,0.33155602044928656,0.0643724197956678,0.925563394587645,0.8938977814667703,0.16135284075729378,0.01915195979443675
1.1936565346355188,0.9398283387893205,0.05281860729230277,0.0033816636639266325,0.8116410811546989,0.8663277802829559,0.1656981001976191,0.025566804344054006,0.7133719666106753,0.8378883627325472,0.338077393681146,0.06541000239462437,0.9267415213513454,0.8941547949782036,0.16027653154807642,0.018972668308849246
0.8937486613006066,0.8867466874680731,0.05540751651490805,0.007076524641324607,0.8430320577370809,0.8744787633305326,0.20968130690948045,0.030097308309132677,0.6981486548896317,0.8330704973020049,0.34808516336368506,0.0697488188635083,0.9218547961189081,0.8930851409892756,0.15229423317264773,0.018231762819123577
1.2189777168306717,0.9430421747439106,0.057469489697451324,0.0034710400440287376,0.952867918670808,0.8997147790364385,0.18359084974740308,0.020463650662184658,0.7203947300108924,0.840072843440316,0.3411182380655049,0.06493968980243722,0.9231306431429652,0.8933653252180932,0.1564148265879548,0.018670127095209446
0.8814035690127964,0.8838604516462957,0.06856217424013766,0.009009091803537468,0.8308770730854439,0.8713743199992148,0.20850883634184908,0.030778495814137545,0.711558329337699,0.8373203225221576,0.34101116762245415,0.06625372067652792,0.935092679582766,0.8959609448335233,0.15656520152625675,0.018180363477525652
0.8538072177311851,0.8771769213538577,0.056972386699423734,0.007977323344806641,0.8217447522482312,0.8689990226559186,0.20740204014627464,0.03126570830802457,0.7166688476677893,0.8389168636578991,0.34080405764941635,0.0654388877640548,0.9178055450089501,0.8921916034628292,0.15276868907582053,0.018459877168117703
1.040293079113197,0.9164730506953619,0.05093524467943946,0.004642215717015202,0.9091233909853306,0.8902535854826702,0.1948754393974492,0.024023358175821217,0.7135244694282511,0.8379360543856793,0.3353251934698174,0.06485473877531817,0.9122242391481789,0.8909492341979671,0.15283946896723888,0.018707307325604598
0.9487006372124576,0.8988456667407955,0.053618542691793766,0.006034125920621103,0.8443579479196139,0.8748134921833344,0.18566512174483155,0.026568826866836377,0.7078209201709145,0.8361446912786519,0.33937917282026503,0.06650652658096959,0.915915957068813,0.8917723906549224,0.15668819575362014,0.01901605052669754
0.937712796656797,0.8965219725580861,0.04775300686016311,0.005511729891248935,1.014798421039518,0.911868013221977,0.2116675036414082,0.02045765106547344,0.7023110538838735,0.834399074433109,0.3401700157017976,0.0675126221689469,0.9203588081462136,0.8927557871419106,0.1650143043149267,0.019822698918855058
0.89461938716321,0.8869478795366912,0.06423150979725903,0.008187074517764304,0.9076125348437598,0.8899132302326918,0.16797145769622834,0.020778919295366325,0.7000835320531049,0.8336891390887231,0.3356008607996376,0.06694829699132435,0.9358972443997852,0.8961335062197794,0.16534828406388039,0.019164718648606336
1.0735119233281483,0.9221448704912418,0.05295685156061382,0.0044710572802203,0.9759925845256867,0.9044179006655113,0.1987833687958465,0.02100813317417508,0.714725759328144,0.838311333809965,0.3426694134131785,0.06609210464457148,0.9186744043396745,0.8923838839022953,0.15553790577877258,0.018756933678236262
0.8306591081271175,0.8713180579232096,0.056319930992809505,0.008317695280021681,0.7981870530816386,0.862699397869376,0.14403453953649273,0.022923429707739255,0.7081409866499004,0.8362456375400676,0.3396784606364745,0.06651613744320668,0.9216615328830339,0.8930426426621446,0.15402395933248123,0.018447042582207293
0.943792181931588,0.8978134101931577,0.04688575013153102,0.00533640382520695,0.8547885575804701,0.8774201597513135,0.16312319847468984,0.02278909982595979,0.7168843659596063,0.8389839131945169,0.3454049581573965,0.0662894172952053,0.91348781560878,0.891231595304092,0.16163476196257773,0.019726359898712707
1.0163960891006838,0.9121632087438382,0.05243826877436759,0.005049545107735361,0.8881713542385862,0.8854505617937901,0.18809150470072183,0.024333121604417824,0.7038963289225055,0.834902837832221,0.33810973495668356,0.06685922626348283,0.9198224297120664,0.8926374818426368,0.15955835806906918,0.01919097894028324
1.096757705559136,0.9259018687756678,0.04798007444712065,0.003839752324117353,0.9019729606189208,0.8886346052248669,0.18924941610101453,0.02371710015695338,0.7164519831661268,0.8388493725348342,0.34719181081672873,0.06669871850152641,0.9260078418825439,0.8939948041342725,0.16109909860594118,0.0191022827230549
0.79706888358335,0.8623941442827278,0.051485724412776455,0.00821519627888509,0.8218463976858694,0.8690256642308684,0.18786609167458113,0.028314050531980894,0.6935914974374235,0.8316061601161931,0.3447339601292369,0.06980597074509694,0.9239348394462067,0.8935415994982984,0.16108942520482958,0.019192528422485942
0.8284815743284231,0.8707548311194507,0.031369569285645035,0.004656150198811939,0.8855525211827988,0.8848375200177211,0.203504246717728,0.026486279354959705,0.7070663859397578,0.8359065195620538,0.3448578302169693,0.0676976674930455,0.9259035040696947,0.8939720342578638,0.1555108123890972,0.01844408377070879
