SK_precision,SK_accuracy,SK_TP,SK_FP,msSK_precision,msSK_accuracy,msSK_TP,msSK_FP,ConvRFI_precision,ConvRFI_accuracy,ConvRFI_TP,ConvRFI_FP,AOFlagger_precision,AOFlagger_accuracy,AOFlagger_TP,AOFlagger_FP
1.689299677767352,0.9799595046613251,0.2592790201354737,0.005302341545467169,1.3567917899217508,0.9578771243675928,0.741625684327735,0.03261316683740709,1.1099555611798468,0.9279600014010049,0.8689802356871115,0.0674612427981167,1.3509803902569055,0.9573338905247885,0.44351396492530387,0.019766369464800836
1.4538145320986948,0.966023914137692,0.24706181750879141,0.008689426216192139,1.3954043754685685,0.9613219574677397,0.6696973903387007,0.02694475450815162,1.1214355396887095,0.9297072283586738,0.8788867295946696,0.06645036447770424,1.3467059684942708,0.9569300636043424,0.4569452156209513,0.020566394684023246
1.5778298197089708,0.9742463396888607,0.31988175443420874,0.008455896325010452,1.3597574089876194,0.9581517881612965,0.5294926440258491,0.023126106539707002,1.119158126564099,0.9293637549572547,0.8853293001512443,0.06728940853937414,1.361353268711044,0.9582988806864416,0.4828360603144049,0.021010985785182883
1.4572718909264588,0.9662842361255973,0.224447080164655,0.007831448008996635,1.4943085024540421,0.968954761627135,0.5845252215167794,0.018728144548737124,1.1191569982397187,0.9293635844026374,0.8895323147049932,0.06760903409957997,1.3874116335534892,0.9606318202741523,0.5142212609595572,0.02107358364886399
1.5067007292693808,0.9698017191127472,0.3085285631852279,0.009607151677697585,1.2135996996933007,0.9423733596693339,0.3247547605308713,0.01985892914815715,1.1146878656691597,0.9286850489939934,0.8775764570109637,0.06739025475165857,1.3609143589357713,0.9582584751574762,0.4817080207732256,0.020983093640412797
1.6537985132956374,0.9782895462910033,0.2729928361115619,0.006058327367146167,1.5780875125495797,0.9742612231378047,0.5877402452878306,0.015527370552297533,1.1120606859881152,0.9282833683774752,0.8746667284909466,0.06757435681445562,1.3674025734048738,0.9588519751183177,0.4789604247328032,0.02055403334994914
1.6191373118066983,0.9765281429201277,0.3063586480379951,0.007363644820750279,1.3634317930365252,0.9584897196828129,0.5334301655369577,0.023101797803747073,1.131565698024902,0.9312163976903168,0.8753170101904366,0.06465463588610722,1.3571496632881817,0.9579103603886305,0.4797574583852077,0.021080071120754603
1.513272336415279,0.9702417344287435,0.27213538660448366,0.008346659207234427,1.419521876952516,0.9633346931346545,0.6219379862858726,0.023671468785355056,1.114430214718797,0.9286457476925677,0.8854385519359084,0.0680343457066884,1.3609500223738826,0.9582617596897491,0.4518735714450627,0.01968189539456488
1.5283469331413524,0.9712277291352578,0.25753824080716453,0.007629477413222637,1.627599697050485,0.9769706427669957,0.5899150718533774,0.013905602002909774,1.1217742375207063,0.9297581778018907,0.8674704371369727,0.06553607772673409,1.3495055975274244,0.9571949695786084,0.4554879318723532,0.02036907359527414
1.6544678994713264,0.9783222584050467,0.2725027695716396,0.006038137813928137,1.4782235941514077,0.9678210786392255,0.546251846381093,0.01816223638421869,1.121343319735444,0.9296933500325177,0.880977658788774,0.06662259968135507,1.3565316312592715,0.9578529474507103,0.46784988921713444,0.020586138945956144
1.8937668201045907,0.987389804535311,0.29800527606794097,0.0038058978971267764,1.4746285162610413,0.9675622733305194,0.4454574906280372,0.0149340551219787,1.1103998008664264,0.9280283525598747,0.879043828388948,0.06817273666985899,1.3735070739565223,0.9594029949307514,0.4641551349099829,0.019640660352762847
1.7582964060332742,0.9828528442448526,0.2843418676790592,0.004960716470783981,1.4320223669465375,0.9643379035529615,0.679799990740312,0.025139624549814818,1.1354510782060285,0.9317872314360317,0.8875642390851428,0.0649753634561645,1.3523301777083248,0.9574606587288435,0.4810870873651558,0.021374379828559525
1.7096682308548607,0.9808601357423757,0.25510673536989326,0.004977986267624089,1.4871507635524037,0.9684551301072122,0.6768264630106735,0.022045835735625557,1.1205898598986797,0.9295798657559257,0.87546006624954,0.0663202998060695,1.3619894869701155,0.9583573837963325,0.47182094221567905,0.02050159861627968
1.5849946645211923,0.9746570501560913,0.2320715982746292,0.006034305989299277,1.4401589372468546,0.9649766357444549,0.3784743847023274,0.01373654630155545,1.112135955498707,0.9282949056459082,0.8827301455493276,0.06818549578463338,1.3889698082759574,0.9607672819764251,0.48485687265010496,0.01979902243063758
1.778331650020498,0.9836132539975507,0.22079929853708063,0.003678460012551967,1.595380032974117,0.9752410656993239,0.5975817988831972,0.015171108988544693,1.1123731495813307,0.9283312514205785,0.8713830818219577,0.06727225320907149,1.370458668483849,0.959128721077688,0.4789791868568,0.02041070349974516
1.5471575052445328,0.9724136932821572,0.29679700499168055,0.008419804522705238,1.3415866526812175,0.9564416109478877,0.5591837677944167,0.02546642035479391,1.126331483981137,0.9304404000891434,0.8719495285635053,0.06518683017582474,1.354510498748716,0.9576646683529356,0.47210667406174894,0.02087034562272358
1.6401298257729913,0.9776109215064577,0.3203693469650917,0.007337044112675614,1.2806079309404075,0.9502024240051594,0.5867412729114857,0.030749545979858014,1.1242903898262624,0.9301356084702328,0.8792714377820761,0.06604387944160109,1.3751980967393627,0.9595543801585189,0.49682232660956066,0.020941269579209155
1.702094653562083,0.9805299876622668,0.2238606839407345,0.004445116756348272,1.5243189517930005,0.9709674151610461,0.5814666573040282,0.017386247772693965,1.114589503820668,0.9286700475322462,0.8658802050417808,0.06650714538766749,1.3574309607831108,0.9579364671395585,0.4809821407672682,0.021120198235967072
1.7018290259847053,0.9805183076417859,0.2860021307147158,0.005682510444683463,1.401747091521321,0.9618613443969246,0.5631108434851082,0.02232784449769228,1.1180952245599347,0.9292029206678061,0.8870258001760155,0.06758355419248088,1.3711980956210474,0.9591954120014865,0.4606975774700079,0.019598274350949223
1.8607639415795287,0.9864077135605412,0.27400293699447564,0.0037756460677284757,1.2942566466496264,0.9516686298553213,0.3878930561059183,0.019699507037503006,1.108649780334941,0.9277587458865675,0.8771124216218736,0.06829760605046464,1.3452605838177658,0.9567926865800034,0.4753735344164472,0.021467151224285164
1.3573184004009773,0.9579260224569838,0.24959794895699802,0.010962828290502179,1.246196497624832,0.9463166061960026,0.559095676494581,0.03171681990874243,1.126999181791498,0.9305398384326328,0.8720195781377462,0.06509191577372786,1.3367369002612468,0.9559740047247203,0.46367556228877754,0.021353905036849485
1.5331201676441029,0.9715332746045566,0.23210041763769354,0.006800733465098499,1.3913173706931374,0.9609705261239958,0.55441980664067,0.0225175619557235,1.108016293265519,0.9276609220335967,0.8739934008629641,0.06815408007976662,1.3658270441710434,0.9587086026455948,0.466323634601629,0.020084470337442425
1.6433221573880719,0.9777712467765993,0.2619938126240938,0.005956194586492567,1.3592599522066284,0.9581058355509212,0.7216373458927829,0.031554336190891714,1.1035814794313392,0.9269726656105848,0.8774068430530544,0.06912251601398775,1.3442457354085575,0.9566959800947527,0.46608486863369814,0.021096930319336408
1.75362680263733,0.9826706927770784,0.2601124912116241,0.0045870598419772615,1.2245795011650715,0.9437310583326946,0.262034216076869,0.015623506176978656,1.1206595808707327,0.9295903740623568,0.8685962034216077,0.06578976663292127,1.345691991849447,0.9568337336318773,0.4806655730021092,0.02168458053776974
1.4890873878320035,0.9685910748170515,0.27020556617020786,0.008762073730092227,1.3803893451056235,0.9600157448012493,0.5457286894868902,0.022729372208620428,1.1226497972228922,0.9298897278365724,0.8786399944752653,0.06624623038868517,1.3740575216285613,0.9594523320663755,0.49163232890587233,0.020777003454644442
1.4191659513996204,0.9633057348854027,0.2185139119218721,0.008323637164106354,1.3479996345656666,0.9570526666538421,0.5844619495117007,0.02622748261241005,1.1253022384885603,0.9302868594483819,0.877119034457343,0.0657288898672411,1.3926906619010344,0.9610889524198876,0.49000368527731714,0.019838493267713853
1.844661120021983,0.9859015160444844,0.2891526849558349,0.0041349104582979156,1.493181204987457,0.9688765841863693,0.6104126746740197,0.019608408131510324,1.127096164791177,0.9305542708907769,0.8708697480955274,0.06499157169819476,1.3850544308484314,0.960426041291503,0.48754498294153387,0.020089089835088194
1.9351185428258486,0.9885219588273949,0.3351749965324333,0.0038918229138689346,1.4028502458824326,0.9619544166843149,0.5409866383096769,0.02139618246301753,1.1250931702160964,0.9302556328042391,0.8711452216930973,0.06531266254141735,1.3574047983788615,0.957934039703642,0.48021175273937766,0.021087640367001323
1.4936921566289065,0.9689120419748635,0.24780410521656066,0.007950900894705577,1.5136031029424415,0.9702637165336255,0.5988676871461522,0.018353875343758576,1.1270510956334314,0.9305475643003588,0.8831807273828662,0.06591715999583461,1.3611216438203815,0.9582775622295734,0.4590060809394003,0.01998466144160181
1.4086773008178477,0.962442432099336,0.30050417846536365,0.01172662978140734,1.4251879134978598,0.9637927338600202,0.6258489306351728,0.023511568409708094,1.1205221352565582,0.929569656947411,0.8672790478163778,0.06571079467096448,1.3649604483139641,0.9586295391421948,0.480696180675461,0.02074484638239466
1.5707139479510333,0.9738320256865847,0.2843611773696765,0.007641108311154577,1.2501177665490815,0.9467734515284467,0.6156642967972025,0.03461196074179997,1.1330764984794393,0.9314388858460413,0.8738333989486117,0.06432090427751405,1.3468792550729385,0.9569465056506421,0.4589055371575461,0.020646386014511884
1.5325028484217758,0.9714939366484302,0.27274419037428177,0.008002997112266612,1.4189053886775749,0.9632845214485578,0.6695201097955291,0.025518681846970433,1.1289964357670779,0.9308364990744549,0.8903673032636256,0.06615653754937605,1.3507419485352314,0.9573114592753427,0.48696178092070064,0.021714654739347514
1.4383246378013945,0.9648336101765835,0.2542915468126566,0.009268453720612779,1.3057880016475205,0.9528753548617976,0.6499257678389162,0.03214221148580846,1.1069531531308476,0.9274964761078835,0.8834555070984504,0.06906078795611928,1.3491421809446016,0.957160670551188,0.49355108100584577,0.022089705531727587
1.51445406197692,0.9703201973143911,0.24724215611138206,0.007562553504771299,1.4592194396130511,0.9664300282354065,0.6320629833484289,0.021955377921352326,1.126325727360457,0.9304395421995201,0.8711767574723055,0.06512992121084696,1.363303812907239,0.9584779934088352,0.4584871919923825,0.019862019095676847
1.4904256556868862,0.9686846854715613,0.20839420289855073,0.006736898092380329,1.338205390909178,0.9561160977131644,0.5159188405797102,0.0236796891529063,1.125625532252046,0.9303351214625981,0.8679652173913044,0.06499452729377134,1.3667289650989316,0.9587907354552406,0.4799072463768116,0.020626633050953483
1.6424071299601077,0.9777254073263582,0.24672327856747278,0.005620862966243377,1.3467669730450849,0.9569358526167059,0.5004384345578734,0.0225207932623017,1.122927523507918,0.9299314077095545,0.8749769244969541,0.06592787476350448,1.3510182004595772,0.9573374464603237,0.4811934650175374,0.021443788749888632
1.7619968444216119,0.9829958533665863,0.2616348378953274,0.004525835111862325,1.2533378284342156,0.947145856988332,0.4380215516233842,0.024443176899184092,1.1165943801597973,0.9289752424528291,0.8612000654496155,0.0658430096443313,1.3704939889092673,0.9591319090939036,0.48958649867932025,0.0208610154085334
1.6304915261970643,0.9771199816567313,0.29586428753268995,0.006927890589637118,1.4388273958792457,0.9648728675529095,0.614825615033905,0.022383322754150937,1.1207398615061763,0.9296024721202226,0.8908097849984957,0.06745981057040462,1.3490435853309986,0.9571513606329491,0.4969103658959939,0.02224510557237962
1.4761858920414301,0.9676746329905245,0.2966512675538394,0.009909695646220263,1.362392337831858,0.9583943871293075,0.5958767151623802,0.02586807295894667,1.1399304860509314,0.9324398884904144,0.8792433749339217,0.0637057478855494,1.347835698967793,0.9570371486474332,0.46516812613482267,0.02088210377760874
1.754123513891931,0.9826901584384947,0.25741776580807035,0.004534349614668729,1.4768639649646638,0.9677234361368865,0.5942038993623829,0.019818534293271066,1.1295118516413392,0.9309128653828829,0.8952650599636305,0.06644155432342144,1.358229380401583,0.9580104828218253,0.47687774785350917,0.020901510729197582
1.6213943709511556,0.9766469700607284,0.25675707027353084,0.0061394298380351205,1.4658275562274707,0.9669201851355881,0.5635802612347168,0.019280940649994856,1.1180788274947935,0.929200436878481,0.8718186669141359,0.06642741252475128,1.381958052453064,0.9601541662795953,0.47734496438762963,0.019809535537362227
1.5117380377938279,0.9701395617477958,0.2465253567610282,0.007587934234846728,1.6576376290282688,0.9784765060119548,0.6098405615209408,0.013414629353810603,1.1164829583759288,0.9289583128217896,0.8872309766187887,0.06785060710023672,1.3541744189696536,0.9576332829057828,0.4659508204341561,0.02061416091267424
1.6799930651847772,0.9795343009560203,0.27088688946015427,0.0056597196741762675,1.41272847342203,0.9627781667127392,0.5238018729342637,0.020250631624191467,1.1246119232352534,0.9301837041032139,0.8697897539478516,0.06528333979808992,1.38435616976434,0.9603648867839302,0.48870730811604846,0.020169385358898825
1.6552739161628471,0.9783615835384539,0.2957704137085771,0.0065415522200728575,1.5594816446939592,0.9731648053668407,0.5748444835002197,0.015851440078241838,1.1220351616033521,0.929797404657555,0.8833568438822469,0.06669618859270157,1.3594735420830368,0.9581255718413381,0.4731170362833291,0.02067735788369715
1.508436582384204,0.969918555605754,0.2315462494247584,0.007181268557561527,1.4838978090737824,0.9682255012711423,0.6742061665899678,0.022125592597154485,1.116278429771701,0.9289272266694644,0.8765071329958583,0.06706208085789986,1.36329410986053,0.9584771042307749,0.4757017947537966,0.020608229402253243
1.5337363732632683,0.9715724890427495,0.24476790830945558,0.007161732628211723,1.3714131418874926,0.9592147880377961,0.6457994269340974,0.02745898712264123,1.122886275874743,0.9299252189050508,0.8798853868194842,0.06630401522244944,1.3786124445066783,0.9598583958856065,0.4836676217765043,0.02022714421160987
1.5741613672216588,0.9740335517613528,0.24295580110497236,0.006476880824344581,1.530663933762835,0.9713764409796857,0.6076657458563536,0.01790609243477258,1.1200879547101612,0.92950417609761,0.8868093922651934,0.06725774919546736,1.331352886447981,0.9554492776646878,0.48188305709023943,0.02246926003962389
1.469386204592795,0.967181277161151,0.2457576177925741,0.008339130765169291,1.3548664393690153,0.9576978843105619,0.6120590003236694,0.02703502958983006,1.1215916031739341,0.9297307088296816,0.8918481527719979,0.06740611763349487,1.3540616075763023,0.9576227428156832,0.4713321311323808,0.020857653068577394
1.5440310394522763,0.9722199210166467,0.29639432564834806,0.008469130902109816,1.316947402560708,0.9540158475311478,0.4405284298019549,0.021233742117911524,1.1104772406347947,0.9280402613948256,0.8654082793526967,0.06710328868208403,1.3736651052812334,0.9594171653055186,0.481205451463862,0.020354734100074604
1.6284061733259978,0.9770123859916489,0.25865348923533776,0.006085722819593787,1.3060169346593915,0.9528990197589967,0.5910588344469191,0.029215530612672663,1.1099357895528204,0.9279569579275931,0.8707776540460282,0.06760385881070657,1.3531156139030627,0.9575342589335433,0.4747355233853007,0.021054072606845668
1.4759859926355214,0.9676602319622452,0.28534656679730075,0.009536448306738396,0.967295898026856,0.9026727537184971,0.16868028662198828,0.018187308447345167,1.1209035470753221,0.929627133106458,0.8694200310739049,0.06581518325190333,1.359026319226225,0.9580842370361525,0.4661549521137212,0.020394073633511915
1.7560418029761151,0.9827651329742765,0.2593108896168769,0.004547565385580229,1.5075135255487668,0.9698564812959305,0.387212193025255,0.012034706379756751,1.1173492114740986,0.9290898348236495,0.8820427034687855,0.06731942536798731,1.3639339773750168,0.958535702094423,0.4812388188006784,0.02081740899465597
1.5591261820083733,0.9731434223464078,0.2673354697877479,0.007377859870442056,1.5158308028554295,0.9704113556920047,0.5995541312526125,0.018280901010656762,1.1118787652679898,0.9282554765980274,0.8575310018113418,0.06627825483222312,1.3612303229700375,0.9582875662163899,0.4818401374761971,0.020973584065289867
1.4510294270208468,0.9658128002161822,0.2576057440051549,0.009118556964446932,1.015084611120519,0.9119209573666188,0.24476457863487827,0.02364089736349354,1.1267725066281646,0.9305060950994687,0.8966953560086528,0.06696878410941744,1.349715236520613,0.9572147432415897,0.4721084365075712,0.02110214120332456
1.6225838809358772,0.9767093575841621,0.27200687860197065,0.00648628468128586,1.4693406734025982,0.9671779492209023,0.5911182375906302,0.02006012732846027,1.1221413057374503,0.9298133563792701,0.8882924335378323,0.06705245094186382,1.3705078127752666,0.9591331567691173,0.4857780256553263,0.020698079593387302
1.660847101428225,0.9786315937963583,0.2823605676845785,0.006165338769382136,1.35630038280817,0.9578314460649845,0.5712962748593522,0.02515133312677396,1.1249407108417988,0.9302328531637686,0.8860695020026393,0.06645491055607923,1.3465763558305635,0.9569177615744273,0.4761651193480425,0.02143784975622282
1.7743423495260089,0.983464537193765,0.3232071828987462,0.005434237991722562,1.354321325109069,0.957647004748943,0.7398060059082133,0.032718736757442524,1.1255654616217154,0.9303261563235642,0.888976762578214,0.06657711122798583,1.3659028974575567,0.9587155162018551,0.48491544741922726,0.020881568717861725
1.6145766576418203,0.9762862351766142,0.290347864173909,0.007052481864344709,1.3078836932782134,0.9530915661491525,0.5913690956453583,0.029105491108893856,1.1162744343436393,0.9289266192822125,0.865972014108209,0.06625664220627052,1.3678123419768726,0.9588891857361792,0.482652896562853,0.020692957934713607
1.6344421647694425,0.9773224715816874,0.3172549378200439,0.0073614984587640755,1.403841855695945,0.9620378918364653,0.539273957571324,0.02127980247017132,1.1146330194995397,0.9286766845987772,0.88082937088515,0.06764859296693158,1.3713139542464816,0.9592058521565531,0.49679956108266277,0.021128431084736523
1.7369473500691397,0.9820044100757069,0.29359332752852757,0.0053802050912426696,1.4736375025078607,0.9674905784532073,0.4183584620319875,0.014057595911280018,1.1188469461498203,0.9293167033037172,0.8894184501168599,0.06764865838875601,1.3446259662179272,0.9567322370652036,0.47561981577379586,0.02150968122399502
1.4814469904389724,0.9680514288434086,0.19939556129746688,0.006580645499414981,1.4555376890743212,0.9661539008306204,0.5307986896138052,0.01859482746196066,1.1222564082138584,0.929830650605622,0.884995155262308,0.06678585419988653,1.3452130759481424,0.9567881640854105,0.45210630738707147,0.020418671869165367
1.7333206072678489,0.9818562398057024,0.35912698412698413,0.006636321708960934,1.5927165740408642,0.9750925501624456,0.567437246216316,0.01449443413729128,1.1266320829593444,0.9304851837338308,0.8775839793281653,0.06556266574426381,1.3734655378884482,0.9593992696825054,0.49953857511997046,0.021139927465593324
1.6306360343152435,0.977127419435404,0.296066348515035,0.0069303156110271935,1.3965301804437573,0.9614182278973445,0.6487049993050086,0.026032571173293263,1.1175180850344542,0.9291154484513418,0.8825696149747486,0.06733345298717563,1.386579668939805,0.9605593089039299,0.48510401705045636,0.019918434508517477
1.6042441283639108,0.9757291409920861,0.2591974407121497,0.00644742918341079,1.2900917228511184,0.9512256137467219,0.5964253425133875,0.03058189309306949,1.1152819242765186,0.9287755887597233,0.8885179776062313,0.06813720192184874,1.3478366401457635,0.9570372377538344,0.4543895032107008,0.02039819081586868
1.631328283290434,0.9771630164944676,0.31071304749797757,0.007261581354276734,1.2602042795980153,0.9479317717340922,0.4226742170345545,0.02321675279900061,1.1177687568291739,0.9291534529379866,0.86689009592049,0.06609906015419315,1.3631505247239362,0.958463944094631,0.4863977811163758,0.021078565921205456
1.6986160375110502,0.9803764829309258,0.2684246890833717,0.0053728710956437884,1.424084979547145,0.9637040067825503,0.5555964993090742,0.02092543626324382,1.127170316898518,0.9305653039134019,0.8659143251957623,0.06461072399126819,1.3614060881281145,0.9583037406585712,0.46096269000460616,0.020056709635658934
1.5383907676802373,0.9718669986208955,0.20639988973628595,0.005974735628267792,1.4416837822654072,0.9650951054116985,0.5914959110539373,0.021392816427083197,1.1235658951104905,0.9300271247163393,0.8850500781034641,0.06658891669833449,1.3690969806181272,0.9590056336590125,0.47870532022420287,0.020463092788908836
1.4905195803023064,0.9686912452671366,0.2575316731196591,0.008323597461050504,1.4850867125706606,0.9683096138461605,0.6738756901647232,0.022054289801152316,1.110148984760181,0.9279897691011557,0.8900089349125982,0.06906299082065048,1.3572244802063436,0.9579173055337057,0.46527984604458295,0.020440417444498975
1.6622290913842317,0.9786980370072518,0.2584135717560752,0.005624529869503569,1.3362113806701892,0.9559230482351451,0.4098578633654287,0.018898263105338063,1.1319146318929378,0.9312678427744457,0.8698762035763411,0.06420115163952687,1.3529882728681997,0.9575223345659425,0.47886290692342964,0.02124334609729441
1.6675605374215656,0.9789524732327792,0.2832171853078498,0.0060891835423009565,1.3793084116920047,0.9599200960501311,0.5665263690517262,0.023654388058019553,1.1184319509562344,0.9292539094027882,0.8622093424411785,0.06564184410405992,1.3557946033745958,0.9577843823475359,0.49543457761218057,0.021836936460608015
1.6014765140711258,0.9755777664518765,0.2570255327934665,0.00643427700545341,1.5884075068365133,0.9748504347005053,0.6757587575416943,0.01743348353198563,1.1207529428712455,0.9296044432617758,0.8888532036429538,0.06730961387130528,1.3824551299498071,0.96019793208861,0.4961115826661467,0.020564787993193556
1.6832762358658115,0.9796853026343969,0.2948797321776616,0.006114608948741991,1.4689209175085434,0.9671472532975046,0.4405081286831304,0.01496349384509439,1.1255036139892391,0.9303169248637357,0.8875054458737475,0.0664763877941083,1.3494879426953912,0.9571933039331381,0.4785031299442801,0.021399165629764752
1.5822919286851764,0.974502875976271,0.30127836001382013,0.007882718358570654,1.451238804697893,0.9658287151568723,0.50355867787631,0.01781604413588517,1.1220743881982378,0.9298033001615381,0.8632039617643672,0.06516869685536404,1.3295751935163171,0.9552747177110833,0.467326960727859,0.021879915643382992
1.6395768777696453,0.977583036781693,0.2980381308066487,0.006834314390254288,1.4620511655120556,0.9666409240503306,0.5593517301795883,0.019303400451384452,1.1226617801888352,0.9298915266576412,0.8725361366622865,0.06578420678517966,1.3981605152492478,0.9615572343266369,0.4821910228923162,0.01927785038800064
1.651283747740095,0.9781662208315411,0.29247027138064047,0.006528268082326166,1.4994042660838611,0.9693057844676107,0.6338529660146531,0.0200717047875495,1.117423777751678,0.9291011455986143,0.8654737178463013,0.06604350387521715,1.3541442240087835,0.9576304620036279,0.47602309816721067,0.021061233477000667
1.8808415743718134,0.9870138128880785,0.2558632962219383,0.0033664054103646228,1.5255666412768567,0.9710482921623692,0.549164993611973,0.01637329943117775,1.1197147815884292,0.9294478511154959,0.87052838109144,0.06607971375396472,1.3384080986410165,0.9561356775656842,0.4631319583865669,0.02124695273794857
1.6593787744711699,0.978560777572283,0.28726608854404384,0.006293693462265363,1.4012767904354386,0.9618215990083313,0.6265632131446828,0.024870705360255627,1.1039957958803568,0.9270372196379895,0.8594933820173437,0.067646719599049,1.3638527316846583,0.958528266154267,0.47133728890917387,0.02039290367057849
1.7692089433335245,0.9832712156605954,0.2920812321112171,0.004969294192440538,1.4163560673151165,0.9630763479368021,0.5240788696560811,0.020092805599795514,1.1121327690488771,0.9282944172633818,0.8676343646358639,0.06701993092012558,1.3881268644542855,0.9606940552936263,0.49023215664894826,0.020057413633771802
1.5074355164696853,0.9698512296079858,0.24273212865098306,0.0075455647114262255,1.3329196545834952,0.955602587260072,0.528673712921923,0.02456224517416144,1.12445579894612,0.9301603545349014,0.8977838390726219,0.0674087050898645,1.332295258927176,0.9555415499992117,0.4636663257188317,0.021572987756562637
1.8632341409230064,0.986483762933209,0.28158137390502536,0.0038580671535601136,1.4396711651276624,0.9649386575654858,0.6381051175656984,0.023185745395083373,1.120231031922527,0.9295257604708764,0.8845781466113416,0.06706642767483484,1.3613955880589215,0.9583027745789066,0.4879207007837713,0.021230179008026668
1.9303278393340007,0.988396120961298,0.2546760300902252,0.0029899245702720754,1.493243272928101,0.9688808935152294,0.7032567441649054,0.02258762831868847,1.1229396646018335,0.9299332292658417,0.8633440149087521,0.06504953823950987,1.3795838907902012,0.9599444932173421,0.4869434785573055,0.02031864128180072
1.6456963703189045,0.977889756447022,0.2320242663786566,0.005246105714894105,1.4098832878777658,0.9625426794581136,0.6582714801112209,0.02561661561645182,1.1319797075154174,0.9312774332586958,0.8723717168003309,0.06437568590195082,1.3529872823658649,0.9575222418015727,0.46561114047383784,0.02065551751814057
1.907727170388628,0.9877838390474167,0.2782906525733209,0.003441687613267309,1.41820964387555,0.9632278203088187,0.45655181799623473,0.01742931956046549,1.126098065618952,0.9304056066935646,0.8923719010139043,0.06674946991718582,1.3527883305742576,0.9575036052725878,0.45988613423458163,0.02041089201385589
1.6059126550533074,0.9758199585238131,0.24335312928277752,0.006030096748911542,1.4286802224790547,0.9640723026620077,0.6730698949291914,0.02508302687003772,1.1251051285534304,0.9302574192621574,0.8841936957514847,0.06628912485616102,1.3768920442891925,0.9597054850146444,0.4795568752855185,0.020134835112698982
1.503254124987812,0.9695684311982801,0.26708385481852315,0.00838288504679696,1.3604144460529755,0.958212408139719,0.7188531118443509,0.03134914575314563,1.1199901439436295,0.9294894170240466,0.8758448060075094,0.06644113072935884,1.3523348838319742,0.9574611000843691,0.47088405961997953,0.020920839376425027
1.9350942700635159,0.9885213246644683,0.22083768418610047,0.0025643595291010594,1.3463093693969548,0.9568924103025599,0.3132149901380671,0.014110199993842916,1.1185500256722563,0.9292717808102815,0.8844645550527903,0.0673178764352062,1.3647503211454708,0.9586103464704375,0.4540201879568395,0.019603103955794766
1.6447435350544444,0.9778422697078056,0.231694716781852,0.005250160689118807,1.4734714456298772,0.9674785500999191,0.6156636741441462,0.020695317050606097,1.1151606997961474,0.9287571217040522,0.8734874750304227,0.0670032675092171,1.341008212682141,0.9563860885367829,0.4643767363901453,0.021176893002996255
1.8064697431344139,0.984625488320838,0.2594694802371089,0.004051506488111191,1.4552130878706842,0.9661294512131272,0.3845467237314902,0.013481432069610163,1.1258125544734274,0.9303630264428197,0.8708946513171446,0.0651858103569952,1.3527622922085574,0.9575011655871789,0.4714027418579635,0.020923282172388553
1.5855332417228785,0.974687663941032,0.3009402957823626,0.007815326060173948,1.4485139574431698,0.965621037863682,0.6188378674456819,0.022032456604822094,1.1233620869266492,0.9299965790019422,0.8832846448785832,0.06648728420368341,1.3683648792990133,0.9589393100301938,0.48377305094029577,0.020714611501098313
1.5280579760733632,0.9712091305292713,0.256141395178461,0.0075931467722246,1.5035254469952695,0.9695868591098208,0.38274685775773254,0.01200566406288394,1.1195199045787123,0.9294184207768299,0.8737608461732183,0.06635485052548533,1.37399848919695,0.9594470436849877,0.4890221845738227,0.020669504813863718
1.6296356800026812,0.9770758831312646,0.3093786662372616,0.007258630392951417,1.338686676955739,0.9561625722764946,0.5971337213314624,0.02737694102354616,1.1170151831320312,0.9290391464283418,0.878447700766028,0.06709663301494247,1.3479314013897923,0.9570462084090617,0.47569644130569805,0.021350030563688765
1.6245035947060977,0.976809699894615,0.2559840425531915,0.006077280733021617,1.509342810171182,0.9699793776782679,0.5399623991195891,0.01671170297527939,1.120541542949569,0.9295725826017149,0.8801586573734409,0.06668365902753025,1.344550160930114,0.9567250109536461,0.48661041819515777,0.022010567588535004
1.4984572575187283,0.9692408416046339,0.3092070973736092,0.009812783032688083,1.4188285634368052,0.9632782645518417,0.6166013279249473,0.023505846310751456,1.0988411211794022,0.9262303242947826,0.8770196469441863,0.06985028803870842,1.3664828189017437,0.9587683358458726,0.47714654762174535,0.020519603608398447
1.5549780168104774,0.9728926595744608,0.22935342577672876,0.006390387808057656,1.4025653786987948,0.9619304035720805,0.4920454803349749,0.019473314068225746,1.132556912524836,0.9313624442935943,0.8806481628577264,0.06490012315424298,1.368356570496779,0.9589385567174943,0.4644486303701518,0.019887542283065995
1.6659558006648492,0.9788762037245802,0.28162389259293086,0.006077342273505304,1.5122179341988773,0.9701715557060724,0.669536030687734,0.020585243998018345,1.135525573325598,0.9317981331247169,0.8845100009133254,0.06474066773438462,1.3730810718353539,0.9593647725062113,0.4989040094985843,0.021131772298223585
1.6443579140807698,0.9778230230781051,0.26838193253287596,0.006086888714584615,1.346948142235877,0.9569530402441508,0.45733562035448827,0.02057249124710776,1.1204387307322732,0.9295570826748683,0.879451114922813,0.06664582878733372,1.3719389996514713,0.9592621316184206,0.47970268724985704,0.02037197580446992
1.562151638308936,0.9733248916709615,0.31292439761088275,0.008576059521851092,1.3925850663852644,0.9610798585997057,0.6622533100174869,0.02681878330719334,1.126842555366136,0.9305165243184285,0.8780460109463357,0.06556540056457147,1.3947065262570086,0.9612621669122028,0.5120477823450594,0.020634975772713778
1.5643589086744425,0.9734565325607649,0.2809576224545955,0.007660937344383115,1.281591873650483,0.9503095184404035,0.5110759493670886,0.02672351433378937,1.1195387853461956,0.9294212726477966,0.8833012291322693,0.06707644687665446,1.3602178236905524,0.9581942760512264,0.48470464135021096,0.021147515633763686
1.5427352039442688,0.9721392206356971,0.3206868918145392,0.009190645278179851,1.471881439197499,0.967363159811395,0.46639954207212364,0.01573535973978404,1.1165454389791982,0.9289678066986347,0.8994848311390956,0.06877781978708054,1.3497589924104032,0.9572188693033505,0.47578706353749284,0.021264424680414413
1.6933070201061569,0.9801399171226162,0.24162141282861102,0.004895853336750163,1.5553113572976092,0.9729128943300958,0.675217559246552,0.01879889708942502,1.1230351041023483,0.9299475467490581,0.8753720660743904,0.06594131136775198,1.3321045310578465,0.955522889613098,0.46856467701256505,0.02181046952347683
1.8450737896752305,0.9859147175562597,0.2664800782761053,0.003807070836159636,1.374485993154532,0.9594906966143939,0.6466880560675359,0.0273029042923757,1.1099369920395765,0.9279571430314004,0.8756001547318361,0.06797807116712379,1.3234913340138277,0.9546723692721591,0.4530912235192391,0.021512670028738176
1.6040756619226133,0.9757199529355236,0.24217986869903002,0.006026461375920764,1.2895050840936693,0.9511629052324769,0.6109129733536267,0.03136709244047763,1.1285761787408848,0.9307741740998691,0.8834192771631721,0.06570383104672982,1.3612375117367157,0.9582882278661597,0.4602576043252084,0.02003380585946384
1.5856152523553437,0.9746923224251386,0.2166905688724988,0.0056263242506044125,1.4277647520270802,0.9639992183940863,0.6944615174486103,0.025934831632984087,1.118279764109393,0.9292308687394765,0.8770743700061463,0.06679695359281927,1.3673236610245494,0.9588448054741371,0.4663889457989028,0.020018179875912843
1.6876291632063107,0.979883824069543,0.23920932224401018,0.004910762574364521,1.3789273507522963,0.9598863247995117,0.5185610927040368,0.021670681941098384,1.1228776650933012,0.9299239268776257,0.8980773998692722,0.06767622138092663,1.3431330848276535,0.9565897164143977,0.46340748754705074,0.021029549142042383
1.687034763791887,0.9798568280742517,0.2785383987668873,0.005725986382429821,1.4066859086333372,0.9622763335538127,0.5844138181158763,0.022910500001310893,1.1308731837244796,0.9311141911705285,0.896522803517998,0.06632666437697125,1.3367253843044327,0.9559728886937855,0.4754737510200381,0.021897834140407267
1.570610044247873,0.9738259282104929,0.25457654166191723,0.0068423980963702715,1.5738605271873662,0.974016025858535,0.6352900946084578,0.01694773078921862,1.1304391676721308,0.9310500641143401,0.8702154337170865,0.06444476046363948,1.367308724290118,0.9588434482512319,0.47340704434059044,0.020320107056235326
1.811537088654809,0.9848011248572678,0.26889777270131354,0.004150019298605454,1.35086010882488,0.9573225765354495,0.5432324386065106,0.024217292467908286,1.1250195377384937,0.930244631903903,0.881324957167333,0.06608707504569084,1.3504153016892864,0.9572807118957898,0.481324957167333,0.02147944616606499
1.5882911620784814,0.97484386589763,0.21681395875821435,0.005594948291299121,1.361790557484574,0.9583390997829471,0.33838658508950825,0.014710335578915906,1.1244805271913036,0.9301640533123477,0.8869929753002492,0.06659469790818674,1.3679931388509765,0.9589055934526056,0.4704736007251303,0.020162395078333208
1.5273964527715436,0.9711665079118177,0.2545965039398605,0.007558854452068263,1.4061375291969458,0.9622304703837758,0.6735350058871479,0.026437637484367095,1.1171644281354811,0.9290617983109606,0.8760755366361742,0.06689245346834222,1.3762888209456237,0.9596517379115065,0.4739606919663074,0.019927531482117528
1.484043649484081,0.9682358307998298,0.27895916842176777,0.009151599170181596,1.283864789473275,0.9505560735601307,0.5673845596394682,0.029512956899913807,1.1092507078430427,0.9278514290955696,0.878931992662545,0.06834465648729873,1.3419117059829058,0.9564727820515525,0.4711597255248319,0.0214415636767641
1.6380014829074991,0.9775034046930243,0.2642935895416601,0.00608254242143929,1.48455204313646,0.9682718137217675,0.618477600522017,0.020266181706612717,1.110292436633152,0.9280118388762701,0.8808361271741332,0.06832862512120177,1.3653317886958414,0.9586634359447541,0.46806021195688857,0.020182266484588117
1.6560620711718999,0.9783999697468346,0.278279462275095,0.006143545574241936,1.326150134117567,0.9549365555108564,0.5237358687987625,0.024715089305551278,1.1141492902788865,0.9286028735384154,0.8790118963673998,0.06758424436814348,1.3149238135744978,0.9538110047336049,0.4602961581329755,0.022290177995044007
1.6468517015313873,0.9779472016267314,0.2152584863473135,0.004854098451998178,1.508295869807333,0.9699091008855053,0.5355150529620345,0.01661406148087695,1.1252958888343105,0.9302859112482025,0.8947986539286763,0.06705473233629299,1.3371762390010873,0.9560165616395693,0.4519953926417779,0.020794944658033516
1.484233717051295,0.9682492879581363,0.2904378708865312,0.00952400308397539,1.4366868594669453,0.9647054324787557,0.5590046754180903,0.0204516607836864,1.11895185442764,0.9293325690661778,0.8897905053048013,0.06766061060614802,1.3367402969110247,0.9559743338946656,0.4668225139363424,0.021498665184120674
1.591765232299616,0.975039292833561,0.24540542984379593,0.006282303817299278,1.4255285789785415,0.9638200969543875,0.6443927029409771,0.024189229493528586,1.1318031252949892,0.9312514066687437,0.8749237063996202,0.0645902638711813,1.346378156780389,0.956898943261082,0.47876212220539366,0.021564610912094287
1.5418713934756871,0.9720852989122405,0.27900859429919045,0.008012096797979672,1.4782571526531474,0.9678234850463869,0.6158869815642078,0.020475941096931034,1.1273005184101075,0.9305846725499569,0.8719018571849702,0.06503798601684611,1.3133945197394215,0.9536556224189451,0.4293974920066215,0.020867238690876866
1.7909348130219103,0.9840744967960333,0.2859408860391859,0.004627446917472498,1.488359365962759,0.9685400366782286,0.5202296642166171,0.01689801715506111,1.1361055153046502,0.931882947198445,0.8784209468063716,0.06420918656735503,1.3585196557666586,0.9580373612622434,0.46632112776747614,0.02042515857054709
1.6575837658479342,0.978473893870873,0.277303158037103,0.006100578919110624,1.348472558855664,0.9570974032780616,0.5179992335955639,0.023219697540822943,1.1349709015810774,0.9317169231559096,0.8853999954917386,0.06488863132928507,1.3514035553270616,0.9573736717778458,0.4577688614385862,0.020381807347310165
1.4630987472322285,0.9667186192183331,0.2531434494569381,0.008715011137959925,1.4073745421891182,0.9623338509553292,0.5610888277975573,0.02196125117509083,1.1263390397720148,0.9304415260881324,0.8746225607282888,0.06538552812547938,1.353503002275715,0.9575705147811341,0.44950200549821984,0.019917215916465957
1.3808688174205108,0.9600581018836629,0.2382518585266952,0.009912141192944549,1.2850229573106202,0.9506812596625919,0.7564541563415184,0.039242770102569685,1.1283539145169323,0.9307411908481406,0.8867312457760756,0.06598391768202742,1.3543884228017264,0.9576532706300791,0.4768416309979725,0.021085589241393417
1.6926958916528474,0.9801125070124669,0.26313779235660206,0.005339337027948256,1.3553274817607128,0.9577408712135421,0.6685614145453729,0.029499443709790248,1.119857612695577,0.9294694142765666,0.8800916668538947,0.06678367227589896,1.326961717846611,0.955016904188746,0.4675009548630614,0.022020175928008114
1.8764177369501303,0.9868826002125614,0.2884062528074746,0.0038334246833999007,1.637480864857579,0.9774770281059566,0.5277827688437696,0.012161141517425134,1.1358215410252381,0.9318414293772563,0.8755053454316774,0.06403792644964688,1.367231244536099,0.9588364073839319,0.4999775402030366,0.021464424612592674
1.602483483075879,0.9756329488084478,0.22657323750084493,0.005658810194511767,1.4354471223202878,0.9646081075506511,0.721627650226438,0.02647683342631386,1.1326108484277553,0.9313703830213204,0.8948921884505329,0.06594165892557341,1.3506224054300304,0.9573002090957049,0.4715318928418539,0.021032391968318007
1.4402684989169015,0.9649851608163167,0.28649692397503257,0.01039564557772017,1.3730617805469847,0.9593630408078491,0.6420809196641071,0.027197437279299054,1.1182705736811807,0.9292294771123893,0.8685392249315191,0.066148326770492,1.36784176965035,0.9588918567898386,0.4669944766267008,0.020020272033379357
1.748931364979018,0.9824856172460784,0.2987573925177753,0.005325829947299208,1.3633238939625862,0.9584798335599714,0.39916273506545286,0.017291238288257266,1.128599259627615,0.930777598391198,0.8711985292488981,0.06479147604852277,1.350941481581708,0.9573302309855867,0.45876802445345205,0.020448038723768484
1.5106104184291889,0.9700642541447361,0.26046356139959886,0.008037788162279775,1.3172444640584868,0.9540458454388083,0.4145977267662135,0.019970201754581546,1.1175311221403805,0.9291174254781838,0.8667260976153331,0.06612272627714728,1.3538639274247921,0.9576042673023198,0.4821038555827947,0.02134404251496142
1.4797843718385497,0.967932814679646,0.2158336918861387,0.00715047458989154,1.4003497821314541,0.9617431405568398,0.5124436694671528,0.020384325719226052,1.124004781903852,0.9300928609484332,0.8797074209107996,0.06612009572420104,1.3559129426703043,0.9577953985369515,0.46482030843089744,0.02048199009853615
1.4957439634682568,0.9690540349481912,0.23704478675095716,0.007569835552979012,1.4922201798589814,0.968809787209719,0.5714762710355267,0.018398313821261905,1.138470908837547,0.9322278644072309,0.8603641705992343,0.0625477090476028,1.3258844881398644,0.9549102262485197,0.4559700828065177,0.021530388204093732
1.8486218996432464,0.9860277217597032,0.23717520167580336,0.003360836451533787,1.4928713141551273,0.9688550600646857,0.6468556402371084,0.020793904983743387,1.1321795625758169,0.9313068790409889,0.86569060034764,0.06385326948727735,1.3381440694224298,0.9561101729334998,0.4535811382983465,0.02082144744832181
1.5416780431933101,0.9720732155126766,0.2831580354755326,0.008134874314388465,1.3652222750401122,0.9586534420508659,0.5700374364916659,0.024585616519204993,1.1394366905238984,0.9323682267115649,0.8694848025670737,0.06307035928536392,1.36522163124483,0.9586533832931682,0.473928157589803,0.020440470163602453
1.6939709732857902,0.9801696545585127,0.26225451951583784,0.005305813836822781,1.536586889815485,0.9717532104488245,0.497648291388957,0.014465572540659217,1.1334390378227113,0.9314921759605237,0.8815006352956911,0.06483113006424553,1.3620082960067454,0.958359112175883,0.45500546131383607,0.01977007484273059
1.628845382960334,0.9770350884045153,0.261608968166603,0.006149038962707807,1.4022701758492613,0.9619055038484686,0.6011502257767394,0.023807447686619958,1.1313129278233116,0.931179108230237,0.8737222833778896,0.06457441556593908,1.3556548713010954,0.9577713711683046,0.45546244917215195,0.020081571961588666
1.3829403398019027,0.9602406085519478,0.2432408355975235,0.010071546144312049,1.2521676356663933,0.9470108077009033,0.3946372099238341,0.022081592770626077,1.1299352242190246,0.9309755357435258,0.8836132020845396,0.06551292224357166,1.3577461422111645,0.9579657002099059,0.46409959467284306,0.020364091836132442
1.6073300871629541,0.9758968486173507,0.26176948956174945,0.006465303831245012,1.401950574450482,0.9618785285266372,0.5988681683488181,0.023734531044147553,1.1275179499289183,0.9306170062822553,0.8921640710291202,0.06651610030500181,1.3783359578428422,0.9598338590294404,0.4695764543368313,0.019650352906304572
1.2782021210647516,0.9499396486268886,0.20071516370544196,0.010577378926682259,1.3078452143480945,0.953087604813239,0.46794055201698515,0.02303273276167882,1.123546422446258,0.9300242067869847,0.8733042798077998,0.06570813883113111,1.3280165806793052,0.9551211340477871,0.4613699854732372,0.02167867613260444
1.4923639181681,0.9688197866960467,0.29824991093694336,0.009598788101358795,1.2854712224489826,0.950729631829871,0.6596900605628785,0.03418760820523582,1.128567882567978,0.9307729432374051,0.872350374064838,0.06488182676669639,1.305671819227746,0.9528633407156608,0.4441797292483078,0.02197287655422066
1.5161367797821712,0.9704315784961071,0.22239085010447596,0.006776105127049511,1.3648580467988658,0.9586201870193688,0.5038821071153635,0.02175058238816212,1.138811066449957,0.93227733215199,0.8758385571318597,0.06362283158403675,1.3433729347480496,0.9566126443043131,0.44425382162102717,0.02014921995083732
1.6918255421700845,0.9800734064273602,0.29134015141453046,0.0059234509890346305,1.325517554928522,0.9548738338869405,0.49818479656439546,0.023543602397453,1.127219499867726,0.9305726209065932,0.8837827068667817,0.06593651655693426,1.3465923463292362,0.9569192794747932,0.4660202771505733,0.02098033736975426
1.8168085674790246,0.9849817402286652,0.27386085796843745,0.004175624113819368,1.4318097812860855,0.9643210657866825,0.6450100022227162,0.02386473784793042,1.131322879024123,0.9311805766168203,0.8666592576128028,0.06405093907274519,1.3521770544147789,0.9574462959425606,0.4546565903534119,0.020207213789069006
1.6463984461511663,0.9779246823510044,0.29324787269311525,0.006619671285962322,1.619512884002134,0.9765479564738435,0.48513647916896896,0.011650673937897617,1.1247533650365669,0.9302048515602935,0.8725163001436623,0.06546665993242583,1.3293865824752222,0.9552561589044546,0.4521825616090176,0.021180062011863197
2.035811618947653,0.9908755333948389,0.2928650986044683,0.00269684508495062,1.4994040801642945,0.9693057717308727,0.6209569984057306,0.019663347119395436,1.1257026665229801,0.9303466316706815,0.8629146738299591,0.06460485970171975,1.3271176372334077,0.9550323249304139,0.45947716700517593,0.02163447184815253
1.81955166145432,0.9850748884164722,0.24817793137059435,0.0037602047944086878,1.2912823045803437,0.9513526457336117,0.6451784408852262,0.03299115666470556,1.1222847250874421,0.9298349046314959,0.8722225914357237,0.06581768548999083,1.3119617150100364,0.9535095926443777,0.46580713763540904,0.022711427074130406
1.60267874034389,0.9756436349140943,0.26602592363989064,0.006641179511265865,1.4399239868977483,0.9649583473452893,0.6725817829115598,0.02442424306034788,1.1319638120355788,0.9312750907854597,0.8915659994709462,0.0657945144014673,1.3708965158873465,0.9591682243045162,0.4918878405784322,0.020939657366566344
1.5837747411937904,0.9745875739070938,0.24811561978877153,0.00646962881447413,1.5399144665855684,0.9719627662891609,0.5514396887159533,0.015906826852009125,1.1333308933947266,0.9314762836923383,0.8928293496386882,0.06568066856547376,1.3657137042237426,0.9586982703483824,0.48200111172873816,0.020765114764591423
1.5531175704808506,0.9727794548141653,0.19998219809074524,0.005595949248878416,1.3312870865606012,0.9554428280585497,0.48309931240125503,0.02252938479971512,1.1264560267058548,0.9304589578715593,0.8691782193640268,0.06496101591432092,1.3390535749536385,0.9561979696040376,0.460335120941721,0.02108727857701693
1.6394683904742453,0.9775775618737679,0.2464,0.0056516116672254415,1.5489040083230878,0.9725213657822482,0.6321315068493151,0.017860903693624124,1.1236862371280347,0.9300451551661815,0.8781808219178082,0.06605378544477082,1.3557989336427136,0.957784785500069,0.46325479452054796,0.020418366228897488
1.4756458160903039,0.9676357109190379,0.236686782943166,0.007916408394580713,1.4726236213596167,0.9674170707650162,0.45953533611866393,0.015477303213068732,1.1375609234171196,0.9320953641522197,0.8789707540287818,0.06403442315954491,1.3425708660403004,0.9565359270896847,0.4362800362535093,0.01982414540636448
1.3260052349905904,0.9549221957806062,0.19952994390368284,0.009418957677326095,1.3372373974622158,0.9560224826924738,0.5675927363029645,0.026109552689692533,1.1088810437349106,0.9277944274606444,0.879958315780138,0.0684827286315719,1.344058654269138,0.9566781302970392,0.4504112990842775,0.020396263898717838
1.8992300704707363,0.9875454788469681,0.27060632688927944,0.0034127767222647924,1.5848874276630287,0.9746509502989441,0.6034490333919157,0.015694705406909003,1.1373676187831152,0.9320671867304019,0.8856107205623902,0.0645468787722926,1.3274448229876072,0.9550646678860577,0.4413224956063269,0.020764010622775986
1.505125369185988,0.9696953045764386,0.2251562978183885,0.007036533018032264,1.4242251050257329,0.9637152909668765,0.5209854413500634,0.019615549661886847,1.1255782444977829,0.9303280641715482,0.885782363485332,0.06633592424375642,1.3313063745093716,0.955444718726538,0.46025882044331745,0.02146326291988562
1.5623715345152076,0.9733380346364727,0.2339147966339411,0.0064074637833298346,1.3719856740733238,0.9592663312268733,0.5080426016830295,0.021573194415284484,1.1222306461699856,0.9298267801830362,0.8769503856942497,0.06618268423262649,1.340572795315322,0.956344249810828,0.4571134291725105,0.020866575687591853
1.6707543552431714,0.9791034671865907,0.269542075397,0.005752706442060294,1.62033557598219,0.9765913010952899,0.5127567852901069,0.012290677978332719,1.1417365573214688,0.9327013939943027,0.9053798442792417,0.06532723315091392,1.3697754830329363,0.9590670100021986,0.4707473716623411,0.020091502736291317
1.5203281689291832,0.9707072526683007,0.28055092551978245,0.008466102784681235,1.3441393794564547,0.9566858333152206,0.46881305377664706,0.021225616652976387,1.1338965835611827,0.931559376408119,0.8959557855952277,0.06582486766793771,1.3193678501296457,0.9542597277009759,0.4350600929906132,0.020853617251324633
1.5831835533289373,0.9745538382796548,0.24541174419111556,0.006407841912338885,1.266636469540509,0.9486579527239666,0.5823924321025328,0.03151949519461072,1.1302638394808795,0.9310241432237994,0.8864161471729369,0.06567102868009612,1.3130387142512168,0.9536193999225699,0.44720781202319193,0.021750571226460284
1.4363097647286203,0.9646758561683044,0.248638476865176,0.009104551816778191,1.3171114457865767,0.9540324152718205,0.551361523134824,0.02656592912866271,1.1430808023375,0.9328954205633813,0.8797431923843259,0.06328125922359772,1.3563106112955565,0.9578323973271392,0.46373699357980963,0.02041555218277055
1.6656548666223785,0.9788618709303526,0.24453206692227256,0.005280571800552272,1.5285038346102682,0.9712378231509797,0.5388855001742767,0.015958521886122866,1.1409490016215202,0.9325874775414827,0.8878311258278145,0.06417728861963609,1.3690292223059404,0.9589994995045718,0.4741416869989543,0.020271174784498597
1.7336729049032575,0.9818706852489084,0.29266797986430293,0.005403837800882093,1.4274599177055263,0.963974850970585,0.6372072663602539,0.02381336682190562,1.1312514454286982,0.9311700353225477,0.8998905668636463,0.0665178577286822,1.3392523665904243,0.9562171370907656,0.44482381265047055,0.020367403231542246
1.9723818988907023,0.9894557792254444,0.23551397783655,0.0025097749994914837,1.6884709246944132,0.979921993955175,0.6372756879631046,0.01305739150062236,1.1320841639842758,0.9312928248821701,0.8952591200192346,0.06604874803236921,1.3683619025871596,0.9589390401498736,0.47797862341806735,0.020466640989317216
1.609544703824077,0.9760165056984292,0.26543918553016355,0.006522593784436742,1.4169679261329473,0.963126414636253,0.6035741362504061,0.023108017907269955,1.1369980764933827,0.9320132895155473,0.877071374417849,0.06397891347422958,1.317867421260029,0.9541086925169177,0.4395754359363154,0.02114297003137907
1.8972275704875283,0.9874886395121057,0.28478594097454607,0.0036082030991031674,1.3150937785216836,0.9538282432055277,0.525313586217319,0.025428740778471296,1.1250136158689357,0.9302437470901166,0.8884043265182754,0.06661883735386187,1.3221887048943122,0.9545423983528101,0.4536367365443986,0.021603270947368282
1.6478251549708154,0.9779954902468994,0.254547430185809,0.0057272159902662925,1.355327348872042,0.9577408588292192,0.41253938932956646,0.018202794765900785,1.1277260888984904,0.9306479450833938,0.8829512115614474,0.06579768561935244,1.333300215112138,0.9556397494271978,0.4373356514180159,0.020300870796711067
1.6561938647643797,0.978406382104323,0.2855130566691949,0.006301328326049275,1.562672727149705,0.9733560263832606,0.5583920251381514,0.015285036494673635,1.1372982297543637,0.9320570694613997,0.8776032072813956,0.06397347942141454,1.3422984031051994,0.9565098367808905,0.44065445877126447,0.02003548065923406
1.6454540591281832,0.9778776897506203,0.2891340010360905,0.006541014425020874,1.4559599968315058,0.9661856844119862,0.6798480400621655,0.023793145095650437,1.1339113894591804,0.9315615499526962,0.8598471766534277,0.06316985501462456,1.3288989221166885,0.955208140439311,0.4569374892073908,0.02142682728308644
1.4578461835079466,0.9663272906730623,0.2283736282578875,0.007957923652254296,1.3443917570012303,0.9567099074369402,0.6669881687242798,0.030180496029244927,1.136644507169886,0.9319616848284297,0.8971622085048011,0.06549776251102987,1.3808610806243868,0.9600574187485362,0.46622085048010975,0.019396823395941006
1.5653042985261292,0.9735127218193979,0.26614853195164073,0.007241353959902119,1.4168812826474975,0.9631193288117417,0.5356865284974093,0.020513012382242665,1.1357957203831894,0.9318376531652781,0.8717832469775475,0.06376946868731424,1.3248544140045122,0.9548079927055232,0.4435880829015544,0.020995462995053404
1.4935575085124824,0.9689027017859392,0.3008024571193736,0.009654368488519315,1.3641187022996883,0.9585526041332537,0.5625851664395561,0.024325936836052952,1.1202720226669025,0.9295319431358771,0.8693141262734411,0.0659029286033557,1.3307819886593202,0.955393289469732,0.4505439837345619,0.021035614636518835
1.6302945044349981,0.9771098372149026,0.2689917348311727,0.006301507121944045,1.6611525905767925,0.9786462985119737,0.5544283792153429,0.01209742286284225,1.137653970715477,0.9321089235069935,0.8940477970228307,0.06511885665433768,1.3345588020458659,0.9557624407125522,0.46240095679473764,0.02140227411063521
1.3167219128869798,0.9539930646575555,0.22037417493552477,0.010627687761066325,1.2410378981034642,0.9457099714426066,0.4733575206539319,0.02717386311889861,1.1283232006463817,0.9307366318709182,0.8695633168684705,0.06471098489670205,1.3537917668283128,0.957597521136026,0.45268173274467804,0.020044775786430522
1.6128008960125833,0.9761913880846013,0.2305820014646965,0.005623730607089826,1.5448212210557615,0.9722690194343131,0.49383965881187264,0.01408525593980698,1.1244978635768932,0.9301666463293581,0.8762116055658468,0.06578261560255382,1.3320134152391243,0.9555139724104689,0.4444923103433421,0.02069430458602857
1.4672243133541971,0.9670229011649567,0.32009360843334694,0.01091572758934228,1.3413682523769284,0.9564206554063257,0.5639478712669344,0.025696306824709577,1.1356879873024037,0.93182189534723,0.8777078815724499,0.06421877410608483,1.3622864848635157,0.9583846671925751,0.4681924555037894,0.020330025636564764
1.6746808327223701,0.9792876467967256,0.22946254525201892,0.004853231121344566,1.4019086409185297,0.9618749878490112,0.6546280230490756,0.02594692828943956,1.14102453639296,0.9325984110636663,0.8885033095559411,0.0642147082053878,1.313353080157432,0.9536514050802428,0.44857871173660646,0.021801460039957744
1.253637914347441,0.9471804368314323,0.23981871294784776,0.013373502201891237,1.2814464095221667,0.9502936995729496,0.666208437150958,0.03484686548899842,1.1271199889653913,0.9305578158442209,0.8975427442220122,0.06697845901751272,1.3167222410990858,0.9539930978270349,0.4368287653578486,0.0210663350918702
1.6735153389654371,0.9792331433377296,0.23010070949515862,0.004879806698214085,1.472063993080281,0.9673764282278793,0.5974639321990037,0.02014873104676908,1.1323555221916064,0.931332794497347,0.8657350499234435,0.06383068107896635,1.3393003479673222,0.9562217622552734,0.4431649091026719,0.020289204363074947
1.6668547638933506,0.978918962663932,0.24998927636940763,0.005383523529280459,1.3664182666135583,0.9587624595792711,0.3749624672929267,0.016127592133752984,1.1199552573000047,0.929484152142364,0.8948226311500022,0.06788623170422659,1.3633914148125037,0.9584860203403264,0.4517865568566894,0.01956779497441513
1.4561986678149825,0.9662036344449202,0.22760492349773484,0.007961281579203098,1.5356918608188432,0.9716965864994493,0.6662748952901958,0.019407142238062346,1.1448665666353501,0.9331523725453889,0.893431062483973,0.06400213789136676,1.3372107724861966,0.9560199050904179,0.44234549961535174,0.020349364016714423
1.4528370435803601,0.9659499631182616,0.24928811254196948,0.008787483565744247,1.4030007262247663,0.9619670956750789,0.7404692082111437,0.029275631856910005,1.134394017532968,0.9316323660046681,0.9055845977304603,0.06645612431324184,1.3429075718443768,0.9565681484807382,0.4344213523736665,0.019724390471349558
1.8171415215842208,0.9849930769216738,0.2729957805907173,0.004159244136858312,1.4815214586803482,0.9680567316013376,0.5502953586497891,0.01815826672762337,1.1408419359104793,0.9325719771535542,0.8807805907172995,0.06368333517254426,1.3146459150885055,0.9537828060502748,0.4408016877637131,0.021359807460890494
1.6062197174043356,0.9758366357146177,0.3184605488850772,0.007885621395632215,1.3824232023112775,0.9601951223651194,0.4468481989708405,0.018524086893494544,1.1392743762231419,0.9323446555549273,0.9001500857632934,0.06531915396493587,1.3123822521496062,0.9535524986172166,0.43400514579759863,0.021140372070548443
1.6191742438200463,0.9765300920163938,0.2362797167425392,0.0056787427808695015,1.4846314480786145,0.9682774302581453,0.576062215477997,0.0188728697324652,1.1469389940018644,0.933449426950467,0.883577811498904,0.06299496040316775,1.3289048893077604,0.9552087283075872,0.4550665992244141,0.02133880384459754
1.6569045492258272,0.978440928062111,0.23957089233919127,0.005278730635680253,1.498458863543711,0.9692409518533107,0.4661320593755332,0.014792790615823453,1.131929809785941,0.9312700797189584,0.8826991980890633,0.06514527507971613,1.3420774173302055,0.9564886648060006,0.4506483535232895,0.020500307307617552
1.5526378232401994,0.9727501886224789,0.2885042357353797,0.008081916711358337,1.3949438127093523,0.9612825071655077,0.6287210881420965,0.025322945173332563,1.1282919443712738,0.9307319920973507,0.8918971352201935,0.06637779547210484,1.3341740081287317,0.9557249640950869,0.4261386906943157,0.01974135503390112
1.5831938173614932,0.9745544243597314,0.24740513510106316,0.006459737826485122,1.3016799057661217,0.9524487737253013,0.4536286086481489,0.022647513661166286,1.1382577187216854,0.9321968439529873,0.8871916628146405,0.0645297129545565,1.3378643731947018,0.956083139470505,0.43669370088666637,0.020059151306203265
1.5876978697989592,0.9748103427264173,0.2570504224932422,0.006642330062404412,1.4560428629646243,0.9661919176732636,0.6290360343102824,0.022010639548360956,1.1359800169157759,0.9318646018800393,0.8963242023710704,0.06553678104082653,1.3276382151309334,0.955083774654743,0.4509077751527148,0.02120554843056483
1.4328317084975328,0.9644019371446445,0.24813141336936784,0.00915904179502506,1.3344827404768436,0.9557550351722065,0.6541742325070732,0.03028382257312323,1.1365077331700086,0.9319417124435506,0.8803682276930873,0.06429195430988617,1.3485601778509448,0.9571056867732541,0.45240910434525566,0.0202754806460724
1.5644592833365694,0.9734625038276424,0.23694966222655175,0.006459468885194845,1.4739873691734942,0.9675159070242608,0.6176065733466043,0.02073597881478105,1.1492769225218837,0.9337830655355489,0.8730437728976514,0.061909756589347886,1.344178751326897,0.9566895898123557,0.4377289765146863,0.01981648146457538
1.456242818820096,0.9662069539578615,0.23858352971148333,0.008344448538079674,1.3596072618198949,0.9581379233857181,0.6167335413880219,0.02694575189024154,1.127869348063981,0.930669232412204,0.8803473239496423,0.06558200656864271,1.3131624344644246,0.9536319982145115,0.4366600853448825,0.02123151871458978
1.6557495590782694,0.9783847571687695,0.2668342345386955,0.00589511103170683,1.508971403020777,0.9699544648689773,0.44493494423791824,0.013782408331844503,1.1419354466457703,0.9327301341950053,0.8770488340655627,0.06325404874255147,1.343857751938014,0.9566589539689148,0.4368029739776952,0.01978918163378979
1.6878620188304714,0.9798943900716877,0.2593417678954226,0.005321210608260359,1.4247532145034603,0.9637577888373088,0.6908284645454164,0.025978675741192083,1.140908971366509,0.9325816825671106,0.88085830776344,0.06367912443092609,1.325019808376983,0.9548244227550879,0.43644655542011684,0.020649581857956525
1.8440812479998003,0.9858829450320651,0.2686061113436584,0.0038462246026969562,1.5211638709567734,0.970761919285173,0.523984930933445,0.01578174153686042,1.1320357079080439,0.9312856852936702,0.8910632063624948,0.0657465249945467,1.3514507562719988,0.9573781068858277,0.46663876098786106,0.020774474839882998
1.4155216492376894,0.9630079644568493,0.25917179725056927,0.009955569101739137,1.3338856286095007,0.9556968578143358,0.45532175086446824,0.021107304166414865,1.141601069113802,0.9326818089523081,0.8909926625621996,0.06430919280802752,1.3203351284559586,0.9543568442259609,0.4289870962300751,0.02051677522589867
1.380146477746446,0.9599942732248049,0.19974407920958234,0.008323911173947407,1.3546181250214349,0.9576747145377655,0.5893729940634768,0.026047863474717187,1.1433517591298827,0.9329344671933675,0.8829267269409075,0.06347064392384048,1.3458163784428223,0.9568455616887411,0.44161020326823436,0.019916944842098626
1.8125977056147766,0.9848376355556067,0.27977868473092943,0.004307417008154991,1.2907597615223847,0.9512969304442994,0.5213110615559389,0.02668929971134985,1.1332199126042233,0.9314599710580946,0.8858080531829848,0.0651808037796484,1.3276140395753708,0.9550813865802336,0.4237808726385324,0.019930918411990607
1.7031833071247156,0.9805777856321032,0.2695321478571578,0.005338598560385299,1.39339681849057,0.9611497138012353,0.5339448774473954,0.02158239346621242,1.15218028564686,0.9341952322250803,0.8925966943184905,0.06287456428822519,1.326760721636597,0.9549970178233244,0.44488789518774685,0.020964758678918612
1.6928394378984877,0.9801189486247427,0.22305901109735887,0.004524601494097389,1.5120754167091204,0.9701620577533681,0.5192053535840903,0.01596848612102964,1.142523385788003,0.9328150268706052,0.8975434768927395,0.06464457865757235,1.305367077249584,0.9528318142417308,0.4252029620927647,0.021048890267080914
1.515942371455351,0.9704187311013043,0.2353641222649073,0.007174603258041285,1.154962408661054,0.934587948804243,0.2874352764322699,0.020117669012862903,1.1459738996668403,0.9333112465680672,0.888257892099549,0.06346951434263577,1.3265366956704212,0.9549748430448269,0.44621680307332556,0.02103823125890337
1.8153420299787633,0.9849317059012097,0.2868727719985824,0.004388815256439152,1.3923575458978819,0.9610602577458234,0.49008734807896764,0.019857105589809066,1.1457998908645284,0.933286303986224,0.8950780712543518,0.06398247365166645,1.310779664240741,0.9533887900195526,0.4347599491338156,0.021255428522239446
1.541714652887837,0.9720755038203754,0.25550827026687073,0.007339902804760031,1.510185811120305,0.9700358492396167,0.5672417769019518,0.017521948424897064,1.1413804593667658,0.9326499081369126,0.8948030439613426,0.06461703012500566,1.3333540020369796,0.9556449993883868,0.43007484119829775,0.019961355792787686
1.6226960236618269,0.9767152308567149,0.2896900826446281,0.006906175397267765,1.5229551249586688,0.9708787592462567,0.6210537190082644,0.018628335103641928,1.1416808789599098,0.9326933462360498,0.8795661157024793,0.06347279333662856,1.3244216226791454,0.9547649728686355,0.4381611570247934,0.020759278345094494
1.7655732972806057,0.9831329567873635,0.24374091758355823,0.0041817218731064615,1.4448925002819504,0.9653431398106711,0.5453809424953291,0.019579764225280655,1.1464368781625047,0.9333775681685742,0.8977164210089267,0.06407701781388545,1.3100166602944048,0.9533106544369977,0.41270500311397135,0.020212641510177955
1.3629760592637046,0.9584479482870156,0.18004333831233038,0.007805504845101918,1.2942478303723397,0.9516676961286321,0.505206908884354,0.02565792023564978,1.1458642150300848,0.9332955252803224,0.8872151978625376,0.06341102269718885,1.3276603912000153,0.9550859651124977,0.4327940588643679,0.020352646954296214
2.0569591633398745,0.9913054257646244,0.2659203256760686,0.00233234273937565,1.607926717564407,0.9759291421013659,0.57257093008765,0.014122207136219594,1.1448018749975848,0.9331430800914128,0.9020063972084909,0.06462606940116164,1.2945503410372803,0.9516997250691922,0.4366925601296058,0.022162842080221023
1.6652328753499805,0.978841756432114,0.2865808521138345,0.00619461463619869,1.2108252427179447,0.9420254491290126,0.18064237539068925,0.01111717373583318,1.1457752883269487,0.9332827767369982,0.8720595492679717,0.06234058218727813,1.351244039858065,0.9573586800787095,0.4549884849481823,0.020265455310420996
1.408004586943587,0.9623864009652887,0.26597115424581236,0.010395130625876502,1.2474278556264295,0.9464604618486904,0.57444199675797,0.03249513364886303,1.1509336588005765,0.9340185517779285,0.9025728417639969,0.06376004321556392,1.3011497798262233,0.9523934593566872,0.41292239910220707,0.020640426267387102
1.4875793167253453,0.9684852621032302,0.2093105382330335,0.006811014074825207,1.4832392410915285,0.968178815997275,0.5712000664741685,0.018773662589302555,1.1468264488997983,0.9334333266617582,0.8844595857828372,0.06307416999802189,1.2903603793048233,0.9512543061610838,0.41550509981511874,0.02129197655444441
1.5824663713418987,0.9745128543537946,0.259038397606383,0.006774820196837146,1.2136617193573356,0.9423811143508007,0.31441156914893614,0.019223691958277254,1.1477911864892665,0.933571221153597,0.8933469082446809,0.06356659551648722,1.350699718042648,0.9573074852949957,0.45264710771276595,0.0201864537769179
1.542123794234736,0.9721010650222209,0.23904382470119523,0.006860467869177612,1.6081979863103648,0.975943810955987,0.37730709813806,0.009300300671578776,1.1472721240485344,0.9334970621177713,0.8944019839011301,0.0637177790813602,1.322019737927019,0.9545255135480276,0.43584844296284253,0.020764226658494433
1.8905084330191957,0.9872960444935541,0.26511885700209387,0.0034113963912435785,1.3568065913681446,0.9578784994884891,0.42435439504044015,0.018660450022944253,1.1356450044279192,0.9318156074195219,0.8923307468078991,0.06529513936826382,1.298063520542238,0.9520702173860971,0.4297737816644086,0.02163597133085877
1.3847615253656305,0.9604003993161095,0.230085965736222,0.009486993521254008,1.3627888316202224,0.9584307758275253,0.5081167173748801,0.022038125510004808,1.1386020589472585,0.932246941004512,0.8805668429542809,0.06399709630140075,1.3434721179066234,0.9566221221063814,0.4475118943091091,0.020292355632064038
1.4950952808864306,0.9690092116052501,0.26276496195939625,0.008403731601424142,1.349159939469153,0.9571623471994376,0.5779527238699703,0.02586618476240831,1.1543571271299595,0.9345026949321116,0.8840473575003052,0.06196099784695068,1.3345185113451876,0.9557585180586728,0.44208470645673137,0.02046383284866707
1.5336225520987938,0.971565249578407,0.27408024039632906,0.008021492364554697,1.4948986146051215,0.9689956097432115,0.5965036952814099,0.019085982611440674,1.1437395398211068,0.9329903122205518,0.8752944042881508,0.06286582398358478,1.3579572034203213,0.9579852652720104,0.4412409648339154,0.01935167769345101
1.4402039802802227,0.9649801408171844,0.1857036976035576,0.00673932764491658,1.3543613153247194,0.9576507393199191,0.5242938318372725,0.02318533808390634,1.1437305957434853,0.9329890246535153,0.8815572757967554,0.0633169429799766,1.315463288589957,0.9538656991587915,0.40879519064481595,0.0197716306648611
1.4569163235668547,0.966257552718847,0.2529456676502755,0.008833054739566866,1.3318926324830787,0.9555021491757408,0.5873795423123749,0.02735433643303134,1.1435707641242632,0.932966011821467,0.8828336187862404,0.06343195530755634,1.309733282767213,0.9532816033899332,0.43170797135841193,0.02115713148552156
1.6209442245083787,0.9766233182208901,0.23992538843110728,0.005742909626917974,1.2972306148853998,0.9519826257776537,0.3908703316525233,0.019715241097010793,1.1593560509759577,0.9352037058712714,0.8778748001475833,0.06082421765594613,1.3117285891373662,0.9534857913646245,0.43988029352683145,0.02145882396256162
1.5536461125468342,0.9728116622826136,0.23010171711590022,0.006430929476748124,1.4691074491218237,0.9671608974098718,0.5113485192689466,0.01736239185078087,1.1307325870759117,0.931093423682027,0.8872925236896503,0.06566504331886193,1.2825464324785953,0.950413206050149,0.41689691164732606,0.02175115110415923
1.596508067701359,0.9753037048823333,0.21940047426984738,0.0055555811327282064,1.4681592590138954,0.9670914838800738,0.5084415979245627,0.01730142266811273,1.1413589967188882,0.9326468038266603,0.8807231601775471,0.0636034129302254,1.3078004557823144,0.9530829966000914,0.4223433794766817,0.02079051440590403
1.5414573912238922,0.9720594196909353,0.2385596399099775,0.006857085731986996,1.2087376236715957,0.9417623678818303,0.3911112913363476,0.02418592659774504,1.1476038803158262,0.9335444693716396,0.9081121631759291,0.0646451001038494,1.3355987678447918,0.9558635758192401,0.4494434419415665,0.02075277989517722
1.7633472284486074,0.9830477485938514,0.24548259144997797,0.004233245650626302,1.410442870908902,0.9625891072590816,0.27863696462198007,0.010829187156303747,1.1580873831018157,0.9350264616072226,0.8908409792058977,0.06190315776176183,1.3156236659847924,0.9538819470585057,0.42954445290276055,0.020767510991042678
1.660418818994747,0.9786109617494693,0.2749370150156203,0.006009168669174708,1.5024068052725101,0.9695108124621792,0.5275219187745641,0.016589515562990362,1.1552905075442295,0.9346341183711142,0.9100876750982566,0.06364916716934936,1.332554947728974,0.9555669453671289,0.4279149450770936,0.019897682967180797
1.5019389361222104,0.9694789515437539,0.2161112122867723,0.006803593591835687,1.3206431904395797,0.9543877329726305,0.3061575507395941,0.014631935715775011,1.149979200319399,0.9338829815420991,0.8905481697322892,0.06304900179100786,1.3095599214796922,0.9532638224163592,0.4141929217507436,0.0203068589089651
1.493645861315809,0.96890883089599,0.24979758723989962,0.00801571704065015,1.1491395874130863,0.933763509901419,0.2971014492753623,0.02107488351657603,1.1584619450662204,0.9350788381516741,0.8978827625293498,0.06233869249165345,1.3028538855297302,0.952571051786051,0.4116468302161768,0.02049608389437433
1.6361273091242168,0.9774083101065801,0.21329634320406893,0.004930104226903212,1.2995316296848969,0.9522242401371591,0.46346219568582514,0.02325319775875646,1.158851095655834,0.9351332130660773,0.8862553525119112,0.06147630767166058,1.2898443439191323,0.9511991795952358,0.4132440745431518,0.021201290221565226
1.709010633306907,0.9808316886386687,0.30032983508245875,0.005869320757721414,1.515282414866619,0.9703750777579823,0.4118540729635182,0.012573637932656782,1.1437534490029144,0.9329923145059428,0.8887956021989005,0.06383346920942487,1.3112990499717398,0.9534419066661953,0.42492753623188406,0.020749891266226995
1.4053467474255787,0.9621642398009143,0.1921914053051681,0.007557657645805102,1.4607979572265142,0.9665477482725717,0.3884745626058212,0.013445118341249063,1.1483358833884605,0.9336489600119412,0.891860840119326,0.06338131010801352,1.319104986614197,0.9542333017421849,0.4271950334596469,0.020489021036982462
1.626812092130337,0.9769298048908749,0.25987513385731315,0.006136950691936257,1.2363965027930888,0.9451586412307371,0.20356414038348858,0.011811492344598003,1.15460474882885,0.9345375849173747,0.8976016810458045,0.0628751317997315,1.3208784259625452,0.9544113061549475,0.42519144121390906,0.0203098206339674
1.5078954338424142,0.9698821791444489,0.22783574956189262,0.007074999868384339,1.4465799990103643,0.9654729010454737,0.4468296957145133,0.015979457427598223,1.1568848328551096,0.9348580381726183,0.8903935000796559,0.06204362269475169,1.3279107046086605,0.9551106829473908,0.440935160108332,0.020723543935940024
1.409935510225403,0.9625470146130952,0.2564889757186715,0.00998006093588571,1.353924885043452,0.9576099653227905,0.5370997966588255,0.023775524305258516,1.1349616171789583,0.9317155630563342,0.879430644711136,0.06445253120825464,1.2844043610311915,0.9506144331639941,0.4181053387026036,0.021721076841073154
1.5265777668639258,0.9711136743701716,0.2200591962813611,0.0065457852869227106,1.3550592822130607,0.9577158697714455,0.39786655012812616,0.01756621305984859,1.161603184027142,0.9355165464174701,0.8906457956735067,0.061390594365991404,1.3199158450181905,0.954314771527764,0.43435768061818397,0.020793694564681584
1.5454786255908026,0.9723098034152058,0.21957831325301205,0.006253322385907294,1.413309235894144,0.9628260594303106,0.4521887550200803,0.01745864451918168,1.142608437706461,0.9328272993036862,0.8856024096385542,0.06377204616866404,1.320280685450254,0.9543513832662104,0.4151606425702811,0.019857999252627646
1.4085353514573091,0.9624306156500168,0.26604686199103994,0.010385389503115156,1.2871553058400458,0.9509109591203161,0.5075129841811046,0.026199430544457943,1.1552639557584508,0.9346303831723403,0.8859969075843476,0.06196810996310254,1.313646733847389,0.9536812825740061,0.42623795741981524,0.02070167032394201
1.3041990920733775,0.9527107969576033,0.19894937729946682,0.009875145246928008,1.4512644822889356,0.9658306664361258,0.6031833474334507,0.02133953053559496,1.1387194428740748,0.9322640110020688,0.8840183367108033,0.0642305780580856,1.3136221693323034,0.9536787839850686,0.42412497294744916,0.020600211328108284
1.5091649303934045,0.969967448567793,0.25064431722048436,0.007760557696270416,1.6298409843535748,0.9770864692511223,0.4593637490409018,0.010772480962340755,1.1461638723737515,0.9333384675433987,0.8971650042298688,0.06407792684877775,1.3232553877763238,0.954648853816525,0.42418697987369414,0.020151247923747978
1.6310876834452932,0.9771506504272935,0.2831953658584317,0.006622141538810016,1.3857860703393607,0.9604900220542311,0.5347854165443551,0.021998521096758858,1.146277387730337,0.9333547281062756,0.889508600951095,0.06351448251885009,1.307807853269365,0.9530837582537597,0.42625100295504803,0.020982515887016006
1.5464065507668887,0.9723672707608585,0.25966204759398936,0.007379075037389289,1.3576404990174353,0.9579559039709749,0.5743241926367694,0.025206735933164876,1.155486526335333,0.9346616873673144,0.8743690190804733,0.061123502864371876,1.3202856403432541,0.9543518802974055,0.4168859264456528,0.01994029567667205
1.4532771026071238,0.9659832745888163,0.25101032779524024,0.008839231092915642,1.3104373677647725,0.9533537524693192,0.5583061634876321,0.027317129064100394,1.1555785645391379,0.9346746283177383,0.8842271724488003,0.06179954707419014,1.2924285029653801,0.9514746454871598,0.40512680345951857,0.020661529819810863
1.9534291580164456,0.9889906161774251,0.2823153754794494,0.003142717713218447,1.5911849059521797,0.9750067509504591,0.5433500126555169,0.013928192983415117,1.1483167737101614,0.9336462341195726,0.8799867603823913,0.06254021420795546,1.3190075064104119,0.9542234982558568,0.430268102256576,0.020641043287446054
1.387496688331922,0.9606392261688164,0.2681378120957943,0.010986550923578748,1.3711665237470805,0.9591925665798022,0.5050170501313056,0.02148520575256491,1.1316576989599954,0.931229965314012,0.885744522400345,0.06541099813927886,1.3192406615971937,0.9542469431121805,0.41878650099949044,0.020079459245203015
1.6219228760806463,0.9766747092553562,0.24045734388742304,0.0057426873089968765,1.4243957360309498,0.9637290271765082,0.4744454216749731,0.01785626095150422,1.1614230563721089,0.9354915214053873,0.8850776898270302,0.061032103340715,1.2965091582369446,0.9519066317492544,0.3934134662366852,0.019876506871009142
1.5408581344527268,0.9720219189557722,0.19684547513078784,0.005665879080499735,1.4558311646463,0.9661759913425767,0.5594401499180136,0.0195849499922295,1.1533453487727086,0.9343599552551463,0.880202233153744,0.06183539185704389,1.2861816322527164,0.9508061998276803,0.4148707737955805,0.021465015633190303
1.5648523604775677,0.9734858753258139,0.23113650744952158,0.00629529645021451,1.3997827265727292,0.9616950708398931,0.5808901075722421,0.02313722415248402,1.1619102115822477,0.9355591807131044,0.9168951697954019,0.06315525213143293,1.2914763673480802,0.9513733219503785,0.4027727176851834,0.020586555054851574
1.4691955308561386,0.9671673383669941,0.22623743232791957,0.007680136383518042,1.4110062390818476,0.9626357932327798,0.5278228924980665,0.02048717056898487,1.158697617041793,0.9351117729955227,0.8719450889404485,0.06050503533429245,1.2957896469637467,0.9518307289115935,0.40067672080433103,0.020277035608324244
1.427349572181231,0.9639660264097922,0.23732070417887852,0.008871275286164328,1.3030127461569774,0.9525875752440278,0.4779022146309272,0.023786267405489534,1.146395340855402,0.9333716204574373,0.8765357815259797,0.06257117471123402,1.317883580479158,0.9541103216516578,0.42208031676403795,0.020300723652101633
1.526640636099853,0.971117734936648,0.24684691634203726,0.00734153832369965,1.3848832714946249,0.9604110593340957,0.469549118679369,0.019355204231002846,1.150049741489377,0.933893009983999,0.8715817487561229,0.061696195760301144,1.2914051290431103,0.9513657329077572,0.4091873336676052,0.020917850399686945
1.5836829469287417,0.9745823386043474,0.26089122188589603,0.006804191371341742,1.5285534630712465,0.9712410152065901,0.3847848576573815,0.0113936929112793,1.1550416870366291,0.9345991075124928,0.8876393731560597,0.06211476850857344,1.2816629635831673,0.9503172475606559,0.4093643434614353,0.021401639700736823
1.5682074717506735,0.9736845496361276,0.243612460703058,0.006584033422372664,1.3357942421703815,0.9558825607650495,0.5148137563113271,0.023760517812150078,1.1539035244580294,0.9344387372996801,0.8809183576259884,0.06180621324491352,1.2932182592323533,0.9515585370293392,0.4184624178336668,0.021302874105240403
1.4273270027971947,0.963964221232962,0.23481543305891725,0.008778082018411758,1.348724653532513,0.9571212321702495,0.48391441253461814,0.021679232522606017,1.1593749129358843,0.9352063376579541,0.8815964186805266,0.06107941998874149,1.3045592830072879,0.9527481484957988,0.404719450662013,0.020072191600409735
1.7176635159386948,0.9812027107891201,0.2634998583435641,0.005047971219246239,1.513844448766816,0.9702797459778472,0.5404854093870998,0.01655539418280156,1.1635595150742093,0.9357877565341782,0.8907167815657758,0.06111954600562878,1.3207711677986433,0.9544005591484441,0.41588440834828594,0.019870164888086933
1.565980857556174,0.9735528620643702,0.2235895494131011,0.006073942037163507,1.3330659637170603,0.9556168780241151,0.4358386974630822,0.020242298473538076,1.1498589143826068,0.9338658779056787,0.8773759939416887,0.062133645182640154,1.2899178841654182,0.9512070392990031,0.408292313517607,0.020943695730705644
1.688541557144076,0.9799251935732805,0.22213008160726738,0.004550570205830558,1.5102389772097466,0.970039407315242,0.5845568141125916,0.018054594974857143,1.151687651334002,0.934125465351839,0.8622099926496919,0.06080305498726539,1.2857247189231742,0.9507569666483204,0.4027780395408884,0.020861285407517343
1.4567907951756753,0.9662481276254918,0.23175023651844845,0.008095233700431526,1.5674008715854129,0.9736369191297961,0.6217786187322611,0.016835844745547293,1.1538314290203222,0.9344285665506941,0.8890255439924314,0.062385377951167546,1.2662444456174327,0.94861396950769,0.3876253547776727,0.020997506826233303
1.5487130062859658,0.9725096103598971,0.23286076818866988,0.006582385594144656,1.397143231492509,0.9614705546759056,0.4539296685683757,0.018190529352180695,1.165896510279041,0.9361103461811736,0.8771012612337575,0.05986227603709808,1.2921428289774377,0.9514442659396453,0.3980232402831575,0.02031260400307635
1.6377121042091713,0.9774887473413749,0.2716306859816245,0.006255567666225539,1.313538344726518,0.9536702567681429,0.29453431787009376,0.01430861371952084,1.1544611952809776,0.9345173602776043,0.902598500648216,0.06324605078964425,1.2984994726312382,0.9521160032927063,0.4051443924619056,0.02037559781322182
1.5382186139600758,0.9718561584472527,0.24742170498628063,0.007165049273310142,1.392910530843339,0.9611078808548716,0.4499006528526824,0.01820564594544173,1.1490634916085192,0.9337526720393656,0.8725328791749456,0.061903942589952056,1.2817989622477426,0.9503320305869766,0.3949853344687293,0.020643437114150988
1.4230489824197057,0.9636204739813365,0.17383034665373787,0.006562610269990403,1.462749230227971,0.9666927163086868,0.6399015421336267,0.022047732271883336,1.168666422012574,0.9364907382212323,0.8968243608629981,0.06081923801169398,1.2995584736623356,0.9522270520201865,0.3990900106289742,0.020022227132271225
1.6648632470916287,0.9788241224677867,0.2097072505464532,0.004536805901343103,1.5712766769140907,0.9738650248170877,0.3966969940403908,0.010645896330786504,1.1511398444710776,0.9340478042131819,0.877332934780578,0.06194761469795847,1.2977966240054861,0.9520421660387929,0.4006949763670671,0.020184466435616465
1.5703169411757307,0.9738087203226206,0.2799728675597762,0.0075300698415461265,1.3599490377366756,0.958169477018659,0.5483202381625308,0.023937855331145716,1.1538001903681652,0.9344241591520711,0.8740979405724191,0.061342278958726036,1.2843475748338185,0.9506082942929306,0.37633071429917286,0.019553391234632123
1.474205586992602,0.9675316952286938,0.24576634312647874,0.008247395481213496,1.2277605743683395,0.944118757759845,0.3583471505486521,0.02121013247675803,1.1663919747406792,0.9361785438779345,0.8841775807142724,0.06027643021802436,1.2818687357603822,0.9503396133350488,0.39603554595077967,0.020695000049468542
1.6119347366583288,0.9761449905348398,0.24481304574968282,0.005982735741289384,1.3109578833730084,0.953407022662637,0.5305246660198523,0.02592672715137093,1.1332595138932178,0.9314657923101471,0.8875662362862901,0.0653042218816037,1.2742047270180914,0.9495001254308065,0.38818195387715504,0.020645747647401787
1.5303777869285229,0.9713581156953839,0.23818001236812023,0.007023078561541622,1.320171978858863,0.9543404774823153,0.5751175908400952,0.027515960193322603,1.163821256577106,0.9358239616066382,0.8768060266476773,0.06012876303473489,1.2549688363323883,0.9473335458307817,0.3879841837977625,0.021569753677884027
1.5630047937309608,0.9733758486993999,0.2631822815309054,0.007198663180803741,1.4598906715116746,0.9664801350288288,0.28507089241034195,0.00988694694746203,1.153419160705733,0.9343703782684601,0.8654804930034288,0.060790837009520156,1.2763667295019998,0.949738294617462,0.383467704568622,0.020293738706734298
1.4282927162354895,0.964041384531801,0.2278129657228018,0.008497393332418713,1.4296583963254144,0.9641502348438571,0.5094262295081967,0.018941872368268307,1.1545098684625352,0.9345242182830622,0.8765275707898659,0.06141234948341547,1.2749184128607873,0.9495788639631147,0.3857488822652757,0.020482655634939898
1.8393991392990565,0.9857321096082794,0.222494970561636,0.0032204833562173934,1.516795805786684,0.9704750897202622,0.37267676860892196,0.011338001637623375,1.1584206825695171,0.9350730701728691,0.8645466122810579,0.060029915327877666,1.2821124357111062,0.9503660892095624,0.38496890053708865,0.020105422829472735
1.626861652793115,0.9769323767299148,0.2590937511493619,0.006117800152301615,1.222813064815281,0.9435146795826843,0.5151715767405937,0.03084173697748602,1.1526405083763926,0.9342603469092918,0.8614329324359116,0.06061511903677807,1.3028312791820784,0.9525687000033312,0.3910037147375777,0.019469267144159946
1.4276829856930688,0.9639926838278156,0.1953265317458848,0.007295889588563022,1.5330769038327394,0.9715305193859858,0.450941544614587,0.01321427511157585,1.1496134810818064,0.9338309666263772,0.8701464624956025,0.06165650141675765,1.235230108529387,0.9450192635417108,0.3733404928990686,0.02172075855084989
1.5569818881126687,0.973014079510126,0.23653218820840782,0.006560068306001914,1.538583995949532,0.9718791609872125,0.5000092150610959,0.014467517368476965,1.1633901705324212,0.9357643220232966,0.8762232993604747,0.060148475816758855,1.3007084864488487,0.9523473673332646,0.39589745480012534,0.019809532355943422
1.3850477617401538,0.9604254576314755,0.21448962412619405,0.0088380921706555,1.404687659240044,0.9621089537560433,0.5312923178274713,0.020924056163564436,1.1545832860028888,0.9345345614818267,0.8608315338725616,0.06030243950087978,1.2858256895662599,0.9507678504247491,0.3962961607436958,0.020520794695692693
1.5399181674306641,0.9719629985091711,0.19635542002682,0.005664019322205028,1.252276479506359,0.9470233828494802,0.3691790510130977,0.020651926446278265,1.1600152103981063,0.9352956186049326,0.8827635615482117,0.06107017827505766,1.2814497820477424,0.9502940663808762,0.3925087716075463,0.020530502753480208
1.6500414272945423,0.9781050442730715,0.22302849990022314,0.004992509914707437,1.4630584316363335,0.96671563239863,0.47907407071458374,0.016494692899900902,1.1712619108099052,0.9368452598024393,0.8542894980316746,0.057589479945783534,1.2411294379489404,0.9457207923355926,0.38477586488398674,0.02208403288111132
1.4437416025852525,0.9652543712911185,0.2351801768876544,0.00846562662533959,1.5517387338788613,0.9726952587653814,0.48039251516702,0.013485203304406139,1.149732562908954,0.9338479073742549,0.8703311161464805,0.06165267829562766,1.2287867875343887,0.9442432924159285,0.38299466413273886,0.022615486565619496
1.5290654221905424,0.9712739238741122,0.16444249180808027,0.0048634967148792375,1.5299774106123234,0.9713324558663681,0.5173082907719626,0.01526764411796735,1.1638907827081102,0.9358335755268957,0.865780657916415,0.059363171667772156,1.259761734141438,0.9478814539285111,0.37234334669668845,0.020473017790141667
1.604208749523448,0.9757272117330743,0.23128239154995248,0.0057535225547198894,1.4000897949321158,0.9617211084454755,0.48320570987931066,0.019232788803913266,1.1674140826962374,0.9363190166187559,0.874701863242652,0.05949027396436924,1.3201684058997052,0.9543401189898156,0.42399081828452556,0.0202856087961327
1.6600222157639173,0.9785918384379539,0.2659232175502742,0.0058174685101630794,1.6522167003126733,0.9782120530401137,0.36976234003656305,0.008235803502361572,1.1434841070951272,0.9329535317266326,0.847001828153565,0.06086957095674718,1.2672444067319681,0.948726089957163,0.386599634369287,0.0208937807077062
1.4288888684597545,0.9640889393884962,0.21367229608336327,0.007959015462324288,1.4374658346511289,0.9647664535658749,0.48422565576715776,0.017684059249787998,1.1595458429647163,0.9352301827846945,0.8649658641753504,0.059903627953177135,1.273022743671056,0.9493694651067719,0.3804347826086957,0.020288851962708666
1.4006350963805998,0.9617673049462441,0.21140380723840904,0.00840383869755362,1.4332232977918469,0.9644328791952602,0.48111602585913577,0.017742978471562157,1.1547500637571522,0.9345580517940322,0.8533335721065167,0.059754245679021316,1.2688960203138366,0.9489107701852482,0.37545889221181566,0.020214656881233275
1.645548755005449,0.9778824062146272,0.2584741988920753,0.005846129656043566,1.2775963695989478,0.9498732785016145,0.41217648420940134,0.02175138126291992,1.138618351920145,0.9322493105707642,0.8629343973210309,0.06271326745729365,1.2830464955803393,0.9504674428137359,0.3889848773623555,0.02027151569285126
1.5073698010787504,0.9698468048615687,0.20980634086154176,0.0065230214767592175,1.330684541261964,0.9553837260614999,0.5165674230638556,0.024123619679113584,1.16331298960618,0.9357536388049976,0.8758471469699408,0.06013334046737201,1.2951599342246845,0.9517642058077378,0.4036442966221412,0.020456855910253792
1.7623184198220279,0.9830082256461102,0.27076537013801755,0.004680310858241931,1.380548267340278,0.9600297889238769,0.373525721455458,0.015551498610966167,1.1461560308218703,0.9333373441404336,0.8594730238393977,0.061386973068727785,1.2729383329532846,0.9493601218348474,0.36818426241261876,0.019639339974451817
1.606276389591222,0.9758397124717355,0.274221084080239,0.006789291471761939,1.3274757530612353,0.9550677242375768,0.4399274434485702,0.020696900023784985,1.1635594985455802,0.9357877542472753,0.8609154929577465,0.05907463199344592,1.295433343077714,0.9517930995337204,0.37796983923744487,0.019143608446312008
1.5370132152236107,0.9717801432096828,0.21003134796238246,0.006099172330687188,1.5242733231948178,0.9709644533001074,0.4376781134226275,0.013088247729987422,1.154932714910204,0.9345837688493223,0.8655956112852664,0.06058740209084278,1.2682541159835297,0.9488390685764877,0.372185807922485,0.020068073951143198
1.6223485236735449,0.9766970264702542,0.2082159749162991,0.004967816242340622,1.4355690846465157,0.9646176935946376,0.5842057713769464,0.021428746065823897,1.150982601250928,0.9340254965420859,0.8652105365715399,0.061113787309007024,1.3105052540797955,0.9533607033197016,0.3887265061734956,0.01901686401148188
1.4835271563592554,0.9681992341996566,0.20224286639024475,0.006642721664805673,1.2663608248674734,0.9486270304232064,0.43671162896481747,0.023650151755250613,1.161826948566509,0.9355476212833597,0.8803338056998897,0.060648551234833564,1.2741863138168774,0.9494980924251344,0.3783656117146906,0.020124511365281598
1.4390049442702522,0.9648867211542629,0.21341826199559025,0.007766523033148536,1.1990425812686016,0.9405258614177638,0.4892205928673923,0.030935856770189455,1.15999612516518,0.9352929590800957,0.8518356490393029,0.058933154221146256,1.286999021755958,0.9508941585002294,0.3898960557169356,0.020134915902332733
1.3672322234266774,0.9588364963464722,0.22523852195456223,0.009669643110916339,1.1608630631416463,0.9354136641658751,0.44875511745998276,0.030984632611068038,1.1523600380956507,0.9342206716602649,0.8665155588354154,0.06101214968282328,1.2667960021904952,0.9486758413311509,0.3846397132465342,0.020809331083318627
1.5056251695581442,0.9697291050466293,0.19581569464366932,0.006112548640576058,1.4833002858954214,0.9681831461949522,0.4808627505860127,0.01580231993896707,1.1480079589455077,0.9336021689354209,0.856977923940804,0.06094831108284533,1.2572273713346303,0.947592408478449,0.3765000174929154,0.02082272815619988
1.5337759291407687,0.971575004529899,0.19592558856502243,0.005732119436452869,1.3802449495102278,0.9600029803124581,0.2139328755605381,0.008913177991199865,1.1531238581023935,0.9343286692278607,0.8577109024663677,0.060286083728211204,1.2326076224865994,0.944704671745615,0.35643217488789236,0.020862640675241156
1.5801967794273262,0.9743827327119982,0.25190932444629593,0.006622888809533257,1.4223838825739121,0.96356674928498,0.4273588835659238,0.016158790620164266,1.1508540074152251,0.934007248069704,0.8540408248281608,0.06034268407200201,1.2669115656755467,0.9486887959353671,0.36601749635492603,0.01979658506262482
1.3793292193912348,0.9599219393327855,0.2220647213386807,0.009271507410327366,1.3756452633251706,0.9595943213147731,0.384490388604619,0.01618975305963713,1.1455314725404246,0.9332478116698016,0.8329415018669617,0.05957760340330065,1.2702304128716864,0.9490595195363148,0.37605448762273547,0.020184610012011026
1.5865993850921905,0.9747481594295143,0.22373601867660894,0.005796108685964107,1.641119252861802,0.9776607329647977,0.4572633192794174,0.010448335552772624,1.1468027873721063,0.9334299412703956,0.8534269486741698,0.060864430829532516,1.2453174088759515,0.9462136820632818,0.37043102547127077,0.021056682319554296
1.55894395444684,0.9731324539409699,0.22252112433178134,0.006143661669980593,1.284789631674157,0.9506560637429698,0.4622003793757544,0.023990575485414094,1.1608341951327406,0.9354096482052602,0.8532678047939299,0.058918429794377836,1.2488492344144249,0.9466260648112853,0.36828763579927576,0.02076528540113057
1.684626454586274,0.979747085666263,0.20389716490813328,0.004214875322612535,1.4432755016590855,0.9652183586913801,0.5213196822472145,0.01878575353625659,1.152583373151917,0.9342522663808607,0.8664499643657981,0.06097616618273409,1.2564421396209773,0.947502545505577,0.36329503380903544,0.02012877389713297
1.5864991627424823,0.9747424785796358,0.19088634313241526,0.004946245810018894,1.3296868895536527,0.9552857048338431,0.45105281971845373,0.021112541320741605,1.1455787099152615,0.9332545872028105,0.8279571722811377,0.05921464946444348,1.2717233410632476,0.9492254555950498,0.3742829421076821,0.020020581782805937
1.4669476767545873,0.9670025820993958,0.19098320031446003,0.0065169965307530905,1.2399757426667926,0.9455842656594221,0.4495923982704698,0.025872787221949092,1.1593218475755172,0.9351989332579799,0.8515030847845778,0.059001680033931525,1.2418162408910196,0.9458019142455951,0.3640558508365662,0.020861799839738394
1.6099933980609504,0.9760406782351541,0.2009658878345747,0.004933202557800006,1.311685623207484,0.9534814034390693,0.4935550794136653,0.02407964071142949,1.1509936423332547,0.9340270631395046,0.844964799510254,0.059682220748570804,1.2701868110796732,0.9490546655774217,0.36912900044213176,0.019814875849279875
1.2239688214613142,0.9436563417224954,0.15332235600837021,0.009154542868295522,1.3276863963069128,0.9550885336566337,0.34305855716785016,0.016131764020932988,1.1476223306024866,0.9335471049561609,0.8369524201571129,0.05957697371467889,1.2548039470621148,0.9473145997736532,0.3589242221536139,0.019961759588220895
1.7481512435040552,0.9824546804451012,0.19055875703333502,0.0034031231696300046,1.2902006697056396,0.9512372511631396,0.5485066381083517,0.028117792271826283,1.1494080468668808,0.9338017317910481,0.8463970625733082,0.06000205166896652,1.2739141945602033,0.9494680386409051,0.37112210379587607,0.019751615689311136
1.5281836983047707,0.971217224023587,0.20949802053162864,0.006208636382582737,1.4741461140625522,0.96752739305793,0.4925705667620696,0.01653188376935154,1.1355324111484917,0.9317991336974941,0.8467497300724948,0.06197587338722003,1.2628053982356875,0.9482265944014795,0.3758247784880632,0.02052012546950166
1.4513186438873973,0.9658347819060387,0.1771215195485004,0.006265456015744374,1.4477683764323177,0.9655640007949211,0.3528619413800747,0.012584513841509375,1.1516037047346224,0.9341135699802813,0.8367576599771522,0.05901956333715605,1.2251209035487607,0.9437972209413478,0.3616259441763713,0.021534692613472056
1.62344287708184,0.9767543090936656,0.2326101580894719,0.005535868934777254,1.2754732194293739,0.9496399935600315,0.3849983181971073,0.020416703082501066,1.1631144443562238,0.9357261489931388,0.8552304069963,0.058744699840829695,1.2657169281339005,0.9485547283147011,0.36858392196434575,0.01999030676698898
1.5276434802860785,0.9711824313032404,0.19558771797577768,0.0058036083822540965,1.2850821082404116,0.9506876452009034,0.5077307067356819,0.02633609143795589,1.160338223844469,0.9353406150574758,0.8426051560379919,0.0582486532304259,1.2445594834797375,0.9461247944173752,0.3658475300266345,0.020832464182716982
1.5185676666160906,0.9705917666134051,0.21610020288737236,0.0065476809303428194,1.170885797236422,0.9367940004849229,0.4193899964788142,0.028296470622513083,1.1557774377359187,0.9347025825676076,0.8346048726504468,0.05830468833290402,1.2610652991003235,0.9480295388734473,0.356075722262278,0.019519876462848466
1.6960588872561146,0.9802628849674773,0.22516435656681075,0.004533574487960487,1.4627871916759039,0.9666955305958123,0.436484673853644,0.015037713536128474,1.1538177359227326,0.9344266346529941,0.8339874476294566,0.05852504794935753,1.2407648300044078,0.9456776800774335,0.3617003659728087,0.020777061159861006
1.5587523905250775,0.973120918877081,0.17968048520168736,0.004963048521775392,1.2757676411194687,0.9496724049669418,0.520643095532553,0.027591319629459248,1.146887295932115,0.9334420316637176,0.8142714351059684,0.05806065139184453,1.2429627352882227,0.9459370781414576,0.35676893624951295,0.020390332050318878
1.6235560156947975,0.9767602233534227,0.21341330971913586,0.005077681843197847,1.5025819191669307,0.9695227290683819,0.4353477803211308,0.013685302935677619,1.147848823101426,0.9335794510215846,0.8213062438388665,0.058432746709970784,1.239465268613642,0.9455237536519072,0.34622646238158095,0.01994779928487272
1.3830301288443205,0.9602485011048457,0.21470190493680819,0.008888035260730051,1.2196647270130108,0.9431270847786901,0.5261699250379819,0.03172935866401306,1.1455835071561151,0.9332552752634115,0.8218274704910096,0.058775610224552036,1.2376672075522124,0.9453101046143036,0.3400671152144515,0.019674215756724806
1.2054533020143294,0.941346210448954,0.20416439081715412,0.012721159420289854,1.2833232566235822,0.9504974360945642,0.5208798848006356,0.027127784679089027,1.1485195061259341,0.933675147501764,0.8430574176142477,0.059887701863354036,1.2185193527416036,0.9429854576630678,0.3580780243971068,0.021650020703933747
1.4313843831175843,0.9642873492962054,0.22117697808305542,0.008191351019761924,1.346948679088638,0.9569530911659506,0.3098236357904866,0.013936889830469175,1.1321296616002787,0.9312995279413986,0.8072934813266305,0.059552744947231534,1.2655932694828151,0.9485408318758716,0.3599953544704926,0.019530062225119393
1.5968354224756098,0.975321853788803,0.15330146056155225,0.003878920423480292,1.3408502690371071,0.9563709163487089,0.3061757602641826,0.013967559686531803,1.1497316840074727,0.9338477823552599,0.838976785450244,0.059431714631277235,1.245658235343064,0.9462536082618833,0.3570243317396947,0.020278675215799326
1.2352934253700445,0.9450268381113445,0.2276286903240604,0.013241389915122014,1.3712785957374143,0.9592026662315002,0.4104492283495527,0.01745745164553002,1.1465337791539327,0.9333914414678536,0.8316622431927652,0.059348972728489865,1.234223387080358,0.9448986977029978,0.35554900226088665,0.02073366499773986
1.3508829698479543,0.9573247271242956,0.23606338452518608,0.010523147543505024,1.1462889647293457,0.9333563862521848,0.3867889191081869,0.027617544280686215,1.1439122131727224,0.9330151653436554,0.8139016008989789,0.05843320257572814,1.2377281791172623,0.9453173622852383,0.3594449782583913,0.020792381806019535
1.5839011529918445,0.9745947818328289,0.1755038605889258,0.004574941247948564,1.2843006038693192,0.9506032159508006,0.3195112676289205,0.01660296201771804,1.1374640909351,0.9320812505339731,0.8265132351239192,0.060226235979511156,1.2165670038456537,0.9427432829748372,0.34550204189607,0.0209837746942475
1.4966141232478305,0.9691140636033355,0.22109058284043331,0.007046218743458549,1.386827542742434,0.960580926174682,0.3633946966172659,0.014912520104610215,1.150448592466591,0.9339496858027246,0.8106765468199642,0.05733225402158447,1.233757450846738,0.9448428125313131,0.3502359274273942,0.02044575928521652
1.3013644101469768,0.9524158616612127,0.18460244421354707,0.009223017587941364,1.2487411888756155,0.946613493561174,0.448782016393713,0.02531012305529106,1.148060656594111,0.9336096903550848,0.8162716672439101,0.05804623634752866,1.262784149510207,0.9482241923795742,0.36740718750515394,0.020061504453805067
1.3943946303601178,0.9612354155196382,0.19069699573598795,0.007690405161947414,1.2458398063860114,0.946274867030898,0.3488869793608846,0.019808197396348946,1.1500529200210508,0.9338934618247129,0.8044066862303215,0.05694069343610194,1.2076267965452583,0.9416219255704346,0.3452228473224274,0.021402905485199054
1.469155591688178,0.9671644179755129,0.1553566787941788,0.005274415471441908,1.5269653007588342,0.9711386954006056,0.5269620582120582,0.01566080370024612,1.1383244928415834,0.93220656140802,0.8218555093555093,0.05976831027751846,1.2396466681770328,0.9455452641629509,0.3490449584199584,0.02010178859373674
1.2753277114347614,0.9496239680173761,0.1811859088409407,0.009611622543213839,1.2438955070705777,0.9460468110588606,0.3318506777084075,0.018925493015094504,1.1393258857827928,0.9323521365583108,0.8159512179342024,0.0592022631810001,1.2422811976029453,0.9458567678381007,0.3592339792320383,0.020563460979889467
1.6903406246607644,0.9800065223537342,0.1890281321662737,0.003856433246897942,1.39767436302582,0.9615158341562229,0.3629889215464617,0.014528440780703906,1.1491562382002993,0.9337658811519781,0.8334033138464519,0.05911517571143401,1.2726060277514528,0.9493233237009963,0.35431672103614226,0.018914097369136598
1.5311671198935666,0.9714086381997283,0.15367996775493753,0.004523245302490372,1.3110491966382913,0.9534163618044426,0.37873438129786374,0.018504848560818746,1.1315081474704816,0.931207909295941,0.822571543732366,0.06076668344644763,1.2332101263432707,0.9447770973453585,0.34855300282144297,0.020373174369779947
1.5979056776477925,0.9753810992213995,0.19893117408906882,0.005021080314739245,1.3901248648951958,0.9608674094877396,0.3603562753036437,0.014675983825384174,1.1319801536084744,0.9312774989971385,0.8319514170040486,0.061392852453711504,1.2631379164729524,0.9482641695740667,0.36328744939271257,0.019820402880025886
1.4604636168944636,0.9665228477122407,0.2239565008795778,0.007757111902243936,1.2308678844605827,0.9444950396257246,0.4637773868543099,0.027254717494370587,1.1450270579049957,0.933175420699409,0.8059491444106829,0.057713921003780366,1.2323928770090595,0.944678836076203,0.3533503918119303,0.020692487437485984
1.3775441315144015,0.9597635087313788,0.17260742581446759,0.007236279686089643,1.2850426834262554,0.9506833892490758,0.48322656640795186,0.0250673323522253,1.13266658489149,0.931378585876709,0.8157746115243735,0.0601040310541252,1.2654691471369248,0.9485268797582044,0.3586239168670227,0.01946122180447388
1.6492102831232271,0.9780640220638056,0.20731786048613576,0.004649716082804871,1.396986565828459,0.9614571890113963,0.40077149036444043,0.01606609215603309,1.1410715736620638,0.9326052187924591,0.8208786597372414,0.059320853621817785,1.2403536474849648,0.9456290219892776,0.3508344362309952,0.020171981796404646
1.3658136695476706,0.9587073835167986,0.18705731353689647,0.008056771065977382,1.334834097224359,0.9557892342432215,0.36939263813402207,0.017086540433521848,1.1433696613518582,0.9329370462768114,0.8074442631003502,0.05804206989791482,1.221890824146234,0.9434013995740715,0.3436910741732558,0.020619466735869455
1.5568776606697208,0.9730077771468237,0.22786670248234234,0.006321253497333232,1.4621623328699036,0.9666491772107689,0.3647984578191414,0.01258608501133418,1.1302148039732995,0.9310168920962204,0.8080016433074723,0.05986837083182598,1.253137059783398,0.9471227098523491,0.35100415567178095,0.01959635049336046
1.5019364482917676,0.969478782041504,0.19566942883449218,0.0061600825060824345,1.5546180959427025,0.9728707948119296,0.5116360288281424,0.014267340413247164,1.1354123412818997,0.9317815619984351,0.8154586151062005,0.05970209676413162,1.2318097373883556,0.9446086221828326,0.3415880877543893,0.020030554858713644
1.2413776349573644,0.9457501213888262,0.1993962024310797,0.011437714394929313,1.2467214507728155,0.9463779793401852,0.4410105664574561,0.02498777256235993,1.1304544299672254,0.9310523200975197,0.8014300468737586,0.05934869732164366,1.2348027505584238,0.9449681131574351,0.33679192817986814,0.01961367269754197
1.5731243185643096,0.9739730883068239,0.2184746610010623,0.005838170250634223,1.2330785496435295,0.9447612884404176,0.39944072986315066,0.023354673325452588,1.1543350745169945,0.9344995868726761,0.8068330937949134,0.056552085962092734,1.2038047820858082,0.9411362763423251,0.33207836030744237,0.02076996639615349
1.399161650313475,0.9616423552052497,0.22674555840558958,0.009044345375420332,1.3145573404898006,0.9537738148403172,0.4276834468975719,0.020728367563045854,1.1367152458332583,0.9319720122900659,0.7977717280123373,0.05823222649701742,1.240471983943455,0.9456430297740558,0.3400160511117755,0.019544629193789857
1.536918605727271,0.9717741684852316,0.19508081517919887,0.005666252921288096,1.354772245326477,0.9576890966584795,0.3936284844225814,0.017390588255608307,1.1431177653102844,0.9329007484098357,0.8065120637151558,0.058008695958245586,1.2572366591373718,0.9475934705170181,0.33787772312016867,0.018686282049494043
1.4060117469080589,0.9622199431563625,0.17641950356849617,0.0069268350968495675,1.436927213823648,0.9647242715108268,0.45372007831743827,0.01659055003119897,1.1389570634003439,0.9322985536259613,0.791164024505779,0.057452570927870636,1.221853865940019,0.9433968555024417,0.3288542916692983,0.019731025052108917
1.4955051368355832,0.9690375395617199,0.17656473366896638,0.005641555004663101,1.2763477289967804,0.9497362061363464,0.3730343713095904,0.019742453349062997,1.1444998694650323,0.93309968346133,0.8118124184225247,0.05820440058561108,1.2139769830009126,0.9424205184627913,0.343744173037479,0.021001889153706967
1.3009823516576429,0.9523759768787595,0.19283583022198617,0.009642849315869062,1.2680552472098638,0.9488168353471873,0.40209020042803806,0.021690433987988943,1.1467567941900367,0.9334233603028552,0.7887147923078125,0.05625526720720637,1.2565811394524058,0.9475184634282781,0.34446128130223547,0.019079161018980873
1.5080065385373094,0.9698896511712287,0.18482432368928084,0.0057378948745412375,1.3009858724212544,0.9523763445718556,0.3357665376963925,0.016790032623860106,1.1272069907862896,0.9305707599873101,0.7888438102100597,0.05885509043110907,1.2315616269730203,0.9445787226039157,0.3473112047494478,0.02037779399489891
1.3844684246660262,0.9603747243055747,0.20694968795746976,0.008538790362396895,1.5400662333679571,0.9719722877937019,0.40986208490638726,0.011818749057244449,1.1440568614137734,0.9330359781864469,0.7903690577086062,0.05672481239579852,1.2477482133846456,0.9464978285712977,0.33968718699437556,0.019201314109869312
1.4975895078563473,0.9691812172726182,0.21318954146947008,0.00677916785963635,1.3466997962307572,0.9569294778474635,0.37107611141283264,0.016701796994314268,1.1429098016471075,0.9328707673974569,0.796043137559159,0.057283138040597946,1.2268333261023143,0.944006007841678,0.35073318333462644,0.02080384124059104
1.4518287418526512,0.965873518257473,0.2367255620086734,0.008364046034156733,1.3371454620888918,0.9560135816869302,0.38215057388479395,0.017582841210074873,1.1409636102298897,0.9325895922395745,0.7878541765634338,0.056948492391336855,1.2295313322495383,0.9443334820788838,0.3351364604563495,0.019755605552546136
1.4398734650693257,0.9649544135533439,0.16628057820607858,0.006039042151703609,1.376223081175459,0.9596458763601419,0.364884482332592,0.015343778238452134,1.1387212896002266,0.9322642795215412,0.7891030392883618,0.05733402434486791,1.2326355987603277,0.9447080366879003,0.3359741784037559,0.019663929197895072
1.508466133355326,0.9699205408205949,0.21411472240125218,0.0066401883258696845,1.4362191365183787,0.9646687444546977,0.42729337384525673,0.015649736213517514,1.1161893370256233,0.9289136816010495,0.7894761071724519,0.0604156780488972,1.2168847351449292,0.9427827609534165,0.3423410981186508,0.020776591657993414
1.4736698442103775,0.967492920628708,0.17684239665354332,0.00594177972949983,1.1763644397023734,0.9375368465980541,0.48054564468503935,0.03201623107349438,1.1308666619887304,0.9311132279751145,0.8022268700787402,0.059351341867982306,1.2281606540918217,0.9441673399658257,0.3488404281496063,0.020628429100034026
1.2851050632346954,0.9506901230572463,0.22015858166035304,0.01141906527297488,1.031840390127271,0.9149710237011315,0.35320460714997776,0.03282358172231752,1.127283130760872,0.9305820862712881,0.8063586031317578,0.06015131042430857,1.2059879041712371,0.941414139557488,0.3356287287394752,0.020886767083901317
1.5307357572042288,0.9713810388767281,0.17172547499030633,0.005059399448753984,1.3283300642090428,0.9551520646287583,0.41481194261341603,0.01947696066675657,1.1269049541868053,0.9305258133583854,0.7932997285769678,0.05922872059506403,1.2346504405022773,0.9449498723693326,0.3520589375727026,0.020509965675004002
1.4193115693563565,0.9633175850804138,0.20472344591287323,0.00779571607853147,1.072183031028149,0.9219249058532047,0.3877569750367107,0.032837991619339334,1.1289509495263483,0.9308297558796884,0.7803934165442976,0.05799127369025589,1.1938418823071009,0.9398524690404105,0.33674437102300536,0.021550555165592497
1.4684507338281012,0.967112836759187,0.21935219973336564,0.007459182967766647,1.3585110180549524,0.9580365616791807,0.44284026178645014,0.019397067663973016,1.1271109588229238,0.9305564722104458,0.7872227608774695,0.058747133896889445,1.2444813019650314,0.9461156176016234,0.35035147254878196,0.01995366355806419
1.6398793838119996,0.9775982961204149,0.20234339792699413,0.004636707019987733,1.417702686692895,0.9631864517671476,0.37670121676430823,0.014397740320458322,1.1294661907547325,0.9309061032154823,0.781868709628962,0.058032013900807734,1.2189073175915253,0.943033467126106,0.3386660657954033,0.02045805609550685
1.4379843746714862,0.9648070170767872,0.20348067055437977,0.007422304810469944,1.2486966679028617,0.9466083126707137,0.34144373220457697,0.01925850084601244,1.1191940214332785,0.9293691805349518,0.7876425537098223,0.059859784657423136,1.1856931436059321,0.9387829960038926,0.3376981287208612,0.022020922602327613
1.6082809496701826,0.9759482954575238,0.2040940106141016,0.005029783713980591,1.338559904033515,0.9561503352240167,0.4328582259287339,0.019851154576079135,1.1261156534630952,0.9304082289025378,0.7871417740712661,0.05887586594868344,1.2097043217741965,0.9418843298925694,0.3409552691432904,0.02103744941290375
1.3894520153967909,0.9608091125420516,0.20038846556103393,0.00817373784153169,1.1223240282817384,0.9298408087301804,0.36272224712386075,0.02736844766851514,1.1304442278317486,0.9310508120851078,0.8019871507545197,0.05939134797473088,1.2015725284183474,0.9408508826520835,0.3179142387569102,0.019986532362918218
1.5008215321651348,0.9694027281289129,0.22548827978168368,0.0071170897296117894,1.340333939221663,0.9563212821522283,0.3802041828925409,0.017365326422237197,1.120147500453748,0.9295131598044728,0.773248733254146,0.05863699649367418,1.20915222035698,0.9418147042290265,0.3444496233592446,0.02128009163943183
1.4025694070914503,0.9619307432501808,0.17565586765981633,0.006951735738229357,1.2893775953273692,0.9511492672586873,0.437853360854348,0.02248801344570021,1.1131529816668286,0.9284506270201811,0.7752400610248587,0.059742477048227,1.2120904991911083,0.9421843532142076,0.32920518113015645,0.020201153210985978
1.5327864871824788,0.9715120177497335,0.18475500728742505,0.005417634853805683,1.4074715286973585,0.9623419448799657,0.31674004177121995,0.012394569326634021,1.1179244750106234,0.9291770519770348,0.7802503268072063,0.059471581032690075,1.235076289850165,0.9450008581767297,0.3323516595795832,0.019342898900307937
1.630452491635369,0.9771179721573215,0.20009558230532573,0.004685813602833048,1.3330202365238546,0.9556124120857293,0.42701394904268347,0.019834525968936024,1.1129135755365311,0.9284139986009354,0.7793691567848502,0.060093796121195024,1.2013633194340296,0.9408240689168925,0.33187968577317123,0.020874560996091383
1.3400501668146216,0.9562939804924575,0.16805817398330192,0.007680853357179641,1.0902235961991935,0.9248630066767173,0.3709189933267499,0.030133909264264205,1.1279700009903249,0.9306841851291325,0.7995331717389352,0.059547904864939674,1.2192804845414975,0.9430796095531812,0.3393033485950265,0.02047894884620861
1.477831982462465,0.9677929841521583,0.17495883849723096,0.005822425019062104,1.3297268804933835,0.9552896379679916,0.3576710073342314,0.01674005410577106,1.1291333840819424,0.930856797565381,0.7674300254452926,0.057004009362720244,1.2425848634199854,0.9458925647663752,0.3412064062266128,0.019517865150746983
1.5966349306062462,0.9753107398438039,0.16642127336813456,0.004212829763742111,1.3409454722221579,0.9563800622428708,0.30970121506863574,0.014125292086202617,1.1270725333590919,0.9305507544512512,0.7821799848302324,0.05837597741976489,1.2231121612452949,0.9435513721859916,0.33431490652746176,0.020000625601892245
1.1760409670771585,0.9374932144085691,0.1568403401249499,0.010457233568844619,1.1863477473137127,0.9388695613797828,0.3252110941279475,0.0211747165378177,1.1228910384436748,0.9299259335078137,0.7833558401472094,0.059029356265454386,1.212649051829708,0.942254371923324,0.3276596376155638,0.02008047097819829
1.2734616159315515,0.9494180168007472,0.205761316872428,0.010962310898805649,1.304009641336914,0.9526911397947087,0.4108268940403233,0.020400895197698367,1.1264432020710675,0.9304570471182011,0.7590964265624537,0.05673535085652207,1.2128967532024368,0.9422853976403884,0.3184711490067205,0.019506230038116464
1.6688617733363995,0.9790141201410776,0.1818600299956937,0.003898302038871203,1.3585955739830697,0.9580443882977513,0.4035460255705864,0.01767248006421516,1.1303507831329629,0.9310369982847414,0.7731909775329284,0.0572711619495903,1.2105268710752937,0.9419879168312485,0.3220973226615981,0.01983628063248736
1.1684047493606986,0.9364548932038612,0.1413512431614998,0.009591684455547101,1.3051446798564106,0.9528087939134018,0.3787454224673457,0.01875869891229899,1.1211412310639584,0.9296629285325322,0.7496923601535975,0.05672073554441296,1.2189990907098305,0.9430448182120685,0.31754362555412236,0.01917804389543533
1.4202484716160906,0.9633937409440531,0.17222327784030284,0.006544001332112231,1.3883402607450752,0.9607126054506087,0.4498735694344973,0.01839713595870452,1.1175715999531655,0.9291235634578425,0.7701156145402458,0.058746815419199065,1.2097289964303364,0.9418874397946576,0.3278571115366064,0.02022812421946549
1.403567491373267,0.9620148130697982,0.2168302111210229,0.008561548106795729,1.1661257100620137,0.936141902585791,0.38531073446327685,0.026283633227112635,1.1173336821746767,0.9290874790127793,0.7551144811180494,0.05763404706189286,1.2231897812550274,0.9435608908038831,0.34540588760035684,0.020660458479420073
1.317826948152224,0.9541046118710615,0.19442189493215817,0.009352295563456485,1.1726602012768867,0.9370354885375167,0.3988895975878465,0.02680356181470248,1.124285574576334,0.9301348879623357,0.7753392090919633,0.058237962484208504,1.1854162857803534,0.9387463496086788,0.3252783254087904,0.02122456703322477
1.2667159272239106,0.9486668631562228,0.1638288551401869,0.008864912822917554,1.2601523714167469,0.9479258721060325,0.38687207943925234,0.021252744266348367,1.1116607781996668,0.9282220420043614,0.7704439252336449,0.0595772231221758,1.2143753782625057,0.9424702768256992,0.3198744158878505,0.01952558828544633
1.4181136762557627,0.9632199926252928,0.14935371539868972,0.0057029866446518685,1.0774570541153834,0.9227945486604225,0.25360030691140883,0.021217427198039974,1.128039883188173,0.9306945648772401,0.7721773003600307,0.0575012316746781,1.1918162435067798,0.9395882608385411,0.31588266540754295,0.020309982556823477
1.591849197277954,0.9750439977616028,0.14803825080423638,0.0037890012419134122,1.5317583111043613,0.9714464216652814,0.4163373826696241,0.012237341972344952,1.1016613485353592,0.9266728054216493,0.783480470643536,0.061996450724671456,1.2081420561875449,0.941687109509819,0.31764031905048695,0.01966951119220358
1.5860018396523246,0.9747142706603661,0.1789928559996508,0.004643376060831557,1.2140657081697248,0.9424316034641975,0.37860291870971496,0.023126944038991036,1.1210192846918567,0.929644565400158,0.7623128519256791,0.057691782423522533,1.2144398317760607,0.9424783230792518,0.3168531478706223,0.019338295594522017
1.686950968794065,0.9798530194820337,0.23224169080324625,0.004775174160861304,1.1812751115047997,0.9381957487746906,0.4434773880875226,0.02921435952134929,1.1196806459459712,0.9294426967678995,0.7681024346878496,0.05830938968701043,1.2102488894747625,0.9419529288890961,0.3430357603739497,0.02113929535682144
1.441891931668894,0.9651112471572241,0.18658147907690492,0.006744916845314976,1.3283760720307933,0.9551566023874112,0.43919317712329575,0.020619565651589192,1.1097073918273987,0.9279217917565544,0.7670276810482205,0.05958043168533042,1.2139164416144288,0.9424129534908883,0.3263589683054949,0.019942477463682242
1.3408444049806696,0.9563703529459641,0.13255277577823155,0.006047062004193855,1.1973771438235283,0.9403109909786257,0.3288184395704485,0.020872718700744013,1.1188899674635882,0.929323210013368,0.7617193812342995,0.057930201415575866,1.1796624940127631,0.9379800907699992,0.3211646663042999,0.021235635647367253
1.3711365917875622,0.959189868780316,0.16322657869383703,0.006944712732950284,1.176633558982962,0.9375731255727716,0.3466557673780399,0.023081544755629506,1.1016989072663228,0.9266786816959633,0.7686188071117859,0.0608151944399668,1.228627827845533,0.944224019193226,0.32652614369544275,0.019288130309614557
1.3659498258383793,0.9587197928778303,0.20970848478704762,0.009029551440990073,1.4265464889703974,0.9639017394691178,0.42894588214849466,0.01606408576041537,1.1281230920444232,0.9307069221853687,0.7526682403371323,0.05603772541394606,1.2198411994493583,0.9431488764268745,0.3177704082371512,0.01915456318520409
1.5040195615259333,0.9696203910972291,0.14642711429737135,0.004587773221313594,1.3964050506387193,0.9614075391030833,0.453109517980999,0.018188552350043033,1.1240846763696657,0.9301048213528321,0.7684764236171825,0.05774918663117421,1.2115973416116994,0.9421224660259445,0.3350964620854462,0.020586025244410337
1.5483621911909127,0.972488006341943,0.20867625899280576,0.005903517448603338,1.2349098509120655,0.9449809361826179,0.40211510791366906,0.023412109109426697,1.1229325075508225,0.9299321554822904,0.7590215827338129,0.05719020030767344,1.1901484593447005,0.9393699136129912,0.3157985611510791,0.02038269883462686
1.5978170746106164,0.9753761997479089,0.16853108644389486,0.0042546412450241424,1.2143528558281125,0.9424674649188374,0.46392419623856906,0.028320059936916928,1.1237621628368795,0.9300565286555216,0.7573330649335711,0.05695406880480775,1.1874237812976727,0.9390116084379003,0.30689595674929543,0.019932757604762957
1.4707860632573913,0.9672834359097036,0.18420637538179158,0.006230438217265367,1.258293061352163,0.9477141350555214,0.29105066177208655,0.016057411228254964,1.1213411212391196,0.9296930191464307,0.7595824311341182,0.057442560439450556,1.2054518423946918,0.9413460248816382,0.33009736581728494,0.020567912509874636
1.4360753391992318,0.9646574576612884,0.1929235798701017,0.0070682186050013964,1.231209109930538,0.9445362149415238,0.35652601582502785,0.02093544111561505,1.1227170823613852,0.929899827781775,0.7602088787953306,0.05730807957293486,1.2194309620948236,0.9430982062993216,0.3318337648811676,0.020021177334521256
1.4615864893785364,0.9666064047412068,0.17950402125206172,0.006201370696092204,1.2838842840198197,0.9505581832117134,0.27089080585599395,0.014089967168038495,1.1215006175121982,0.9297170204987958,0.7588708382595496,0.05736767467249636,1.1734990081066852,0.9371493463814143,0.30692881435098013,0.020584420904547516
1.4612127494683587,0.9665786157737133,0.14905725454127386,0.0051539519853247015,1.3885498760153507,0.9607308187553194,0.33905782938606577,0.01385874492070433,1.1237217627755445,0.930050477035988,0.7587520119567717,0.05706608683595875,1.199756173574015,0.9406177053373316,0.3156903885950793,0.019929903053443256
1.327025588215248,0.9550232217061843,0.14583333333333334,0.006868014674515826,0.8789299870673852,0.8832745088776564,0.17447916666666666,0.023057572945994368,1.1218874862685346,0.9297752059023836,0.7730490331491713,0.05838745627506185,1.2198152739588763,0.943145675516876,0.32642725598526706,0.01967755524272673
1.243002122393565,0.9459417159621273,0.18829604627345767,0.01076066419409983,1.1684658266942693,0.9364632615199777,0.3958630836470639,0.02685834058108653,1.1065569787739653,0.9274351079906039,0.7513955601713618,0.05879110808982549,1.2124637667985825,0.9422311539002585,0.3254431895221198,0.019953147857497508
1.537840528103295,0.9718323369036352,0.1713776050353139,0.004967221667347397,1.3029890401958228,0.9525851098799409,0.40652328397604165,0.02023468206783006,1.1181759954182242,0.9292151544748793,0.7519759836410308,0.05728329287818347,1.1968053676071118,0.9402370543870757,0.3207692196133598,0.020388595978649275
1.5482455986042456,0.9724808226445091,0.17804132817817164,0.005038197949671328,1.2070904025473677,0.9415539953819894,0.2736145502990283,0.016984344337941076,1.1136167204587117,0.9285215284634936,0.7482514444589252,0.05760110879002622,1.2051475258655144,0.9413073238727915,0.32059023705055245,0.019989538459488185
1.5479821111019822,0.9724645814974214,0.22771897421325565,0.006447882396173954,1.4080763386271307,0.9623923810725779,0.344121616821766,0.013447316172326793,1.1070281478497024,0.9275080875374875,0.7620089507707608,0.05955687815249629,1.1846575562264032,0.9386458149441036,0.3171982666761384,0.020733529988855595
1.4212038014968829,0.9634712380663963,0.129342574485218,0.004903855895825223,1.3686357022903122,0.958963856796993,0.4366588059358104,0.018685577317883444,1.1194559907011188,0.9294087660287074,0.7495254802714828,0.05692858780681594,1.2004637502723854,0.9407086437943519,0.3275336477625676,0.02064392020519274
1.3892815565985628,0.9607943304510085,0.16100937274693583,0.006570064021135105,1.1619874344536123,0.9355698998623513,0.3517231434751262,0.024222195859620033,1.119366128720707,0.9293951895294591,0.7581254506128334,0.057593695724326564,1.2079778300289716,0.941666341171236,0.3245998558038933,0.020108074820619524
1.18965650824707,0.9393053662340239,0.14418873932551743,0.009316972989974026,1.2438784863458494,0.9460448105933236,0.3624547691416992,0.020671658996922773,1.1107675714276533,0.9280848928361327,0.7371833839918946,0.057122599956553666,1.2011382518951996,0.9407952099163329,0.32844116369952236,0.020668993577672316
1.4508745727731962,0.9658010250394915,0.20071238271747943,0.007107217297205089,1.4525554007935386,0.9659286268838252,0.3255096721881154,0.011481760852066463,1.1032132248946283,0.9269152442593518,0.7495077030001158,0.059096651758346615,1.2185448111223205,0.9429886092248527,0.34342059538978337,0.02076258988970686
1.4547429316812126,0.966094007879102,0.16584785717319592,0.00582058898277103,1.3693991896397963,0.9590329819214546,0.41630445555067885,0.017783280114677478,1.1146632470326965,0.9286812946048993,0.7474480044173238,0.05740077283227085,1.1568549988703196,0.9348538546085283,0.30689074202545624,0.021385961881345634
1.511785860533301,0.9701427515080976,0.19644853383781924,0.006045927448870614,1.1968812183875448,0.940246867610972,0.31127640668443834,0.019781762618848574,1.1022238720226394,0.9267607700007797,0.7489322670335655,0.059185956435189445,1.2185751186975697,0.9429923608681323,0.3354687992662023,0.02028042330158705
1.4894848130510665,0.9686189025885525,0.1675366464068645,0.005427814599561161,1.304529938496636,0.9527451065407654,0.43703968537718985,0.021676588657527633,1.123575312026102,0.9300285357768983,0.7524919556667858,0.056614353139311686,1.2195047084334132,0.943107318144893,0.3299106185198427,0.019901764623129918
1.1569412515683193,0.9348659489803904,0.19440619621342514,0.013544683188540284,1.1002207078689485,0.9264470815112834,0.433017785427424,0.03437834983920772,1.1075804620303755,0.9275935495335428,0.7635542168674698,0.05960180577998923,1.202513057107264,0.9409712870072978,0.3306942053930006,0.02074500423979649
1.1775039511521743,0.9376903252908172,0.16873310738341413,0.011212342444153306,1.0516967896797325,0.9184612501666874,0.3565861541321664,0.03165684911642048,1.106291110361902,0.9273938976543138,0.7574613525533771,0.059302003847012896,1.179238153467475,0.9379232263225685,0.30526120096672243,0.02020381834365093
1.2647565369444462,0.948446708721129,0.1304016160702934,0.007088044520257798,1.5286858575756848,0.97124952901404,0.5071126869993926,0.01501131085127915,1.1166084552831683,0.9289773807879101,0.7654720366158584,0.058522231109610856,1.1937996043999968,0.9398469657142058,0.3135374140050008,0.020067338090717632
1.4547353742281555,0.9660934378585495,0.19564375743844908,0.0068664240530167935,1.2838583002288764,0.9505553712912308,0.4900701185850098,0.02549176595760283,1.1160782704437981,0.928896792438518,0.7348972597829049,0.056253345715118065,1.193331381283733,0.9397859854676525,0.3188173045211431,0.020427278236168987
1.2577279020595722,0.947649614030436,0.16910955332831237,0.009342008118618182,1.1231305544366148,0.9299618631517563,0.3464167777069695,0.026089656624563216,1.1075532085939999,0.9275893346693092,0.7535339783326575,0.05882333343106238,1.2134891899639755,0.942359539562767,0.3159434563466775,0.01932502991841402
1.7024443670414493,0.9805453545928353,0.15154009936124913,0.0030066522514543047,1.2931318059814203,0.9515493602810986,0.429666430092264,0.02187759697253862,1.1212057758509886,0.9296726461304162,0.7630660042583393,0.05772398825618171,1.1965152249456956,0.940199503139451,0.33498935415188075,0.021306679863566817
1.5197090197245644,0.9706666877271444,0.17607255364534038,0.005320869938218936,1.2120934619987282,0.9421847248342321,0.344432044526692,0.021135381316781887,1.0986696473798128,0.9262033417182515,0.7406517961830228,0.05901255701289457,1.2063489906038452,0.9414599791770413,0.319950839819746,0.019894556581941465
1.5756264065740728,0.9741187355812929,0.1588290384833693,0.004219913027239015,1.415792804716164,0.9630301999434324,0.40140765126575095,0.01540965237574367,1.111520332321782,0.9282004929704631,0.743117834033375,0.057482725502227675,1.218392243501986,0.9429697200176768,0.3251504143489613,0.019664914761358482
1.3520732499066521,0.9574365565654668,0.16615310338951764,0.0073864405626633605,1.4750270465348283,0.9675910618953043,0.32916802749101853,0.011025304644820587,1.0988360598956803,0.9262295279971967,0.7467588713914488,0.059476353052517424,1.203888921810328,0.9411470083235195,0.3311418144640245,0.020707377570164515
1.4422263643380286,0.9651371669582682,0.17708289434868726,0.006396615519099429,1.4042552659441732,0.9620726413256833,0.4124489021871971,0.01625978826975754,1.106811948646706,0.9274746087695016,0.747931504347704,0.05848572505763693,1.1771448181165796,0.9376419923570708,0.31965105988452946,0.02125843701308884
1.5040774411631284,0.9696243166265569,0.2346704011203361,0.007351583164034449,1.2682225028072494,0.948835534881894,0.3406736306606268,0.0183702901628403,1.1002767444062496,0.9264558734289048,0.7537975678417811,0.05983812648643531,1.209935155044182,0.9419134171593472,0.3260406693436602,0.020106506611157524
1.6571342852796038,0.9784520838335228,0.17411091698134476,0.0038343496884215584,1.3724337920067442,0.9593066302897608,0.3993124048920701,0.016938658411283544,1.1177234731367391,0.9291465888461107,0.7399819647184805,0.0564283903337292,1.1984177200989161,0.9404453285048208,0.3228174491348701,0.020442748295325656
1.5183724119951583,0.9705789310647784,0.17745105070644768,0.0053790572083966355,1.326540511410624,0.9549752208256574,0.4158359033206627,0.019605660242774204,1.101060501324109,0.9265787405217,0.7424657534246575,0.05883231327458524,1.1799171799640207,0.9380141970127858,0.3060890769561787,0.020226961682633625
1.380863449814957,0.9600576279419126,0.16717830647224355,0.006955309684346719,1.2494306330749565,0.9466936634177067,0.30182484863989084,0.016995124814096024,1.1069634673401259,0.92749807315821,0.726997527074273,0.05682892832609725,1.2069201808796988,0.9415324226200311,0.31916375316221823,0.019819531421940338
1.558772675874205,0.9731221405917954,0.19792417879212093,0.005466711761201756,1.6044785339474628,0.9757419196885534,0.3244813982098163,0.008066985396975332,1.0975347671929723,0.926024531450144,0.7473521967222387,0.05970222931104756,1.2029585358683077,0.9410282359860862,0.3361614276219969,0.021066352339078883
1.6609575677828619,0.9786369122356053,0.18671528083192646,0.004075888495002684,1.4228257733421907,0.9636024523507283,0.36752876416927943,0.013882432193583026,1.1140946660674635,0.928594534133958,0.7607360222452367,0.05849777063372696,1.1810591023340926,0.9381669021938597,0.3199455218692809,0.021087103691377004
1.340833032195897,0.9563692602596496,0.17578125,0.008019356422958661,1.3190203207458182,0.9542247870948383,0.32657936151079137,0.01566637128459173,1.100688742013381,0.9265204845713187,0.7283891636690647,0.057766324308165355,1.227067173492193,0.944034462971948,0.34969368255395683,0.020731017253160233
1.2866685547343486,0.9508586151662455,0.1660636449104014,0.008582345841196593,1.1920427861428646,0.9396178631057945,0.26645964502435826,0.017123347048193172,1.1035582955699457,0.9269690518137289,0.7488105751972878,0.05899479190978867,1.2269002830762104,0.9440141567225239,0.323281387994644,0.019172573836848738
1.477485520313508,0.9677681089556824,0.21298980443174909,0.007093707786468322,1.3499671367210573,0.9572384915430964,0.3732624404315794,0.01667428247419242,1.1068468969744938,0.9274800215355796,0.7504701839727363,0.05867951903673932,1.1921890591225583,0.9396369693461364,0.30791747387474017,0.019780864866667778
1.37364986093314,0.9594157985796563,0.16908795153690823,0.007152581282366131,1.3153545948979875,0.9538546842593325,0.43859378505721336,0.021218167743313223,1.1035426198868414,0.9269666082648477,0.7316440430783038,0.05764441300517858,1.2184062633523647,0.9429714560432085,0.3365212026026475,0.02035195664940473
1.3241631196255583,0.9547392588318727,0.1742238298238815,0.008259322735535686,1.4311866714452253,0.9642716684913252,0.2611060873559259,0.009674540021051607,1.1007212669070776,0.9265255830312582,0.7523288693680116,0.059660441177156805,1.1757386187250676,0.9374524058860421,0.32113278502633885,0.02142624304807006
1.6148855273312908,0.9763026948628082,0.19674457547504506,0.004775482300368499,1.2654773365825083,0.9485278004126511,0.323101593653767,0.017533223283811048,1.1062299796779438,0.927384419180209,0.7452850270339307,0.05835692728394444,1.1815677341101658,0.9382348065180888,0.3081584287680758,0.020286462241341938
1.3416719618388306,0.9564497937618174,0.1803368729403149,0.008211312355466358,1.016838382783126,0.912244771734578,0.24968312536968706,0.024018772526564834,1.1057394283179374,0.9273083165894364,0.7420218009745655,0.05816707655395767,1.2040154479829113,0.9411631432226133,0.31493113258034533,0.01968793410133268
1.2864179776572247,0.950831648122356,0.18214449147694772,0.009418853976093832,1.1050667744507394,0.9272038436889564,0.21158906303626587,0.016612172837003888,1.101724443797186,0.9266826767819207,0.7416342523738703,0.058676653349903726,1.1709214241304142,0.9367988576234835,0.31023338290813407,0.02092989764405306
1.335675083302883,0.9558709886907518,0.15544851117514658,0.007176480078184634,1.2824113136328223,0.9503985414249578,0.42604619156165324,0.022235421879031145,1.1007752232590364,0.9265340402744274,0.7466632259544392,0.05920379403468843,1.2107221045008878,0.9420124779059844,0.3213195131392198,0.019779485733370933
2.073727688261914,0.9916319775832029,0.18258144119357264,0.0015407385273341022,1.6605686427749797,0.9786181815644283,0.33930876033526686,0.007413553563341361,1.1132853310918618,0.9284708686598182,0.7440683013997816,0.05732281006695876,1.212836917715966,0.9422779044089207,0.31726964587085704,0.019435315994800174
1.3872594309906952,0.9606185643482635,0.1721398230338268,0.00705702930955461,1.39345161093798,0.9611544246198688,0.2488110526241515,0.010055833123739519,1.1024765337041968,0.9268002483202686,0.7352140105276528,0.05806804983017897,1.2088951556684373,0.9417822590329527,0.3145736018402224,0.019445858415097158
1.3825330787194379,0.9602047910046135,0.199511107915738,0.008268638430871717,1.2993663264166309,0.9522069213003405,0.35480624056366383,0.017808400883321213,1.1000302505412844,0.926417192254035,0.7473865842260407,0.05936289157718696,1.1986505627590982,0.9404753494993411,0.31296282982241713,0.019808071604209172
1.3852419454573854,0.9604424486204746,0.15822019844281418,0.006516583724688684,1.1872311011555035,0.9389861954705868,0.38810186356353826,0.025218231487524004,1.113547623140555,0.9285109682250376,0.7490232453551452,0.05766969741858941,1.1918049866550195,0.9395867895545661,0.31430418528824805,0.02020901645360654
1.4093260069388747,0.9624963876266313,0.13556594050459558,0.005282318509529588,1.2547761741325338,0.9473114079835845,0.3635798895932457,0.020221980128929132,1.1016853649185674,0.9266765629696229,0.7368027220488783,0.058299637816276985,1.205058311457191,0.9412959736232691,0.31182142907566107,0.019446777538871873
1.6265644361381046,0.9769169491451144,0.17573988691961706,0.0041524642914090555,1.20885795752241,0.9417775626957554,0.38555898650649295,0.02383597232313164,1.1025362773549074,0.9268095803840117,0.7489389901724406,0.059143927854935954,1.2102603339599591,0.9419543697312462,0.3288072980556378,0.020261944172572786
1.541300976878245,0.9720496361887951,0.17523364485981308,0.005038676980528141,1.4044312487814627,0.9620874244133482,0.41557442443583315,0.016376367031208323,1.110303673512738,0.9280135673835097,0.7451988830635969,0.05780541477727394,1.1861697936181428,0.9388460399579444,0.3165745384089355,0.020620832221925848
1.3689326936062007,0.9589907592518416,0.14369409276671144,0.006144778338589555,1.308018738764108,0.953105466319836,0.43868423308850846,0.02158406731519326,1.1059789937172246,0.9273454911886745,0.7483495756051556,0.05863075989625353,1.1800519700349377,0.9380322403220988,0.3059358120659598,0.020210560004267207
1.5606190301474858,0.9732331141291706,0.18459390205280282,0.00507689662113434,1.4078751979101227,0.9623756147929707,0.364653211643106,0.014256234978264724,1.0947727063373607,0.9255876777857779,0.7281403852244264,0.05853861094188863,1.1883844504691963,0.9391381653782672,0.31533412028906227,0.020435558671915304
1.351986295101708,0.9574283964592498,0.16557374737346814,0.007362158837159187,1.3069243233549308,0.9529927058157487,0.38706265600541523,0.0190922428131386,1.106122775643676,0.9273677941575577,0.7404492955958878,0.05799259580980745,1.2176519078117602,0.9428779764571382,0.3184696309458335,0.01929372645326747
1.4657131448938605,0.9669117577695991,0.19209320852419837,0.0065735332758029685,1.3039222909275512,0.9526820738140646,0.38725922553845277,0.01923443712495782,1.0987753458709537,0.926219975173243,0.7394656727458958,0.058903713109320584,1.1762479287352086,0.9375211340823443,0.31575952428372267,0.02104304240485816
1.4066374410435547,0.9622722821715847,0.16723467098349948,0.006556753836611377,1.362467670331742,0.9584013032047483,0.3103149583936838,0.013468990309263225,1.1017791074744248,0.9266912280171509,0.7561273465678339,0.0598157892981719,1.2094288954054253,0.9418496055737005,0.30817074209763995,0.019026657862969115
1.5135049237106346,0.9702571933745682,0.15168385769568282,0.00464980180353121,1.267899021235873,0.9487993631080844,0.326010961978335,0.01759272775263801,1.090957498858942,0.9249803541037858,0.7514134046868931,0.060942664664372426,1.1785571598623745,0.937831866891464,0.3107620157380634,0.020600168368683426
1.4565024659849701,0.9662264692801115,0.1575333648028151,0.005506429501501117,1.3418651262125325,0.9564683165749264,0.35503297143429313,0.016158593703642216,1.0951429904512213,0.9256463801516576,0.7331101860990716,0.05888792659160748,1.1812582712370332,0.9381935003213966,0.3009626800555007,0.01982687982996007
1.4439848956417878,0.9652731546893001,0.1729415408875873,0.006221776819360969,1.4288684649020296,0.9640873128048889,0.3682980400991214,0.013719268092193055,1.1231964809832642,0.9299717497615456,0.7479302770894346,0.05632025770499503,1.194711713237073,0.93996559061779,0.31489355710745665,0.02011185186766731
1.5519298601531026,0.9727069446233779,0.19748502823653252,0.005541206261049568,1.2901850230465388,0.951235579990186,0.4126943484260089,0.021156484225001385,1.1108032642718653,0.9280903779974035,0.7335950724761376,0.056839878545615084,1.2043143886717316,0.9412012483322774,0.31158337956443194,0.019465245919787554
1.6434401375237058,0.9777771504262913,0.19003522327008293,0.004319107046627148,1.3098156898754842,0.9532900533012563,0.4059055789114873,0.019888834347972235,1.0916749405117905,0.925094906691467,0.7527837745710715,0.06095303137821932,1.2285738213958366,0.9442174697019511,0.3246079990910124,0.019177208773736413
1.5781265308883892,0.9742634759722707,0.17540064330648145,0.004633451814902003,1.3693234603438633,0.9590261304750144,0.399974381600296,0.017088687788840505,1.0975208096468299,0.9260223298374347,0.7359312288292391,0.05879175474982161,1.1925070476799235,0.9396784856341814,0.32701887222111525,0.02099257767433796
1.381328864406468,0.9600987024842118,0.15821690707626038,0.006575427989792011,1.2663266987428579,0.9486232008697437,0.36939949556493895,0.020006430018849827,1.087437195394613,0.924415937778604,0.7286536118117154,0.059577726521426504,1.2067386024357443,0.9415094023437435,0.312579703573554,0.019418790329358372
1.4412094256948678,0.9650582927104036,0.18218056910224334,0.006596181979374924,1.5133723839628364,0.970248385056752,0.44034038703475964,0.013502560623435259,1.11173736543195,0.928233790499563,0.7509576919271165,0.05806014346428969,1.2137384664559343,0.9423907091332575,0.3160029967629306,0.019317580679484126
1.3897227580594083,0.9608325802048263,0.1960860048924939,0.007993258167771081,1.3401602372405608,0.9563045722684982,0.4218560004577772,0.019275426381552236,1.1023287892380564,0.926777165667486,0.732300473513297,0.0578576147968283,1.1864039053399853,0.9388769824347711,0.3146359955938944,0.020483515780167733
1.3737240465881517,0.9594224492498676,0.14109459949256978,0.005967416413859917,1.3757355799528028,0.959602383856368,0.353519391083726,0.014882560631975784,1.1079268049364677,0.9276470932942903,0.7487060529177239,0.05839619353991859,1.187678882724919,0.9390452390465842,0.3150271837622327,0.02044886218639581
1.4711118668514498,0.9673071682606358,0.1835371844342242,0.006203148788212017,1.2822710083509412,0.9503833095589003,0.3932166707009725,0.020528674725469653,1.1111570230761165,0.9281447216447881,0.7436174908516182,0.057569515344824254,1.195513361495086,0.9400696686475384,0.31611396676681236,0.020152564650587738
1.316266114233404,0.9539469791698765,0.21342301087578705,0.010303271125239348,1.2465153050768376,0.9463538864010744,0.3770034344590727,0.021371253780221772,1.0937535599721853,0.9254258889968195,0.7439753863766457,0.05995218386145321,1.2128488284326178,0.9422793960674342,0.32787635947338295,0.020084511624681983
1.2855746041532619,0.9507407813356464,0.1699770108377479,0.008806748284224331,1.3371257356894184,0.9560116715910402,0.4368226407550726,0.02009922927617037,1.1030727811163248,0.9268933341282714,0.7489040880727657,0.05906815695055005,1.1942773975966636,0.9399091327534536,0.3098967629546071,0.01981251654432479
1.40101952399464,0.9617998404607423,0.2075123417042284,0.008241844327681649,1.2352354779805144,0.9450199059252551,0.3716248121914574,0.02162067381510987,1.1066693551175042,0.9274525201501438,0.729956356872004,0.05709887346348807,1.201219450059798,0.9408056229687095,0.3203691779351792,0.02015724974948447
1.2989659572927108,0.9521649498801725,0.1530180147850427,0.007687349137773002,1.2734679232446005,0.9494187142467069,0.3904112538577478,0.020799572302878357,1.1038428811184195,0.9270134003405045,0.7285437450656714,0.05736047681296317,1.19257005413434,0.9396867085254357,0.30702648388717435,0.019706331530597077
1.3575504092610158,0.9579475482698626,0.15963968112355023,0.007007941089036978,1.5327584278665305,0.9715102295506595,0.45283046018361295,0.013279361833449087,1.0987775099057608,0.9262203156848718,0.7369413186749936,0.058702337802223295,1.2145763104159943,0.9424953573244801,0.331337957233718,0.020215983757893432
1.2033774520194296,0.9410817422736115,0.13513590355964972,0.008460446777747545,1.177949854012399,0.9377502872347956,0.4262765836460821,0.02829707999210376,1.1134209928440955,0.9284916114042796,0.7526867963152508,0.0579686658023486,1.1864085204302641,0.9388775922627457,0.3257136358466962,0.021204469911594134
1.5763764019973565,0.9741622382739303,0.2122151736693881,0.005628595398689951,1.240759219762908,0.9456770164547943,0.40316615936050976,0.023159269242927244,1.119044426989515,0.9293465665085379,0.7383011407276762,0.056129233617386226,1.205329671330813,0.9413304908312952,0.33082524962307625,0.020619065466433165
1.5594089382286471,0.9731604330234127,0.21528682481281586,0.00593756687763052,1.3834682346604827,0.960286989537592,0.4073957423658931,0.01684799602117683,1.0915843433772983,0.9250804500868971,0.7485934345964983,0.06062638463779575,1.2093354294526517,0.9418378174509536,0.3291148301384375,0.020324132749221468
1.291295287472952,0.9513540292428058,0.16308780334787693,0.008339234678840108,1.2774892066560826,0.9498615283491544,0.2816465622950352,0.014866722946165058,1.1027944945363397,0.926849901762216,0.7420366726552029,0.058564019263058646,1.2301282194627694,0.9444056862362175,0.32226879972623834,0.018970992052854716
1.462785579887207,0.96669541110988,0.16800491484741115,0.005788105080677424,1.3958029776050116,0.9613560692793149,0.37654303348954166,0.015136018135751434,1.1021150015151822,0.9267437529690277,0.743370670933821,0.0587611681557541,1.1933334974865029,0.9397862612068986,0.31985084009601095,0.02049339911988265
1.517646791316486,0.9705311829596271,0.24299239440250942,0.0073781229687161455,1.2027283368904547,0.9409988143120678,0.2565993955626853,0.01608893481558026,1.1067859864095708,0.927470587520108,0.7467092541931049,0.058393639893998234,1.2103503198827488,0.9419656976438644,0.3125313319105662,0.019254987583126385
1.648205536413014,0.9780143311514083,0.17041144280047485,0.0038308329746161505,1.4687996130563539,0.9671383773773758,0.40857630946521123,0.013882688153270635,1.1103697676697826,0.9280237335085066,0.7494136722934823,0.05812351154580674,1.233823422297846,0.9448507284997784,0.32494136722934824,0.0189662548193598
1.5544638505643584,0.9728614193424352,0.1675201905007818,0.004673080986960038,1.3260652818873238,0.9549281470509748,0.44886746711422876,0.021186189279112262,1.0884749131269744,0.9245827209290134,0.7441723687796761,0.06070138879167192,1.1737268911212486,0.937180245538504,0.31380987218659895,0.021034864117337664
1.320476176418753,0.9543709892886897,0.1860358093046667,0.008894476079765,1.2082190244450364,0.9416968406682306,0.3451786869921622,0.021371005101126005,1.1095488047042479,0.9278973649423468,0.7342633206298986,0.057056224366891804,1.1877752491243154,0.93905793873775,0.317998130437909,0.020637130838249713
1.3016355896386733,0.9524441520344643,0.15454995774935168,0.007716729929107873,1.1773294026308807,0.9376668385269792,0.3328622628864477,0.02212764313321618,1.09739617484312,0.9260026677225608,0.7253707858620589,0.05796473912736468,1.2021349311053364,0.940922907809302,0.32021620676593143,0.020105199066851237
1.6248909852539701,0.9768298973352364,0.19702885998649483,0.004673463543921101,1.1565956786234033,0.9348174800835448,0.27032383077419925,0.018849014763563234,1.1094213822574963,0.9278777328209471,0.7306156601391621,0.056789441088921,1.214019513132733,0.9424258322735581,0.32861630603916503,0.0200756491106568
1.6073504303599346,0.975897950417827,0.13737160688230451,0.0033927085089609224,1.3471741173322145,0.9569744694522453,0.3930743560480201,0.01767260596133072,1.099479120492582,0.9263306381316806,0.7348059115008451,0.05843775469471288,1.1908961363719677,0.9394678910488016,0.31681137227142053,0.020412896157529368
1.2687067064753008,0.9488896334567921,0.18417808822234613,0.009920447295834038,1.2075709311056693,0.9416148540970843,0.3186980893962962,0.0197609822821091,1.1074733016324907,0.9275769754010882,0.7489361077686144,0.058475166583868636,1.1804074591234925,0.938079803384833,0.31604202741173365,0.020861108410371018
1.466123554271879,0.9669419782864392,0.19962112932604736,0.006824690390875899,1.4158909818519376,0.9630382475659355,0.4070965391621129,0.015624510797266393,1.0907719482004377,0.9249507013819753,0.7536612021857924,0.061151091117777036,1.190394966244714,0.9394022328646602,0.32431329690346083,0.020920390602777707
1.3444971444445313,0.9567199564916871,0.1634265332291774,0.007393080305870055,1.288428226691632,0.9510475958891245,0.3701416422244167,0.019051962621800398,1.0978043045873818,0.9260670354794714,0.7239524223620794,0.05779705648342649,1.161678906289383,0.9355270637608467,0.30699957256768906,0.021157232788151365
1.4468161738090708,0.9654910244377509,0.2397123569122395,0.008567897222525591,1.0863839887418267,0.9242463189924683,0.2321103610214265,0.019024381148228752,1.101676891216143,0.9266752372139129,0.727810390372762,0.05758924171512441,1.2060026597934719,0.9414160134308309,0.3211329615497505,0.019983990964617636
1.6094702535851582,0.9760124925350092,0.17240569154637964,0.004237223237004151,1.5059262305057963,0.9697494475498346,0.3861323622266927,0.012045087837644363,1.1049392465000663,0.9271840211526307,0.7400625541475162,0.05812047884684665,1.1900609758568637,0.9393584398718029,0.31779269026886536,0.0205155388159082
1.570683775682636,0.9738302552021815,0.15512557923330572,0.004168690383630112,1.395341134967093,0.9613165427787448,0.3614996876861173,0.014546777343164433,1.1152415014067947,0.9287694313249046,0.7333565752966982,0.05624367484348256,1.2010197873664292,0.9407800146547027,0.3152046019087462,0.019841420539378034
1.3049499984623827,0.9527886336999998,0.19182627932700705,0.00950513095869385,1.3191151050971754,0.9542343192333553,0.43166734586947664,0.0207030386041021,1.1058902162270683,0.927331717171311,0.7717733015078302,0.06047829435261451,1.206273712614481,0.9414504254755459,0.3388833905804273,0.021075436151474534
1.553487497409531,0.9728020007340512,0.1855077563707809,0.005186502307553993,1.338115222597415,0.9561073855374842,0.3577167824990469,0.016421926091676156,1.1096771754349315,0.927917138182945,0.7550804961731328,0.05865649078643305,1.179821984604403,0.9380014509865564,0.3319404123046245,0.02194007685187035
1.434674212166808,0.9645472998573914,0.2230755623691736,0.00819931902042273,1.401490915771222,0.961839699781294,0.32997729885904653,0.01309161265924256,1.1023357735305817,0.9267782569997363,0.7405583891034524,0.05850911545892883,1.1859564908078184,0.9388178350401354,0.3193048144108022,0.020808892948785383
1.4236421012773346,0.9636683199678713,0.16849317078180245,0.006352434589369278,1.302153639231811,0.9524981523252505,0.3429279814562152,0.017102093792807676,1.106171363288638,0.9273753294830521,0.7560993500872908,0.05921169609803753,1.2125671317759417,0.9422441076214157,0.31723955811804055,0.01944554880066914
1.5111073350260313,0.9700974631761053,0.20871686975833553,0.006433543144503281,1.242181066129716,0.945844959181508,0.3177142690161012,0.018190961468012124,1.0975037831945214,0.9260196440649668,0.7409047076356623,0.05919139441169614,1.1955080349186313,0.940068977655701,0.3214692732532655,0.02049422186698638
1.7678005959761582,0.9832177907324688,0.2124688499933645,0.0036265583648196543,1.5430100025411806,0.9721563531927723,0.37937390329858295,0.010865693503553655,1.1049928163023344,0.9271923484769354,0.7608121857351402,0.05974267214833802,1.2237424019268932,0.9436286156126014,0.33177521860300513,0.01981990379333877
1.369313565578356,0.9590252351862015,0.18083127005288835,0.007726093630851096,1.2854333385208057,0.9507255455264969,0.3678011046486075,0.01906249271578751,1.1028473119237063,0.9268581468328486,0.7489634762734958,0.059103517400526794,1.1830215293294577,0.9384285099118613,0.31800401424029767,0.02086464850969175
1.3150130969351908,0.9538200609448542,0.16601470588235295,0.008037730924122648,1.2703269319575239,0.9490702629434146,0.47163235294117645,0.025309097398308153,1.0947663526130502,0.9255866701370017,0.7503529411764706,0.060325264750378214,1.1872120526826107,0.9389836825918653,0.3146176470588235,0.02044424261149347
1.4876770894781617,0.9684921326997168,0.16668914969198256,0.005422883089666184,1.3346998311418627,0.9557761685223526,0.39429230930647363,0.01824393327012957,1.0995736282397708,0.9263454870816714,0.7526267667910728,0.05984199058596544,1.1984488232447887,0.94044933953282,0.32213678672602186,0.0203981837233671
1.5608797663581881,0.9732487495069219,0.20054498374081658,0.005512289738773208,1.2609354192181148,0.9480148023783106,0.3609237624954836,0.01979156134758755,1.0935419530427968,0.9253922560184953,0.7368872696615681,0.059409938218719566,1.2003533689371702,0.9406944660710191,0.3188154883776948,0.020099536507362136
1.4653598977587523,0.966885725033404,0.1802655992052477,0.0061738057192793384,1.315904100751913,0.9539103449343198,0.44735496501044575,0.02161464768543897,1.1100280460642948,0.9279711580834454,0.7490102119826441,0.05813794715797789,1.2186548107702864,0.9430022244973618,0.3321597101491621,0.020076691335690778
1.2589450108524194,0.9477884710969057,0.15958553844324197,0.00879120732846863,1.4818246369317871,0.9680783116288163,0.2799696735446275,0.009231799292390671,1.1036371519037609,0.9269813429143977,0.753508354641137,0.0593541267893225,1.218898502493921,0.9430323767065968,0.3183683177736814,0.019232305107938375
1.421770148298958,0.9635171060217391,0.18350043138071578,0.006948114092825207,1.3287287674225348,0.955191374256843,0.3901466694433701,0.0183020246697982,1.1141111940532369,0.9285970575340536,0.748519917888912,0.05755620718158137,1.2104980574054836,0.9419842911402194,0.3387677386725374,0.020864308123569947
1.187700397942243,0.939048074654156,0.19793589156786606,0.012847663513447839,1.3464881274842098,0.9569093855677064,0.3796453513266105,0.017095820881014977,1.1080059089143153,0.9276593174522892,0.761342999306058,0.05937101173519353,1.206003619461732,0.9414161353008555,0.32909093593586203,0.020479167651423408
1.5648746749124396,0.9734872014920428,0.23369867544690512,0.006364753315918069,1.2457111225069113,0.9462598012354663,0.3537353600048111,0.020089417865878523,1.1001471516767418,0.9264355393583927,0.7555966502788929,0.05999884253022892,1.2147154669290883,0.9425127209247721,0.31266068287402465,0.01907031229731806
1.9568268601087977,0.9890754747435118,0.23572283902251526,0.0026036032377613674,1.5153118088997894,0.9703770233774159,0.4116316544210044,0.012565997114800196,1.1086484787408617,0.9277585450179254,0.7544757033248082,0.05874849964950215,1.2008281274646193,0.9407554229967497,0.3347722602486584,0.021082462525355342
1.3211150409350072,0.9544350058696497,0.15212319178721417,0.007262403723927551,1.1494104861102248,0.9338020789841296,0.4320744208450619,0.030630075717110815,1.1117348108775706,0.9282333986590673,0.7649059955142775,0.05913890161963976,1.212456205162746,0.9422302061673886,0.3240407628738729,0.019867510022556156
1.4305357972739166,0.9642199998460247,0.16666666666666666,0.006184619028798567,1.1864543984767042,0.9388836541785263,0.3971287572902647,0.025850975632800637,1.1041835569987717,0.9270664571031941,0.7477194556602362,0.05882407736396167,1.2102804588890557,0.941956903345827,0.32863765515178706,0.020250551924850393
1.7325007440732154,0.9818225787767252,0.2398284386727825,0.0044401734542579615,1.451729330468873,0.9658659723774176,0.42736939298266513,0.015103377779434117,1.1201739988944162,0.929517157302062,0.7602758086614643,0.05764971610042033,1.2077664924394058,0.9416396048257091,0.31440996008816346,0.01948631878209343
1.327406822033173,0.95506091255507,0.15722723593080082,0.007398112948959674,1.2767724143317805,0.9497828667261832,0.39951428657092314,0.021123209184304822,1.1143020316166548,0.928626187580173,0.7394837046142776,0.05683640190913893,1.2171370617615247,0.9428140942117715,0.3214253590381675,0.019495890454704522
1.5243334923191239,0.9709683589596292,0.20920577346782776,0.006255185210565288,1.4498437406259008,0.965722540408989,0.40856427704252163,0.014501624338937629,1.1046622201461365,0.9271409439247229,0.7535484644554025,0.05921735005551959,1.2188701447645107,0.9430288687483899,0.336335976258637,0.020319039727278713
1.6823645393354543,0.9796434810647748,0.21632442597591678,0.004495117212176182,1.4894651755001937,0.9686175281248305,0.3463405016833996,0.011221169076253413,1.1144562290561622,0.928649716748691,0.7497800964542449,0.05760732092344071,1.205328310577522,0.941330317789798,0.3358912918195881,0.020934877986825848
1.3580843126840385,0.9579970439116096,0.1673260797889878,0.007336337858750049,1.3405712231176616,0.9563440986708834,0.4832898720139076,0.022061572811839267,1.1164457078617624,0.9289526520788742,0.7698498336480533,0.058878984688629774,1.2073901556326605,0.9415919659465976,0.3253754158798669,0.02018341177300265
1.3039719091918855,0.952687223829038,0.17065252183456034,0.008475021357080413,1.5560156456937022,0.9729555984473027,0.43493834499367445,0.012089603340014693,1.1121808448253088,0.9283017854414545,0.7621900102123249,0.05886842376436409,1.2357921316528797,0.9450864638069916,0.33130611062843907,0.019250291686195513
1.304823877675589,0.9527755689048802,0.1376790546221699,0.006824078240922002,1.5260997517057386,0.9710827824471834,0.44511029917600475,0.013254638624974158,1.1126216289869997,0.9283693082365423,0.7457386146484644,0.0575393567711328,1.1829218415327094,0.9384152456755679,0.32022686621925306,0.021015315954290775
1.377515184472086,0.9597609346781163,0.20813013055463,0.00872609169245747,1.0512879803369592,0.918390726893608,0.2223063641595735,0.01975440327816961,1.113753919909753,0.9285424925771061,0.7711659043407143,0.05934633446959168,1.2213209885649468,0.9433312992319202,0.325220367733923,0.01953694923279287
1.5357845156079424,0.9717024534084152,0.17072019249805825,0.004971648043485632,1.378098013470367,0.9598127311106643,0.3813410901116306,0.015966715620801143,1.102381315367957,0.9267853727828048,0.761311545314713,0.060142447888445735,1.2115828593895948,0.9421206476876963,0.3224342475975816,0.019808806292545385
1.451734274814912,0.9658663477189691,0.15246794040956985,0.005388206840662647,1.5713090119328526,0.9738669197522063,0.3748341745322578,0.010058429302803928,1.1000622508235485,0.9264222149722477,0.762949634802763,0.06059455754545074,1.187782197983406,0.939058854400761,0.3215108034339214,0.020864758999900944
1.2580402501204448,0.9476852823264433,0.22804311977035363,0.01258857940570365,1.141486907815255,0.9326653026449301,0.2817748732669639,0.020343016685501564,1.1189858824916163,0.9293377145803735,0.7800342026507054,0.05930997806288639,1.2007746558648422,0.940748560411257,0.32829963965064435,0.020677391477763745
1.3425410820341235,0.9565330757818551,0.18693089708043573,0.008494542784925278,1.3450333306492448,0.9567710492057868,0.48831113737254367,0.02206293569111092,1.1152642836687119,0.9287729017053328,0.7729648652333985,0.05927826310739073,1.2018611972241802,0.9408878618385048,0.327879035801403,0.020599299502789287
1.486039680525026,0.9683768789057772,0.20296114445050614,0.006627858417719331,1.432274270803877,0.9643578455959867,0.42274352912650787,0.015624376580990609,1.1112294050636944,0.9281558361357903,0.77406498151179,0.05991671787014797,1.2103284489688544,0.941962944606272,0.33271200824392316,0.020499346989368294
1.2992591591902056,0.9521956901954485,0.17018925265920706,0.008544230816520353,0.7513783303867058,0.8494268151389764,0.15485564304461943,0.02745040179019447,1.1228686682300095,0.9299225768960003,0.7547850378351829,0.05687934862867621,1.212075639563442,0.94218248936204,0.33040168224585964,0.020275268319818483
1.541297568679601,0.9720494229736237,0.20387505907102244,0.005862279640976922,1.5560578819338802,0.9729581573357928,0.3262397292641656,0.009067320483475192,1.1172291410991824,0.9290716181414378,0.7678928032439519,0.058623461218075074,1.2023809402133128,0.9409543875798956,0.33073674903580846,0.02075398569199564
1.3736775037938638,0.9594182768566494,0.2123155185281082,0.008980576876410695,1.182968148275925,0.9384214074797567,0.39796213655817353,0.026114012372559645,1.112485016980122,0.9283483872095213,0.7679607657980109,0.059272605185039906,1.2205034996949702,0.9432305904185788,0.33138888465814764,0.019945018233070835
1.457554157874124,0.9663054042316115,0.1941599308940581,0.0067702616142313035,1.454791989165857,0.9660977078128301,0.39714320972419326,0.013936545990468875,1.109810361761511,0.9279376478945527,0.764947245017585,0.05940474323638306,1.2359178586179675,0.9451014861998901,0.3407478250138829,0.01979316448765552
1.535194464907775,0.9716650711571394,0.2132180583883832,0.006217696500351707,1.209331820430877,0.9418373622285733,0.2504185819964078,0.015464459003227193,1.106119804666079,0.9273673333733579,0.7669944290541569,0.060072043369629825,1.1999319128768697,0.9406403037159178,0.33303905750555574,0.02101663858774784
1.4465257986819517,0.965468740569545,0.182325567013497,0.006521113725167114,1.383411659660451,0.960282021325271,0.4784867271687203,0.019790566941574408,1.1167643931829727,0.9290010673646841,0.7807393206660379,0.059668024484572896,1.2299413273420574,0.9443830877834787,0.3334518637621558,0.01963775429187615
1.4522280525139448,0.9659038119596539,0.1679386968473103,0.00592819835273179,1.401447871181679,0.9618360617316528,0.4117231529968212,0.016336439877634543,1.1179254082960504,0.9291771933942395,0.756768377892781,0.057681635810571466,1.2383738560270672,0.9453941639295661,0.34767118659684576,0.020081439621764993
1.5080985363270945,0.969895836858595,0.18901238586863847,0.005866670918358873,1.092764170505502,0.9252685147629879,0.18829930707343162,0.015208435888799648,1.1194788555758999,0.9294122201074636,0.7780309724224527,0.0590905497504456,1.239587644464308,0.9455382659606928,0.3481684726162241,0.020054036350639712
1.2686634578289178,0.9488848036215126,0.20807324178110695,0.011208636258223909,1.3745114727657504,0.959492976916147,0.41839675713999475,0.017663503024431346,1.1157405135760834,0.9288454092088405,0.774710624065597,0.05934703115333731,1.2360745934212085,0.9451202081206741,0.3303432437847752,0.019181865239871327
1.34440886698926,0.9567115390845382,0.18848231827111983,0.008528285835814548,1.2339941944209154,0.9448712146183265,0.4887647347740668,0.028517120374308806,1.1166017710406513,0.928976365305094,0.7932527013752456,0.06064706507868992,1.2312397381069942,0.9445399094046147,0.34080304518664045,0.020010766695023396
1.5853419212042716,0.974676793034659,0.2112196589451684,0.005487725958842055,1.3679186461936403,0.9588988338384614,0.4023306996849122,0.01724505271681595,1.11510788841088,0.9287490751579202,0.7751634814826543,0.05946828528475709,1.2231347551250975,0.9435541430513369,0.3454090599616828,0.02066326615271781
1.4418986592365146,0.9651117687522645,0.19247804923857073,0.006957969956816493,1.2308669265688872,0.9444949239974617,0.2912525628785626,0.017116021725228584,1.1166541844204523,0.928984327685622,0.7805236880409434,0.05966668415345252,1.2399517954505421,0.9455814283537477,0.3474872051711455,0.019998021115625948
1.5498828508070206,0.9725815330557754,0.19231974430482876,0.005421769150166737,1.1952281235033035,0.9400326555607762,0.4382853382634036,0.027959462564227877,1.103114377707336,0.9268998240940709,0.7668034970074891,0.06047414085045745,1.2182988892775355,0.9429581590478332,0.33387647667094916,0.02019700311959234
1.5091577575733457,0.9699669674422824,0.20038673860836478,0.006204563296242327,1.563469714512155,0.9734035774893932,0.4216386489099585,0.011520483294435818,1.1269511619399757,0.9305326913642701,0.7799176621027353,0.05822340412813997,1.2252986956841427,0.943818932240786,0.3451486136668434,0.020545061122453454
1.390506126829636,0.9609004058067664,0.20923148651798898,0.008513750401043676,1.2688793579122142,0.9489089101743088,0.4016473696479913,0.021625470707371298,1.1219752919986048,0.9297884057599709,0.7790970549382237,0.0588323600897275,1.2369181201994297,0.9452208638784244,0.34181366073509983,0.019809398803146173
1.5352082008347843,0.9716659419320391,0.20014675346978283,0.0058363368419095205,1.1078688479260563,0.9276381358272179,0.29600487096623107,0.02309032309052233,1.1221058468253806,0.9298080278593818,0.7845378046305403,0.059225403605804194,1.23948204627645,0.94552574349712,0.33119447957160475,0.0190809961088874
1.5394639840810957,0.9719344855320556,0.2339199599173295,0.006754656941518961,1.2523687809200739,0.9470340445801143,0.3470282457568736,0.019408681978639028,1.1224032616173294,0.9298527097107808,0.77329805223273,0.058336941306466994,1.2229957604634327,0.9435370950151539,0.33650654474854386,0.02013713839476627
1.7579816961459427,0.9828406274119477,0.22004159694747213,0.0038416968545899478,1.3209197525247174,0.9544154463319974,0.4642125510188125,0.022171604647224646,1.1161825468304052,0.9289126491671799,0.7765024160633024,0.05942377867576012,1.2235115910105165,0.9436003385539227,0.35527859008241197,0.021235253296321997
1.465351604313426,0.966885113605935,0.19239998118030832,0.006589514544540643,1.3364973456147864,0.9559507835178954,0.2982293806753133,0.013742099255724824,1.1141114183151257,0.928597091772534,0.7699763185546477,0.05920603122516233,1.2195867332402426,0.9431174512391081,0.3593933786051472,0.02167620942226212
1.5542275772433212,0.9728470518752461,0.19379759408453814,0.005409047607983457,1.2648360223769135,0.9484556569465485,0.36979519762877006,0.02009672290580304,1.107988675765245,0.9276566545280154,0.7683320983177511,0.05991841286806319,1.2074470117031413,0.9415991654535482,0.33047440364513536,0.020497024293580905
1.5397848553578424,0.9719546322871375,0.23545798445686067,0.00679404731009224,1.1566903837280023,0.934830766439034,0.3471881479605565,0.024203295736861422,1.1091894502039394,0.9278419861317224,0.796593804903528,0.06195087922379536,1.2371209436283188,0.9452450402982053,0.3482169708289147,0.02017107246519179
1.5600241057418003,0.973197405452176,0.2112233021924444,0.005817249918670039,1.2580962467696237,0.9476916743840698,0.33435563524267875,0.01845492992345025,1.1193336765487887,0.9293902860077385,0.7750463967789626,0.05888355541391971,1.248451047261345,0.9465797213505692,0.3464817086596836,0.019553714289508105
1.3179960477812573,0.954121658817555,0.22901079968733548,0.011011840581777647,1.2181059227783184,0.9429342551326011,0.4857306937642573,0.02939609383553236,1.1189356509847412,0.9293301187596951,0.8004370922200775,0.06086835356527913,1.2444558235147667,0.9461126266651806,0.3503278191650581,0.01995348698332233
1.3968498861980654,0.96144552478626,0.19908240804167396,0.007983310097616552,1.228397971842252,0.9441961389916842,0.46153601070523953,0.027277691920274395,1.1205973432225922,0.9295809937078126,0.7839039077310308,0.05938345833728705,1.2403148581847625,0.9456244296617299,0.35375081643381706,0.020341482091466665
1.4044881910316054,0.9620922065483087,0.19571846017024522,0.007711584100067426,1.2812570645069281,0.9502731016173537,0.4282651505526617,0.022410712863612473,1.1048030075175854,0.9271628391064746,0.7729005208995046,0.06071843825158081,1.235737988761836,0.9450799933912942,0.34493711091347984,0.020044809480071993
1.4793403149765805,0.9679010628957541,0.1709532460082226,0.005669399179051888,1.4206349300434795,0.9634251097917818,0.4283870350893967,0.016263027209665583,1.1182500805732194,0.9292263739271885,0.788650922650349,0.06006683308582796,1.2415982653481168,0.9457761803953787,0.35659878254772603,0.020444739946836113
1.384403168238023,0.9603690058066016,0.21864545856214102,0.009022716108389426,1.2577659072259468,0.9476539552224148,0.39840939216057564,0.022007142762310642,1.1112677543987433,0.9281617241588445,0.7909802436407246,0.06122064231754756,1.244654157459689,0.9461359051181457,0.3350691156977845,0.019075689382775055
1.5016516270346902,0.9694593704126546,0.2219455326978286,0.006991893120601031,1.2584255773478212,0.9477292527762736,0.3995907814804828,0.022038898420104265,1.1244124121727501,0.9301538644323933,0.7913619997779434,0.05942412286086896,1.236190537196489,0.9451340536965063,0.34896188557742636,0.02025757510394924
1.5760241534311665,0.9741418153399352,0.18657588777960318,0.004952578447355704,1.3321244546950832,0.955524839246235,0.4201946164539366,0.01955807148812337,1.1187794948345409,0.9293065005921423,0.7599361809680273,0.057809288889124906,1.2140112163097856,0.9424247956859033,0.33639264501453303,0.020551109600607506
1.6046930500566698,0.9757536083543633,0.2157069064472929,0.00536007665214841,1.5099626683498453,0.970020911215514,0.42744404055863783,0.013210419171530416,1.1147576975058162,0.9286956974896868,0.7920413238951598,0.06081211995742727,1.2489922269549918,0.9466426978994662,0.35857088195905873,0.020210766866524933
1.6455468984450965,0.9778823137554217,0.14609885488775312,0.003304455544031555,1.321477302135115,0.954471267770855,0.4016788510060167,0.01916027173062487,1.1227658400298883,0.929907145790288,0.8044898751374782,0.06063937865890698,1.2489194651044129,0.946634234752648,0.35069871255741736,0.01977036587080328
1.3743174175901365,0.9594756068202729,0.16230105834551206,0.006854944362448384,1.4626391030171857,0.9666845506845151,0.4090288595885461,0.014096615313178885,1.1273893461394002,0.9305978835980374,0.7906113992965776,0.058962206265236065,1.2187180027079871,0.9430100447357305,0.34515875182681033,0.020859355566242684
1.623999956806134,0.9767834159476217,0.19398851207805493,0.004610797565073988,1.3434127013997326,0.9566164445865819,0.4251947438822881,0.019283025957894023,1.1144061342585385,0.9286420735100338,0.7728066724368557,0.05938335478842448,1.2434885896936079,0.9459989664310425,0.3454559760799433,0.019719873300992466
1.429314180117562,0.964122829339086,0.22847471969536703,0.008502056232642354,1.2186499519301535,0.9430016231560027,0.35203658199215637,0.02127834488355087,1.1259016226544016,0.9303763123823406,0.7981481180127256,0.059728536186445906,1.232519780813992,0.9446941050340506,0.35027908414834585,0.020506636098866236
1.4950808021577129,0.9690082104223103,0.23250513610683102,0.007436211764206415,1.2613011927680815,0.9480562938593329,0.4030399332306112,0.022082431170264705,1.1165813841074945,0.9289732680006754,0.7819562146892656,0.059786213886943045,1.2376040696924395,0.9453025881248263,0.34169555726759115,0.019771301662102784
1.318645241621073,0.9541870481263197,0.2007032509075518,0.009636274557251802,1.2928668359293751,0.9515212242414652,0.4730176301095574,0.02409963649333748,1.1216342978332006,0.9297371311748356,0.8023246349444073,0.06063394554228657,1.235858228361498,0.9450943618056937,0.3459929349330121,0.020100599126337625
1.5082778153786,0.9699078875689512,0.18670578293659018,0.005792685556704951,1.3245108200483113,0.9547738423556748,0.27870342320508934,0.013201749351225853,1.1306602364379077,0.9310827345319349,0.8151596804795995,0.06033682509075539,1.2574641893284124,0.947619481714182,0.3535930100926354,0.01954517133542967
1.671498959220778,0.9791385171170041,0.19938630386076567,0.004248115963553857,1.2132381070881681,0.9423281281169581,0.42500892944117935,0.026011173599222382,1.1102344523735623,0.9280029188687738,0.7847517615352144,0.060883252729416165,1.2360043638852243,0.9451118199694138,0.35470987433840956,0.020600080360801434
1.4883866979651441,0.9685419542433532,0.22761735500807095,0.007392965413093212,1.0941741600868635,0.9254926981356708,0.4089938204170811,0.03292627386455467,1.116087198257743,0.9288981501692447,0.7836982928698374,0.059987629776308435,1.252715255215422,0.9470740477337273,0.36138331349562214,0.020195417713815604
1.390507631741912,0.9609005359965206,0.18992065681231848,0.0077279547740592685,1.2262085789499775,0.9439299202970483,0.4016485210364914,0.02385819551095672,1.1222158001547906,0.9298245496666147,0.7980074962275479,0.060226991680596434,1.2316806822360538,0.9445930717497246,0.34777952653697003,0.020399678814131912
1.850114843235059,0.9860750031245766,0.18927068384475224,0.0026728125880850924,1.2885476446410815,0.9510603958226183,0.5019913894577294,0.025831440367428828,1.1233366658835306,0.9299927681629343,0.7918957705145363,0.05961167946145811,1.2037619608085408,0.9411308138046993,0.3287646935517681,0.02056473943393411
1.5089593063006572,0.9699536531227178,0.20020589244570813,0.006201797036315247,1.5287029108580847,0.9712506254705773,0.37516544928672974,0.011105034817164315,1.1185643965512702,0.9292739556553564,0.7755608935078517,0.059027108004467733,1.2405537725221347,0.9456527093062611,0.35639001911858426,0.020481971635859856
1.582989679162868,0.9745427655229641,0.20427447682184732,0.005336105749383926,1.440381750899121,0.9649939709320204,0.5263774138755586,0.019094816761454934,1.1169637394196619,0.929031336934148,0.776793812562872,0.059339245258764356,1.2295410685540593,0.9443346605663162,0.35917478850244894,0.021172140929382244
1.488691338314357,0.9685633196203112,0.19128893556963272,0.006208669072901492,1.271444858954889,0.9491945417160397,0.5275544031246923,0.028237249628527004,1.1156934902112852,0.928838252787188,0.8022286408244986,0.061461714753807184,1.2505070047613933,0.9468185988134612,0.3520694521941773,0.019775220729849993
1.2835115643887982,0.9505178336315906,0.20842060824524655,0.01084998392128391,1.195787558740082,0.9401052288996503,0.48890187864322016,0.031148285544736955,1.1235813976787525,0.9300294476564319,0.8006559825937292,0.06023716935032041,1.2246037229523032,0.9437340199444173,0.34059135856593115,0.02030625810151803
1.318930195966379,0.9542157218005454,0.17558095426582884,0.008424559638845211,1.2743639704631613,0.9495177043026582,0.4311513532234922,0.022922700656458333,1.1257196821781617,0.9303491705610896,0.7921593851532993,0.05930521568635246,1.2278930226158595,0.9441348455265997,0.359078389655798,0.02124693289441338
1.3143415844883437,0.9537519064772413,0.16502527311266918,0.008002190310395622,1.3336925477823385,0.9556780301036957,0.30247839556497635,0.0140281956058555,1.116507426143741,0.9289620308187985,0.7941138105331812,0.06072609054785603,1.2433022301492875,0.945977041250405,0.35284526332952876,0.020150325298217656
1.4685503332056387,0.9671201301477425,0.2405254091300603,0.008177313140146546,1.500840529512396,0.9694040255670987,0.47580003975352814,0.015017026407494269,1.1200807199591538,0.9295030845137116,0.7899026038560922,0.059909104159213473,1.253203143687893,0.9471303298927969,0.3436858146160472,0.019184852459885254
1.7165258652212285,0.9811543352148252,0.20110743422561514,0.0038628003314001656,1.3518539679151016,0.9574159756008144,0.4010353527079716,0.017837282518641258,1.1222320072849477,0.9298269846783528,0.7971724386487992,0.06016172328086164,1.2497387192207086,0.9467294515099963,0.3677631794502146,0.02069328914664457
1.5500168087020016,0.9725897571842419,0.226285789595071,0.0063773532393694215,1.3634013733084411,0.9584869327397969,0.46326315442654276,0.020064409677355226,1.13000959056802,0.9309865384977595,0.8105004777437317,0.06008190366379739,1.2439519220774955,0.9460534410800437,0.3681592039800995,0.020993446381594207
1.3298667317148576,0.9553033898308972,0.17762747480053848,0.008310811079490853,1.3500239908611602,0.9572438498176046,0.4369438881045408,0.019516488410593832,1.1262577706694095,0.9304294141047939,0.7949732409626686,0.05944218154151628,1.2474256352589295,0.9464602027777876,0.3558787799192304,0.020131514940240364
1.5393295058470289,0.9719260377801374,0.21423569427771108,0.006188171273850588,1.288154209998272,0.9510182131293022,0.39007269574496467,0.020090527587467613,1.1211245136190273,0.9296604114203686,0.794484460450847,0.06011196066275626,1.2279525714769046,0.9441420771821321,0.3488061891423236,0.020636289455138904
1.3853692487509064,0.9604535838060815,0.1864827908217716,0.007678378407019626,1.2324424565182504,0.9446848019128785,0.23615928495197439,0.013828101818490103,1.1307321485883584,0.931093358904095,0.8264907950907151,0.0611654073587385,1.2540663357281878,0.9472297681558497,0.3537053094983991,0.019704945742020263
1.5058932033191679,0.9697472165700501,0.22247732941312498,0.006940528778844606,1.2128977020226106,0.9422855164543148,0.4428238714259758,0.027122725113317796,1.1276180779031357,0.9306318913913204,0.8125237442394411,0.060564478671871015,1.2467192733676848,0.9463777249128879,0.35164599197238233,0.019924452592709894
1.4476406950937446,0.9655542240042838,0.194890681242501,0.00695265018042316,1.4298205153986816,0.9641631353152927,0.44255765897880284,0.01644937289042671,1.1289376658453474,0.930827786500175,0.8113751499800027,0.06029538000137768,1.2200041787305573,0.943168994906964,0.3508198906812425,0.02113878541566211
1.6314323594498719,0.9771683636528201,0.2488517813791746,0.005814446709631582,1.4244748023657288,0.9637353905113204,0.43648710714520045,0.01642466868324289,1.1321434288584045,0.9313015561205314,0.8068532248540122,0.05951838115411432,1.2387483829567696,0.9454386663784514,0.3474837609080769,0.020053312902464693
1.5779287000343147,0.9742520516655748,0.2339673006339673,0.006183387510828876,1.3032986409023428,0.9526172980326034,0.2940774107440774,0.014627261479933132,1.1294359491120116,0.9309016242299168,0.812278945612279,0.060293326763152945,1.2753980271510388,0.949631712851165,0.35949282615949285,0.019067431774769977
1.6273763436889843,0.9769590689116904,0.20765500808158233,0.004897405514316996,1.3209632351339045,0.954419802119575,0.4420375585289854,0.02111037443228446,1.1310751851525545,0.9311440185947872,0.8139569759885358,0.06019026625751186,1.2318601170274426,0.9446146915360797,0.3470081482345492,0.02034602415320388
1.4744381923957957,0.9675485162187897,0.2124841838886546,0.007126699004380619,1.4208919215254248,0.9634459554838017,0.4408097849008857,0.01672473729193382,1.1321353196341675,0.9313003614841838,0.7971320118093631,0.05880238355476966,1.2438312714247508,0.9460392610027187,0.37607760438633486,0.02145093368694295
1.2972018004153385,0.951979592816982,0.15556649076069434,0.007847191564533819,1.351789664469411,0.9574099385237547,0.4629664194933229,0.020594906606109506,1.1375901743759513,0.932099627030465,0.7965486230125736,0.05802593094391998,1.2455622077838084,0.9462423619196828,0.3588651519522169,0.0203877396898056
1.4391274244680432,0.9648962748706406,0.20034748245554268,0.007288807240365195,1.2368669645389163,0.9452147645693776,0.5588846494515228,0.032393301762178674,1.126487204229669,0.9304636028350383,0.8259692035157048,0.06172721039995129,1.2514943136125365,0.9469329535517399,0.3734414389861688,0.02092802253216896
1.3729127239560361,0.9593496582376106,0.17049113992345433,0.007224188851101073,1.1988862124795399,0.9405057179819449,0.42236684594763196,0.026717979239725624,1.1233260434529633,0.9299911757098943,0.8092428048759926,0.060919005270506546,1.2436296322503202,0.9460155544945977,0.3619901873176982,0.020656996016500704
1.4455078556763323,0.9653905123101968,0.15880014697531483,0.005693024389403928,1.4156707563308155,0.9630201932349468,0.3369576109830644,0.012939113249858601,1.1275683102114789,0.9306244932537618,0.8085980559174266,0.06027877010539645,1.2507040135148768,0.946841435849759,0.36758860273240473,0.020637544555399696
1.4782492911089038,0.9678229213277546,0.18058275175310873,0.006003810492562785,1.2731899272092042,0.9493879655379162,0.49967364562936184,0.026637687321072738,1.1318982698081983,0.9312654312261476,0.8109989790965841,0.05985797736617748,1.2534487271325532,0.9471586386833102,0.35458820772874095,0.019782244323167383
1.325850478707484,0.9549068543760226,0.1879818747463817,0.008876985240770848,1.381371935905757,0.9601025016545189,0.4598437711348573,0.019109018116728715,1.1367306520644214,0.9319742613236393,0.8264912755309076,0.06032642945279112,1.249886021819733,0.946746554551549,0.3520559989178953,0.019802760140019384
1.4771626571769552,0.9677449113974018,0.1914053309132466,0.006379569486654881,1.405179481406959,0.9621502164309994,0.47146314409599677,0.01854676916353813,1.1229721788341247,0.9299381072353643,0.8096702631844308,0.06100086738308537,1.2300925045434616,0.9444013683598712,0.3549628583913146,0.02089731111243536
1.4352070851260492,0.9645892337027752,0.21920844684343221,0.008047300146356672,1.2977320556630894,0.9520353774382064,0.3628149376469991,0.018279028234062116,1.1317273408687702,0.9312402339440875,0.8068156821604426,0.05957265969988608,1.2461319825782078,0.9463090590643943,0.3612074654393475,0.020493905777017568
1.6348280500469863,0.977342156033351,0.18085342341881216,0.004192747261909725,1.3212045885258523,0.9544439720316211,0.4645544351742847,0.022173386245592022,1.1419239864009878,0.9327284784589308,0.8162290355052806,0.05886918906471164,1.254290433853223,0.9472555549901982,0.35114568937571444,0.019552257472797766
1.7267408081925162,0.9815843597808885,0.20010470496841962,0.003754192103949614,1.4489544301523296,0.9656546912749446,0.4136690647482014,0.014712911216766033,1.1360324549023304,0.9318722678067548,0.8244502989157969,0.06027427911700025,1.2425682075241409,0.9458906019039034,0.3601344276691323,0.020601385694747308
1.390461616660356,0.9608965550500967,0.21389954805150507,0.008704588603301974,1.4394215220649753,0.9649192048825175,0.4730621642363776,0.01719874242054267,1.1294445557257244,0.9309028989531996,0.8146158437793127,0.060465590272883625,1.2351887764521878,0.945014318470745,0.348938347403428,0.02030298638725162
1.4853903526982988,0.968331061235562,0.19823855057876194,0.006483324526447806,1.3036776890124973,0.9526566781269951,0.45103170608958226,0.022414516925774508,1.1410022331948504,0.9325951828870668,0.8236034222445898,0.059527262276997076,1.2388425807745587,0.9454498538748547,0.3677906391545043,0.021220621090702975
1.2682749287092225,0.9488413948796366,0.17064881215375727,0.009200858270249235,1.1125259354843706,0.9283546541398834,0.41273833395642867,0.03185289216159942,1.1252888380846753,0.9302848583387734,0.8213132583353159,0.06154885747075011,1.2526923975600701,0.9470714095186094,0.37205587465588147,0.02079293369849088
1.475420467936804,0.9676194571892368,0.19129365386883201,0.006401475603353475,1.2544736923349757,0.9472766335870956,0.45603867989689856,0.02538212552294607,1.13224861153439,0.9313170497001242,0.8054549436479725,0.05940084730669947,1.2546036600353414,0.947291577796677,0.3575700399265486,0.01989561933564746
1.3202756009687813,0.9543508732304852,0.14204784947143026,0.006794524393223086,1.3477017267001394,0.9570244629683398,0.5144576891301782,0.023101912569572208,1.1467724894290336,0.9334256061353233,0.8224612635092985,0.05866012217300317,1.2609858383087584,0.9480205235229372,0.3639628399453727,0.01995589484409271
1.659753157607352,0.9785788555416527,0.22727272727272727,0.004975012381252532,1.4214283761735524,0.9634894328166232,0.4604838167014333,0.01744962088207486,1.1354913982624675,0.931793132113028,0.8313370567256577,0.06085352514784672,1.2669144108684702,0.9486891148409407,0.3695242581252944,0.019986122403578513
1.3762551221416353,0.9596487333288687,0.2045642523167294,0.008601508458183084,1.2819479366416897,0.9503482192879534,0.49031953142143375,0.02561717627167341,1.1379073666771715,0.9321458370087138,0.8231858616207822,0.05992258443784346,1.2567015358621763,0.9475322472475273,0.36019445335313877,0.01994506633018856
1.4529900693120523,0.9659615503867307,0.23986791264532162,0.008452439804823556,1.2515975077597243,0.9469448925745444,0.4723825086384449,0.026466487055629786,1.1082218965099,0.9276926849195792,0.8072307613746617,0.06291813005983285,1.2523709849727882,0.9470342991453431,0.36718922875282983,0.020536146224826163
1.471428679448906,0.9673302297331065,0.21918985340368125,0.007402727564410015,1.256618856989372,0.9475227819624208,0.3456957739701308,0.019145874749025044,1.1271759688089145,0.9305661447893261,0.8086686029525495,0.06033851436056377,1.2530274898048264,0.9471100732098947,0.363070789007854,0.020275138015553005
1.3928279717239618,0.9611007744073136,0.19064692662675198,0.007716170879145961,1.2818888989724009,0.9503418044000133,0.4254344581496286,0.02223022015863701,1.14063022385981,0.932541316907505,0.8152201883652708,0.05897184322074547,1.248373870268725,0.946570734627658,0.36113636753529704,0.020384372884966667
1.4546697552136483,0.966088488158662,0.21498259632036487,0.0075462909973132136,1.3441123158060655,0.9566832509733959,0.4422935134857084,0.020026186410457097,1.1424434040964477,0.9328034841396645,0.8181787006395638,0.05893927174256072,1.246018081306619,0.9462957321652951,0.3627338351537182,0.020585906047816994
1.5613461003657496,0.9732766916711683,0.22183694036861795,0.006090988314963319,1.3101976035657885,0.9533291952313948,0.4054114069999829,0.019847159534927734,1.125267135695635,0.9302816173640956,0.8192268930529696,0.06139557412444938,1.257252974214946,0.9475953360588384,0.36866918333532617,0.020388433673074392
1.4614689804337668,0.96659766991449,0.247817545058512,0.008563732045575307,1.4377723406381044,0.9647904358616919,0.4109507132484838,0.01499744914332903,1.1390143519900218,0.9323068791582887,0.8251644315366875,0.05991370097872169,1.2609915156697655,0.9480211677059917,0.3710942171350474,0.020346638592906436
1.7330192935421724,0.9818438759194036,0.23841174230622772,0.004408677674472129,1.262368053820431,0.9481771343942331,0.41591373282099214,0.022731872239616195,1.1292373779666258,0.9308722078638036,0.8319140097621768,0.06177902644016143,1.2508608973443425,0.9468596150287771,0.3656315989891647,0.020520258356712683
1.4763752659822027,0.9676882700320512,0.21278962001853569,0.007105181446287093,1.2948892837278472,0.9517355873917646,0.5155109950290673,0.026142592226009915,1.1376156037458145,0.9321033327691672,0.825815148706715,0.06015437814104037,1.2572794099138263,0.9475983587063698,0.37445446120144915,0.020707115178486897
1.5022966527623085,0.9695033142053062,0.23091209596346846,0.007263568400036265,1.3053430000110129,0.9528293225248795,0.5249535688118727,0.02598830126073471,1.1378542872729092,0.9321381061981981,0.8264921876331169,0.06017061709228292,1.2896758639488257,0.9511811685641669,0.38197958731619214,0.019604884643866102
1.5733601256881662,0.9739868486873231,0.20080314422419684,0.005363031936011519,1.411180254939772,0.9626502024962998,0.5184210526315789,0.020114181960626545,1.1412045260574806,0.9326244576132331,0.8375256322624743,0.060505322668586464,1.2397636696207048,0.9455591340447393,0.36196172248803826,0.020840060558258208
1.6191217954259078,0.9765273239921137,0.19295010091168488,0.004637919588234205,1.356361200249396,0.9578371018616578,0.3578015171549864,0.015750015208461723,1.135174545919487,0.9317467493046709,0.8191245041408588,0.060003332636829866,1.2398434757145844,0.9455685927110454,0.3580450970840003,0.020610771822820097
1.7447418900632803,0.9823188468280091,0.16344725111441308,0.0029419530041866256,1.4409845441838645,0.9650408275855958,0.5360796570511178,0.019419801342075816,1.143107025257092,0.9328992003779992,0.8284230841488617,0.0595861282217727,1.244939959848173,0.9461694330626795,0.36054038359720586,0.020512280966437518
1.535582846720053,0.9716896822054979,0.19956838968245813,0.00581445356178287,1.5277711179709625,0.9711906554835227,0.5884116055218717,0.01745460849037254,1.1360323837682855,0.9318722574081866,0.831654848765115,0.06080100251024543,1.2509744756392882,0.946872772443693,0.36443668002603363,0.02044784789791757
1.5342792064042219,0.9716069907130853,0.2115872495383394,0.0061831571803797865,1.262830128090291,0.9482293898083746,0.3824448164575531,0.0208803921555658,1.1409074869087201,0.932581467660896,0.7944359111540652,0.057431661495294835,1.2539596502962638,0.9472174877459785,0.37847539823619764,0.02109006918018929
1.585669627927604,0.9746954106830014,0.2096248240826554,0.00544218227142636,1.3293552032067093,0.9552530705588097,0.5067620910994405,0.0237382618625151,1.135662901032359,0.9318182255636832,0.8291456423986544,0.0606691515726491,1.2598056011980825,0.9478864437022716,0.36499845535990116,0.02006713744917388
1.4044908251680621,0.9620924277548385,0.22281780350384464,0.008779283299777226,1.3737071430932715,0.9594209339601832,0.43924785505111913,0.018578151765351176,1.1294950825142904,0.9309103820234468,0.8148921959823952,0.06047906608380712,1.271661777860718,0.9492186230900223,0.37682598941653966,0.020159468148384378
1.7082457532213127,0.9807985484323132,0.20473083197389885,0.00400809030645742,1.3518575678564382,0.9574163135542281,0.3521105220228385,0.015661070165406528,1.1321378017375117,0.9313007271452332,0.8452793637846656,0.06235373382468179,1.270555982161451,0.9490957496262138,0.3912452419793366,0.020984232373933116
1.2291682498314138,0.9442895176246391,0.22542216449032612,0.013299287228608256,1.2565789414679904,0.9475182117559281,0.4599200109386751,0.025474364844728058,1.1340595177248,0.9315832920492844,0.8251862993094962,0.060602772212238074,1.2102122841886522,0.9419483201175128,0.346909824297532,0.0213798333073069
1.6493170989730896,0.9780692983046226,0.1883538482348167,0.00422335315705578,1.4528122021596315,0.9659480817409133,0.4987995401055052,0.017583844813616408,1.1363794589047078,0.9319229762915952,0.8303631813877993,0.06065807521010851,1.2448387698595011,0.9461575645512693,0.3646692817530096,0.02075202164898772
1.5625215639463232,0.9733469981234607,0.18089365109108563,0.0049533813031528914,1.3247988131831636,0.9548024681179611,0.4125513176498646,0.01952896222525609,1.132569526385148,0.9313643009810179,0.8250344956816517,0.060799860233249,1.26627641872962,0.9486175580729029,0.3908658841967191,0.02117148625924747
1.3563686987838537,0.9578377991473561,0.22846441947565543,0.010056569859938639,1.2923758132152052,0.9514690436361602,0.41280217909431394,0.02105552952512554,1.1354673051615776,0.9317896062421557,0.806060606060606,0.05900657290417537,1.2555244668106693,0.9473973413541961,0.3744637385086823,0.020791475078289826
1.4426003539111076,0.9651661305855993,0.21288205836643068,0.007683139292616751,1.231985922981431,0.944629844940852,0.382610948022794,0.022427014806711106,1.130393116674042,0.9310432567109375,0.8181488516663789,0.060595337466812886,1.271194571144544,0.9491667424440059,0.3686927991711276,0.019745588610751368
1.4850997179811198,0.968310532761363,0.2233036611132278,0.00730795939287722,1.3548763168481384,0.9576988057099189,0.45020955283848846,0.019885585794120565,1.1333515060840813,0.931479313075194,0.8113504901111842,0.05968387288780133,1.265876914430987,0.9485727018940011,0.3693498666481937,0.020024470090274794
1.5052295022014712,0.9697023498918315,0.228708217270195,0.007145823194600199,1.3084162271512283,0.9531463568949189,0.4608809192200557,0.022655440003385454,1.1449988960790485,0.9331713769128698,0.8324164345403899,0.05961310594358985,1.2776743509811075,0.9498818273281899,0.3693941504178273,0.01949017160026237
1.5194537384924631,0.970649946551095,0.21983451087425937,0.006647251840891909,1.3677445802030628,0.9588830345899768,0.5710584048783016,0.024487020662039827,1.1261356156165918,0.9304112049915726,0.827480177581233,0.06189021385631221,1.2810042604437661,0.9502455876397031,0.38404532812796904,0.02010843288226824
1.5952333995063752,0.9752329118551117,0.23056314170152453,0.0058553988324918085,1.4135236086986938,0.9628437227610109,0.3618591627199502,0.013964196944583706,1.131290595278977,0.9311758127626658,0.8289833027966951,0.06127103095497302,1.2402584467812579,0.9456177503726401,0.3642963321464376,0.02095059453496109
1.2992051462751069,0.9521900287021979,0.18369969094002847,0.009223659864647354,1.3279149323256214,0.9551111003127204,0.5809806577074,0.02730528674155104,1.142950194974469,0.9328765916607497,0.8300170156613537,0.05972233794780842,1.2310737886185597,0.9445198893035163,0.37059415911379656,0.021768313408693837
1.4570467893934498,0.966267345839583,0.22084048027444253,0.007709600844728255,1.398959772284528,0.9616252052315375,0.4529502572898799,0.018075517435752225,1.1303551907894012,0.931037649920068,0.840377358490566,0.062247104185797875,1.2291532059669596,0.944287695307869,0.3697255574614065,0.021813545820950426
1.4077273771759828,0.9623632884736084,0.24821059464630418,0.00970717675994688,1.226499693618716,0.943965387053469,0.4884777669587796,0.028996468493362793,1.133107943183916,0.931443509463247,0.8109636310835512,0.05968888068377697,1.2560972986667716,0.9474630354646257,0.3711371905908881,0.020579611752631757
1.485888813888316,0.9683662392224053,0.282981735317474,0.00924420550498523,1.2992591854305524,0.9521956929457387,0.4712909574284432,0.023660827083881772,1.1338353622850847,0.9315503882855405,0.8266754134585506,0.0607434785887109,1.2730016732859397,0.9493671330162415,0.37530642543935366,0.020016324198044007
1.5562381693694958,0.9729690774285925,0.2610451346884531,0.007252327938370764,1.3933181295354167,0.9611429475048312,0.3900427663525924,0.015768634922483673,1.1350790948398213,0.931732770856152,0.8316607316283587,0.060935040080047596,1.2587467519713882,0.9477658759613374,0.3792574670733162,0.020901978094118128
1.4907657234980822,0.9687084298633241,0.21318965517241378,0.006886529363827828,1.246418665574741,0.946342588302929,0.4876206896551724,0.027647983320456784,1.1381245140701888,0.932177455186143,0.8334482758620689,0.06063929429445321,1.2679815185406176,0.9488085902706469,0.3827931034482759,0.020652973424915597
1.5176696794418478,0.9705326902167289,0.2408800397525745,0.0073135988344820236,1.4285282639604167,0.9640601813326931,0.4683949898048354,0.017461597651497157,1.1375846746666922,0.9320988255512016,0.8285156183067459,0.06035538506223572,1.2818497371117352,0.9503375487352298,0.38030534089546103,0.0198738811100209
1.8116115614419135,0.9848036913330785,0.20019191555715485,0.0030891213834817687,1.453041227431616,0.9659654232845077,0.439520896519817,0.015485965967396504,1.1340160536268753,0.9315769131024634,0.8197707294504704,0.06021107121519776,1.2676176112428805,0.9487678761104438,0.37319008207817134,0.020151736795478197
1.5581781766236025,0.9730863136015128,0.2626852344729296,0.007265365798796604,1.3238351981813237,0.9547066195140637,0.32357435994299155,0.015351078855880202,1.1381498936384173,0.9321811497368033,0.8150316808901558,0.059295890655649316,1.2729553018986512,0.9493620002282412,0.383021103422223,0.02042995458319413
1.4488261097066841,0.9656448904962873,0.254512296967941,0.009054879198792418,1.3396987013625188,0.9562601435287763,0.420431885194212,0.019230781956947135,1.1509399312489659,0.9340194418545803,0.8402331566478619,0.05935535189485408,1.252136235270435,0.9470071793683548,0.3682613808736557,0.020607245359233785
1.5757802004154806,0.974127662038033,0.15414931715759353,0.0040941278905515495,1.5086118659515027,0.969930329184106,0.5550472077999966,0.017207511017689834,1.1401273484761667,0.9324684383903867,0.8395277506468583,0.06080057799452573,1.2645614806183303,0.9484247436540831,0.37423533645196116,0.020350885550335342
1.3720861526722543,0.959275370548572,0.21841228845238905,0.009272373489351,1.1532242906026984,0.9343428572492669,0.43881261469448785,0.03083577110937562,1.1370833862796894,0.9320257353443114,0.824797797865833,0.06015394390247131,1.217859734220119,0.942903744619974,0.34775368721538774,0.021057752127814473
1.6163190298562617,0.9763789404934923,0.22375416151017063,0.005413175299734663,1.3806824761246688,0.9600416454112483,0.38829722333583166,0.016161505295152607,1.1306305787389137,0.9310783524324081,0.8165449443098429,0.06044348762679175,1.2484230905139575,0.9465764661469382,0.37637482351710794,0.021242101240329245
1.510241026842956,0.970039544476245,0.19044392320389192,0.005882014525500964,1.296462830136669,0.9519017479178471,0.34874467900269307,0.017621576512147238,1.1227959305596513,0.9299116617069261,0.8247589262444618,0.06216287526359956,1.2404199850271334,0.9456368749502881,0.35043002345582486,0.020145651772837194
1.8119703244223873,0.9848160490193849,0.23853849499782515,0.003677800355348779,1.3700710382398307,0.9590937179826744,0.536233144845585,0.02287086635936778,1.140140241490787,0.9324703078045192,0.8270552414093084,0.05989551132467598,1.2813506347169612,0.9502832816921606,0.37115267507612004,0.019417886593882102
1.4269048105325166,0.963930436796464,0.2094227239671711,0.007836443263992042,1.5439869350148534,0.9722171780735734,0.4396059147418361,0.012562514963248278,1.1372715079914375,0.9320531729215634,0.8230771894587388,0.0600024602556285,1.270002039581641,0.9490340910774887,0.3643557156214288,0.019566968555023087
1.7303529623681175,0.981734106681759,0.2041322170800617,0.0037980317426306084,1.4284807237421777,0.9640563883667036,0.47101034787582546,0.017561019483512654,1.1312733014205132,0.9311732607206287,0.8219368034250256,0.06075263590545328,1.2487004737930958,0.9466087555794099,0.3591076907077115,0.020254626185190257
1.2919323653583303,0.9514218729739586,0.17188324397923582,0.00877609218040326,1.360016159073976,0.9581756711607404,0.5432048336311803,0.02371086876098997,1.133719908745117,0.9315334351471722,0.8408475874393668,0.061801266282691954,1.2381611086584798,0.9453688693991152,0.3747936345842907,0.02165863575809196
1.3200424341154244,0.9543274779103649,0.20999794421983142,0.010050151513146578,1.261718215110415,0.948103560553414,0.4966593572260673,0.027185692924534544,1.1428354969465422,0.9328600522708174,0.8350236414719386,0.06009845046380225,1.2608751637977378,0.9480079643070453,0.3925854861920099,0.021530745921054372
1.506574877303534,0.9697932312179341,0.24976348155156103,0.007779542581418933,1.2905919384611053,0.9512790237468413,0.48251483615722024,0.02471261668486965,1.1367082035038405,0.9319709842132585,0.8145867377655457,0.059460578689477836,1.2357160196861188,0.9450773677439013,0.34720908230842007,0.0201778578076905
1.3617082559664175,0.9583315330376587,0.15587757780925074,0.006777591550730409,1.2544548864212683,0.9472744708760603,0.39467684548689075,0.02196780991259969,1.1366889409986767,0.9319681720964461,0.8260388959894988,0.06029920086990225,1.2702472732499328,0.9490613963964821,0.3795813326885212,0.02037312139607671
1.441117046587667,0.965051119227299,0.2123186157929204,0.007689020655313058,1.3663802163407328,0.9587589954451762,0.28475166304759936,0.012248588736616646,1.1359681315505035,0.931862864243391,0.8384172612277255,0.06130446114014999,1.26217311947288,0.9481550745558569,0.36883466032468204,0.02016780374740535
1.4601588436319715,0.9665001336205489,0.226680366469732,0.007856969413066189,1.4551267557199328,0.9661229456327638,0.31456460313382995,0.011030192596650648,1.143646566844075,0.9329769269420616,0.832434283757171,0.05980030395719986,1.235156568771538,0.9450104647745502,0.3552358934840312,0.020670942181306433
1.7791904501188824,0.983645096676523,0.224172276411595,0.0037272751329752046,1.519381345290266,0.9706451973661797,0.4045198516279709,0.012233718807060256,1.1345132971483223,0.9316498574441804,0.8114610523423548,0.05953253592315224,1.2530387298487193,0.9471113696489089,0.36861175985712324,0.020584032390378152
1.4420529190847156,0.9651237266106392,0.24236481762529202,0.008758236282457917,1.296503002215613,0.9519059828188338,0.4326177037327558,0.021857540189617303,1.135047815948889,0.9317281896041139,0.8387360810326894,0.06145787079897482,1.2600823462700195,0.9479179123920101,0.3685861910202411,0.020251477518100466
1.414501012093634,0.9629241540812059,0.1666289376077455,0.006415779259636397,1.3444150909627126,0.9567121326023199,0.3526564159715813,0.01595646553576683,1.131427178481861,0.931195965167017,0.8000243787765337,0.05911205297662932,1.2574885087170236,0.9476222611792957,0.3608929597576053,0.019947565567835807
1.4924583380795688,0.9688263535460145,0.2080819225597352,0.006695392072687536,1.3418023431058625,0.9564622970363789,0.33155190842326654,0.01509208313875112,1.126473510628928,0.9304615627380298,0.8239664862255629,0.06157948281039777,1.2436876452994263,0.9460223760345706,0.3684963624452643,0.021025462598542387
1.526107425453545,0.9710832786192974,0.1936589098751261,0.005766735833111816,1.1058598067863765,0.9273269985282361,0.2787053462729138,0.021841652482916682,1.1264764511637013,0.9304620008288027,0.8253852307906362,0.06168509562294104,1.2490012790378,0.9466437506855011,0.3742564958781175,0.02109444327624126
1.4987911455360363,0.9692637537633698,0.21982241420686346,0.006970771191184118,1.3729981628344343,0.9593573296107516,0.4390620178957112,0.0186006322388905,1.1436403533240656,0.9329760322958639,0.8493091981212931,0.06101343474561581,1.2984377283623214,0.952109521121247,0.4027220679488498,0.020256653527001154
1.4051929813290662,0.9621513484324797,0.17420536840831705,0.006852807825733249,1.4505905491447113,0.9657794176045297,0.4612060770520421,0.01634197237315096,1.1273582579536932,0.9305932602218947,0.8257427796118015,0.06158664228290237,1.2587911826562146,0.9477709404334669,0.37208980762915467,0.020504849745524776
1.4836298675574837,0.968206515143962,0.21138225373442554,0.0069412655025785815,1.2077694871621276,0.9416399837687399,0.492445102223446,0.030520267463305824,1.1311222237463605,0.9311509625717139,0.8499690231981827,0.06284646791260608,1.2626491453293651,0.9482089286264567,0.3721174364975563,0.020325015016365855
1.4025776692827523,0.9619314399173127,0.17359995855566493,0.006870240620471293,1.3508898063433001,0.9573253702289727,0.4847087672037162,0.021606830687295246,1.1396733812921953,0.9324025851100022,0.844531938040719,0.06122696002270017,1.24356107958273,0.9460074925920203,0.38403356991141274,0.02191836273044938
1.5935151853602203,0.9751371719415561,0.24636050594933687,0.006281392070834409,1.3577070669192386,0.957962077032562,0.48598752173468346,0.021326424596163136,1.131573567003409,0.9312175582465441,0.8231222938188265,0.060798210610602664,1.2124441286514223,0.9422286925351725,0.355715795574648,0.021810168549363722
1.7288723480341905,0.9816728708160932,0.255728579722023,0.004774269368049517,1.618293452002523,0.9764835649408863,0.41819485708431514,0.010071293109038622,1.1473687190402795,0.9335108685737311,0.8371580780657719,0.059626422520523074,1.2760013932182923,0.9496981234941289,0.3734077792575897,0.019777981585811785
1.3308081750940854,0.955395859051973,0.2218002668582572,0.010355090271243815,1.2649037651918893,0.9484632820648936,0.4652742139655821,0.02528163860536453,1.148122424278523,0.9336185053135693,0.8122070546375175,0.05774898202515129,1.2307754445432952,0.944483880046887,0.3470696910602484,0.02040052033501529
1.426698002675019,0.9639138766090397,0.1827999315420161,0.006843496131304082,1.2985984784244153,0.9521263955954911,0.34756118432312166,0.01747562794353702,1.1364891093366079,0.9319389924831633,0.8251069655998631,0.06025889231037965,1.254154975694392,0.9472399693254631,0.35882252267670717,0.019985946450949543
1.3947035126317135,0.9612619085175603,0.20028644012889807,0.008071384470410108,1.4326572336295114,0.9643881423882685,0.5306644387989975,0.019595788877411174,1.139631207186383,0.9323964642370545,0.812381715571772,0.058901849661944186,1.23399271513195,0.9448710371910414,0.35982336192051284,0.020994070043761633
1.4735745577481345,0.9674860195467454,0.2121329537222662,0.0071290815282769905,1.2793865324097498,0.9500691800985751,0.4546067150726933,0.023891824397374792,1.130286162944514,0.9310274440730673,0.8099024579255041,0.059999351179430005,1.2721029846575151,0.9492675705787431,0.3745514580771239,0.020017438707973144
1.6902696042225134,0.9800033179263473,0.19606301903557635,0.004000608759520139,1.5567374092820845,0.9729992942504987,0.5115682991011927,0.014196007331582047,1.142073306806958,0.9327500487856709,0.8394791702265815,0.060525253594658796,1.282810258763248,0.9504418276176128,0.37925908205461195,0.01977542067267927
1.4142945135089096,0.9629071751044781,0.23131531220312634,0.008910659919293445,1.268994119536347,0.9489217196262588,0.48639778910095866,0.02618167772010924,1.1307374928460785,0.9310941484094636,0.8281025995336385,0.06128393667028905,1.2664512455615242,0.9486371759155168,0.3780119181276449,0.020467002712486367
1.466356338898493,0.9669591075450421,0.19186739186739188,0.006556088888183364,1.3980017952768917,0.9615437226173784,0.4538547871881205,0.018151608894109772,1.1294763095634788,0.9309076018173875,0.8195631528964862,0.06082836103730661,1.2531314816765688,0.9471220666013779,0.36360183026849696,0.020299931806621836
1.5681381138608352,0.9736804572792472,0.18274748307734598,0.0049398446400006355,1.22957483040223,0.9443387469363563,0.491615984606398,0.028976849481273312,1.1323973615600773,0.9313389552962357,0.8107067999862557,0.05976768771343476,1.2658214663881788,0.9485664732843744,0.369257464866165,0.020022016610368183
1.377207970518179,0.9597336066164217,0.20094437720539352,0.008430782547353667,1.1842984494342716,0.9385981781229753,0.4893885413292876,0.03201513570317292,1.1265729302101377,0.9304763731856918,0.8356374546136406,0.0624374226158058,1.2614611353861613,0.9480744270941595,0.3816886282665394,0.02090489958170348
1.3867349707396175,0.9605728542265835,0.23641414825857163,0.009703725277343853,1.5437722993261749,0.9722038256952755,0.5712833717305869,0.016333501019354497,1.1370625961613898,0.9320227024725072,0.8230959479604283,0.06003269877412693,1.2542566453264492,0.9472516677270165,0.3715781271174956,0.020691572453599514
1.5875262139324502,0.974800635431321,0.191057325708061,0.0049389824227022445,1.281217805061506,0.950268829754171,0.3389671840958606,0.017739437738246506,1.1363263826029304,0.9319152223978038,0.8243123638344226,0.06022342227869547,1.284792782229662,0.9506564040403597,0.3964290577342048,0.020576556543837356
1.6024291061272293,0.9756299720347449,0.23549059834856476,0.005882263390638021,1.3428611276264437,0.9565637053119904,0.47605079774156905,0.021616838086513684,1.14445347095237,0.9330930139186226,0.8359755167093372,0.05994322262252178,1.2534322095878156,0.9471567351289278,0.37398056935519425,0.02086492504366854
1.745666780102764,0.9823557975413664,0.19020907700152984,0.003416366526755802,1.2143961366871503,0.9424728683831585,0.40207377188509263,0.024541980539550298,1.1298578743522802,0.9309640898445668,0.8202447730749618,0.06082548733853002,1.2677823639902448,0.9487863125371702,0.3508754037055924,0.01893958948007958
1.3981288192808528,0.9615545364374501,0.17136062510616612,0.006851445673568854,1.3754635452893165,0.9595780947227855,0.4576014948190929,0.01927630943225395,1.1364786679827072,0.9319374675076452,0.8239680652284695,0.060177163347942514,1.2482540173013867,0.9465567757571353,0.36682520808561236,0.02071119488630121
1.5120959384690322,0.9701634255886361,0.1988393866293291,0.0061151410150061605,1.4345210953314937,0.9645352416538228,0.5289731608158033,0.01944968365052138,1.139029742545152,0.9323091156471817,0.8321834039035746,0.06042119465373684,1.2554206578721996,0.9473854279263322,0.36184820931527184,0.020095821750623796
1.460843410141338,0.9665511320741723,0.153221235594181,0.005302437401137493,1.3272332992279432,0.9550437608802623,0.27083798498875017,0.012749004511206568,1.13903232232663,0.9323094905231601,0.8257389691359085,0.05995293631981074,1.2696426474792677,0.9489940498677878,0.3594284045823815,0.01931833743613424
1.4137736825835299,0.9628643174996986,0.19967637540453073,0.00770110424186113,1.276861535570475,0.9497926533538451,0.5056719468574349,0.0267305149555087,1.1234307199541327,0.9300068667411979,0.8187531936637711,0.06162008415162116,1.244364957181648,0.9461019585159589,0.35464145801396696,0.020203403918516667
1.5625948824292026,0.9733513774595643,0.19090039760430821,0.005226511983631145,1.5098170959932722,0.9700111621598604,0.4175516298421326,0.012909014458493497,1.119292649520987,0.929384086375295,0.806398577348298,0.06127130119819757,1.2568710728867263,0.9475516512283108,0.35432080124817555,0.019612166721295735
1.5310021393088575,0.9713980855115716,0.2103283643607886,0.00619292335620589,1.3077480123604004,0.9530775966286995,0.4402692862540359,0.021675562529935882,1.1397583303052479,0.9324149124919103,0.8222676375626846,0.059601181293018356,1.2311617470438194,0.9445305014310764,0.37332554784639693,0.021924311507815746
1.5827541703072272,0.9745293085674039,0.23745478628559785,0.006206214156416188,1.117949595391202,0.9291808582821468,0.4966121554842325,0.03785016265086157,1.1238356076075713,0.9300675288790731,0.8227112945132202,0.06186027579497056,1.2407072880791772,0.9456708732119191,0.3552566780443901,0.020409622047713124
1.6398639417952416,0.9775975174232897,0.1994549394000948,0.004570680392608538,1.524718332128608,0.970993327382146,0.42592592592592593,0.012723768067591791,1.1308293150176552,0.9311077119592583,0.8288983682036698,0.06132985948384739,1.209298027606459,0.9418330996232748,0.33957952468007313,0.020972174783347765
1.438502451464378,0.9648474994131521,0.1834709911361805,0.006684438864698217,1.318593404106248,0.9541818301128212,0.5482473811442385,0.026325896026019983,1.1286086214497855,0.9307789872708913,0.8162939833467634,0.060706888514551485,1.2521030208614434,0.9470033411703744,0.36816747246843945,0.020603566093506658
1.7798769741156688,0.9836705079146582,0.20916558729293067,0.003472268177955895,1.5675685407538305,0.9736468270541464,0.3753493762355989,0.010159378896127102,1.1236316623900007,0.9300369789446411,0.8208466834821733,0.06174906492949581,1.2499702536662318,0.9467563322316599,0.35786352171245484,0.02012552312330754
1.266336854320599,0.948624340533018,0.20636356024449468,0.01117625127725275,1.4200963255048267,0.9633813841383086,0.39892824248513775,0.015163465174292437,1.1311011711390704,0.9311478548034727,0.8059281587540819,0.05959298764235201,1.2316828637480928,0.9445933346440201,0.3562588964246839,0.020896947639093902
1.6271915082794068,0.9769494867075704,0.26493414267115295,0.006250955715060216,1.5747493707401978,0.9740677736024111,0.44669698865461677,0.011892239693006118,1.1378644770073052,0.9321395903570509,0.8348071623015403,0.06077454127332028,1.226572624156717,0.943974268939048,0.3538542177434354,0.021001569524091962
1.5229017766164534,0.9708752859917137,0.19022705338548282,0.00570650896817501,1.1658956631173185,0.9361102295163407,0.41773759333570376,0.028510701110919152,1.1403231904430207,0.9324968291942751,0.822657929936845,0.05955196524066826,1.269277809391756,0.9489533714543433,0.3714464705981951,0.019981055528747342
1.682762187668977,0.979661732444631,0.2301258018828626,0.004777526747327585,1.3513702205515299,0.9573705393009609,0.45896859118553696,0.020436792983334624,1.126843948030347,0.9305167316508064,0.8240106640006665,0.06153027897497445,1.2566510024023652,0.9475264622417072,0.35582770973923183,0.01970555916536018
1.6589934737942575,0.9785421568425934,0.21475277225386769,0.004709180153781578,1.406403845978659,0.962252750210467,0.5121507297178873,0.020090648242184136,1.1373659506441203,0.9320669435237421,0.8462199602278473,0.061676158294128786,1.274345173972725,0.9495156296611187,0.365701574033503,0.019443822850613128
1.4382191532571729,0.9648253681547132,0.2086858904545683,0.00760806008043128,1.2926763419274485,0.9515009869152715,0.44444816781998225,0.02265399385077501,1.1315613566399783,0.9312157573934361,0.8279409547107216,0.06115585033928014,1.261059344866513,0.9480288633776046,0.3602365832816715,0.01974824333872588
1.3791624184316895,0.9599071607235409,0.17134902131799198,0.007156805421372811,1.2598156950716595,0.9478875917925831,0.36027574176883986,0.01980702847558323,1.1351118136503275,0.9317375627006492,0.8214890726421898,0.06018523730094141,1.2537360762664653,0.9471917437003594,0.34722664832860906,0.019358734871746313
1.3894234345709915,0.96080663440202,0.2644156104403587,0.010786080485645161,1.3343983168808653,0.9557468141000288,0.4319422874605481,0.01999988078751766,1.1311060761830463,0.9311485788935603,0.8332915852579196,0.06161563378985091,1.2239750468383042,0.943657103867289,0.34801195664879847,0.02077873567214978
1.6923085474949016,0.980095114807322,0.20783605395094448,0.004220970730586746,1.5349755678038233,0.9716511908949005,0.47483921065514273,0.013853866762702137,1.1289417800632553,0.9308283964613869,0.813045459916609,0.06041893266902916,1.246751144292067,0.9463814488802678,0.34752443491618695,0.019689477959396327
1.5791010421675313,0.9743196799120523,0.187359255367062,0.0049382617927824285,1.381576667598479,0.9601205555048257,0.36184089809671555,0.015029377226638796,1.1307791879003009,0.9311003077179898,0.8198301889939782,0.06066591029663349,1.2552188494325187,0.9473622604864917,0.3782548499557958,0.021016754722179724
1.9017580154305025,0.9876168685338219,0.21562903685808713,0.002703642268993534,1.4394484400786496,0.9649213028877257,0.36720519402083646,0.013349357860129718,1.1312469876520999,0.9311693774489618,0.8091331555018706,0.05980989084118833,1.2156284197044265,0.942626514832305,0.3592866609626386,0.021868181712836506
1.3660114227199907,0.958725405679811,0.17725808058997441,0.007631231344222853,1.3428817240496551,0.9565656757590068,0.3628708102182507,0.016476702884102,1.1414881868746618,0.9326654876018499,0.8137394944025512,0.05874855755154062,1.2432933599632057,0.945975997464717,0.36350197654718797,0.02075933401608123
1.4863618579501285,0.9683995884827031,0.22328190743338008,0.007286042087561051,1.294273710930779,0.9516704370745557,0.45954954211698706,0.023337730844487793,1.1304098821019841,0.9310457351012722,0.8156422737397905,0.060407358398926046,1.2569640481459816,0.9475622896251966,0.36171933008827656,0.02001740009687335
1.625112729209118,0.9768414507043607,0.21273384635796735,0.0050434052160456206,1.3455010658600586,0.9568155722485014,0.38198222104285523,0.017240191428132302,1.1353733012514344,0.9317758477571192,0.8085445137322542,0.05920121682998829,1.2428758856858595,0.9459268502993389,0.3524777763035691,0.02014910937160483
1.6458395895350488,0.9778968855019846,0.23044674000536625,0.005208719605869576,1.2966975858042071,0.951926490618959,0.3953581969412396,0.01996609630767601,1.1397899388787738,0.9324194988399526,0.8280621143010464,0.06001681940986386,1.2530277305019362,0.9471101009724783,0.3661456935873357,0.020446840069926364
1.783909925137841,0.9838190028374489,0.18505208419588295,0.0030435753331270717,1.5332060954631148,0.9715387460761868,0.4913137803686468,0.014393050525073059,1.1406709301496698,0.93254721301705,0.8076610966662803,0.05841955361336788,1.2350961232730728,0.9450032316953944,0.35264892436612955,0.02052326440348507
1.3460141251801234,0.9568643592709379,0.1870713677852125,0.008433215463919574,1.5102246458927961,0.970038448249664,0.5261058919721671,0.01624981869215949,1.141480777678495,0.9326644161969858,0.8201538487209865,0.05921265704239391,1.2301379160936765,0.9444068584888359,0.34749453519998663,0.02045549828030755
1.494226708768866,0.9689490956825547,0.20462793407691027,0.006557498665317191,1.3809606506969068,0.9600662096222248,0.4753121358415182,0.019770527289130053,1.1327360991391917,0.9313888151655308,0.8242550357915764,0.0607191257728244,1.2629906248320562,0.9482475285296054,0.37086732145829865,0.02024081254694573
1.702434242646488,0.9805449098790019,0.22666666666666666,0.004497316117800667,1.5720949054412081,0.9739129345203869,0.44092984640929844,0.011810671536937413,1.1379141974339357,0.9321468318227853,0.8119219593192196,0.05910171592251288,1.2708924427028587,0.9491331660955463,0.35817351598173514,0.0191955706503918
1.3889909488788614,0.9607691167814403,0.23302017809002532,0.009514863909075182,1.2985849745588534,0.9521249782666267,0.4431337309043379,0.02228177758392456,1.138931782794715,0.9322948793899549,0.8190834082182828,0.05948347692244464,1.2488643300179847,0.946627820983537,0.3687443836287885,0.020790315706021596
1.503948849243586,0.9696155945616457,0.2110698671945888,0.006614200985040191,1.5607134140540697,0.9732387750058914,0.48040913965190135,0.013209848811637072,1.1374775751122788,0.9320832160553237,0.8199455580301905,0.05974580847707062,1.2345109835657821,0.9449331658890565,0.34971541697599606,0.02037998193717503
1.6156309967484155,0.9763423750706415,0.19160311603116031,0.0046427101497398295,1.5393214203142227,0.9719255297785422,0.4691758917589176,0.013552339349304787,1.1241406146893422,0.9301131943348945,0.81230012300123,0.061034572118421254,1.2527944487438674,0.9470831872370189,0.36943009430094303,0.02064133688843644
1.548653467117488,0.972505944959826,0.20889824930893774,0.0059058353258017145,1.3237603901261181,0.9546991704323469,0.5646801368961433,0.026794281836640566,1.1300364533206348,0.9309905125341168,0.8051368961432144,0.0596806130617568,1.2765932515547949,0.9497631869430925,0.369027247597736,0.019519342405912198
1.3486362000083203,0.9571128726662226,0.17883468471486966,0.00801337659757632,1.3899614514283183,0.9608532586905196,0.4432419754741004,0.018058406728031256,1.1287672835402072,0.9308025217739347,0.7981136500703612,0.05933315674458645,1.2504044916360864,0.9468067119431651,0.35962943107954165,0.02020462221044964
1.647633973814671,0.9779860147780541,0.22189134941265506,0.0049946653766376635,1.2860894531071732,0.9507962711297105,0.5214537198512718,0.026985241979841087,1.1274527751509151,0.930607315756635,0.8028528182685664,0.05986640247579539,1.2481786716564294,0.9465479987427569,0.365947155407851,0.020665204339268793
1.5294123849639132,0.9712962058191561,0.1947030178553682,0.005753873347210647,1.0955942986638696,0.9257178699471678,0.18019346076125484,0.014459215406202921,1.1370782646972195,0.9320249882172035,0.796551495676947,0.05809457685015019,1.266374477151654,0.9486285623748243,0.3573889422599132,0.019353817166616535
1.5298165205177428,0.9713221382536961,0.21222122212221223,0.006265738860430335,1.2863398587793249,0.9508232381187209,0.37218721872187216,0.019249594978930955,1.1348125868430743,0.9316937277247825,0.8151815181518152,0.059764286348239964,1.25062784234001,0.9468326072693516,0.35028502850285026,0.019669518703826605
1.3269099319868123,0.9550117813481395,0.22240316389438175,0.010476857313761872,1.2900773802264174,0.9512240815090202,0.3225876136193689,0.016541325492030075,1.1311811476559743,0.9311596601792635,0.8014589807075558,0.05925160951846599,1.2301640322874112,0.9444100156322679,0.3504877116602137,0.020630452970397048
1.4204493895624715,0.96341005269142,0.16827897625208063,0.006391171502730412,1.3565185408615061,0.9578517305908261,0.4963002027060433,0.021838656217261398,1.1351602044474498,0.9317446492198418,0.8014963990837027,0.058713959789624764,1.2314174098673771,0.9445613361397164,0.3497091250679807,0.020525301948893158
1.5713476111157598,0.9738691816122323,0.263451438234768,0.007068918306986772,1.2712743062107492,0.9491756001179179,0.4105107400120327,0.021981140269165207,1.1374255230968033,0.9320756284011229,0.8006309045675539,0.05834542757938942,1.263296347380049,0.9482820634880339,0.36207092798256885,0.019746826379224727
1.3679901243274044,0.9589053199293096,0.21448973863655127,0.009192135036194073,1.2622514294877465,0.9481639376125711,0.3918470454207737,0.021422253143169506,1.1310643583731423,0.9311424202216372,0.8038866049168689,0.05944706720336597,1.259430335536212,0.9478437435306488,0.36476959400333514,0.02007189120243834
1.3143917597228212,0.9537570022679908,0.19066621246776,0.00924446919891655,1.2415814246455215,0.9457741917292313,0.4258276964004737,0.02441476118012525,1.127255228763182,0.9305779358780517,0.8131782568494818,0.06066392820319001,1.237916164616475,0.9453397331831883,0.35836293736921504,0.02072081928461786
1.3733992080313668,0.959393320073148,0.20946647627701695,0.008865746695982665,1.2097946960163781,0.9418957195652677,0.3926948789511261,0.024224819051508986,1.1263213636635425,0.9304388918860704,0.8121308496138119,0.06071620858209054,1.23134611847762,0.9445527395265924,0.35246965664957486,0.02069072063780862
1.8159176133697348,0.9849513628024511,0.18728839894669697,0.0028614967941558386,1.3827370831038386,0.9602227365212886,0.28341047742104314,0.011740289835091084,1.1265409469662027,0.9304716089884115,0.798547619437039,0.059670526848157726,1.2132253795555858,0.9423265354251785,0.34196365777465204,0.02092929378630313
1.5665698092413765,0.9735877563811104,0.19977522233443007,0.005419657146190859,1.6164433456944223,0.976385541356323,0.4057399745903508,0.009813059948369065,1.135370144922418,0.9317753857497357,0.8215949441313484,0.060157199890214653,1.234794985885784,0.9449671833910263,0.3498061699840375,0.020371944274654302
1.3726204163596998,0.959323402078678,0.21481542113448474,0.009108461749034107,1.5410548253628162,0.9720342330116729,0.29062781370221824,0.008361464485814674,1.1269439332202014,0.9305316154137521,0.8211181141032987,0.061300172929535025,1.2377480782373356,0.9453197307547019,0.3504133584349677,0.02026901180945008
1.4106586145244866,0.9626069924202505,0.16654839508210248,0.006469665656637271,1.5489095003982227,0.9725217037255618,0.384668702038122,0.01086869374905993,1.1259404940651245,0.9303821099380207,0.818664906345408,0.061258404303745635,1.2399277649862959,0.9455785810445592,0.35111807904942655,0.02020809741869352
1.4278015479103365,0.9640021586589853,0.19454554437509264,0.007264734396194745,1.2579610405752213,0.9476762392398054,0.32435236573837717,0.017908368791130436,1.133346744751992,0.9314786133280432,0.8161591541641278,0.06003826195056429,1.236359319390723,0.9451542031593545,0.357009930666491,0.020716719094065156
1.5538429802915537,0.9728236492300303,0.22459763428349816,0.006274255458555827,1.477995469363214,0.9678047156949646,0.3335757223191778,0.01109683084113885,1.131932189094339,0.9312704303794926,0.8026307284596987,0.059235709340357635,1.2527015852328827,0.9470724699685128,0.3435621485359705,0.01920011035155991
1.398700277037943,0.961603149737378,0.17216424902271185,0.0068745249972478025,1.3443912174980543,0.9567098559877283,0.3769586146738604,0.0170569923721024,1.1346501621890674,0.9316699225423524,0.7998416954737828,0.058661596433682656,1.2294903866745006,0.9443285257478972,0.35369754143378673,0.020851708948819738
1.4609589627506123,0.9665597330512943,0.17582924338746336,0.006083200691284854,1.0939912026171534,0.925463643494587,0.23070588622813662,0.0185809310875411,1.1240382466149044,0.930097870931006,0.8040613985967917,0.06042977349023308,1.2263296338866447,0.9439446710904368,0.3536348364570638,0.02100029554548021
1.5983855687381774,0.9754076192051641,0.1810321186016874,0.004564256736456951,1.2085064906945104,0.9417331717880083,0.4362709512978109,0.026992916183347558,1.13482790202869,0.9316959719430785,0.7954637113036184,0.05831663685507987,1.2268193315975984,0.9440043045241107,0.3443030215038152,0.020423092406634022
1.400058729117273,0.9617184750184775,0.18260021139930074,0.0072684623784307735,1.0095209075339024,0.9108865267682336,0.2905276851776567,0.02842278410684368,1.1188453370260962,0.9293164599228929,0.7862753069355232,0.059803871518673044,1.2424170971768769,0.9458727907980278,0.35113423855598014,0.020093522694800824
1.1941541419893795,0.9398931013723787,0.19927208023293433,0.012743605318931652,1.4630610094851728,0.9667158233887866,0.49291491426722744,0.01697113739512405,1.129975728891723,0.9309815287489747,0.7980588806211582,0.059164228513526776,1.233108932665301,0.9447649393306048,0.35786153348430927,0.020922139137861975
1.7358211015953222,0.981958524901696,0.24050592173017507,0.004418803328097806,1.4929465451834685,0.9688602867183631,0.46466271884654997,0.014934520524684807,1.1295193680562885,0.9309139784706517,0.7986611740473738,0.059271129600543364,1.192599912266234,0.9396906049054449,0.3435890834191555,0.02205156641338031
1.2921456848763977,0.9514445697349901,0.1807446602568239,0.009224010547790032,1.3211915383655417,0.9544426654583897,0.47083306446408985,0.022473743271671915,1.1377540160646598,0.932123499854834,0.8057043298702975,0.05867075561545135,1.23324526610713,0.9447813186576802,0.35382654707362715,0.020679743521041197
1.5241218487119135,0.9709546186288746,0.21299171842650103,0.006371487989135048,1.2392297505758703,0.9454958137798635,0.3925983436853002,0.02263177998472116,1.122249836915904,0.9298296633696296,0.7964059265010351,0.0601014079874374,1.2225417529713667,0.9434813761474456,0.3382343426501035,0.02026170316611493
1.525858679016255,0.9710671908707884,0.1797175866495507,0.005354659987051169,1.481178348924405,0.9680322922588572,0.4584403080872914,0.015139253001050765,1.1286829355958325,0.93079001128313,0.7893934531450578,0.058696280925947544,1.2211377390494251,0.9433087388075139,0.34212130937098845,0.020560912574163898
1.3350938668378192,0.9558145025308299,0.19183793593956933,0.00886830510575482,1.2316902099564855,0.9445942199279,0.4214613887935122,0.024721088191877273,1.1113269162372852,0.928170806787851,0.7951962852144341,0.061538573713519076,1.24617506371045,0.9463140989140679,0.3544579061820441,0.02010895971248105
1.523161879155745,0.9708922162243129,0.24342147180630774,0.007297884821089679,1.2249560050015265,0.9437770771049517,0.48999681427206115,0.029190212154913166,1.1199042910799526,0.9294764599750093,0.7995539980885632,0.06066574121506663,1.2474461385753424,0.9464625950452199,0.36611978337050016,0.020709854997836778
1.4186686365903856,0.9632652363009697,0.18121729551087853,0.006910842702403411,1.5183510502092037,0.9705775264649615,0.41309313590487146,0.012522669778822531,1.1294015551980696,0.9308965299390698,0.7843245257342816,0.058222954580870186,1.2453629457647661,0.9462190181117188,0.3355419832488214,0.019071459121456965
1.774930439942388,0.983486543672461,0.2059890382064844,0.0034587061798248553,1.45680072941138,0.9662488736138544,0.46627570668413737,0.016287036121684355,1.1358854069219966,0.9318507687909414,0.8093830395807035,0.0591927739380883,1.2467450816758223,0.9463807405109097,0.3469903005704607,0.019659490277074677
1.285648283565799,0.9507487260497798,0.16966862216584747,0.008789278977807452,1.2988654456219249,0.9521544075636047,0.5049627398129063,0.025374289351320283,1.1277336325591771,0.9306490661704602,0.7959885841128904,0.059316184405616965,1.2370273906113682,0.9452338900891144,0.3374980180751546,0.019554370348345614
1.4104827393708872,0.9625924129766281,0.1883056499711409,0.007317801276352974,1.4155154759368709,0.9630074580797043,0.4661226191239659,0.017905427817064917,1.1253778695767684,0.9302981525966346,0.7861540434810492,0.058901964946730175,1.229711111718211,0.9443552388951675,0.3378759699865324,0.019908850884292367
1.276097766967389,0.949708723372223,0.2259627727856226,0.01196572805332371,1.2744444939519148,0.9495265910787555,0.3771662387676508,0.020048796926244734,1.107641561728634,0.9276029980496157,0.779589216944801,0.060844911215598034,1.240159617984325,0.9456060468655533,0.3479942233632863,0.02001761890104758
1.4546441542499555,0.9660865568664296,0.1868673181463119,0.00655977885463315,1.433677006298807,0.964468697301749,0.4938704586395447,0.018194328969658204,1.1366479537765073,0.9319621880480045,0.7927433882255416,0.057874156554835465,1.2037826485753973,0.9411334529190066,0.33308358175644437,0.020833900109019993
1.5129570225732547,0.970220764615056,0.16073506207863825,0.004933482587493837,1.3350584051006538,0.955811053911771,0.5292383214063721,0.024467684859616375,1.122197712859539,0.9298218320805446,0.77927418198046,0.05881560586284852,1.2300127400261711,0.9443917238183198,0.332435490811724,0.019574678726438224
1.614700811604817,0.9762928526898471,0.23547263840526467,0.005717940585966165,1.3487807353114358,0.9571265315016694,0.39496214420343095,0.01769191062018888,1.1174765139921252,0.9291091440229133,0.7858831421908443,0.059962738507390596,1.2201510378261244,0.9431871177491169,0.3379069098808421,0.020353824942641454
1.3603577307495651,0.9582071787492508,0.2042814233269234,0.008909865422939884,1.2233988369005262,0.9435865199975929,0.3664002034232316,0.02190568655934922,1.132734238008643,0.9313885413114187,0.8041733547351525,0.05924005338221173,1.2376731569341128,0.945310812831194,0.34006643039905915,0.019673906623601654
1.4282178419974927,0.9640354075561223,0.17562503936016122,0.006551920099636455,1.4313918701049968,0.9642879429699887,0.4503589646703193,0.016678882223443776,1.133347376682279,0.9314787061997907,0.7990112727501731,0.05877674476656337,1.2492207446326375,0.9466692692346752,0.34671578814786824,0.019532276953227696
1.646089905109338,0.9779093401218331,0.18495842663200915,0.004178151825218851,1.350953749677045,0.9573313848885424,0.42802561733711225,0.019077260614544244,1.140985527206987,0.9325927647596576,0.7988506647041322,0.05774043796221469,1.2155476909038336,0.9426164610192506,0.3415279582857053,0.02079115283655471
1.6723236054889052,0.9791772676452395,0.22167370013536108,0.004714010711368371,1.3497135755370553,0.957214586607855,0.46664543355362686,0.020858037540884288,1.1178162660434792,0.929160653713664,0.7896170077235448,0.06020051798377834,1.2016171341647721,0.9408565981740785,0.34032964407994265,0.021393539602268617
1.6411406813730893,0.9776618105572611,0.18471868415259302,0.004220560643421383,1.4946666477083634,0.9689795589869369,0.3760574897002862,0.012038921841617105,1.1198504716031248,0.9294683363330495,0.7928263672673522,0.060162740887984185,1.2294635044483535,0.9443252715145246,0.3566845928861213,0.021029107726872564
1.553904347141561,0.9728273847044235,0.2102940712957418,0.00587384770217574,1.297543131038472,0.9520155089978427,0.43576449081224194,0.021963862028309716,1.1272734407009495,0.9305806449109442,0.7921801620071233,0.0590949707170635,1.2179678360988653,0.9429171437326409,0.3472909509250796,0.021024497821869992
1.3831764418245924,0.9602613589547907,0.19588875453446192,0.008106493954636548,1.1719977722162809,0.9369454358952882,0.3697416152230637,0.024882875230599757,1.1273032124910662,0.9305850732657349,0.7980652962515115,0.05952990829097376,1.2403778213445276,0.9456318837864385,0.3587952650671419,0.020628558535840842
1.6967116646828024,0.9802919448313182,0.21847291808253386,0.00439223880715901,1.6914299129563375,0.9800556078351776,0.3233076765026631,0.006579397167381006,1.1343864774231964,0.9316312601661062,0.793712759400041,0.058247445604807366,1.2218881830989587,0.9434010748643858,0.34929114444216147,0.020955565836785546
1.4982592407518567,0.969227245430178,0.2361879541621349,0.007498916255241972,1.4478572147723852,0.9655708017282771,0.418735518040384,0.014930783064504887,1.1233106004914477,0.9299888605311304,0.7801894673791396,0.058733986965853247,1.2553518300345894,0.9473775276305781,0.3627307261865355,0.02014802658875654
1.5417331482947243,0.9720766598160068,0.15818261605491646,0.0045438669416581565,1.470515954387271,0.9672637478827578,0.4477635332100429,0.015154191340424148,1.1185304570939447,0.9292688192618711,0.778954957214055,0.05929005980135273,1.218588959287756,0.9429940740576063,0.33700592420775477,0.0203726993478027
1.6411160118529178,0.9776605699772032,0.18500827618822416,0.0042274175378081025,1.4244406089209327,0.9637326387217905,0.4472767399700481,0.016831999320214265,1.1193543437693354,0.9293934088602225,0.7863324663040908,0.0597381629985455,1.229414620754114,0.9443193534302138,0.32999132970757467,0.019457538949930197
1.6081909805254282,0.9759434322279416,0.1674712158847698,0.004128090339830294,1.4112460779012004,0.962655651528969,0.2862164315508272,0.011103208235460535,1.125732218273291,0.9303510410056498,0.7798190935932886,0.058379671413040804,1.2374973521924986,0.9452898813165446,0.3476902407398728,0.02012311219227763
1.0791874356352462,0.9230779350508582,0.148138848785387,0.012344728126485656,1.2773618974264438,0.9498475658152541,0.4240003766241918,0.022387435361484343,1.1252402737157146,0.9302776056773844,0.8010953486912309,0.06004044970081032,1.1911298944627209,0.9394984928760514,0.3379103634423451,0.021760637633891695
1.400282087741021,0.9617374050996685,0.17530755017923977,0.006974587595230967,1.308226648156313,0.9531268586836789,0.5270123020071696,0.025917559538231452,1.1173970916258462,0.929097097837419,0.7984302702019803,0.06093122394154808,1.2110386700809002,0.9420522822677846,0.3267533123825466,0.020099318339773336
1.4706769543955942,0.9672754844266466,0.1570165763022573,0.005312128219111837,1.4732191862206434,0.9674602694245178,0.44687660209106866,0.015030327024364581,1.1208564156968284,0.9296200330775857,0.7965480277773462,0.06030530953758512,1.202931756514737,0.9410248140305489,0.3532290388230359,0.022137299616121184
1.286807439683338,0.9508735558885015,0.16893455955955955,0.008727926176208083,1.0938735378978273,0.9254449521933764,0.37830017517517517,0.03047635364868885,1.1266512567657505,0.930488039368291,0.7944194194194194,0.05934697607208126,1.2498726763145507,0.946745005242299,0.34213901401401403,0.019245532109311913
1.3707086363648169,0.9591512780214515,0.19997514871938243,0.008516622392984232,1.1807831323091709,0.9381300299440966,0.4852833822592921,0.03200459144325562,1.131683788404268,0.9312338123429421,0.7875992109718404,0.05815960978046498,1.2221378401129583,0.9434317617853567,0.3540375564978333,0.021228118072895805
1.289771752839727,0.9511914201568958,0.22931144405482945,0.011766680910811306,1.278927838293961,0.9500190533843339,0.4276378705769844,0.022498228329214918,1.123157509437845,0.9299659055879946,0.783710551482308,0.059019861292112015,1.2267845748285753,0.9440000739516661,0.34000637551801083,0.020169841518408123
1.7510807362844614,0.9825705766553895,0.2010294628477595,0.003565980598197892,1.0399750037811024,0.916416968569571,0.27929706003094706,0.02547366073265899,1.1305680518568417,0.9310691128722851,0.799870527678656,0.05921771466579221,1.2290370203987935,0.9442736194474918,0.34556478352859443,0.02039353237859934
1.5127443425497504,0.9702066123320248,0.1901372332654679,0.005838789623560811,1.3494883230784571,0.9571933398210384,0.3903144087157888,0.01745525753446314,1.118153206402915,0.9292117029770631,0.7771785586621699,0.05920625673802301,1.2205790197929451,0.9432399010045671,0.33293442954167507,0.020034554475110083
1.4462717607643039,0.9654492339003699,0.18241213810187334,0.0065280274674096896,1.3176564499353438,0.9540874178284979,0.3580120761727822,0.01722825242060534,1.1172770031614476,0.9290788801340905,0.7882025081281933,0.060167339666038176,1.218365497504707,0.9429664080233562,0.33486607834030035,0.020253759960457134
1.2275385171822817,0.9440917759038261,0.20977806972270446,0.012422859336203467,1.4117835612917002,0.9627001175157495,0.305650698321838,0.01184245739790006,1.1166924467264656,0.9289901397846572,0.7869062700386306,0.06014929744138372,1.236558295001271,0.9451779482035321,0.3441405089225668,0.01996077970426064
1.5006067855642329,0.9693880581416902,0.18335262647436099,0.00579002381353985,1.4101657697103798,0.9625661234875529,0.4004943215593029,0.015575091010753946,1.1272638143338498,0.9305792129972478,0.7852360541876545,0.058578253310719544,1.211281613317002,0.9420828121023694,0.335481650658574,0.020624677096102842
1.4952932712958216,0.9690228992118868,0.208093567251462,0.006652201316758619,1.30397215124847,0.9526872489514453,0.30272124756335284,0.015033868710677726,1.1249056854613992,0.9302276188921597,0.7949005847953217,0.05962208111089637,1.2305140721596841,0.9444523150885162,0.3458401559454191,0.020340486973547272
1.5678904231840893,0.973665837612548,0.21736211929627375,0.00587886431392551,1.0823403678662202,0.9235918435919015,0.30960520769915234,0.025613438770353044,1.124778879138168,0.930208665631779,0.7785322905446541,0.05841141822620611,1.212488074013702,0.9422342003309098,0.3364554551273045,0.020627162983078675
1.2851683837953995,0.9506969575266475,0.176731613568538,0.0091652825657744,1.221290584246583,0.9433275566446212,0.45369603599943753,0.027256770693940925,1.1284244973818454,0.9307516666800756,0.7895814127904252,0.058745204347748124,1.2479026382403318,0.9465158319896684,0.3576819112201372,0.0202113042248227
1.5491357076621428,0.9725356194062585,0.22115326159644963,0.006245362354687114,1.304890524004588,0.9527824731959649,0.43280746549942245,0.021448860236330417,1.1282664906121587,0.93072821345383,0.7861268162198309,0.05850946412091521,1.1965886966772918,0.9402090141887307,0.32853060976351145,0.02089234279878404
1.6013382181553972,0.9755701782637568,0.20072042289759703,0.005026357159603444,1.4959602475700615,0.9690689660159011,0.39562444447909684,0.012627659708713039,1.1194712398312003,0.9294110696535202,0.7689188978465281,0.058399522336671617,1.222117026655159,0.9434292040694692,0.3369146563957024,0.02020239588805729
1.5797987015590573,0.9743598432833395,0.16929750383663755,0.004455042518463625,1.3015487989362629,0.9524350994703427,0.36955432365561086,0.01845565609117,1.1212896233179697,0.9296852680072777,0.7852109367659494,0.05938772881148842,1.2221230308642301,0.9434299419234716,0.3348210091139716,0.020076577061146107
1.4639169297792083,0.96677917916689,0.1798766454938783,0.006180987283117132,1.1969367439595922,0.9402540502965813,0.3196323912976771,0.02031019251449209,1.1214228918579336,0.9297053251165325,0.7914326920126423,0.05983993236803592,1.232253262633068,0.9446620332085308,0.3522814446592408,0.020636522058149132
1.2941222438772813,0.9516543934782328,0.1899012581131379,0.009647295873001527,1.1688093060368185,0.9365103031173494,0.3776031252883817,0.025599192968512215,1.1144398569220113,0.9286472188453246,0.7734934941093236,0.05943151596186537,1.2170539768135613,0.9428037787208073,0.34072103109908025,0.02067021360018182
1.2856550570868877,0.9507494563649864,0.16380710738431548,0.008485504815118708,1.3768869474237575,0.9597050311722005,0.4568436035088262,0.01918141320993519,1.117492536817387,0.9291115740150278,0.7841948110215511,0.0598317116841787,1.2070574318721203,0.9415498174809632,0.33106425112551635,0.020552036169032426
1.5221884603696287,0.9708288067712765,0.1799533226876305,0.005407187252436424,1.3455425674096448,0.9568195206058043,0.42143164230438523,0.019018864012164842,1.1118825180183518,0.928256052064508,0.763711460508537,0.05902646703848833,1.2440622177099039,0.9460664010568388,0.3717141628792532,0.021190777475901597
1.3715330773996908,0.9592255906054961,0.22042309093116425,0.009369663859734981,1.1912350873879314,0.9395122592090329,0.41632269029986646,0.026803715150515727,1.1156535273857902,0.9288321703769509,0.7867245356319048,0.060279434216195804,1.2380210219367889,0.9453522078055152,0.35352676945489864,0.020436253570725635
1.3467175824669684,0.9569311657667956,0.17150716085807363,0.007719064594249014,1.4901199257068498,0.9686633237512206,0.3901745651238552,0.012622315440255836,1.1170866330762435,0.9290499916834681,0.785204991087344,0.05996480398959006,1.225173143488789,0.9438036011026616,0.3369291290183785,0.020061593018217392
1.379010602111546,0.9598937052181009,0.15545583518381445,0.006495258295325275,1.4531345041127246,0.9659724836510024,0.49549716259560816,0.017454470066660288,1.1118655409335994,0.9282534486750806,0.7817049099432519,0.06041952391584006,1.2071980044828305,0.9415676282841782,0.3293547989143844,0.02043929873802613
1.8938619066098212,0.9873925303648152,0.1800411522633745,0.0022988459912751517,1.4967488720426207,0.9691233492688491,0.39255881088385236,0.012507077973346945,1.118636485304448,0.9292848644154722,0.7819237147595357,0.059501498004875496,1.2112617151971987,0.9420803121422879,0.3384466556108347,0.020807912443143603
1.709002282415101,0.9808313271198534,0.21528720726218628,0.004207420722793531,1.383229442011904,0.9602660155787017,0.40216645053017014,0.01664088411012287,1.1201426128955623,0.9295124224551025,0.7665115569456099,0.058126757108373825,1.2427573226031237,0.9459128847744505,0.34811198413303834,0.019904975712100474
1.4776001452972263,0.9677763408247003,0.1915951816024822,0.006379467621957869,1.2960841349706562,0.9518618088423388,0.4282867919936728,0.021659605703024644,1.130452820675095,0.9310520822245945,0.7706850398491208,0.05707213352800849,1.2073162995237599,0.9415826125347136,0.3383220782381213,0.02099007741794788
1.2167741274298092,0.9427690208938471,0.16418093659853925,0.00996663609416331,1.3764495892849586,0.9596660690537177,0.4911771926594243,0.020643750581542185,1.126573473705578,0.930476454141708,0.782636715153747,0.058477223484999535,1.2413395897939739,0.9457456266208557,0.33746087276744613,0.019359040820938176
1.251372618135515,0.9469188707630263,0.19483431988771588,0.010921765351897697,1.4390539819819241,0.9648905465009653,0.4272594129492891,0.015546679926926748,1.1033933482424154,0.926943335804424,0.7684444986879844,0.06056464243832783,1.2245677233990528,0.9437296182055648,0.3382711905778971,0.020169600144657383
1.57398862930115,0.9740234900529255,0.19310869399863087,0.005150070775243225,1.060464208464054,0.9199603973953285,0.13070662508557085,0.011371909442261829,1.1282750706426607,0.930729487191791,0.7806343652544306,0.05809952681314604,1.205776594209419,0.9413872983242111,0.3201642960371187,0.019934084944918974
1.5175850452999426,0.9705271164118091,0.1785414536631518,0.005421931433441404,1.2901004981960635,0.9512265512035469,0.44211136713921656,0.022668938435550744,1.1232159014171512,0.9299746618817535,0.7798141337687506,0.05871853355235561,1.212195663422457,0.9421975424160666,0.3394729212128611,0.02082617311756404
1.474925661711544,0.9675837405195991,0.17555067746574823,0.0058813476026725415,1.2051252289747227,0.9413044873571365,0.3946408296116872,0.024608026536555264,1.116724659145055,0.9289950325565183,0.7832866550601771,0.05986818173656697,1.2138147687242182,0.9424002468167736,0.3298160623722655,0.020158445260042148
1.3384104863230832,0.9561359081459025,0.18167085693514676,0.008334408411947072,1.3223253204192533,0.9545560459246529,0.3734437948686881,0.017778696951520383,1.1076349886723607,0.927601981640444,0.7754066579832187,0.060519389319880885,1.2198029866694722,0.9431441583983813,0.34666646472601703,0.020898198256909653
1.7528008391491747,0.982638276400876,0.22848279234672045,0.004036943383082196,1.403636444164793,0.9620206144551248,0.39299468182651753,0.015514944600879047,1.1083581036239036,0.927713719971727,0.7657558530472522,0.05966672782240374,1.228780232293168,0.9442424977432029,0.338131915153738,0.019966683418020735
1.3611262934028117,0.9582779902736627,0.16903998419476907,0.007359751487874595,1.1090292148034082,0.9278172801960217,0.44724244312396466,0.03479475608564147,1.1211712942031475,0.9296674548696298,0.7788483457698211,0.058922560041915144,1.1959859814575433,0.9401309497388287,0.3235969058221,0.020607171186529705
1.6930959762698596,0.980130455648003,0.1697056188986898,0.0034403311335339196,1.311086180587658,0.9534201438626647,0.3688189837095966,0.01801885067406952,1.1064107736467843,0.9274124484620135,0.780193420073785,0.061064880230064664,1.229304148883702,0.9443059770180761,0.32838902637132406,0.019367987100420567
1.530184432964046,0.9713457265636627,0.19739389655490336,0.005823033480116487,1.2306380963622097,0.9444672951297387,0.41075324994621837,0.024151433428545224,1.108839799933305,0.9277880651554586,0.7692922339346631,0.059875830224215366,1.2172640191349848,0.9428298533501999,0.3263007467961523,0.01978581976375577
1.4912862178167827,0.9687447383521054,0.18964831804281346,0.00611875096384453,1.4511610067267526,0.9658228025143438,0.3347400611620795,0.011845316912081426,1.1131391401031243,0.9284485097736936,0.7737308868501529,0.059628075661130875,1.2007959137364395,0.9407512887517443,0.3346177370030581,0.021074294465804125
1.4162090259592306,0.963064306213404,0.1705019964034259,0.006539137094511672,1.1647129234484872,0.9359471576605217,0.2910329482763876,0.019917243616762424,1.12031055428809,0.9295377544323876,0.7875430522112835,0.05969854551401633,1.228091918125747,0.9441589960953637,0.32457557377548846,0.01919658231029123
1.4924872030454184,0.9688283608204503,0.17969240186701355,0.005781526368160527,1.375723032977285,0.9596012638833439,0.23599357257632567,0.009935212074602828,1.1268642018005113,0.9305197468587714,0.7929451373479226,0.059207801936525514,1.2294835219855162,0.9443276947585899,0.3343637615731885,0.019712226485878198
1.460487818247066,0.9665246507493703,0.15389779819033522,0.0053302132949533156,1.447594492963513,0.9655506855642543,0.48990646505027696,0.017479084330781682,1.1217732244855607,0.9297580254645349,0.7789645543738651,0.05884972960036696,1.2133233772776642,0.9423387975514731,0.3251903504890367,0.019898222043470023
1.6657892679961293,0.9788682733331768,0.20856732999633745,0.004502534129647456,1.296000400587168,0.9518529735480077,0.31340800879013553,0.01585293538900087,1.1149101368984693,0.9287189375215092,0.7816963740691002,0.05999678247967112,1.2227490378341288,0.9435068219564028,0.3508423879868148,0.021006950907553463
1.3999994314843331,0.9617134479174376,0.18127356769249484,0.007216640159997447,1.4225627456031613,0.9635812047838686,0.38103637027125653,0.014401365935649963,1.1119044821192772,0.9282594200698675,0.7692798929570612,0.059453838502577086,1.2101172646575726,0.9419363551249433,0.3289745773020314,0.020278931719174696
1.6474819329812165,0.9779784763651699,0.16938105823466254,0.0038140194977199014,1.3821988289639224,0.9601753715054832,0.36359237248408416,0.015080506735884304,1.1051257408572581,0.9272130075571171,0.7626306159173736,0.05986713778286757,1.2000418712707517,0.9406544392062497,0.32971918522887084,0.020801868503780435
1.3838004581467562,0.960316152186049,0.1673430412986393,0.006915239078819885,1.292271249829365,0.9514579248840838,0.4877058963953211,0.02488208426051127,1.1266467842162802,0.9304873732626673,0.7841967056576749,0.05858389318910171,1.1910616096420803,0.9394895550447349,0.32621150632609214,0.021010561843211994
1.4497936960766882,0.9657187257407536,0.19006710197695062,0.006747039564272819,1.568124695755961,0.9736796654928809,0.45802365119008215,0.012381213389510991,1.101516972764898,0.9266502129839682,0.7573044865043782,0.05994508177201751,1.2248928774830947,0.9437693637153981,0.3431077543405651,0.020442671782434415
1.692228284406044,0.9800915090375487,0.1626800024100741,0.0033045009857629753,1.482726125929755,0.9681423957665608,0.44357413990480205,0.01459620966819298,1.1201099922926279,0.9295075010460102,0.7720672410676628,0.058552458287991785,1.2146288161379808,0.942501909435064,0.32832740856781345,0.020029878861570143
1.5127476338305235,0.9702068313920794,0.20706934317520329,0.006358697604611154,1.458074704302823,0.9663444080478054,0.4122183214810814,0.014356632591285697,1.1183680323234642,0.9292442331446517,0.7730968884087976,0.05886618527374067,1.1969708511361723,0.9402584619371764,0.31683019773757015,0.020130553548642904
1.415059763068043,0.962970058922407,0.16530181254652912,0.006356497091370656,1.306770455411956,0.9529768317429214,0.25023169601482853,0.012347296128321453,1.109296852153017,0.9278585415627607,0.7685318828909585,0.059753732281098135,1.1854535796438372,0.9387512872204485,0.3272611252070071,0.021352112039245384
1.3832593898634937,0.9602686465811568,0.18226623396317976,0.007541310636034179,1.073915316944308,0.9222115298002838,0.2665675897000394,0.022484955281444292,1.1138747457132971,0.9285609500928763,0.7869036425950078,0.06054061242810121,1.2193179740634241,0.9430842432242973,0.3377210275696825,0.02038168700335805
1.517288437867385,0.9705075744757266,0.19212228277142343,0.005838338891121467,1.2933090289289229,0.9515681701798425,0.4075543445715312,0.020743235510939484,1.122439836623796,0.9298582027087546,0.769013114557758,0.058008803749311375,1.196941227162461,0.9402546302001592,0.326576441703096,0.020751219564123922
1.214059846598255,0.9424308712024946,0.150530602538569,0.009195279898303505,1.1981000546509293,0.9404043482199662,0.4168871317737285,0.026419125330280662,1.1186020714212395,0.9292796569621632,0.770889688178116,0.05866649805991308,1.1994577734195644,0.9405793154939419,0.32469308284533754,0.02051234267991561
1.6142791059736752,0.9762703680795434,0.19261863973792565,0.004681868436702975,1.1204615586310183,0.9295605244716026,0.27184203408168783,0.02059942284895486,1.1136253778483074,0.9285228514827809,0.765786072791753,0.05894976603962359,1.2014725085872233,0.9408380648085842,0.3226790490788327,0.02029075746750698
1.3566561047243966,0.9578645166027174,0.18879007548015844,0.008304682920272782,1.2542398143389624,0.9472497312741739,0.31023092444510875,0.017276082632959096,1.1053047601078037,0.9272408221197208,0.7693595396457664,0.06037047362842316,1.2092569275580107,0.9418279148943776,0.3350571706150512,0.020694836005634487
1.5675730028382804,0.9736470906786202,0.18439038949410536,0.0049907438337696355,1.2208884730950924,0.9432780373400659,0.43045814057603343,0.025884659251974005,1.125998877822612,0.9303908168631742,0.7745709595582749,0.05795118653271067,1.2453867955310451,0.9462218126468496,0.3362483211460976,0.019110556288270686
1.2513901318313645,0.9469208976922755,0.17430530494406352,0.00977058288232195,1.2152060403135136,0.9425738941767419,0.3694063514976543,0.02250600018093672,1.12333377555488,0.9299923348649822,0.7581649224106821,0.05707289621150438,1.2070927731220065,0.9415542957601368,0.32733369421388187,0.020318794535711053
1.3074186467622069,0.95304366914371,0.1879116032182999,0.009258378916028332,1.0925246134085689,0.9252303644588111,0.261920333389101,0.0211662831448303,1.1158070949993173,0.9288555410080473,0.7745821229220217,0.05932809101867433,1.1802371212554963,0.9380570170942831,0.31583750323198834,0.020855786702906765
1.5207541022770894,0.9707351270494504,0.18834655645720835,0.005678107129127219,1.431085792526602,0.9642636650809695,0.30631391595523244,0.011352223553935035,1.111314619472113,0.928168919054162,0.7753476726296419,0.06000423014657857,1.2200142761029225,0.9431702411261658,0.3339165585688859,0.02011980094366855
1.4541238877662122,0.9660472858658943,0.21646822986271413,0.007607996042405835,1.3594740460464367,0.9581256183984225,0.3195693111408091,0.013966610458900065,1.1153773448861193,0.9287901218048386,0.7640323168509294,0.05857797896730198,1.1799055481597063,0.9380126397227169,0.3207386708783866,0.02119560302777231
1.5990627141194464,0.9754449925905386,0.18365096630954686,0.004623070365566611,1.3105026894638854,0.9533604407476951,0.3820685133584658,0.018691259156134933,1.117217461562952,0.9290698459299658,0.7716171715516086,0.05890937597534007,1.1915037299363689,0.9395474024842184,0.31188627795741386,0.02006746608228892
1.42547696849801,0.9638159527524838,0.15271182583630433,0.0057331816365301155,1.267973667890891,0.9488077122585279,0.46066904346506865,0.02485509120759211,1.1183254980639163,0.9292377934609003,0.7775923537889706,0.05921428414690829,1.2091407304147992,0.9418132543982274,0.3223697185769552,0.01991652242836349
1.5067776039315997,0.9698069026707643,0.15956138245529822,0.004967640813024573,1.2024469143307615,0.9409628270735245,0.3482839313572543,0.021851765119138222,1.1112192294358794,0.9281542737306692,0.781786271450858,0.06051580437594137,1.2107063453027758,0.9420104957036827,0.33980859234369376,0.020918378208642244
1.4963477644335514,0.9690957006137702,0.18316853898969349,0.0058412139930975335,1.343378124837719,0.9566131403109405,0.4671433486410076,0.021187125775396373,1.1147983929949759,0.9287019023739522,0.7571016140371872,0.05812403813589489,1.1968942403319023,0.9402485521782608,0.32632271768559934,0.020737340986771935
1.4500301004890221,0.965736742172524,0.18572443718722123,0.006589294989329306,1.2603808173122386,0.9479518314136914,0.4084455935047852,0.022426081584090988,1.1155503572854444,0.9288164654921552,0.7655009751893682,0.058667204025402174,1.2129244057708388,0.9422888602784819,0.3265750442237039,0.020001316794921162
1.6936054451339426,0.9801532885196858,0.19151217333035514,0.0038778494074084425,1.3712814459052962,0.9592029230503997,0.40993224629588265,0.017435348657060888,1.1044554001120843,0.927108768377852,0.7650807832626014,0.060152252340385605,1.1953550666626753,0.9400491306164492,0.32265654083835904,0.020577158688359198
1.2244537743199173,0.9437156832843171,0.1829703088953471,0.010912565084848154,1.2089032681794465,0.9417832832058017,0.38039668034874313,0.023514375551383266,1.1171053347395836,0.9290528301216092,0.7720885639811846,0.05896058516151954,1.2204559918389417,0.9432247326200314,0.3293285795607754,0.019823184776432797
1.457919649472763,0.9663327945653061,0.20114899425502872,0.007008066528066528,1.397098869729866,0.9614667704792329,0.4049529752351238,0.01622952182952183,1.1160743922375602,0.9288962026383274,0.773681131594342,0.059222619542619544,1.240168001696854,0.9456070397739756,0.33017834910825444,0.018992432432432434
1.2607622114816686,0.9479951436512298,0.16911374759458764,0.009277195362399794,1.0557811508368795,0.9191627954865873,0.20031213540009393,0.017616762923137793,1.110719684815296,0.9280775331695731,0.7598527205782081,0.058885685881386755,1.2172360943734648,0.9428263874172313,0.34166704547176385,0.020718914479699695
1.6228695860319475,0.9767243180218381,0.16022650056625143,0.0038182535264474414,1.4332912418929324,0.9644382452686557,0.36480181200453,0.013451346032468125,1.1231901905993753,0.9299708064860019,0.7672329180822952,0.05777461197272885,1.2093924379149703,0.9418450077449321,0.3403850509626274,0.021017354065365892
1.559434026774251,0.9731619418497327,0.22456564703106102,0.006193117131272512,1.373794916141988,0.959428801660066,0.3913601368691189,0.01654937782541828,1.125995727815124,0.9303903471198863,0.7665555588330728,0.057351913128582746,1.1895582381725895,0.939292464822053,0.3204625232294033,0.0207118556048975
1.472897194751054,0.9674369209951613,0.15901994472249198,0.005352471991679847,1.3115851306785884,0.9534711390320044,0.41632927466945546,0.020316636912227844,1.1158515830532512,0.9288623100822636,0.7803988944498393,0.05976749617561751,1.2235167937563767,0.9436009760985322,0.3361619481586614,0.02009239734718606
1.4787822799449337,0.9678611181285368,0.18116917492248355,0.006015919642316801,1.353976922809138,0.9576148289798604,0.4049761778718899,0.017924727185426124,1.109232756680531,0.9278486620129794,0.7760871209256598,0.060350061881640805,1.1977012419723132,0.9403528621797684,0.3139680859109128,0.019915181252356723
1.4182571456646775,0.9632316942412656,0.22684618523051817,0.008659131493101624,1.2344934220821668,0.9449310617428838,0.3037611254665518,0.01770266989887704,1.106394457952156,0.9274099193777521,0.772609819121447,0.06047359197666956,1.2302109807364157,0.9444156907282353,0.3328044486755217,0.019587460885931572
1.4308253848405068,0.9642429971881469,0.19051748628160464,0.007064955942168232,1.6180838643432167,0.9764724804005389,0.385206560906685,0.009281321382304076,1.1237993921513856,0.9300621048928108,0.7783077406139263,0.05852641972811431,1.2146761565943511,0.9425078163789079,0.3301834601755356,0.02014091320111437
1.5315963712485263,0.9714360767919014,0.20088436811445473,0.005906766077165071,1.2866560727514114,0.9508572721902887,0.2109353777428994,0.010901678050986678,1.1043103527403006,0.927086195159581,0.7683287555461652,0.06042779325986179,1.2111467021247388,0.9420658601447114,0.32659744650025657,0.020084733926160437
1.5262544152202817,0.9710927811454335,0.13140721315428555,0.003911693242368673,1.53299629419496,0.9715253851401359,0.25387710810688613,0.007440930505420565,1.1012870726673039,0.9266142241629771,0.7622040361109855,0.060364856352859875,1.2312063129052464,0.9445358775443474,0.3344335428252777,0.019638283111874693
1.3512563359736331,0.9573598358803856,0.18174339689161795,0.008094728837238416,1.1677327455231503,0.9363627528807665,0.3432588065928254,0.02332861429376221,1.120196274705196,0.9295205176207184,0.7615389135352705,0.057742532219764296,1.2213853128465422,0.9433392163954691,0.3250580250903429,0.01952430482953524
1.3796157718464597,0.9599473157701716,0.17932973292890433,0.007482324340120902,1.2898771831596307,0.9512026894776408,0.3875860028112747,0.019883411540486763,1.1178835730914864,0.9291708540079664,0.7504623807057779,0.0572064968409813,1.2146716033965481,0.9425072482747267,0.32807575645483467,0.020012554860947926
1.5932209915539526,0.975120743164328,0.18217801233396586,0.004648094700519724,1.5092063764455301,0.9699702284652022,0.40994129506641364,0.012691568330919315,1.1174653418816554,0.929107449635726,0.7721477703984819,0.058916247763483004,1.1824890207095273,0.9383576245331922,0.3241223908918406,0.021292174320524836
1.5279612816722072,0.9712029042281883,0.24163713891057595,0.0071647724702432435,1.2165364309931552,0.9427394829618987,0.32546093327728065,0.019767986439487278,1.1077054227213148,0.9276128723599487,0.7660951294216564,0.05978294132204355,1.2043344970410277,0.941203810657607,0.3301603507296859,0.020624832023672355
1.4445831190548497,0.9653192988061954,0.18734929956657445,0.006730835160109467,1.4579568466696295,0.966335580958132,0.3895504504371237,0.0135708441869243,1.1201472275339144,0.9295131186312854,0.7609059037588202,0.05770105133102248,1.235748909121598,0.9450812985007154,0.32719930178547657,0.019013560858772288
1.452494721493926,0.9659240283520235,0.18035487010556261,0.006362578484331743,1.2446481945359547,0.9461352053881458,0.35265403908063186,0.02007708546932915,1.1226299559342952,0.929886749270793,0.7717002320880437,0.05818602308572082,1.2317448928814083,0.9446008092914779,0.33781537770457437,0.01981228297672599
1.3381036011480891,0.9561062625383911,0.22215169318886363,0.010198728404513831,1.3232768240584816,0.9546509907319344,0.31909302943521006,0.01515795080057255,1.1178785994060565,0.9291701002989317,0.779501638569868,0.05942079158483406,1.2226910745514694,0.9434997076032349,0.3304006377136784,0.0197856263107087
1.2821931714701988,0.9503748574951902,0.21317323979553596,0.011131136645330492,1.2776640243828774,0.9498806953386284,0.5439282876886871,0.028699717447030468,1.1175441931808814,0.92911940759994,0.7727511205048643,0.058951580121097934,1.2134280190203623,0.9423518883196658,0.3319392603918394,0.02030629087853549
1.456851625871568,0.9662526953157597,0.16592989506586292,0.00579526116942088,1.5218461203923157,0.970806474579658,0.31182555629976927,0.009377036044687667,1.1223027847726237,0.929837617601963,0.7673290168936518,0.05790003640339756,1.1928002395671533,0.9397167408141733,0.3102924759991069,0.01990540440714039
1.5353047158963253,0.971672059672076,0.19535273685471313,0.005695276114437791,1.2225473697812714,0.9434820657960066,0.41707090669541264,0.024984031936127745,1.108190109969136,0.9276877751747802,0.7532189483770512,0.058712574850299404,1.2057951551886221,0.9413896564580729,0.3250838423763325,0.02023952095808383
1.5079664236196892,0.9698869535650027,0.15996030313966078,0.004966446881768497,1.4268107798512073,0.96392290817481,0.36152712618789845,0.01353100669998031,1.118091486429997,0.9292023544316534,0.781441717791411,0.059539489439149385,1.2068079829522942,0.9415181993176964,0.33682184530253817,0.020921473463501337
1.2780665261820994,0.9499247991926709,0.16031958592257115,0.008451232629407628,1.2435548898226152,0.9460067646105248,0.4602548863243105,0.026268998643678605,1.102242564866178,0.926763691424113,0.7321286167827749,0.05785552217043352,1.1848635901396358,0.9386731304951007,0.32710913167120564,0.021371208336686997
1.4746067501075741,0.967560700300941,0.198221695317131,0.006645756673713582,1.2769685823180708,0.9498044060387697,0.38171310017783044,0.02017290682627843,1.1163769190783956,0.9289421975546247,0.7692353289863664,0.05884130593378739,1.207121699208782,0.9415579609001185,0.3398043864848844,0.0210914909818999
1.7138034642098758,0.9810380760970137,0.17646619350018677,0.003410814130591729,1.3515403918303093,0.9573865280328027,0.4364138961524094,0.01942487259351626,1.1126210616111474,0.9283692213591653,0.7592080687336571,0.058578703238543396,1.2206133452208157,0.9432441323817718,0.330668658946582,0.01989663756007684
1.6523956879819244,0.9782208352240479,0.1701641230620155,0.0037885437946884575,1.3228125473211774,0.9546046869848335,0.45851501937984496,0.021804243275451142,1.1079172526699321,0.9276456170270687,0.7453821463178295,0.05813822033537623,1.2180484124475681,0.9429271291635641,0.33044149709302323,0.02000074480762683
1.4985505966400505,0.9692472484132867,0.184721276756675,0.005860927174338808,1.4098475276139932,0.9625397105986097,0.46860298010740487,0.018237173028695465,1.1178561139659828,0.9291666927775973,0.7649950835791544,0.05831798771951876,1.2227225726035815,0.943503573745952,0.34054912638983437,0.020391876766906944
1.4490625758996263,0.96566294906916,0.19885031728256813,0.007070721185613418,1.268065388566016,0.9488179693566767,0.2682493467711833,0.014470158375903387,1.1236199752678786,0.9300352279006059,0.768809257185517,0.057836050563708025,1.1749504791216303,0.937345912295937,0.31287793952967524,0.020913391317771892
1.2699912061175154,0.9490328845159148,0.14235380182439797,0.007645006590981833,1.3902072392163438,0.9608745408358347,0.21870381152864246,0.008905311446349541,1.1196924502221548,0.929444479206481,0.7692629253071767,0.05839589941782433,1.2078721085241684,0.9416529677666541,0.318134993505621,0.019712392310144124
1.5037743048979721,0.9696037517784732,0.2051600916950092,0.006431593381187173,1.2886290867045367,0.9510691234515216,0.27563939289513506,0.014181174399503942,1.1219021148562471,0.9297774051809262,0.7516144015102707,0.056766612399196566,1.1962575366198511,0.9401661337178682,0.3243785865184364,0.0206440375530006
1.330878060824576,0.9554027160007692,0.19581754720921213,0.009140575611379138,1.2240371516288377,0.9436647065456456,0.3576563944989708,0.02135152220928298,1.1067200401498933,0.9274603722853271,0.7617314519256585,0.05957744135751123,1.1909215525315882,0.939471219040199,0.31365412726350644,0.020208284811179505
1.7544670339343782,0.9827036081095935,0.20209381249621236,0.003557017345530088,1.2124624816115717,0.9422309928231826,0.4134446397188049,0.025348652868622437,1.0979297612921763,0.9260868113977234,0.7675746924428822,0.06126195979752465,1.2345396287329964,0.9449365978750485,0.34793345857826796,0.02027479937331592
1.4062786327820147,0.9622422765582502,0.17683321054293405,0.006938813250731898,1.4042982401022737,0.9620762517951147,0.48292712264505555,0.019036335806365136,1.1056052979681534,0.9272874952366623,0.7553864890465952,0.059233025318586055,1.229656875403311,0.9443486760880747,0.33019591333503734,0.019458744627591743
1.4073346141770973,0.962330518312128,0.23526288621783054,0.009209134300097137,1.194401934291231,0.939925326695485,0.4278298060614999,0.027344444392661187,1.1218872074653385,0.929775163986175,0.7708871027210382,0.05822420566889061,1.2225401837457779,0.9434811834718648,0.32574293931126025,0.01951348447090421
1.1404070277067537,0.932508979523955,0.18928262748487468,0.01369946881783686,1.1974787714896893,0.9403241235199065,0.37382648347390696,0.023724184560180904,1.120567276455167,0.9295764616809973,0.777009507346586,0.058865258610248584,1.20125244734836,0.9408098541317147,0.325872500223527,0.020501954500141747
1.5551566968830635,0.9729035078111227,0.16555820532950186,0.004610988223907511,1.2216461110146573,0.943371305313301,0.4444164654648872,0.02667743251761821,1.1149606754789971,0.9287266407987335,0.7683340492660455,0.05896433490139328,1.2255829698470955,0.9438536303323214,0.32126616403252806,0.019110938632652612
1.58080582956879,0.9744177145172725,0.17601822842495016,0.004621168624753257,1.2978498093951856,0.9520477571706703,0.3936650227105788,0.019827913694719455,1.1139592495546187,0.928573856400458,0.7663283814777616,0.058946179286173815,1.1993909379662353,0.9405707137777827,0.32293993314245456,0.020404728148744947
1.4066325082822215,0.9622718698210296,0.18625430587102695,0.007302537794857092,1.2788860909076973,0.9500144888071114,0.5295356428345793,0.027861795913425882,1.122659213253997,0.9298911413262088,0.7648279907940854,0.05766397283865702,1.2128165360489016,0.9422753517928256,0.3376103732005596,0.0206823196499997
1.3296050530869794,0.9552776551377118,0.17325339893060732,0.008111043123290917,1.3143400883716976,0.9537517545236124,0.4316163148669151,0.020929447507595365,1.1169108407983122,0.9290233057473983,0.7506517992605577,0.05734924292713977,1.195338157549959,0.9400469363468495,0.32139227268040477,0.020497329055205297
1.3757911252443404,0.9596073416045856,0.1748146380033119,0.007358455536176411,1.2073567427968592,0.9415877345950087,0.4956065104205517,0.030745407952428895,1.1174461783736702,0.9291045431682557,0.7577240381316107,0.05781824255487067,1.2164330378464878,0.9427266300899864,0.3341289850964479,0.020299302417350465
1.3526455765863163,0.9574902281793284,0.2283751132588342,0.010139188545676562,1.2685942531857977,0.9488770742263272,0.3966626396858955,0.021371108267512297,1.1155145330851175,0.9288110114685952,0.7667623074599819,0.05876871875773159,1.1994255168640415,0.9405751642240993,0.3218816067653277,0.02033623930214183
1.6413469852743299,0.9776721825262517,0.16666914310337141,0.0038063455954145484,1.3232154087543553,0.9546448681775801,0.3537243131602799,0.016805425124010728,1.1270344257221634,0.9305450835548612,0.7509695249699113,0.05605158367005193,1.2103225614559971,0.9419622034848825,0.3268302105466486,0.020137225447606676
1.4149054150768936,0.962957383748256,0.2025678250612467,0.00779228897906849,1.3234532398060066,0.9546685734196597,0.4076611317787255,0.019357357285461,1.1089999717885504,0.9278127705127299,0.7502646462813417,0.05837333556787212,1.2246968646739986,0.9437454070702318,0.3316849650666909,0.01977101297761604
2.0787963880245464,0.9917282708453169,0.19908796351854074,0.0016605372263706086,1.50472027609533,0.9696678821410907,0.36986979479179166,0.011569872958257713,1.1186373890694847,0.929285001166966,0.7475549021960879,0.056886040310605616,1.2271627211728646,0.9440460855356835,0.3421786871474859,0.020281040603328526
1.4186846072413781,0.9632665375309081,0.1829478822513915,0.006976583224521795,1.2080205983695962,0.9416717504014399,0.3643926541060214,0.022570907188749087,1.1221730871184281,0.9298181319474309,0.7598743935470429,0.05735466172589076,1.2031020372347094,0.9410465699009952,0.32703812840432184,0.020487848379939277
1.6214389645250158,0.9766493118486193,0.17745621868709038,0.00424279705398261,1.3183551372400146,0.9541578386658925,0.47289872402258315,0.0227202447255981,1.0957110647924397,0.9257363560709543,0.7522969107118531,0.0603501305092354,1.2074694962332402,0.9416020123698118,0.3139691525269802,0.019472310429101067
1.472811526328323,0.9674307062313905,0.18330411007756545,0.006171072896131366,1.2641674368138505,0.9483803438382754,0.4074118101578056,0.02217513015027015,1.1190810216258935,0.9293520990972158,0.7705578174685727,0.058576606628711995,1.2402936885774762,0.9456219232037242,0.34758833843502035,0.019988099786088995
1.225541310012184,0.9438485466540757,0.18324842673059635,0.010901818433427453,1.3483935570679233,0.957089933143299,0.43540605334132454,0.01952094804437904,1.1099698704267849,0.9279622039688563,0.7792628109080012,0.06049424770400492,1.1903427259105903,0.9393953850373564,0.3299520527419838,0.02128668868409077
1.546272586633468,0.9723589813889849,0.20800011980711056,0.005912770173078433,1.1327337685890388,0.9313884722390011,0.3421840836253632,0.025207282946711217,1.1221650923717559,0.9298169306604605,0.7736544163896127,0.058395840901439636,1.2263351545283734,0.9439453437049684,0.33891933986282086,0.020126172806979026
1.3388531465216857,0.9561786361916865,0.18517796927688274,0.008486647634470053,1.1688988894411976,0.9365225667733743,0.3186661671037842,0.021599170229936522,1.1200107740784262,0.9294925302285406,0.762547770700637,0.057843728855732975,1.2084493451720004,0.9417259512029896,0.3253203446983889,0.020130839144229765
1.3610733705700901,0.9582731179093052,0.19777646012451824,0.008611944630081766,1.366281446715958,0.9587500020621238,0.4067299140231248,0.01749946083821685,1.1199402166524564,0.9294818821865456,0.7861695819745034,0.05964527148459861,1.2181568207163855,0.9429405610784477,0.3271716572783872,0.01979788755082099
1.3407738499713817,0.9563635736663648,0.16006747292799373,0.0073034698133225134,1.2023447911883807,0.9409497628708063,0.15985662002801332,0.0100319609949481,1.117428792192763,0.929101906167025,0.7601548262722714,0.058006046315173324,1.22328032755931,0.9435719926789901,0.34385589710378484,0.020563458039969534
1.6164293200686322,0.9763847967204556,0.181070328158186,0.00437943382743354,1.2733351964269157,0.9494040357468244,0.38151006611026356,0.02033156479259901,1.1050657682180787,0.9272036873028379,0.7645307966137186,0.06002459189824703,1.2412208516520828,0.9457315962885207,0.34781178019085224,0.01995829490849232
1.316419564822252,0.9539624993569085,0.15964249710356448,0.007704224818087301,1.195165769733273,0.9400245615532975,0.4459758354523706,0.02845414615942863,1.1145584360745635,0.9286653086913594,0.7639517912760867,0.05868235272205522,1.2270736320923914,0.9440352486773641,0.34483381231097937,0.02044260379118105
1.6033418874883723,0.9756798937529151,0.15270808624517226,0.003806450154452117,1.2368052220805819,0.945207402140305,0.5039990268527811,0.029216250250993,1.1112301337344863,0.92815594801751,0.7436821457896178,0.05756482933140784,1.2119136941567017,0.9421621727938055,0.3232977526381413,0.01984673137299488
1.2761172427567813,0.949710865202666,0.17492871569442794,0.00926283365369768,1.184381975317317,0.9386092612189662,0.4090679577046454,0.026755525619385857,1.121578739173457,0.9297287736557156,0.7683557086848045,0.058074246433838995,1.2069756778124852,0.9415394567525402,0.3257544255673043,0.020226216275218707
1.5895027296755015,0.974912188924271,0.18221109422039405,0.004688912047296389,1.1948259448123162,0.9399804316393127,0.31519568392500524,0.02012585396627657,1.121957995472675,0.9297858057502872,0.7689051834629944,0.05806504850621617,1.1961937912555443,0.9401578763045283,0.3167754627559689,0.02016312036915034
1.2143254755048047,0.9424640463348556,0.19164854936651923,0.011699843722660613,1.3555621483927063,0.9577627351408983,0.2986280830646975,0.013169476088369547,1.121325734112221,0.9296907032568194,0.7722168078566609,0.05840008994762148,1.2076932360335562,0.9416303344659274,0.3283004722992728,0.02035064935928952
1.2518295138065894,0.9469717252022674,0.18537349038318174,0.010380496192908602,1.238240868982543,0.9453783537707168,0.3946622931265842,0.02280262084404168,1.111922284715552,0.928262149837349,0.773818398687938,0.05980214570625838,1.20286617485436,0.9410164330001791,0.31941255404800956,0.020021001888572868
1.4625464421455685,0.9666776786431278,0.19821853271325346,0.006832785934635342,1.2279235039843488,0.9441385473154467,0.45216851226273613,0.026753266271174154,1.1199450907208175,0.9294826177952378,0.7855270931483193,0.05959585816798878,1.2275111536979455,0.9440884501572707,0.33408571039037765,0.0197854870961757
1.2790020225831704,0.9500271635744924,0.16148821877670613,0.008494519579010068,1.4094401243020664,0.9625058715240596,0.4516695153216945,0.017594650938930933,1.1079012400941555,0.9276431422808143,0.7640855817360518,0.059599245877053494,1.1964629172028365,0.9401927309436762,0.331324014161885,0.0210760877080087
1.4543303435683295,0.9660628749086135,0.1629937757115111,0.0057258593608228645,1.2665387231240839,0.9486469893754013,0.3341081833335882,0.01808624417792307,1.112229456764634,0.9283092350824118,0.7719341173591888,0.059614345358258394,1.1877269103240986,0.9390515686955837,0.3262628270810075,0.021175841845569306
1.5109597078001373,0.9700876009500959,0.1870268305977833,0.005766923713281746,1.1960175042445518,0.9401350349747414,0.2743171219187209,0.017467687405070532,1.1185663196917632,0.9292742466928959,0.7822058021924777,0.05953258125696593,1.1971479195918169,0.9402813602025021,0.32408697232148265,0.020583236020929038
1.4674435622318882,0.9670389964948067,0.1945478581956875,0.006631058994682785,1.391240650431927,0.9609638999338818,0.4233767417830388,0.017198332693920078,1.1132948605847646,0.9284723259050048,0.7602455591180538,0.05856781625856143,1.192035766443884,0.939616946047366,0.32390706438329103,0.020815394854862057
1.3961302559856958,0.9613840557147871,0.18415430445641381,0.007396931869734176,1.422138954196687,0.9635469455062557,0.4545481900520567,0.01719653621370215,1.1248780441916193,0.9302234878622009,0.7771191285770168,0.0582920803604807,1.2146408614720037,0.9425034124554379,0.3455601360093883,0.021080590637027496
1.5624154074138417,0.9733406561198316,0.18991723100075245,0.0052017438480399004,1.73214354570457,0.9818078941619599,0.44586907449209934,0.008261593170416312,1.1125688285071698,0.9283612229373435,0.7529721595184349,0.05810454307802217,1.1878313588403469,0.9390653320432495,0.3303235515425132,0.021434244503246765
1.358614655667013,0.9580461543328695,0.177905483890689,0.007790667684150911,1.362462273556933,0.9584008077778523,0.4110014061258177,0.017839432477777986,1.1052838374486935,0.9272375718318026,0.7559454667726355,0.059320749499456246,1.2037632922063428,0.9411309836529047,0.32669499296937093,0.02043521381793236
1.2323522984485227,0.9446739528609905,0.1704025029851423,0.009979842128820169,1.3607748434981861,0.9582456236856517,0.40801983041368783,0.0177789630567606,1.1280306528736883,0.9306931939619053,0.7860068620486389,0.05853231278152685,1.1881069839527945,0.9391016376512563,0.32049092365593024,0.02078302455855193
1.4185933344813133,0.9632591003645381,0.15634151152381387,0.005963221921888974,1.3580010080328382,0.9579893248035983,0.5137694023396604,0.02253031315559368,1.1128240891645569,0.9284003030120238,0.7673691717116543,0.05918072193020078,1.195508850740477,0.940069083488935,0.3158693310270533,0.020137178042204024
1.5057966523366748,0.9697406936565193,0.2181934813819226,0.0068084008833238716,1.3485601319347582,0.9571056824327404,0.38671839203347896,0.017331441889281388,1.1167682545268254,0.9290016538005752,0.7751473867489385,0.05924013406739798,1.213814368694815,0.9424001968174884,0.340455753428842,0.020808765168003042
1.6034753153243322,0.9756871828122685,0.220657134164892,0.005498480105741025,1.3392091660572178,0.9562129723767572,0.36442044417401886,0.016687587929140747,1.115637450209383,0.9288297232678587,0.7566778217219349,0.05797937837255627,1.192305832451925,0.9396522182682336,0.3328414968055978,0.02137625560818376
1.314696438786368,0.9537879339668893,0.18053920236693535,0.008747321332370276,1.2621134323951027,0.9481483182642982,0.424810554599523,0.023231746817190826,1.1253302161177239,0.9302910372334582,0.7736165202427316,0.05796896137530877,1.219518955721188,0.9431090783330449,0.3382543851704254,0.020404430592745416
1.603037327604018,0.9756632478985648,0.20222065084929364,0.005044152129446394,1.291633903467133,0.9513901003407639,0.3586892743767584,0.01832670912809938,1.1071590624915288,0.9275283529387034,0.7564806595754284,0.059106979528711356,1.2224557099423161,0.9434708105405332,0.341176824589646,0.020442020188581978
1.4035228747083526,0.9620110587658218,0.18575646201120685,0.007335353637478682,1.4949129773492111,0.9689966032969899,0.40807073567512203,0.01305637074266132,1.1249215672783033,0.9302299923516019,0.7742212448032777,0.05806888900122655,1.2211022128650677,0.943304364090356,0.3311441826836175,0.01990283383574874
1.4097906103161997,0.962534984790614,0.20590587418707468,0.008014531243037169,1.3428552261131559,0.9565631407021515,0.32987792917175923,0.01497952470171644,1.1147383595893936,0.9286927488423911,0.7809515187180299,0.059963326037116925,1.208809540165482,0.9417714493792987,0.3327750365910703,0.02057506423264355
1.579013737291329,0.9743146495701072,0.1890081658867786,0.0049827239866046084,1.3705873367647716,0.9591403335110974,0.4149463253509496,0.017676838177131317,1.1302410812310633,0.9310207779344941,0.7776554423953268,0.05761640204254459,1.213542577189237,0.9423662164415928,0.33036670030889687,0.020204759644721675
1.652787583071815,0.9782400518102667,0.17157133222978357,0.0038164285885196087,1.3266964813233817,0.9549906601841363,0.3946109987125253,0.01859827669173732,1.118955328862904,0.9293330944647424,0.7744926736558151,0.05889277045331887,1.2062204797696132,0.941443668691101,0.32166942554104594,0.020007337751936128
1.5838838383837954,0.9745937946818477,0.19401699065816125,0.005057733310810181,1.2863182479944413,0.9508209113367629,0.45445475708196026,0.023505657611738996,1.1210315467319594,0.9296464120635397,0.7748435468754724,0.05863844888197824,1.2083539840916218,0.9417139000470293,0.3333131783414457,0.020629965457111352
1.3273357158550696,0.9550538848956974,0.1545216311893706,0.007271994943301569,1.3315205288577343,0.9554657056996605,0.3623588187516283,0.01688955886155161,1.1085226360321865,0.927739121896542,0.7730525799580096,0.06021246375135507,1.2357243244315868,0.9450783603044861,0.3304215898119627,0.0192018950655317
1.3181995030360452,0.9541421611688053,0.22565668718091095,0.010845478182462114,1.202048462423543,0.9409118393848228,0.21990344423364644,0.013809678536093009,1.1208478887702782,0.9296187484820555,0.7644100997948575,0.057873337413178697,1.2202063598525223,0.943193943240668,0.3477395770672343,0.020943427694707962
1.4511785547553326,0.9658241362499639,0.17248935061751094,0.006103567226974537,1.2054788014656104,0.9413494522079513,0.30852563513223624,0.019222614371265444,1.1152564885427971,0.9287717143055815,0.7686096043639484,0.058945318471549255,1.2016679067318397,0.9408631032469054,0.3185621035211915,0.020022864283198074
1.5009510618449142,0.9694115733995006,0.19716037431429492,0.006221119907915995,1.305174228388486,0.9528118530935568,0.2844696445858111,0.014088400911004292,1.1131607322051007,0.9284518125401652,0.7822799981560872,0.060283921252757174,1.2260831542296664,0.9439146331854458,0.3367753038614607,0.02001046046654744
1.315047809871641,0.9538235814995533,0.198607924124216,0.00961498834768436,1.4962894212218378,0.9690916769752291,0.37094997705369437,0.01183112185277801,1.099625597209681,0.9263536512131957,0.7593085513232369,0.060366040911393214,1.2459248647499062,0.9462848231379756,0.3462750497169956,0.019656053952946714
1.4327328717658134,0.9643941233066127,0.16454491008768563,0.006075074119094315,1.214537442839004,0.9424905066460594,0.506104209216972,0.030881792921119738,1.098952869872289,0.9262479038296467,0.7871281807153058,0.06267474727066945,1.2223125514328586,0.9434532273545133,0.32770773506964174,0.019641476918905304
1.4966784832050433,0.9691184990454143,0.18128501535659716,0.005776748024417292,1.2859248710745783,0.950778539126922,0.21280076551479327,0.011016618615693433,1.111401550715156,0.9281822632922068,0.7588319725896316,0.058714324727126066,1.204903790602349,0.9412763099308857,0.3209297300634328,0.020021940213913764
1.31561793181035,0.9538813662208216,0.21907478493073784,0.010591914397596089,1.2658577363469472,0.9485705476552239,0.39607640838125296,0.021474409910877377,1.126601057542279,0.9304805627599431,0.7624755344490131,0.05696719758119481,1.2188150857991193,0.9430220571668644,0.3418349542551093,0.020653867355372724
1.4681424374933976,0.9670902511594727,0.1706015002991394,0.005805510416355123,1.198801572612395,0.9404948120040189,0.4806479819595932,0.030410639337234688,1.1228422966431797,0.9299186196941392,0.7709666037706905,0.058102292628297796,1.2260277345062462,0.9439078772276487,0.3574025495881081,0.021238796893536842
1.290665472646848,0.9512868706030544,0.18100990800807434,0.009269085218570066,1.3019278131195824,0.9524746199004648,0.4004961708553554,0.019983453995129227,1.1216143472646163,0.929734130177613,0.7789111977441177,0.05886722993963034,1.2237661966381772,0.9436315299872151,0.32733408323959506,0.019553523667764198
1.5954390015206383,0.9752443440244003,0.16394802322366603,0.004161665623259604,1.534919859906182,0.9716476574043085,0.4500046078702424,0.013130978822159573,1.099892597607619,0.9263955828485098,0.7700979940404878,0.0611861876830116,1.2268368706403758,0.9440064392514215,0.33999938561730103,0.020166998297319175
1.3795348192305468,0.9599401483504818,0.15563583591928737,0.006494934615443393,1.3649648824280503,0.958629944055161,0.3961681564849551,0.017096794126851556,1.110007315151964,0.9279679673987697,0.7629722260818551,0.05922450148469886,1.2349459547593307,0.9449852582282722,0.3525851820974789,0.020526651158556803
1.3706239093450647,0.9591436336443074,0.20776910454399067,0.008850280974487982,1.3263044262522241,0.9549518413113707,0.4288343276028647,0.020229498499586263,1.1292117769426735,0.9308684144798232,0.7789041053874584,0.057845851181555046,1.22292290404805,0.9435281570635099,0.3296425230420047,0.01972969290535264
1.566310689360772,0.9735724095207284,0.1941357258164659,0.005269807781220273,1.5476866508462206,0.9724463584992085,0.3708711039364212,0.01050839396081224,1.124963413933222,0.9302362457707796,0.7912579163044828,0.05934097177567213,1.202638170778409,0.94098728645426,0.3371569601390786,0.021144331485723093
1.4502823789136734,0.9657559582931597,0.1893454955802144,0.006713864917914353,1.394104333267145,0.9612105007330283,0.4125289950473325,0.01664754300831082,1.1139751186427023,0.9285762798529645,0.7655946335652937,0.05888758741769523,1.2450883625645066,0.9461868346631948,0.35167074164629175,0.020000823379734765
1.394431504842698,0.9612385791775189,0.21333558096055413,0.00860264081066746,1.2219456266015496,0.9434081369939595,0.37554785913507216,0.022527845757302243,1.1255665502833545,0.9303263188085142,0.7622827719373525,0.05708862122458854,1.2105458629574688,0.9419903065076493,0.33633187237563983,0.020712005944682022
1.5085660618409473,0.9699272530102188,0.1740359094457455,0.005396010737563274,1.192763300869632,0.9397119223659439,0.3053551912568306,0.01959034150604818,1.1191170028120123,0.929357538550643,0.7843715846994536,0.05962176787258375,1.217260824868432,0.9428294568979482,0.3352537080405933,0.020328847837146072
1.5363746556174083,0.9717397934229641,0.18465980416771277,0.005370289708803875,1.2990672929142404,0.9521755763846178,0.3687390158172232,0.018520461281857876,1.113773005572113,0.9285454084218256,0.7786687170474517,0.059921092330737606,1.214345398769372,0.9424665338829317,0.33256967110218427,0.02030192608016658
1.3464036914281503,0.9569013681278769,0.2075638598342593,0.009348631617546437,1.1890804222907592,0.939229698075799,0.3897234551041311,0.025215995705993408,1.1231221441120356,0.9299606018128697,0.7603277569136224,0.05726360709839679,1.2512415413085127,0.9469036984038666,0.3546354635463546,0.01988568801756929
1.7611454728787215,0.9829630549702023,0.17484590777873138,0.003030470071534502,1.3141996319576192,0.9537374869011195,0.34071935710384643,0.016527119818131947,1.1127985962007885,0.928396400956934,0.7728797690567215,0.059609206837718094,1.2349707482042505,0.9449882261035234,0.3485995162674573,0.02029345682792203
1.4965545688167037,0.9691099587903449,0.21109702643676406,0.006728643934282381,1.4711156775278578,0.9673074457414271,0.4418192647799991,0.014932377859690291,1.1168260330608555,0.9290104282957611,0.7679185057348382,0.05867986425715359,1.2002365458191013,0.9406794574851118,0.34076087786551,0.021488850406995875
1.1091862675500583,0.9278414954893482,0.13240210311543593,0.010296950288730258,1.2045388759397124,0.9412298478665679,0.42942792121164564,0.02681337009993513,1.112707546310642,0.9283824628940163,0.7709958408538021,0.05947637471390905,1.2208613240361552,0.943274692514485,0.32775641528682414,0.019710147621934338
1.3667603148512983,0.9587935874853961,0.2222430402673037,0.00955141806879651,1.0512942780974108,0.9183918137350517,0.2833700251377894,0.025180226399556367,1.115842458087114,0.9288609217226793,0.7879213702437272,0.06034487911299722,1.244406080078598,0.9461067867906605,0.36262432276297096,0.02065622001069238
1.2808875018486532,0.9502328753265414,0.1762329230140389,0.009229954129079933,1.3574698810524006,0.9579400780453219,0.4321243849140845,0.018973126107518144,1.1192914485801937,0.9293839048924347,0.785549214733764,0.05968730227336253,1.2416125876211377,0.9457778716139194,0.35032778380417867,0.020084544839504895
1.2482818150815038,0.946560013577205,0.20891382562249378,0.011794658388968201,1.1040916055251497,0.9270521401096029,0.32149366807728275,0.02529768719565089,1.1119850294925087,0.9282717700660659,0.7945889401359897,0.061398461139218916,1.2301068669073478,0.9444031047845224,0.33659835480956685,0.019815503959317686
1.4482393163415046,0.9656000383815367,0.18320634426994248,0.006526813339515185,1.3463383393292192,0.9568951617852368,0.5657596019281604,0.025485525565898497,1.119895220779229,0.9294750909424724,0.7801275073860986,0.05919300263968616,1.2404778670928758,0.9456437260885145,0.3474731767998756,0.0199730053232121
1.266572049439458,0.9486507275413681,0.14793540695784113,0.008007557784564606,1.4477938104822883,0.9655659480064062,0.3950363064918175,0.014087800781688583,1.1153220870582288,0.928781706089775,0.7778259455944511,0.059643117905026764,1.2393936760490407,0.9455152619424964,0.34049141494681756,0.01962060931316241
1.4953411311959972,0.9690262070164255,0.16757669486175988,0.005356393684646554,1.4677544749176108,0.9670618079684196,0.34629465976518115,0.011794820050663027,1.1344848841684307,0.9316456912751743,0.7841812902411311,0.057534930404720054,1.2067379847845705,0.9415093240242352,0.32563754576442366,0.02023002819923209
1.3953280519574236,0.9613154225129306,0.18309218879814398,0.007367866778131991,1.5751326115395197,0.9740900546052225,0.38239305252927436,0.010171321494901391,1.1251884324613999,0.9302698628717949,0.7743012556236578,0.058039215165481516,1.2100650170696179,0.941929775049415,0.3378740614173969,0.020830027111571787
1.6521047533445063,0.9782065585059356,0.14992010527305197,0.003340066588842451,1.3321648902440337,0.9555287958277761,0.34885797537362534,0.01623617657331745,1.1186395153294058,0.9292853228969927,0.7732399661622333,0.058840286382488755,1.2463965885060873,0.9463400069638546,0.34307735689444496,0.019453397770721362
1.4897721326700093,0.9686390058906587,0.1778092299863236,0.0057568136119609,1.2652923308650696,0.9485069983398431,0.2906078050952578,0.015776655540145065,1.1138443900612303,0.9285563133357277,0.788683566044337,0.06068179254235489,1.230368570390129,0.9444347360696581,0.34105149327311474,0.02006556463226072
1.327349286651972,0.9550552262234162,0.18271219080993198,0.008598411753264814,1.3434995794190518,0.9566247459401857,0.3548641694685167,0.016090241834894298,1.117003155414383,0.9290373206127209,0.7847547789300879,0.05994194263167293,1.240324933891479,0.9456256225759758,0.3476030370475604,0.019987506978368222
1.3416512407124954,0.9564478063361274,0.1681068466366016,0.007654805513106307,1.263127289792372,0.9482629691385277,0.5133873663628623,0.028010308197034733,1.116774267742224,0.9290025670398694,0.7866693998549308,0.06011986399127972,1.256677987070798,0.9475295514869848,0.34406635340124253,0.01905303729352737
1.4151832697593427,0.9629801983818397,0.1965464385147183,0.007555825316862546,1.2983780719896987,0.9521032573543005,0.2006756968123377,0.010095241383981757,1.1300789351661509,0.9309967968037686,0.7801326367816811,0.05782152101991024,1.210350311225951,0.9419656965541998,0.3303563049394688,0.02035318071159432
1.6052730416120387,0.9757851837449134,0.1670964414646725,0.004146619250168514,1.4333177029626283,0.9644403348938816,0.4691265413287074,0.01729706037634355,1.1248572568974669,0.9302203810203155,0.7888164783471643,0.059172336391498236,1.2098462941015198,0.9419022214224115,0.3372091206026224,0.020799505912120094
1.5566778089957916,0.9729956886312217,0.2058590657165479,0.005713367873721826,1.4689095628697881,0.9671464225699751,0.286049089469517,0.009716973242482288,1.125756926646009,0.9303547274754197,0.7949960411718131,0.05951247874412103,1.2182563020379933,0.942952884320681,0.340221694378464,0.020582859099905617
1.388727105602077,0.960746211775148,0.15884271734505745,0.006489932836895958,1.285706163093625,0.9507549662395903,0.4457996501678249,0.02309051185893159,1.1244555599577857,0.9301603187868525,0.7847429048677098,0.05892123454773945,1.2118550350751094,0.9421548121717649,0.324997242313935,0.019953755245354116
1.4053035223799986,0.9621606163465017,0.1766571519188075,0.0069474863479371245,1.2988622042068632,0.952154067546223,0.43766254360926105,0.02199263040806195,1.1242487362378575,0.9301293755986582,0.7952584839835077,0.059739223697379495,1.229661561555184,0.9443492431596022,0.3467649857278782,0.02043495459046466
1.4368451198357932,0.9647178380540239,0.2028999332252218,0.007420561764795666,1.250283665927034,0.9467926984246465,0.3798848930013673,0.02134854873667292,1.1213611808669959,0.9296960381801254,0.7809787274635124,0.05905790321017935,1.2270998949294716,0.9440384435125249,0.3476104168654011,0.02060596166684584
1.683266093735218,0.979684837855178,0.20504973221117062,0.0042519985985922226,1.346082036290702,0.9568708130207791,0.39331484315225707,0.01772794109840643,1.118552196079454,0.9292721092770596,0.801421831165519,0.0609970697837373,1.1974498322125628,0.9403203842010956,0.33272762050497323,0.02111733074285229
1.4649901881779344,0.9668584579043783,0.17901590043830182,0.006136227026467579,1.3459625131337734,0.9568594538421092,0.3222798093227117,0.014530166299780134,1.1123344155968813,0.9283253172879907,0.7859519467639249,0.06068223645538514,1.2261387765499603,0.9439214130713021,0.3329174264964648,0.01977870041226635
1.4218259479697115,0.963521622190597,0.15009513625713522,0.0056825160553154,1.3525482718441366,0.9574811077068826,0.375969053197679,0.016695669031781324,1.1285907049864974,0.9307763292388614,0.7856525089239381,0.05843052611241941,1.224662825741026,0.9437412458608546,0.34456622584246693,0.02054044651470357
1.5018329947677331,0.9694717326810722,0.22172103255622558,0.006981904395898339,1.1966143857615297,0.9402123393531722,0.38201731478404,0.024292301453130837,1.12527913875167,0.9302834098844688,0.7768861877403732,0.05822081243375023,1.2535255114154684,0.9471674867911907,0.35253153538135257,0.019664026963863882
1.3667190067635853,0.9587898294604569,0.2010724711257774,0.00864238498500093,1.2984882035635326,0.952114820281036,0.5048546769894656,0.025390904988186573,1.1353362355541248,0.9317704220860082,0.7966747049117908,0.05833709416230853,1.2324786002649526,0.9446891506603239,0.3503299911156238,0.020511561230720222
1.6066222025494215,0.9758584785271702,0.22134544242097073,0.005475810139174905,1.3316235400984875,0.9554757973702926,0.4559801851293206,0.021248213940851163,1.1348974475562112,0.9317061619717443,0.8031055999237889,0.058867447699077986,1.2451830353309532,0.9461979331547132,0.3412031818109649,0.019401264526559107
1.561407691118304,0.9732803799911846,0.19703311683104804,0.005409181279217639,1.3769036904015053,0.9597065220061969,0.48339347285702833,0.020295375528131526,1.137565739480105,0.9320960660365363,0.7937134151230856,0.05782264864136943,1.2257464111154575,0.9438735706099576,0.3334295565712453,0.019827030914061416
1.484036727139292,0.9682353405800757,0.18671837897736268,0.006125624078235948,1.1995906886535037,0.9405964182052058,0.23607725186006015,0.014909512804140653,1.129079390955072,0.9308487953581082,0.7838056039259143,0.05822761117254361,1.2485929818630406,0.9465962449224122,0.34894728510368844,0.019686424332048782
1.3018248294467174,0.9524638847119714,0.19426216516088127,0.009695347852461867,1.12771724565368,0.9306466308397008,0.3196861626248217,0.023823556350227183,1.118682895314085,0.9292918865422558,0.7976382944999207,0.060690833356562876,1.2462640871262225,0.9463245119116594,0.34774132192106516,0.01972387373216469
1.242108190721129,0.9458363633474298,0.16844804791411142,0.009646233974093123,1.257228633735601,0.9475925528322481,0.47958712308255946,0.026523991498414414,1.1297777200166959,0.9309522270984707,0.8054763535577183,0.05974135591398349,1.2317064094105388,0.9445961720600883,0.3529524203953551,0.02070187848412721
1.484352391778375,0.9682576875661135,0.1764817719473359,0.005785587469095857,1.206479458044989,0.941476533635315,0.5066146996847125,0.03149186121758176,1.1297712768141919,0.9309512734302364,0.800687611895369,0.05938706091227371,1.2109356327535445,0.9420393293632672,0.3418413422691193,0.02103240579421574
1.7464868383981718,0.9823884966377251,0.2165988634896035,0.003883017386367857,1.294031337580548,0.9516447621322643,0.2697436394162469,0.0137062886975345,1.1320541684000534,0.9312884053703413,0.7940882087046365,0.058588796748743906,1.2285509160921406,0.9442146917024756,0.33141224331654395,0.019580222940243315
1.375411287035666,0.9595734271435036,0.17147656374980003,0.007224261949655074,1.3083390979509297,0.9531384250826701,0.47877139657654777,0.02353905904800827,1.1223805534582278,0.9298492990978157,0.7812669972804351,0.05894119348602318,1.253004013977349,0.9471073653853797,0.3635578307470805,0.020303433597694393
1.614595333006889,0.976287230704819,0.20589455543499074,0.005000915651266916,1.2287025526081026,0.944233080050677,0.4312248675560095,0.025468375528490024,1.1300796168796285,0.9309968976442042,0.8012861428480245,0.059389273875275025,1.2398926476747574,0.9455744198302428,0.3342694836280079,0.019239956367226585
1.285929342530461,0.9507790209598687,0.1924734505358682,0.009964178285132365,1.1553529992417557,0.9346429086692211,0.2238611784221568,0.01565401646751349,1.1086503133910077,0.9277588281503519,0.8004358503146904,0.0623269992833005,1.2310579717674055,0.944517980807869,0.34850135796646553,0.020471350915565373
1.4346788941549826,0.9645476685094584,0.1745234081182726,0.006414676971879923,1.3371977954875118,0.9560186487163492,0.3921021916742316,0.018038543760907737,1.1190981768677666,0.9293546925880379,0.7957139151860978,0.06048654469453035,1.2255898394848652,0.9438544685808671,0.35596874594734795,0.021174932232790312
1.4667648138818514,0.9669891441123839,0.2244677813382404,0.0076628301633843345,1.2593692457267769,0.9478367892057291,0.4001078714426219,0.022019520107462796,1.13003929189393,0.9309909324561234,0.7879691614581681,0.058407676369201605,1.2361218058463563,0.9451258464506361,0.34482375709889274,0.020020520934406014
1.715023066050413,0.9810902454509752,0.19134844582380137,0.0036880930787383656,1.3193624490321207,0.954259184868899,0.3293605720776208,0.015787347167054894,1.1255249284429683,0.9303201064152038,0.7882544913532451,0.059039344303624466,1.2337178053143478,0.9448380549167417,0.3397430769969124,0.019835027662356706
1.5041855926369123,0.9696316503899848,0.18234750312211104,0.005711027195841221,1.3253221154809496,0.954854438821577,0.35137940542030915,0.016613234226378937,1.123513391762359,0.9300192569654447,0.7944434532980845,0.05977913117857486,1.2249747777161744,0.9437793707028457,0.34745446583518497,0.02069774920680178
1.2371437731423982,0.945247760931839,0.144734081187959,0.008383532172244083,1.329650419982904,0.9552821177410393,0.4406262609958841,0.020626234798588973,1.1293740735035358,0.9308924592089921,0.7900572996529739,0.05865222832441438,1.2428930117256436,0.9459288672915491,0.36000322814946334,0.020578484279136274
1.254806088606091,0.9473148458819426,0.17957166392092258,0.00998692338670352,1.3189362642837923,0.9542163322422004,0.4157802978199325,0.019949299097508012,1.1206513473457143,0.9295891331854843,0.785000239919387,0.05945911518233947,1.2425881232461988,0.9458929489222179,0.3527294828937477,0.020176862687598978
1.4796944622149935,0.9679263882464801,0.19777995534208287,0.006553718936997402,1.343280943751875,0.9566038520080316,0.44702896339014636,0.020279382119623945,1.1204776271986785,0.9295629470605867,0.7850797577548955,0.05948892932265192,1.2491461655240361,0.946660598777386,0.34780164174069494,0.019596813618999415
1.5790435857963996,0.9743163694924719,0.21345371726045226,0.00562678261007928,1.3329408713906425,0.9556046598864943,0.4084431429965837,0.018975391196309543,1.1323004911420482,0.9313246904589386,0.8107694810476656,0.0597856425882537,1.2364057331035583,0.945159742873548,0.3512607776150968,0.020380926619117137
1.6274331369011914,0.9769620123939834,0.196784638071424,0.004640428179837655,1.4277872062990564,0.9640010126850096,0.43303199333205106,0.01617084736407758,1.1281825709982414,0.9307157541269513,0.8010675129832661,0.05963298491976935,1.231141488811676,0.9445280574577335,0.341219465281785,0.020039750458403983
1.3117790729263012,0.9534909465537151,0.2365432495381897,0.011538025269031539,1.482479114045241,0.9681248488209657,0.3966749658661955,0.013060375964238357,1.1264871821161744,0.9304635995405751,0.7862661633603727,0.05876008350043813,1.2438988300318568,0.9460472016021971,0.35616416352100233,0.020311939275785604
1.5993731377624687,0.9754621071510159,0.19883739706119813,0.0050017839828843755,1.3812262665615314,0.9600896513285481,0.48740513482964637,0.020261137955595407,1.1193126454396258,0.9293871080400434,0.8024059421927984,0.060965128108540434,1.2049438595082462,0.9412814095290676,0.350670111416115,0.021875344030156604
1.3147941817239992,0.9537978528764696,0.20820409555205507,0.01008544549078943,1.2245500978359267,0.9437274629739049,0.4317056139268257,0.0257417221572815,1.1286725847943724,0.9307884759075865,0.8067847805258286,0.0599908633594857,1.229549853096744,0.9443357238318462,0.3492261972425665,0.020585288682699328
1.6594221028738183,0.978562870549335,0.19734665412436342,0.004323223267958948,1.3089142926612234,0.9531975462230409,0.49918907522138245,0.024510421487745782,1.1252164457542624,0.9302740469256703,0.7805799734016673,0.0585060743939199,1.224980799599601,0.9437801064211193,0.34066949949722664,0.020293289588325707
1.3108790955192076,0.9533989631367968,0.21573081103882408,0.010544672132506275,1.4511145308840387,0.9658192698814043,0.4671544689066632,0.016532783434063475,1.1259315856379395,0.9303807813119656,0.8015802196732482,0.059981235350477904,1.2501956437602393,0.946782487308739,0.3560036990768532,0.020010542682947045
1.3513188747696314,0.9573657138951588,0.20829558690306715,0.009276009697767073,1.1698284966975474,0.9366496964748231,0.42781804063672835,0.028935473774118422,1.1336360423765557,0.931521117813555,0.8057946162805746,0.059236353894226434,1.223811059066377,0.9436370243490083,0.34334152970104825,0.020507620810941287
1.5940962307453501,0.9751695884272049,0.20477787910369985,0.00521418949020939,1.2824170986540144,0.9503991693650986,0.5334484106305367,0.027840390775823662,1.1174974070100911,0.9291123126042196,0.7974531005732152,0.0608425971105501,1.2194946091113148,0.9431060703881992,0.33839239187076603,0.020413899908776546
1.354170080190561,0.957632877575308,0.19154245083009883,0.008474126832812498,1.221317337346472,0.9433308498013314,0.36899442251867315,0.02216677251314905,1.1208779560568307,0.9296232780717818,0.8010535242506279,0.06064340518961547,1.2466562460384711,0.9463703597480171,0.3592746012590104,0.020359648227281344
1.5256640430944577,0.9710545966803235,0.23558901309278518,0.007022487741644592,1.0672228737384855,0.9210988444507576,0.18362347291399647,0.01572915250753404,1.1336495763249532,0.9315231056641138,0.7989681522462158,0.058732689942346775,1.2265535432335204,0.9439719452862702,0.33948764540779075,0.0201497856652665
1.451669916633374,0.9658614617665814,0.2086201005515693,0.0073737130643075025,1.461561631538725,0.9666045571600679,0.4113665576544475,0.01421239767663729,1.13191394304428,0.9312677412491219,0.7917541204991784,0.058435449513402564,1.2251129597986004,0.9437962506966554,0.34102927059436067,0.020308539703818327
1.3711684031400817,0.9591927359658038,0.21359585761358288,0.00908708149199203,1.2244718960900123,0.9437178996266148,0.49323940461311216,0.029416152527707146,1.127405880748388,0.9306003424776889,0.8068238998815069,0.06016901109611884,1.2222450124163122,0.9434449302116275,0.3434187673478663,0.020586333904660237
1.862245873602572,0.9864533879029141,0.19327648247646276,0.0026541969115884026,1.4873221243941157,0.9684671819996472,0.2973332676097994,0.009681025838822318,1.1077293860910542,0.927616577302182,0.8027308128358062,0.06263838439265944,1.2428571218629314,0.9459246403383745,0.3430768472420762,0.01961256015019905
1.5395289555202867,0.9719385660708687,0.19557976602621951,0.005646703273033347,1.3864271887926833,0.9605460053424865,0.4941014323920784,0.020294993852913983,1.1167049698355564,0.9289920419674222,0.8108520517826965,0.06197787049034195,1.2418004711568984,0.9458000528819536,0.35299522535973876,0.020228717992901855
1.6046652598730704,0.9757520944180436,0.21936826921500813,0.00545140626398062,1.3655918808692737,0.9586871619279934,0.3151113806612356,0.013579138180721574,1.1339709891319119,0.9315702986937613,0.8097103611061026,0.05947832196104813,1.2654192730897948,0.9485212726000216,0.360319307620437,0.019555470129938992
1.5603475628649985,0.973216825805872,0.19970078584815704,0.005495816340460952,1.3459228906347664,0.9568556875895056,0.43506066484726924,0.01961674418111475,1.124573798739234,0.9301780029628841,0.8008910663203236,0.06011732537379901,1.2415466965700968,0.9457700905818307,0.34034787755236245,0.01951535024646016
1.5404214385770074,0.9719945602906501,0.17945462938538645,0.0051705081583104506,1.3779299841319046,0.9597978047796464,0.3771762068055922,0.01579844361276916,1.1364582940060226,0.9319344917663581,0.8202321287259299,0.05990712566660659,1.228081380726421,0.9441577168549821,0.3409555526246373,0.020165843237455072
1.4862599979788853,0.9683924103036996,0.2019192718638702,0.006590491033327503,1.5281822857933762,0.9712171331040181,0.44337818229784987,0.013139899174631446,1.1122603011989483,0.9283139615335508,0.8025656245877852,0.06197553049940894,1.2408337685123758,0.9456858340320915,0.34098403904498087,0.019583949576713687
1.408180157152864,0.9624010321571081,0.1657625669855673,0.006475992042190704,1.452762384264282,0.9659443084556106,0.3277607916625571,0.011555656287318798,1.124281319127607,0.9301342512120104,0.7996679488443962,0.060065952796565576,1.2335297231159865,0.9448154790726673,0.3449715619554854,0.020149003484523757
1.4926819294376508,0.9688418988575352,0.1642867562442258,0.00528348678299444,1.3481028450698251,0.9570624337273631,0.4334084315282753,0.01944439839665273,1.130420992964722,0.9310473775462511,0.7940580579282623,0.05880730325344226,1.2281208971992998,0.944162514013002,0.34567320939429796,0.02044300922687231
1.315491622150231,0.9538685700395457,0.22495529889334556,0.010879391502228872,1.3555837615403692,0.9577647482974,0.41790299457143315,0.018428573607841812,1.1272471136734554,0.9305767287237607,0.8012693503439167,0.05977662857586291,1.247644156615959,0.9464856940257486,0.34881360846663123,0.01972192320421725
1.6178824020421563,0.9764618207829461,0.19204450351991337,0.0046293442767453155,1.4373746899574296,0.9647593189927556,0.3623131328049361,0.013234556315293803,1.1131766576828703,0.9284542484395188,0.8255304484812681,0.06361454694393688,1.23634210981991,0.9451521489750342,0.34687146162556,0.020129197476493735
1.3177106991055123,0.954092889298739,0.18392980607776643,0.008849962161524566,1.404509439695761,0.9620939909092349,0.25264214927731865,0.009953970919375553,1.1251841771546092,0.9302692272806073,0.7910479702367234,0.05929507781737601,1.2481613591800902,0.9465459818201957,0.34412142363283177,0.019433469887597858
1.3991688876073853,0.9616429698923145,0.2024670701901153,0.008075799179363598,1.2100444617995487,0.9419271861212886,0.4095927037711399,0.025252695964884025,1.1251346784484402,0.9302618335441487,0.7934320817545069,0.05948056406657083,1.2469154583567286,0.946400644333675,0.35104899693256564,0.01988164331411976
1.5484605903133473,0.9724940676553286,0.1910818665708781,0.005404541856860845,1.4795324971241894,0.9679148083921889,0.5039349508539334,0.01670482703212232,1.1326329128678012,0.931373630401082,0.8163798452143813,0.06015328667471857,1.2246675087720449,0.9437418183716649,0.3442673807269046,0.020522410320931547
1.750468633633739,0.982546423040709,0.21914917976480594,0.0038928817864436506,1.4840661991765887,0.968237427650869,0.40118741924404244,0.013160764152875648,1.1276228316178347,0.930632598009065,0.8040431134590537,0.059931687315356565,1.2371746637952628,0.9452514420229197,0.3518751737786428,0.020380459098890333
1.6320972556116518,0.9772024954153078,0.15853779348149127,0.0036985845724894746,1.4305759678853915,0.9642231908104089,0.34068619357395236,0.01264091660228488,1.125403241067878,0.9303019406597879,0.7954297790839745,0.059593460489018875,1.2672872048012669,0.9487308835146796,0.36261268698609783,0.019595474766535958
1.5809614429935626,0.9744266449692034,0.17349099319196065,0.004553187032035396,1.3354653572480035,0.9558506141811526,0.4455682595524284,0.020580166720366163,1.1301759483039489,0.931011145811399,0.8085279650802958,0.05991272837203012,1.2666463458316795,0.9486590603367945,0.36154272126127884,0.019566505833356538
1.5647682329005135,0.9734808749706536,0.2171799027552674,0.005916316532876784,1.5372710601355162,0.9717964202499872,0.4455085703059771,0.01292959742402279,1.13275507765505,0.9313916076816336,0.8121572286888332,0.05982532085378956,1.2555513551794357,0.9474004267293021,0.36820391925740387,0.020442643346066075
1.466942600885393,0.9670022091618816,0.16680984635717827,0.005692185982288032,1.340773282591166,0.95636351914555,0.3971749545679828,0.01812210206047724,1.1310433123789394,0.9311393130726704,0.7853626301007764,0.05808004176875851,1.2480551418011703,0.946533605806719,0.3550140426234925,0.020053509596080734
1.2353423191627793,0.9450326865847075,0.15746718401717164,0.009158993312470555,1.2712162597520944,0.9491691519503359,0.512176999917444,0.027428610805399056,1.1228057608385473,0.9299131369539921,0.8015520515149014,0.06041238329290425,1.2205648887111338,0.9432381589463229,0.34898043424420044,0.02100081697451742
1.6312477846459998,0.9771588798478019,0.2377325446915375,0.005557005855826607,1.5280706973712295,0.9712099495759493,0.4216369824538215,0.012498790802946597,1.1200915529983337,0.9295047190038339,0.8117998876515877,0.061568338516868465,1.244731019359387,0.9461449238485048,0.3597792684135743,0.02047882878167268
1.6392742326638772,0.9775677602655026,0.22806988352745425,0.0052335178301269394,1.229515851716288,0.9443316082586339,0.42302828618968386,0.024937536928062148,1.1412896195879083,0.9326367683626808,0.8053410981697171,0.058168818540470506,1.2368896245435352,0.9452174664093548,0.3604991680532446,0.020893665727843826
1.4138404434992267,0.9628698137129541,0.16836110878485888,0.006492341169747173,1.338250592806876,0.9561204645564767,0.5251151494849677,0.024099273750452788,1.12995299546378,0.9309781652072951,0.7994807805041454,0.05927274388826604,1.2391008251108266,0.9454805134321106,0.35832844820366805,0.020662385677116618
1.3932499656208397,0.9611370853203227,0.22150291320153379,0.008956317416658883,1.2001127653108792,0.9406635511813298,0.3606228109489899,0.02274785382919004,1.1272045159204314,0.9305703918072771,0.8175389671829092,0.06099636381462278,1.2474733716162656,0.9464657723614432,0.33989011171422406,0.019224947318702473
1.597398474705635,0.9753530396147437,0.23066895481997293,0.005828954604787999,1.3873719324169655,0.9606283629570158,0.3624467839345236,0.014854988437506211,1.1188463353086016,0.9293166109137471,0.7991320418468038,0.060781611327930876,1.2649165954583925,0.948464726117093,0.36503745750965316,0.019834480747950887
1.598021291868261,0.9753874909007206,0.2136297327763411,0.005390640941046779,1.2556675009552183,0.9474137522117487,0.4700948212983224,0.026092636611044422,1.1289483893383268,0.9308293763216273,0.8218619454943307,0.06107317279995336,1.2243564605884707,0.943703780143676,0.3425336516146144,0.020433689220308082
1.4122902202197543,0.9627419867925894,0.19732781771780286,0.007636565704600683,1.524901132745928,0.9710051801945215,0.3558406031592467,0.010625622168162078,1.14375053777035,0.9329918954263305,0.8228219712765426,0.059095626625585075,1.2532279805136188,0.9471331935235527,0.3535887641573952,0.01973651530194239
1.383331378507467,0.9602749703015069,0.21373806140321888,0.008841999530900287,1.3115302142706236,0.9534655289050744,0.47005849499322516,0.022941493724797486,1.1241370444125287,0.9301126599550005,0.8226643312733402,0.061813825720180696,1.258452598767891,0.9477323349332492,0.3560924022604845,0.019638581198642525
1.5065942274316961,0.9697945364083134,0.21197279812035674,0.006602157875383856,1.3672438483847325,0.9588375528200466,0.4849843638830518,0.02082015165418341,1.137023092744002,0.9320169393505676,0.8253222363783775,0.06020054924123218,1.2377156841850774,0.9453158750411678,0.3532604199414266,0.020435219017394847
1.3963977481805907,0.9614069152272977,0.2183696361901254,0.0087658594376526,1.1732892835039714,0.9371208968343574,0.2900935893786938,0.01946475080840998,1.1322069810107949,0.9313109178431881,0.7952585846071423,0.05865450646761095,1.2473879895718805,0.9464558101257422,0.36622076378308693,0.020718340890413182
1.5366039837375307,0.971754290823566,0.2034143469851148,0.005912587720488871,1.399419542435538,0.9616642529924302,0.39042973677571274,0.015564076096924064,1.1332222625327928,0.9314603165022233,0.816483054410899,0.060079306803713345,1.2340702995482504,0.9448803420121866,0.3561180724918005,0.02077417159216784
1.2895750499431087,0.9511703882189376,0.19486822707018503,0.010003822652762015,1.3789563657047519,0.9598888971874621,0.4730904934651891,0.0197691435734052,1.1168332233253533,0.9290115201699896,0.790206894266925,0.060382013524373224,1.2278973860882603,0.9441353754596605,0.35866090211863705,0.02122201662489574
1.431944600645949,0.9643317449905647,0.22703144822060492,0.00839733383491712,1.3660535854779612,0.9587292471937071,0.44885491086332374,0.019322014141483716,1.1369151230421304,0.932001185426258,0.8095412966548708,0.05906414002665106,1.2419722543002722,0.9458203258740487,0.3487180343192896,0.019975706743034564
1.4173144441259955,0.963154740271987,0.21215119730852958,0.008115794523561514,1.3091538709516843,0.9532221502455298,0.4335708160168877,0.021276793121453315,1.1397743697042688,0.932417239816381,0.8209314598588298,0.059502132317666295,1.2545727071826003,0.9472880190759534,0.3558941882709941,0.019803784366891165
1.4705391800551146,0.9672654412334705,0.26073398109243695,0.008823856888361046,1.4165644573001672,0.9630934072444454,0.4917935924369748,0.018845966236851034,1.1428496228731935,0.9328620894255423,0.8061318277310925,0.058017157278588395,1.254451504957949,0.9472740819933259,0.3700925682773109,0.02059960341024771
1.5723410806779534,0.9739273320756232,0.18534026214749105,0.004961679325386519,1.4168900702761589,0.9631200475358795,0.434711372964385,0.016646039931945026,1.1201860991382415,0.9295189826490571,0.8223719052032306,0.06235656248178045,1.243090024824837,0.9459520650961464,0.35571958162319606,0.020324400676309556
1.4182939632801672,0.9632346965729828,0.2271318851567393,0.008669302201683368,1.2134491236334328,0.9423545281860062,0.45807100240630255,0.028021002996452233,1.134324313348224,0.9316221425012626,0.8209612024920064,0.060255725529746514,1.2522907381917325,0.9470250300016622,0.34897979365131687,0.019521336303721777
1.5873275314008077,0.9747893952037407,0.17643251854433215,0.004563006655709621,1.3419883042803005,0.9564801243725316,0.3079769668608221,0.014012961641728458,1.1257678151750175,0.9303563519780772,0.8266540548613531,0.06188080933746972,1.2437762420771739,0.9460327922336574,0.38431157796916743,0.021923365601633885
1.3915636252169077,0.9609917873917981,0.19665410302188718,0.007982508447624726,1.2656972758346832,0.9485525200774588,0.5415261522184752,0.02937123169681309,1.1238856835718833,0.9300750281117901,0.7779871718574357,0.05849069104883058,1.2236423223261408,0.9436163563187715,0.35338557164583745,0.021115749022725765
1.4514958505096982,0.9658482436128566,0.195119526862482,0.006899297681441128,1.2920340619411532,0.9514326945381247,0.4419926113678909,0.022562174173147594,1.1307892751763085,0.9311017977616591,0.8222586683895764,0.060844200025307583,1.2676005022049486,0.9487659611875648,0.36151284727399235,0.019521951678416142
1.61101644339167,0.9760957039971452,0.1923971942422127,0.0047117505613958385,1.4345475662784688,0.9645373265670054,0.525098899637645,0.019306055126090498,1.1306737601865424,0.9310847326597212,0.7992254246866793,0.05915555467233693,1.246931282229869,0.946402492563668,0.35349556198264687,0.02001947497068818
1.5173708334552836,0.9705130043565646,0.233151798209378,0.007083826828901749,1.238469005024628,0.9454054730676122,0.3666559881299634,0.021173359779620163,1.1276825636206396,0.9306414763278165,0.7993053330860409,0.059570349351829845,1.2351438657145768,0.9450089447652192,0.37397359591293056,0.0217619132423205
1.5281187552465885,0.9712130435250065,0.24575279245535417,0.0072841638476597165,1.429226332490996,0.9641158319335115,0.44301384522774395,0.016488872759253717,1.1301315515774957,0.9310045795285644,0.8188248277707176,0.06068193919421876,1.2459470793077672,0.9462874230720351,0.3707778743896729,0.021045862616126752
1.4532426749351266,0.9659806696261742,0.2073697842210599,0.007303025226887051,1.4750224609345568,0.9675907307865399,0.4245446442086143,0.014220042864719238,1.1261862769860038,0.9304187573928457,0.8027884760927698,0.06003642905240103,1.234464566129731,0.9449276041745689,0.3477858692544442,0.020269702112050786
1.6534414144849963,0.9782720755546274,0.23021081941129673,0.005113100348734909,1.4787205646022878,0.9678566975255339,0.46522805621850966,0.01545059942124845,1.116286119236753,0.9289283956128354,0.8079587642535137,0.06181630998187426,1.2314574293593537,0.9445661613071517,0.3607133386369663,0.02116921592944743
1.4805431219358334,0.9679869979849176,0.22256689282218867,0.007360671582613949,1.1873698010520375,0.9390044898740575,0.23605328201980658,0.015333462735233774,1.1288847750886735,0.9308199446368608,0.8084202843255976,0.060083113118239106,1.2480794593121025,0.9465364394219857,0.3572980774015892,0.020181396732314946
1.5158948816224667,0.9704155919327142,0.1879656352775354,0.0057303820166388995,1.4204490654593198,0.9634100263843761,0.4394254647962951,0.01668922444503892,1.1168774686541545,0.929018238682179,0.8009933552587422,0.061200003178395385,1.246018601703502,0.9462957930608825,0.35391637022618966,0.020085472349284463
1.4275198361612742,0.963979641902401,0.19519559374896314,0.007293738249529318,1.2017931152828039,0.9408791423266774,0.4366933209462822,0.02743995749625376,1.1353029652717226,0.9317655516465876,0.826487275622947,0.06052477817363734,1.2301715155718205,0.9444109202430305,0.34433790105842926,0.020268112783319664
1.3789317039675746,0.9598867107539945,0.23888400108283703,0.009982868732656908,1.2865148609896535,0.9508420763465448,0.3064597996751489,0.01584377449215192,1.132769817299442,0.9313937764136914,0.8046325121819167,0.05926902179669131,1.2473859275679242,0.9464555695129033,0.3585205739036275,0.020282811540172425
1.6651064058211378,0.978835724530498,0.2401834432430623,0.00519321927941268,1.6451027492805872,0.9778601836701348,0.44762829310748836,0.010134790595783174,1.137281554928517,0.9320546379798418,0.8175777457905131,0.059600171120614866,1.2610400862158766,0.9480266784656193,0.36733839922337896,0.020138459358191738
1.5992400063506365,0.9754547686527558,0.1966052570210214,0.004947150470472751,1.3032758451242055,0.9526149287399174,0.4148815671119699,0.020637082234371336,1.1321135287593367,0.9312971511963226,0.7989472632175101,0.05893924721710367,1.2076371447619758,0.9416232353643313,0.3575473898124396,0.022166466413822614
1.1811116563924433,0.9381739215945252,0.15023466337080152,0.009900531088091481,1.368407087100771,0.9589431365715991,0.33768142568436527,0.014457729189446586,1.1284347663923777,0.9307531906732165,0.8079601823860505,0.06011117152641963,1.2341406883779256,0.9448887825757848,0.3480533796536001,0.020300426711631552
1.455725235817682,0.9661680194661347,0.20800444317282932,0.007283621617148059,1.3526292736135823,0.9574887002154989,0.5171583890132454,0.022961185136141687,1.1314610163478718,0.9312009569886287,0.7982732214686032,0.058978068360506494,1.2502028704139398,0.9467833257149606,0.3694565528384132,0.02076636596871638
1.3254544870644223,0.954867576011272,0.16941788290555276,0.00800764411176931,1.302720188623221,0.9525571414241618,0.5371078678074148,0.026751080333363795,1.1390063036789895,0.9323057095852584,0.8228820667673209,0.059749089844800166,1.2562579613430491,0.9474814468321794,0.3602247944975675,0.01996712978965449
1.328602206408235,0.9551788996960979,0.19679790993284318,0.009234603971575035,1.545225403534329,0.972294100961301,0.43199745440538595,0.012309935692191345,1.1308553652260898,0.9311115595262768,0.8175713017701931,0.06048814600011523,1.234102065779513,0.9448841513595603,0.3592470399088945,0.020955167305594866
1.4342948340540385,0.9645174159725096,0.23275818871202125,0.00856268829602569,1.4779777373240934,0.9678034434736627,0.44555613088576723,0.01482261015959092,1.120676297571861,0.9295928933789106,0.815346840601981,0.06175414242977953,1.2417927248841027,0.9457991385368871,0.34861113430991,0.019977839929585812
1.3968275642558572,0.9614436195122342,0.22361551761763274,0.008967561701234455,1.4303119974494043,0.9642022172239396,0.4444108710614225,0.016499571916957848,1.1468394380199267,0.9334351850221835,0.8152456732302631,0.05813652438947677,1.2347349821154956,0.9449599978512829,0.344731496869282,0.02007918046431615
1.5538102064261194,0.9728216540407151,0.16567574319260556,0.004628590088273069,1.3839232831103092,0.9603269285885542,0.4007327837455242,0.016555091680924023,1.1323240051143828,0.931328153305846,0.8315263552335748,0.06131292196639569,1.2404653623051547,0.9456422460438931,0.3812807061370639,0.021916917205333078
1.5226970024157533,0.9708619503945062,0.23186417140589868,0.006958836655836067,1.469938993441386,0.9672216552988442,0.5021987832297315,0.017019102844754934,1.1377504851057265,0.9321229854526789,0.8071352995635498,0.05877543556500215,1.2560246463214761,0.9474547077643027,0.37420645417272846,0.02075327435692213
1.376792934952575,0.9596966590998768,0.22542878693470633,0.009467088545512146,1.2502764493849716,0.9467918613307134,0.43265667530252844,0.024314590477503402,1.119359950395056,0.9293942560089813,0.8122683894664349,0.061707734460228814,1.2669010918692154,0.9486876219548088,0.37169186370642443,0.0201039762567222
1.5803379224334473,0.9743908436386868,0.1937442502299908,0.005092029374698263,1.4539453013950077,0.9660337956122758,0.49667976917286943,0.017463495202340123,1.1343003796017432,0.9316186318151893,0.812059881241114,0.05960568394716051,1.2262886028702356,0.9439396717855449,0.35271389144434223,0.020947585011195313
1.6229019351004657,0.976726011331796,0.22621827283264181,0.00539045900013309,1.3785967274721938,0.9598570014597926,0.437906300918849,0.018314053001434853,1.1351414584125283,0.931741904065201,0.8082007693470629,0.059207646890173285,1.2540297518993537,0.9472255573468085,0.36330651257328117,0.02024153441027743
1.5167333586172607,0.9704709694015999,0.23130032607972317,0.007037896672416214,1.3892560434842485,0.9607921175080134,0.4990017967658215,0.02036320183561593,1.1329549066199547,0.9314210043076256,0.8090104478605178,0.05956610787423063,1.2749817475831204,0.9495858458490877,0.37979969388434154,0.020163822362825597
1.5251308852418204,0.9710200707080784,0.19127265294999318,0.005708499880879901,1.283135911222505,0.950477134891832,0.39090816187491484,0.02036755168488763,1.1135229596346412,0.9285071985186777,0.8189807875732389,0.0630595335786325,1.2745209371612314,0.9495350261743042,0.36971998909933235,0.019649522196045214
1.637128048100663,0.9774591358287699,0.2157736604907361,0.0049758855327767335,1.250466714081402,0.9468139272221231,0.3228175596728426,0.018133867414804602,1.1293861674513812,0.9308942506541601,0.8115005842096478,0.06024245603298801,1.2472629030627578,0.9464412120806404,0.357135703555333,0.02021018861076561
1.3648092424538407,0.9586157291056971,0.18263704500386516,0.00788459934078711,1.2834614113632217,0.9505124018237696,0.3551238530568346,0.018489213301321736,1.1183499179864114,0.9292414907015534,0.8081874096729742,0.06154066183491074,1.2279360241122215,0.944140067746907,0.3509225960407354,0.020762292704825443
1.5610146174767532,0.9732568325402106,0.19529497765446663,0.005366318649762421,1.3096025887998557,0.9532681992296144,0.4525925802860893,0.022187319695734172,1.1253220650736449,0.9302898200952519,0.8104035487032946,0.060726642337942276,1.2184323486733666,0.942974685958624,0.35128175308600956,0.021243361656490687
1.4342365458182154,0.9645128224167803,0.1865370901673328,0.006863231561855537,1.1634214999402552,0.9357686581006158,0.35629114910695037,0.0244558934688667,1.1335465982752373,0.9315079790239498,0.8148559677606594,0.05991481908163867,1.2215643754780934,0.9433612503136638,0.36307401449443605,0.021798709897959116
1.3637185391806226,0.9585159815097252,0.20492581305889992,0.008869070920111462,1.3403482035110432,0.9563226540856078,0.45269853957469486,0.0206757317977057,1.1292378339236355,0.9308722754226367,0.7954405422057917,0.05907039684290219,1.2378836611849489,0.945335865783688,0.3498359727564903,0.020229297608000314
1.9443210298044904,0.9887599092107674,0.19598448172955765,0.002227925452276154,1.438828114108563,0.9648729236049304,0.4255753034020824,0.015493456007250198,1.1356856439326661,0.9318215525515403,0.8079779826248426,0.059117203585880136,1.2605315438104485,0.9479689524285188,0.36419855428078785,0.019989718286345725
1.2757517566926277,0.9496706568343227,0.17595619208087615,0.009325084975126486,1.435925117222356,0.9646456628803928,0.40729570345408594,0.014927418596675675,1.14170414055751,0.9326967085792484,0.812636899747262,0.058639788882989215,1.2364690966137495,0.9451673047818724,0.36143218197135635,0.020968034522345115
1.4531502751711334,0.9659736772657797,0.19696969696969696,0.006938237175285336,1.3480318856700326,0.9570557188861127,0.4773484007668247,0.021419216778364406,1.1320395049069725,0.9312862447738075,0.8320721084317089,0.0613933680543141,1.2406762504569224,0.9456672013131273,0.3467359499545959,0.01992152687565466
1.4898924412124521,0.9686474199883108,0.21509174926332708,0.00696195657932379,1.2142565896117874,0.9424554447085932,0.30751071524243234,0.018776025387003466,1.1373333145992015,0.9320621851826257,0.8228803911063488,0.05997957702454995,1.2617964738848555,0.9481124261303565,0.3696926064827217,0.020232255056739316
1.4081674182638404,0.9623999707423143,0.2072463768115942,0.008096914036328198,1.3825980224570305,0.96021050470863,0.5555948769801146,0.02302290969855381,1.1143364645426994,0.9286314423619066,0.8322716548702394,0.06396297267308064,1.2823803930169095,0.9503951849921302,0.37253117627232896,0.019443848596314216
1.5159414896972938,0.9704186728183564,0.287374245472837,0.008760045346428704,1.4747679252707964,0.9675723466054197,0.2966297786720322,0.009941383383924267,1.126422124241832,0.9304539066087808,0.8132964453386988,0.0607892450561268,1.2381028326482055,0.9453619387655138,0.35078806170355464,0.02027411810201887
1.6896494069598977,0.9799753133667951,0.2251685468259796,0.004601064463913402,1.6081791309713938,0.9759427916357433,0.336659769040785,0.00829873869768748,1.1276673143808715,0.9306392098436308,0.8262799546091716,0.06158286684663825,1.2656410814289827,0.9485462052794102,0.3842366998197717,0.02084288162938747
1.6093749673101352,0.9760073552708739,0.2229057657266086,0.005479568177709138,1.6922734004174127,0.9800935359252876,0.3872348250555843,0.007865041295440382,1.1355224794396652,0.9317976803945633,0.8056804694160719,0.05897125312836719,1.2425276208626204,0.9458858185696595,0.363162205988064,0.02077653044127279
1.5766216683985426,0.9741764492410666,0.23476491558485235,0.006223168008983503,1.3583171903505902,0.9580186154391687,0.3904116499630053,0.017108249620611207,1.1262340284154055,0.9304258752972262,0.8231317683460012,0.06155103143431476,1.261957420627025,0.9481306545476028,0.359067061276653,0.019643467229548097
1.4566674057066662,0.9662388606534975,0.20803440918026175,0.007268884499689791,1.3870455751306485,0.960599931559009,0.4615668946050841,0.01893167659092098,1.136193944098157,0.9318958709443704,0.8310119457652179,0.06073140418983852,1.2453006566353533,0.9462117188969206,0.363144542079,0.020643287670507254
1.524689255307318,0.9709914416045587,0.20587498120206527,0.006150555152671123,1.2175869696790587,0.9428699226111505,0.3550219726970441,0.021511379553559896,1.1326384188354508,0.931374440731108,0.8311026450782829,0.061237329836517224,1.2773608908361553,0.9498474554036274,0.3669189767239795,0.01937355334134687
1.4536020697206395,0.9660078536782445,0.20157369819074825,0.007093029955633793,1.2795634070160389,0.950088496467786,0.5035165973370754,0.026451504801868694,1.125219691434556,0.9302745316841281,0.804123022436058,0.06027022391059736,1.2412219051491293,0.9457317207868396,0.3731268480930186,0.021410883794181598
1.4020888199989612,0.9618901991184392,0.21079175522045676,0.008351506051614492,1.266917451389726,0.9486894556379637,0.44737374759639714,0.024196527521241226,1.1351763009837335,0.9317470063023355,0.8161960665249806,0.05978857415991727,1.2512821455328833,0.9469083988474648,0.37157170326889993,0.02083341608705957
1.327913086728184,0.9551109181135651,0.24044178707855837,0.01130047920550192,1.3427397012488005,0.9565520867912621,0.45349609699385485,0.0205984173102223,1.140543935549304,0.9325288168814202,0.8168908819133034,0.05910444083196541,1.258022930601848,0.9476833051415627,0.3543597409068261,0.019562368920668104
1.209817629031874,0.9418986094310299,0.18266474457755463,0.011267747464127448,1.2964851400707054,0.9519040998528276,0.5300657818428858,0.02678210012845815,1.1418559471362086,0.9327186476052775,0.8040463289754933,0.05799961707678538,1.2329279596542346,0.944743189864726,0.34445162466239165,0.020146531066798902
1.6615554424462877,0.9786656746484729,0.21397438252534193,0.0046645133388656685,1.3844320389673992,0.960371535880791,0.45884337268916686,0.018933566283045822,1.1361008903805387,0.9318822712096287,0.8052470733621683,0.05886108518978933,1.2347882587749441,0.9449663778535816,0.36368798116263923,0.02118071859864588
1.5214555250021073,0.970780974242977,0.17045847110496964,0.005130539833254142,1.2658929515380308,0.948574503247109,0.39316323676981035,0.021314735623454692,1.1392814457705802,0.9323456823477879,0.8007863264735396,0.058107903032664616,1.2592143905785615,0.947819156922042,0.35177416966885455,0.01936642935766198
1.7466594901555872,0.9823953733856894,0.2144592750391106,0.003843132371468352,1.4078990703661678,0.9623776050802869,0.5099357587457977,0.019935007213324977,1.1255558743324556,0.9303247253861264,0.814515860599807,0.061001943424746276,1.2350726460572394,0.9450004221038133,0.34618713177778515,0.020148293773754624
1.5592463802191832,0.9731506547781366,0.2108029964515705,0.005816080375367813,1.4404378787404575,0.9649983364459519,0.38393678538572745,0.013925854253373273,1.1440426525377714,0.9330339339953816,0.7991687475358129,0.05735824298173528,1.255860117098939,0.9474358441623155,0.34758181101327373,0.019283991199003262
1.597017003066329,0.9753319152091822,0.23192269243585473,0.005865786357145317,1.3296245919568936,0.9552795771688537,0.42895701432855715,0.02008117782022716,1.13048944011461,0.9310574948344928,0.8089636787737421,0.05990176000084781,1.2674512110806144,0.9487492489591308,0.36816061312895704,0.019887771133654617
1.3264725522773313,0.954968492017685,0.19596195561488403,0.009240579602639182,1.2394156669316407,0.94551787044923,0.4133655931920574,0.023818733102760385,1.125390256545714,0.9303000020434844,0.7947438678458201,0.059543852352069264,1.2591489365058632,0.9478117024266808,0.37068246287335227,0.0204104745996654
1.500464615466539,0.9693783423268436,0.21112790948812946,0.006669311957265529,1.3977317562721616,0.9615207239270996,0.3873834958714758,0.015502771924501904,1.1298565232845694,0.9309638899037923,0.8167832400192719,0.06056898478472126,1.2472509617021434,0.9464398182846315,0.3618979581665033,0.020480246104765433
1.43591415149421,0.9646448017502852,0.2219502109006699,0.008134697552634037,1.2162457663172315,0.9427033433405922,0.4451244727483252,0.027054262898212923,1.124302988627112,0.9301374936016547,0.8088660987511372,0.06075382767400521,1.245835238821208,0.946274332346823,0.346604912745017,0.019678839119427933
1.6912841520920185,0.9800490464108946,0.18595479551932126,0.0037854998264261544,1.45497916172953,0.9661118208587014,0.4742327831908265,0.016634601879897497,1.1388454447598162,0.9322823297869662,0.8116424736528137,0.05895482045044401,1.2535213174716495,0.9471670035452389,0.3719261615960761,0.02074604953877057
1.7070894427523988,0.9807483419176573,0.16989502938172807,0.0033349646140122817,1.3220112324637034,0.9545246634424319,0.39029984430195375,0.01859461306530001,1.126708971194059,0.9304966343622301,0.8081733103413637,0.060366435528101184,1.2498953589109845,0.9467476384898573,0.36863605163148117,0.020734923953403206
1.47409120878705,0.967523420814465,0.2206030565881867,0.007404919076611362,1.5593709460065641,0.9731581480123439,0.43448161916563405,0.011983963076115756,1.1330424634127256,0.9314338810174225,0.809847170590665,0.05961569424097923,1.2396980263592876,0.9455513528048213,0.35187112763320944,0.020262153747481394
1.6498135606147728,0.9780938050826099,0.21159869385579103,0.004739138728599361,1.3699969853718832,0.9590870277284114,0.4881214180994269,0.02082240450188373,1.1187435252601285,0.929301059264397,0.8156404105024657,0.06205191791056639,1.2715607663488098,0.9492074105847701,0.36528721844595496,0.019546711812675855
1.7852405189109815,0.9838677038549465,0.215593540976961,0.00353504727960238,1.3871009168893482,0.9606047541750067,0.4434666576582663,0.018186957661519884,1.1129808002044514,0.9284242855203821,0.8062124180798594,0.06215394270310634,1.2612243514632258,0.9480475799726513,0.3649584487534626,0.019999496884656836
1.4582101308376711,0.9663545482233185,0.22303668410355512,0.007765441796940718,1.4561836106323418,0.9662025022919962,0.45545263719055074,0.0159316079445424,1.1271721382787607,0.9305655748944516,0.809149368606937,0.060374919027186995,1.2483549207290408,0.9465685278677167,0.3530636724086229,0.019929578490971447
1.3094653479587675,0.9532541196758914,0.19133017021135407,0.009382489993468097,1.332644970430142,0.9555757455968016,0.4297587842994127,0.01997927809877881,1.1355631044987506,0.9318036248615993,0.8199674839908424,0.06001136789721725,1.236538329375878,0.9451755660137277,0.35369454859152594,0.02051587464574691
1.4887893502997855,0.9685701905206421,0.17604469717006083,0.005712597131377808,1.399232252019517,0.9616483512354056,0.3096898968526845,0.012350791362330518,1.1452495987216664,0.9332073675825144,0.8109131182226924,0.05803964232330835,1.2562911916004214,0.9474852541400055,0.3617429251520762,0.02004974504669727
1.4591171248642973,0.96642238419374,0.17617577749012578,0.0061210943244736455,1.2144887282933474,0.9424844265221941,0.3372664210561253,0.020581848437994772,1.122690348988775,0.929895815086457,0.8161405954396097,0.06152825971458742,1.251547088055258,0.9469390595954006,0.3700753426930864,0.02073686316439378
1.6489092997718975,0.9780491481129435,0.23627581612258494,0.005302857687885162,1.3056145346553767,0.9528574159834639,0.4161059293804131,0.02058682485600284,1.1274938788918212,0.9306134274208877,0.829780146568954,0.06186843931983531,1.2344531356936834,0.9449262345041418,0.33855762824783475,0.019732379887557692
1.5137827868468583,0.9702756513803811,0.23579003269329704,0.007223416482559199,1.31144512554939,0.9534568351770564,0.4359991370297227,0.021283375344062907,1.132231899215011,0.9313145881645338,0.7989777121330301,0.058925430678983926,1.2033473694914225,0.941077901483888,0.3432298322186634,0.02149006150900774
1.3759807725290643,0.9596242643630143,0.19357250868243076,0.008144471463878492,1.4139976654376287,0.9628827542041904,0.29601688296581863,0.011410871528000886,1.1219567912594695,0.9297856247299291,0.8063610229482046,0.06089375223981246,1.2447211484213625,0.9461437657038003,0.349424217750378,0.019889865813291222
1.6544750566893816,0.9783226079093149,0.24244628099173554,0.0053720552417954905,1.5666289511480225,0.9735912579558416,0.41451239669421486,0.011243682468336147,1.1309278570706947,0.9311222653887217,0.8074049586776859,0.05972601723192066,1.2478735758728625,0.9465124442285262,0.36760330578512396,0.02077331623039147
1.8184739550637012,0.9850383604208774,0.2379583271369322,0.0036143229223606333,1.5267774576715074,0.9711265699851994,0.39896561410466136,0.011862002434284586,1.1230606704252102,0.9299513816554511,0.8037310596672119,0.060541068448186644,1.2242849318981102,0.9436950294470308,0.3595565029164395,0.02145271266364667
1.59008213347594,0.9749447988759913,0.21116448948701919,0.005426736734680354,1.340061737227067,0.9562950939968301,0.43210160902898886,0.019748046732626028,1.1364975935539825,0.9319402315926099,0.8128886841499128,0.059365411760028096,1.2299362002677878,0.9443824677107224,0.34804711921292486,0.020497544747881062
1.4056709445455167,0.9621914058630955,0.20554268668655323,0.008076646674857678,1.3255497826748222,0.9548770313489694,0.4979585714999917,0.023531165033431913,1.1209975261215104,0.9296412884489234,0.8076057793257453,0.06112261017297165,1.2389049511777315,0.9454572601676083,0.3512923492259236,0.020265799435018893
1.278588838938276,0.9499819764416944,0.19572906898310383,0.010305438867495157,1.213949131680795,0.9424170384064204,0.5038908905450538,0.030788418094259213,1.1204054099070189,0.9295520585647606,0.803579948340819,0.0609008958859755,1.234918481009818,0.9449819693336337,0.3670763206817696,0.021371641918636667
1.4165152409607353,0.9630893789597883,0.20280010629110476,0.007772360524119291,1.2767276703511892,0.9497779525957507,0.46708297349365574,0.02469826044330211,1.1220004311919791,0.9297921845188744,0.7895103965986846,0.05961525722386359,1.2423111322284728,0.9458602976025569,0.3601939812661928,0.020616992805946026
1.6228033687222083,0.9767208515058772,0.2106314359150664,0.0050201861326471834,1.402581881756732,0.9619317951079781,0.5028240263248367,0.0198991323045067,1.126972082875065,0.930535805230003,0.8211613705941097,0.06129942884943352,1.2373118451449217,0.9452677864504512,0.34978635626933846,0.02025307729986366
1.5187858222694592,0.9706061011956467,0.18764351559120104,0.005682608528615732,1.3434622849740496,0.9566211825735487,0.43610436287397253,0.019775530670453748,1.1161720803060113,0.9289110577286271,0.8104928616592898,0.062026476888694,1.2458829019681785,0.9462799115992694,0.3501780425305335,0.019879525254786732
1.254444848287881,0.9472733164399022,0.15771000960233106,0.008778380670337024,1.3245664826409602,0.9547793764175482,0.4959272871759213,0.023488296596638376,1.1311935768259442,0.9311614946872866,0.817489487103076,0.06043501016967119,1.2354361058532304,0.9450439033208162,0.3492268467931525,0.020308203976440814
1.6569325001947384,0.9784422856371854,0.19224330357142858,0.00423563687648456,1.5724781784198973,0.9739353468821771,0.4381072741596639,0.011724714752290465,1.1266827428772888,0.9304927284899128,0.7870108981092437,0.05878926132507635,1.217114381252398,0.9428112784649542,0.3480829831932773,0.02111389760773668
1.3806215613525687,0.960036264398697,0.20451474047750137,0.008513400293405658,1.3595337945644828,0.9581311377278141,0.4638036605102024,0.020267509131671583,1.121329700754645,0.9296913002759927,0.8091496070874418,0.06119263108046799,1.236167326830724,0.9451312822641036,0.3425430034869947,0.019886015544539046
1.441665865169719,0.9650937156252304,0.19212590671874488,0.006948964050957744,1.2574951433979893,0.9476230194333888,0.45317884924672597,0.02504808272216471,1.1462275927216752,0.933347595649378,0.807529458102209,0.05766745445893517,1.2232584572861762,0.9435693113546395,0.34998522992089803,0.020931061769894847
1.4063763815828918,0.9622504531474533,0.1650709481023224,0.006475812475848269,1.4359127510343477,0.9646446917718057,0.541873291762819,0.019860262969686966,1.1337758385387033,0.9315416483350203,0.8005760953175889,0.058833783723771134,1.2260631539559057,0.9439121951344189,0.36323464427750773,0.021583611223239218
1.303520020356796,0.9526403013827104,0.20609786083107942,0.010245979054697582,1.1799697286737212,0.9380212318875668,0.46517498565691334,0.030735948811860123,1.132950210497968,0.9314203136000291,0.7983116138021473,0.05877900591667346,1.2170511344804253,0.9428034257973075,0.3358249323825916,0.020373319759515424
1.5281140912434503,0.9712127432722674,0.1814295235463368,0.005377666539589929,1.3213012468354244,0.9544536482853829,0.41998146853715235,0.02004143806666556,1.1328308003921053,0.9314027485460594,0.817123721898012,0.06018066997066185,1.2374580410720986,0.9452851998569287,0.36812588390201084,0.021307785383965126
1.4802673866075864,0.9679673176233602,0.2220587992265869,0.007348532181879981,1.261448775332261,0.9480730260064585,0.538414503148188,0.029489538396097213,1.1202706879002409,0.9295317418199072,0.8187602254135612,0.062070615080955766,1.2513753643247447,0.9469191885951911,0.3687263472757019,0.020669444589841122
1.4996245662662704,0.9693208729132707,0.16601151543819015,0.005254285265395765,1.3353311598649633,0.9558375724392817,0.4814464434259244,0.02224420162507632,1.136403748248579,0.9319265244382372,0.825784142621801,0.060320202481565915,1.2488803206987322,0.9466296812266167,0.3509109592392634,0.01978411423927217
1.8019999877468653,0.9844689071361418,0.19227692056494408,0.003033382453446926,1.3268276049524843,0.9550036361220001,0.33542329986121316,0.015803949098039373,1.1406664624981029,0.9325465659226475,0.8167197322230386,0.059075388436687755,1.2503818851684998,0.9468040902814019,0.34837129561596863,0.01957313892109427
1.657001146902313,0.9784456194444207,0.19264015806371942,0.004243709813479544,1.368426999242194,0.9589449416793935,0.4659257429818062,0.01994755665292961,1.1335439368873834,0.9315075880466275,0.8120852885486128,0.059711462191289,1.244305025474649,0.9460949211522354,0.35328887791224173,0.020129126997853627
1.5356380843784248,0.9716931808291623,0.1838814113625532,0.005356729843340669,1.1920534552371138,0.9396192568988394,0.34044930894509357,0.021877565951795398,1.1239625391691126,0.9300865363388316,0.7950336077832011,0.059761700740187,1.2120888000278087,0.9421841400899736,0.33920031553517727,0.020814570199139397
1.4312556927603712,0.964277143426946,0.1589766868778574,0.005889490819635173,1.208772200557999,0.9417667343604518,0.48247462793035245,0.029833367592549617,1.146602244898907,0.9334012420800333,0.8003469407606757,0.057105250943233585,1.2473531164404466,0.9464517406834113,0.34651924386368793,0.019605333828434265
1.3900782931181077,0.9608633771024286,0.18596266981302131,0.007574386801425533,1.1372072550560748,0.9320438027769643,0.4234141225439588,0.03087152506447309,1.1339522241085718,0.9315675442546666,0.8113170443930977,0.059598918058364134,1.264970047690143,0.9484707417777867,0.3511790636317454,0.01907913007226421
1.498434924643333,0.9692393084817517,0.20761581372786805,0.006589090995903702,1.2235811434323136,0.9436088609492728,0.4611690516614116,0.02755998718787862,1.1168595340803589,0.9290155154450782,0.7874525022233002,0.060167897147578794,1.2256693077316694,0.9438641646182572,0.35629396070822217,0.02119039992784892
1.4369977143864998,0.9647297955240087,0.19000048651541443,0.006946355384718416,1.3997070153385769,0.9616886483560014,0.5180740476460762,0.020638818032144464,1.1248969322056275,0.9302263107292015,0.8085886187827385,0.06064998418570295,1.2134785651739377,0.942358210685666,0.3477450010541167,0.021270726841006306
1.6002816839958018,0.9755121311569483,0.21707763889564385,0.005449208246884012,1.4055352461398165,0.9621800373110041,0.44417424574031744,0.017458950248291073,1.128140053927803,0.930709440936462,0.8166107355349124,0.06079600347189759,1.2487182098977987,0.9466108195645774,0.3600019454306697,0.020304235303946865
1.6249216050093584,0.9768314930295844,0.19973309608540926,0.004737273175463986,1.3153066481136086,0.9538498245893866,0.4891755634638197,0.02366781172304479,1.1418406750295058,0.9327164407867624,0.8085376301568472,0.05832564661227649,1.2300865574757267,0.9444006493382875,0.34666205351258733,0.020408907054289455
1.4232498776354685,0.9636366866759173,0.23213790629026207,0.008759840235999935,1.2127779793816,0.9422705226354887,0.5166267103739582,0.031651833805664664,1.1373416026499792,0.9320633936111649,0.8089926121630217,0.05896617444770381,1.25391444257567,0.9472122831349062,0.3485330332534207,0.019423590049553355
1.7299078502370575,0.981715718687647,0.22129565033989324,0.004121592276655914,1.4268936946679387,0.9639295468770736,0.4352580430585525,0.016287450560453005,1.1303940066497444,0.9310433882758425,0.7951230592014537,0.05888983559382159,1.2292603681294214,0.944300675018256,0.3511202686697925,0.02071073596546774
1.2775308834139723,0.9498660984128858,0.21522898776997137,0.011359778930507379,1.3105084736969175,0.9533610329504351,0.5353239656518345,0.02618835460225525,1.1282392279331752,0.9307241660622045,0.8007741347905283,0.059603369082094855,1.2364674276735508,0.9451671056203257,0.3519548529794431,0.020418297637611518
1.5757366186595951,0.9741251327829725,0.1556270306453983,0.004133790021232407,1.3939286949075589,0.961195419086817,0.5354699668566018,0.021617547527647538,1.1233516379459945,0.9299950126306248,0.8059886692027625,0.06067046149828013,1.2390770287732762,0.9454776889375033,0.3402831066629659,0.01962290766653652
1.377152809722553,0.9597286979332184,0.18301957769745342,0.0076797085608268575,1.2844762111806174,0.9506221994867403,0.519095206162804,0.02696316112871698,1.12611064275742,0.9304074818551167,0.8181743838013772,0.06119771902182811,1.2317902961977596,0.9446062798895988,0.34248703815770104,0.02008416790894647
1.3710036756282646,0.9591778868419557,0.18106261058714673,0.007705930755362889,1.2914000579942857,0.9513651926442299,0.5052513676281999,0.025828990928855735,1.1383813775008607,0.9322148386582007,0.7961949905037092,0.057894600743010324,1.2352115631209364,0.9450170447754215,0.3362985568884632,0.019566513215518746
1.5531928107481323,0.9727840419505797,0.19231903529180458,0.005380584560280708,1.2945668737154516,0.9517014749198267,0.37348035521184914,0.018954000575307637,1.1328399195874108,0.9314040901134758,0.8107775993708425,0.05971202803895655,1.237082011998131,0.9452404004530925,0.33938460530196285,0.01966120477903017
1.453584136132434,0.966006497706987,0.19864893392442473,0.006990401210440715,1.3767176797402016,0.9596899562128424,0.5235543430603595,0.021990954846503572,1.1096354533156343,0.9279107121770525,0.8077816209545152,0.06275647107732274,1.2426287798603823,0.9458977399051274,0.3505951511018009,0.020052897107898034
1.5171346905272993,0.9704974399119252,0.2226815823605707,0.006769391132754066,1.521844116125469,0.9708063437845854,0.4583333333333333,0.013782795972712902,1.1239391544060549,0.930083034929408,0.8015239948119326,0.06025281941924738,1.2265601687639207,0.9439727521459798,0.35087548638132293,0.020825376364620136
1.559560832067916,0.9731695666641962,0.16449673287816324,0.004535200006894617,1.2415378022175045,0.9457690401727924,0.473952647101957,0.02717672695258558,1.1285049723558596,0.9307636088986867,0.795711189688605,0.05919029343890938,1.2391441558650693,0.9454856562005982,0.3411331453991429,0.019668885982247687
1.3518035795562902,0.9574112449997796,0.18210799941144734,0.00810075399784572,1.3670315863156675,0.9588182584013208,0.42653718508346006,0.01831999337144751,1.1202536528634055,0.9295291724665,0.80842611211928,0.061289584886900325,1.2540721868387608,0.9472304415909018,0.3656873804502428,0.02037219322230508
1.9076678692955615,0.9877821912493985,0.22026742887180498,0.002724472402704988,1.6363726835536287,0.9774207825802865,0.4392207109534135,0.01014635672230926,1.1164427595758573,0.9289522040273082,0.7984098823838622,0.06106370401003104,1.2630113655886366,0.9482498721312834,0.3609796964320915,0.019700235135686812
1.5614479041327554,0.9732827878528522,0.22653553895756712,0.006218540108522742,1.3190401309841087,0.954226779499075,0.40077121239124447,0.019224559055906518,1.1290619577034606,0.9308462114296251,0.8108423389122017,0.06023854314551503,1.247056686258327,0.9464171376408619,0.3674438197696084,0.02080339718753295
1.6162319208506568,0.9763743141484582,0.20751431105377732,0.005021299568835445,1.4674511828085879,0.9670395557942425,0.3913730549060711,0.013339505775721476,1.129403503033634,0.9308968184540772,0.7915181810852213,0.058756699432343115,1.2549349536407977,0.9473296531773052,0.35639764573087157,0.019815264458868918
1.5678385926594078,0.9736627773739661,0.19864127372538917,0.005373173926741506,1.4192635057678145,0.9633136741367698,0.48856190736835325,0.01860613195814748,1.1340760396920673,0.9315857167278848,0.813464912986783,0.05973966537881174,1.2159202004760867,0.9426628388680116,0.34484923611893686,0.02097534282919064
1.532381200180758,0.9714861785333035,0.204252137446767,0.005994947854164042,1.3925334513093428,0.9610754127994832,0.5144176067097949,0.02083446597757696,1.1320179011405211,0.9312830614460826,0.7873931276616495,0.05809967711351416,1.2163258256683747,0.942713299610022,0.34202399141770423,0.020784077121470294
1.4561633775275498,0.9662009809026965,0.22334911337559174,0.007813054527531763,1.3008893392620955,0.9523662620956754,0.4749578753109203,0.023755586320719984,1.124770426252205,0.930207402041669,0.7965016448688117,0.059760779103097426,1.2111789168430307,0.9420699084347008,0.34551873545695255,0.021246758657014336
1.72995724112141,0.9817177599665077,0.23280627329991002,0.004335482501525644,1.3053766113927485,0.9528328008811481,0.4779213266486695,0.02365809652683807,1.1065924687685231,0.9274406074061515,0.8078801902558169,0.06320544455942052,1.2267020418613632,0.94399002688522,0.3464455585550842,0.020555732441826527
1.6263932658540579,0.9769080596611879,0.17963965419730143,0.004246283093055474,1.2932434709583092,0.9515612128662653,0.4380706148501252,0.02229978373997866,1.1259971828629127,0.930390564103523,0.7872343863618001,0.058898857820807254,1.2254340935749217,0.9438354612251894,0.33678597398400256,0.020041023750138436
1.3662596417424637,0.9587480163761692,0.17866266445267595,0.007687305926378089,1.315078015454739,0.9538266447147328,0.44793396346915315,0.021683829188672735,1.1262423734369147,0.9304271191503127,0.7919114829480138,0.059215345417872024,1.2199380757263236,0.943160835829925,0.34394558692042404,0.02072772631970063
1.7662509652086622,0.983158812497184,0.19903536977491962,0.003409410503637589,1.4897940383475528,0.968640538085119,0.4629581993569132,0.014988140027275283,1.1217065620320135,0.9297480002822351,0.7991639871382636,0.060385037861702635,1.2381254729224358,0.9453646314203268,0.357427652733119,0.020656782471650155
1.480897532779227,0.968012276570106,0.2546302954759736,0.008414194391642864,1.2858413938043558,0.9507695430030432,0.4319158796362881,0.02236442710562196,1.1205046820651288,0.9295670258327112,0.7920322163095067,0.060012008903839203,1.2513879860988761,0.9469206493621002,0.3452386659635329,0.019352249015568448
1.5136111718983127,0.9702642525841356,0.21027548342430244,0.006444325498131902,1.43062755327147,0.9642272881089052,0.43536363489993396,0.016151936448179093,1.1240789781268412,0.9301039683740923,0.8015424495644754,0.06023481063326973,1.2204723335689005,0.9432267476469095,0.3504645059492183,0.021094620022909325
1.7528063466272636,0.9826384927485965,0.17128435040639917,0.0030262955436587734,1.4787188885714213,0.9678565774650637,0.35430912140368986,0.011766937439314916,1.140607413253001,0.932538012692225,0.8055896013417624,0.05827824144572432,1.238835943895017,0.9454490657101223,0.3707263578893046,0.021390331771659603
1.7027763813063386,0.9805599327926444,0.21541178359287205,0.004270641100310315,1.3337243101291754,0.9556811278400732,0.33573607320597204,0.0155694652478073,1.1304090037465249,0.9310456052582785,0.7948948466848611,0.05887090033711398,1.2029856194287625,0.9410316966249032,0.3450473591266656,0.021621861861543135
1.4327958111166588,0.9643990993591651,0.18438079136456742,0.006806437540029093,1.0853681089937024,0.9240823806798238,0.27715641967682153,0.02276967508642306,1.114519308964524,0.92865934012205,0.7967454563188867,0.06120688626367288,1.2439730241994327,0.946055920852442,0.3434340150209708,0.0195825968422267
1.4971000575823714,0.9691475370936745,0.17507208092392443,0.005573356662326749,1.3357138930098507,0.955874758000592,0.47897169917690835,0.02211036745154403,1.1183572542350961,0.9292426013940859,0.7907156548491535,0.060209231356979365,1.2404363076672575,0.9456388070415371,0.34958040043168015,0.020096053018188523
1.420457829685526,0.963410737759155,0.2147147868710654,0.008154627445907262,1.3868475622089653,0.960582671592252,0.39471702949044485,0.0161971387155732,1.1293671879723277,0.9308914392538832,0.7738318355839621,0.057448594069784024,1.2110733266199831,0.9420566383583583,0.337273935957198,0.020744809651278888
1.3887650598447272,0.9607495074836103,0.19694828599101316,0.008046131863916577,1.446481117587017,0.9654653104367878,0.41971388196440196,0.015013163561986209,1.1288715512600909,0.9308179838735032,0.7826804909417125,0.05817186096995575,1.226877876482134,0.9440114298915703,0.34327813149997616,0.020359554051569837
1.7174309738619842,0.9811928324688617,0.20111951291367966,0.0038549898123807743,0.9022825214702201,0.8887051256457619,0.10276932141804969,0.012870071730914288,1.125616884955728,0.9303338309773276,0.7993060329307015,0.05985441713163836,1.2164898809328721,0.9427336966277792,0.3398965596255197,0.020646996673944484
1.5130909184810553,0.9702296710549417,0.1877575138139193,0.005761113182684945,1.292171034867697,0.9514472662532026,0.38506499728512567,0.019650020501946027,1.1254893463814222,0.9303147951010129,0.806892586796129,0.06044026767977685,1.2502983487892774,0.9467944015475401,0.3494362643329394,0.019636750633967942
1.5825291379291926,0.9745164437648354,0.2237740931977807,0.005851681338436943,1.2629840457060513,0.9482467851003352,0.45223052499919825,0.02468174309918205,1.1252228132755697,0.9302749979436334,0.7910105512972644,0.05928699840125246,1.2133629797067524,0.9423437521761677,0.34893043840800486,0.021348918357734687
1.5839809052476619,0.9745993282347412,0.2061426589484763,0.005372630439066727,1.3670219629853666,0.9588173834447417,0.5132437130236489,0.022044572196753598,1.138949685899476,0.9322974814128717,0.8073801208757914,0.058631143739263196,1.2350382652558238,0.9449963074022364,0.36943660399623657,0.02150312889203846
1.6651208480356219,0.9788364134298573,0.23704636699992127,0.005125219332167988,1.4502576311005155,0.9657540737050045,0.439518224041565,0.015585446767095295,1.1273506422331416,0.9305921275828841,0.7978272848933323,0.05950565533431102,1.2601601747607054,0.9479267590359935,0.3618200425096434,0.01987615823649966
1.3791128527867456,0.9599027681879365,0.1944589484343602,0.008122974317515503,1.3065885319254542,0.9529580566931364,0.5263840762013259,0.025984490814029818,1.1269234118097202,0.9305285608438765,0.7936583281910097,0.05925297575785333,1.2311406283596535,0.944527953649699,0.3563551209632759,0.020928705932797952
1.556553139474996,0.9729881450256811,0.2113947301748163,0.0058686879413794935,1.2875235152695796,0.9509505202760355,0.48091905244489486,0.024805527531460734,1.1294857830796785,0.930909004823789,0.7876868507727388,0.058461211702862,1.2419117861009246,0.945813190533355,0.35294210793007347,0.02022049062815271
1.755981858028066,0.98276279491836,0.16981551455879085,0.0029784856179229445,1.3969941984838354,0.9614578402815214,0.5111612104277141,0.02049102538747523,1.128734386421257,0.9307976427208317,0.7891753723049566,0.058673113858054717,1.2188203800135118,0.9430227121701578,0.3467119677388626,0.020948283986126946
1.4364651560318842,0.9646880467167923,0.2225931578278011,0.008147918093448218,1.4048559269707792,0.9621230758671357,0.43957458985120185,0.017305201182835087,1.132429820160002,0.9313437344350677,0.7929861376065115,0.05845689925196829,1.2113730690391853,0.9420943011145233,0.344890626987155,0.0211986557726918
1.4648775753607526,0.9668501480827804,0.24398690639973433,0.008365443014028695,1.282973120332871,0.950459488067755,0.477868969116182,0.024907819495471457,1.1194510064320982,0.9294080130601489,0.8028685737780097,0.06098084703180435,1.23813157444599,0.9453653570658008,0.34993753656878096,0.020223622768501648
1.5210086131071916,0.9707517707365072,0.2037555877353145,0.006139046379775072,1.2089682909932713,0.9417914914715549,0.4176005792356608,0.025810285076945546,1.1247319335307842,0.9302016476420165,0.7839356544733362,0.058823177937407885,1.2393721129070272,0.9455127040590624,0.3536800352578228,0.020381607425012944
1.6082943197819908,0.9759490180892662,0.20332460650411632,0.005010667916457004,1.4004239413325077,0.9617494228023069,0.3978014698924392,0.01582131007590352,1.1276613853648687,0.9306383285994894,0.8019745765384979,0.059772196502091764,1.2261198463149365,0.9439191057238477,0.3481058574898275,0.020681950044676465
1.6360745872306928,0.9774056293547962,0.23925921207681775,0.005530878026057171,1.4047805157460211,0.9621167474970695,0.4207777317748973,0.01656808189017342,1.1296578373345634,0.9309344810822561,0.7851842415363547,0.05825238852974862,1.2051345881380486,0.9413056780057586,0.3418102487340361,0.021313289900291573
1.3736915051471403,0.9594195320705529,0.20243632336655593,0.008562428065647937,1.2290894399039802,0.944279970475244,0.460718240784686,0.027186040985489008,1.1112134774019977,0.9281533905273448,0.7931972789115647,0.061399910525945484,1.2417608702640541,0.9457953783673889,0.34222433159310234,0.019613270303242704
1.4757054792143434,0.967640012932228,0.20555134041476986,0.006874083986490792,1.298659296625867,0.9521327784140051,0.4705519726858877,0.02365638076424733,1.1372535965095043,0.932050560971815,0.7962348254931715,0.05804804158966843,1.224661061459926,0.9437410301722008,0.3369846990389479,0.020088574523672974
1.378179449797186,0.9598199633271746,0.22561883710357586,0.0094448683037152,1.1084215811590745,0.92772352115361,0.3353399488940099,0.02612544596524708,1.1273848565764926,0.9305972159363465,0.7958895734374265,0.05935645546522816,1.2352141211210204,0.9450173508186854,0.343099907507564,0.0199621116292597
1.413546917166201,0.9628456427848411,0.20165328294756732,0.007781411448852207,1.3373715484909292,0.9560354678533585,0.45742402771217133,0.021035237757604484,1.1170011473088257,0.9290370157767213,0.7800188946622579,0.05958047696248113,1.2205827831135772,0.9432403649325304,0.3269721303731696,0.01967559859309213
1.6616387599608824,0.9786696798593264,0.17624369654910763,0.0038412699887755528,1.3356896708711405,0.9558724055131632,0.33419750549328947,0.015428138646813578,1.1289675686825567,0.9308322196888452,0.7899745490760208,0.058701004226259894,1.2478245173447136,0.9465067250824541,0.36184574526944785,0.020450265609847244
1.48923420382138,0.9686013576738416,0.18333200287379262,0.00594297740713144,1.2993250850673461,0.9522025995114839,0.4391953380697693,0.02204614383239437,1.1251794646356164,0.9302685233919568,0.8064500678534365,0.06045023842904223,1.2399110702275458,0.945576602841986,0.3349564939730183,0.019278681650285935
1.5271773060184273,0.971152374567886,0.20569926026833094,0.006110199971991045,1.3473449502409771,0.956990662766552,0.35706705105257325,0.01604740548802949,1.118755713140838,0.9293029030396872,0.7942690595745355,0.060424342303942294,1.1976313487985242,0.9403438348005202,0.34656507896279165,0.02198636587792476
1.4274716209698222,0.9639757867829114,0.2130503022486053,0.007961786612693556,1.1340142757847025,0.9315766521682419,0.40063091482649843,0.02942592901349173,1.1255585126489493,0.9303251191670728,0.7906015446535407,0.05921055690658086,1.2122247937318649,0.9422011953025444,0.33332815340864946,0.02044782890860552
1.5049108684179742,0.9696807871207452,0.15813931582335117,0.004944575209399142,1.190186163610444,0.9393748580226224,0.34844655164293453,0.02248795726697187,1.1338535907448746,0.931553064587653,0.7954848736989183,0.05844916821316053,1.2136438783975918,0.9423788836916034,0.33315540763301255,0.020370560953990285
1.472144186922016,0.9673822552442218,0.1941047794406937,0.006544734635508471,1.2166159696418988,0.942749368621317,0.42195049021922165,0.02562391742666717,1.1288339121450115,0.9308124026516201,0.7844766536046457,0.05831041215629023,1.2585516045348404,0.9477436264075672,0.37020600223470723,0.02041229570940794
1.484128441033962,0.9682418348900751,0.20258066564032567,0.006644610876800606,1.3992026314191583,0.9616458357398731,0.49337375212278,0.019677658060041743,1.1266747409203348,0.9304915368128818,0.7966733854968495,0.05951214008634278,1.237454654577803,0.9452847965504295,0.35040551049883345,0.020282256592679116
1.5216057288074138,0.9707907829756832,0.193279959654542,0.00581542015746777,1.3874079078819461,0.9606314958417126,0.44785034356679065,0.01835375811569765,1.1221089128303379,0.929808488612157,0.7902981781504129,0.05965983775243305,1.2417575526952156,0.9457949867422017,0.34315703208724707,0.019666874676367886
1.4724912639576697,0.967407462838753,0.18935041979673,0.006379329114965999,1.3033254728464327,0.9526200866823487,0.4223060412852724,0.021003990897673172,1.1239350785039826,0.9300824246264515,0.7845306483176567,0.058975935126006684,1.241012227392588,0.9457069365518417,0.3468846663720725,0.019914659047760665
1.3956747438260344,0.9613450983640895,0.20232887490165224,0.00813547889382981,1.4129470469594085,0.9627961983895135,0.4604720692368214,0.017793289524525274,1.1199611585624494,0.9294850427508009,0.7890322580645162,0.0598595710383856,1.2370956354439633,0.9452420241281954,0.34542879622344613,0.020010728687687634
1.5495746384511038,0.9725626017494441,0.16568627450980392,0.004674249544655611,1.1621963005083815,0.9355988838158809,0.46176470588235297,0.03178516241059054,1.1367227512461153,0.931973107954409,0.794876660341556,0.05801990239965166,1.2346710819879287,0.9449523447455495,0.35072738772928524,0.02043142221443402
1.4416636093236095,0.9650935406408365,0.1636812066212392,0.005920184050749366,1.5130274616261041,0.9702254503765856,0.4267284311710487,0.013095561289072119,1.121766761415784,0.9297570535592179,0.7890784335425527,0.059614706801872634,1.2345470729296812,0.9449374897334883,0.334967036094291,0.019518884650334772
1.658940864081957,0.9785396131044715,0.19264793223093996,0.004224968621539238,1.4071796163029489,0.962317578529068,0.3420024381857397,0.013392127824891586,1.1251768070123018,0.9302681264313183,0.7941608577412397,0.05952942270273142,1.2422891010272992,0.9458576997975574,0.35047357069175705,0.02006162796103094
1.3353047534617397,0.9558350057457721,0.2108954210168849,0.009744563655300001,1.3241626318620674,0.9547392102994866,0.38145030089557896,0.018083201845891187,1.1332469667018905,0.9314639479661379,0.8006033706622862,0.05890748041296239,1.2524436123345926,0.9470426868653035,0.34798060368656314,0.01945859257435042
1.5574604952725168,0.9730430012801271,0.21027641970665664,0.005825458041828024,1.0754787780681454,0.9224693924703466,0.28220195562241446,0.023718173463587733,1.1232185308694544,0.9299750561630589,0.785147925285195,0.0591198000499344,1.2423704171632328,0.9458672875910826,0.3623699385733985,0.020738710311452507
1.5311472882095156,0.9714073699013573,0.1946901264629644,0.005730554391798356,0.9879142228960501,0.906764698171096,0.2886340428874401,0.02967791110636018,1.1232924578798722,0.9299861405356328,0.7941402874872359,0.059786725908732075,1.2133901922274508,0.9423471564787568,0.3404288744010683,0.020827454607382993
1.4069088675812282,0.9622949652000697,0.17561364062207233,0.006880965473638351,1.1486316832309809,0.93369114099608,0.23226219474111548,0.016494791957219933,1.112959769613887,0.9284210675032557,0.7780900630816314,0.05998878962482434,1.2170560664464887,0.9428040381826027,0.3352695022172257,0.020339392780199608
1.7775807700860562,0.9835853628450023,0.21357389635316698,0.0035642437828436457,1.4214107218828587,0.9634880028046289,0.4207447216890595,0.01594439168267796,1.1311752816354008,0.9311587943565826,0.771531669865643,0.057039863305302765,1.228236599586547,0.9441765576381371,0.34421497120921307,0.02035134684285626
1.3984753840658328,0.9615840253794167,0.19204846531662045,0.007672474557399397,1.2454531148894827,0.946229582727509,0.4980864876590074,0.028304249590267668,1.1339960884839213,0.9315739827618125,0.795432360824902,0.05842613623907242,1.238240436978185,0.9453783024048704,0.33510481709301065,0.01936155498318885
1.410232471222999,0.9625716571911626,0.17203236703590227,0.006689254103351134,1.4027888291602078,0.9619492407419066,0.4739413936680022,0.01874717408061763,1.1126438251008488,0.9283727068599475,0.780941157985702,0.060252418920596726,1.2411140509775789,0.9457189735892653,0.34767852934244636,0.019955555467029446
1.5279392866791204,0.9712014877543887,0.16662760355630557,0.004940918174011966,1.448566480251547,0.9656250524301568,0.41713151767996376,0.014849318598240263,1.1270268943852337,0.9305439627463493,0.8028719198737481,0.059926563611333035,1.218898154750515,0.9430323336906536,0.3420053438334974,0.020660210267945196
1.1621459168690245,0.9355918932833672,0.15012030382613345,0.010334596332632454,1.2538977066351513,0.9472103562601074,0.33251033983865136,0.01853136662189625,1.118470135253647,0.9292596893110417,0.77730425073519,0.05917263476437107,1.1783972910536598,0.9378104013308511,0.3261255877588891,0.021626566936860436
1.4417546599055677,0.9651006026987803,0.172761012888172,0.0062472815891788155,1.3724489844814307,0.9593079958734863,0.4571934165400817,0.019393267305693806,1.1171139963159922,0.9290541446936762,0.7869145121130025,0.06009157101734139,1.2310412864295084,0.9445159674517456,0.3540097405139609,0.02079571827469313
1.2813806073366918,0.9502865421789071,0.19330737328647862,0.010112716030208056,1.3806351081837733,0.9600374611416852,0.35256592902143286,0.014675916522967335,1.1203002282555516,0.9295361971150203,0.8000284927343527,0.06064642795984118,1.203389293379621,0.9410832540560674,0.32929686263336183,0.02061571015346956
1.4032286889690495,0.9619862953539455,0.18492332830568126,0.0073074022138653405,1.4410075989148325,0.9650426184877396,0.4347662141779789,0.015748826141457922,1.1231544272869896,0.929965443369361,0.7940076671694318,0.05979574330210126,1.2095827777480335,0.9418690086553317,0.3300653594771242,0.020371226124460875
1.6827607202483459,0.9796616651219947,0.23713042404789827,0.004922962840899728,1.3162381103448677,0.9539441462838559,0.2718967964940436,0.01312701496623229,1.1314046645970337,0.9311926436932306,0.7780692549842603,0.05749281721847616,1.213396719285895,0.9423479729896056,0.3346552681933214,0.020473917400005846
1.293126284590419,0.9515487741462781,0.16574877874233798,0.008439642540687102,1.2147656332191608,0.9425189793410765,0.5088210585270232,0.031031262412704232,1.1208796189943657,0.929623528582859,0.7863032452783223,0.05952651386835327,1.2363924374290916,0.9451581560206164,0.34686829086157006,0.02012668098735714
1.333672230351208,0.955676048465339,0.1913454827452501,0.00887454270429418,1.3101984270275573,0.9533292795934087,0.4733927879022877,0.02317518502747262,1.1151792449894824,0.9287599471221111,0.7675688251260179,0.05887597097488436,1.222590722059331,0.9434873884509802,0.34546723536254365,0.020692651448166732
1.2004856329972056,0.9407114541026308,0.11368120174607367,0.007164782695050348,1.2164873201486737,0.9427333782974753,0.5247075637301353,0.03187351826966446,1.126538971829293,0.9304713147637653,0.7875196122597984,0.05884673967845497,1.2306729413518942,0.9444715031351815,0.3346123374706787,0.019672928267811154
1.414859514347299,0.962953613540802,0.20955853948730627,0.008062056708137469,1.1334904010796527,0.9314997228061328,0.35959639661912635,0.0264438649236749,1.126744403632144,0.9305019105727332,0.7896379622046757,0.05897712738567845,1.2296894007568442,0.9443526118710078,0.35091243413631656,0.02067803930036709
1.408980814135899,0.9624676858164768,0.19890742517564766,0.007756578309218735,1.2303494996532365,0.9444324316213414,0.3812559967810827,0.022431958032759002,1.1208227444180732,0.9296149603178012,0.7881240521216998,0.059672170792214055,1.2210533319448174,0.9432983443438149,0.33343650376056205,0.020042865476018055
1.2967774547481141,0.9519349058641744,0.17496259817977808,0.00883421093181299,1.3002360219656384,0.952297972574602,0.46858247101358935,0.02347199566425615,1.1103745936530875,0.928024475754457,0.7770383992020945,0.060265378341471706,1.231325417729777,0.9445502431090141,0.33295412043386113,0.019546048681476916
1.4944005128885451,0.968961134101868,0.18233921608543824,0.0058408973041961364,1.430360568257154,0.9642060772720922,0.3705977231087239,0.013757584168751199,1.1072847878228813,0.927547810125687,0.7923863511799433,0.06189451987571824,1.2420251113326841,0.9458265623597661,0.35980832772201254,0.02060848656613541
1.3794325334151567,0.9599310903646145,0.16897187644075612,0.007053130079841991,1.3470931793619672,0.9569667952795062,0.4223759028738282,0.018993541664174513,1.119894718591214,0.9294750151436361,0.7958045182111572,0.06038258229759384,1.2278410391166534,0.9441285318938372,0.3322883049024128,0.01966409742131769
1.2714021453900686,0.9491897985721532,0.20947026758397913,0.011212959204889595,1.2358130328409807,0.9450889614382084,0.38457237812737805,0.022344212605146404,1.1139388008888427,0.92857073346446,0.7843176841484059,0.060332761835550794,1.1953699397143596,0.9400510606073813,0.33301237750617324,0.021236866456180115
1.521290225044372,0.9707701759963941,0.22763702370513944,0.006854135308366312,1.2981429575293741,0.9520785633592033,0.4315227590874829,0.021720046385364022,1.1180127151153343,0.9291904215122302,0.7841155567861923,0.05975405124320086,1.2029569089363372,0.9410280280965773,0.329518359561278,0.020650126097748182
1.4526137041307299,0.9659330447912511,0.21234431560218417,0.007489053539953583,1.2885933240027077,0.951065291171631,0.42588502362108105,0.021912859000023925,1.1166857742983007,0.9289891262648974,0.7688661881097,0.05877125819821401,1.2136126092350095,0.9423749739056142,0.33601754708877846,0.02054704385762025
1.4593341744505846,0.9664385981968938,0.12960138060678902,0.00450065220583789,1.525342541338331,0.9710337818083798,0.4255381438851138,0.012693925747544842,1.1146219473892023,0.9286749959205453,0.7871153638730951,0.060452802956755064,1.2257570276806173,0.9438748656292728,0.33596819673646744,0.019977500061466164
1.3774338842575802,0.9597537043881914,0.19908199900019694,0.00834830117989412,1.1840006325432875,0.938558645411468,0.4403375092784754,0.02882604425251317,1.1099681739918599,0.9279619428463385,0.7885113538242468,0.06121245209568693,1.217118509229539,0.9428117909560232,0.326087285837638,0.01977950217418916
1.3084076892963064,0.9531454789418812,0.2445033235717938,0.012019241948031327,1.1893280537143018,0.9392622349544917,0.4184911448891368,0.027061895907199655,1.122710574390578,0.9298988509509972,0.7766931622739739,0.05855161889728836,1.2358260633269536,0.9450905184892542,0.3286384976525822,0.019093800178441762
1.3132381217088225,0.9536397037574372,0.18245287409820804,0.008869774675039542,1.3429239084293494,0.9565697112460606,0.4045768365526336,0.018368644363355183,1.1063097838823157,0.9273967928056212,0.7768365526336204,0.06081628233412186,1.225894916707921,0.9438916829190338,0.3433403149484136,0.02040938341381365
1.4262054844646324,0.9638744086250557,0.17468239564428312,0.006547019807739814,1.1918306796937264,0.9395901476163551,0.31973214844483383,0.020556805474023093,1.105938869352233,0.9273392661057109,0.7721071406220664,0.060497677099575264,1.2010584532371316,0.9407849746677452,0.3396176231303586,0.02137626205610555
1.435385878449325,0.964603292936705,0.21297824226867132,0.007815366698042468,1.5517569887149778,0.9726963751140589,0.39050849529397386,0.010961588572826428,1.1278496147500034,0.9306663005363401,0.7804974941938638,0.058146275054109964,1.2179540413359997,0.9429154340509305,0.32522002200220024,0.01968898071185846
1.3357400576867926,0.9558772990156064,0.16561013034919947,0.007644460506499485,1.1653100595261818,0.9360295370228091,0.33492459585548445,0.02288953565233682,1.1273859462881612,0.9305973779924759,0.7788093429842372,0.05808248736275745,1.1932897168775625,0.9397805563937195,0.3309412731133465,0.02120612008585818
1.4096046434661178,0.9625195400834424,0.23077746186064999,0.008986462143057511,1.2370301944798525,0.9452342243020518,0.4439909505029197,0.025724321212677165,1.1299612347881596,0.9309793842803555,0.7640404781558593,0.056644158965789095,1.2099613444209778,0.9419167164159222,0.3262251979577486,0.020116673114531358
1.539251395858865,0.9719211298762266,0.18777239154037895,0.005424757660700386,1.3647513195331675,0.9586104376816764,0.4838744208095668,0.020892063874012146,1.113587510390538,0.9285170644241738,0.755738381783983,0.05818137342553405,1.2172607284532728,0.9428294449314654,0.33879773064395274,0.0205437520232332
1.6314802888888462,0.9771708257296468,0.20385158793537686,0.00476248707362914,1.352878757541002,0.9575120768598147,0.4251028932981141,0.018863197126823317,1.1143860470751112,0.9286390084857319,0.7722372381595921,0.059342343467962536,1.2330328564976478,0.9447557974245261,0.331623564100989,0.019391550074567547
1.3662209145852116,0.9587444894335924,0.2169029816015637,0.009333501624228574,1.3334503829227358,0.9556544053211095,0.41740870590425366,0.019369174865311926,1.1069721663658154,0.9274994200885884,0.772765350128758,0.060405359622142656,1.2125882912789203,0.9422467589986442,0.3398746548354069,0.020831977041578922
1.554203568039842,0.9728455914936519,0.17911084693582063,0.004999404991028329,1.325677528416639,0.9548897034645274,0.3760230442137991,0.017763843265994273,1.1315201718688905,0.9312096829096042,0.7806837059729017,0.05767066286658702,1.2349055400873052,0.9449804201059566,0.334080136558304,0.019451142450466335
1.6501820558579368,0.9781119777578282,0.20091779728651238,0.004496104041110275,1.3299587512430977,0.9553124361041223,0.3446958069863098,0.016124165578917427,1.1215495660777082,0.9297243848682767,0.7777948308674566,0.058791628008368804,1.219663081533674,0.9431268815502152,0.3395543004481552,0.020476048692175383
1.7160281594685565,0.9811331332245979,0.18051787916152898,0.003471299318498357,1.3926641677945657,0.9610866709555189,0.3713471023427867,0.015035430643120662,1.1206431137478137,0.9295878922774152,0.7827681874229346,0.059291174500568804,1.2090160001327497,0.9417975134254849,0.3317971639950678,0.02050485343993536
1.3790012771964963,0.9598928786083072,0.19522130350194553,0.008156914893617022,1.2706473999845331,0.9491059184233587,0.41474647373540857,0.022240026595744682,1.11817709153078,0.9292153204820867,0.7795324659533074,0.05938231382978723,1.2166838379330527,0.9427578025337066,0.32944734922178986,0.020003324468085105
1.3228696204297121,0.9546103814881204,0.17011351031013994,0.008088522277179995,1.3397434164402733,0.9562644498129519,0.41653877129268035,0.01905074724913779,1.121604506817702,0.9297326499178262,0.8028992994879119,0.0606815369588619,1.2367193864979684,0.9451971651976876,0.3395128325912869,0.019685062929567686
1.5142986278385293,0.9703098884391236,0.1476933545723079,0.004519207962629166,1.4135136333781728,0.96284290101962,0.3615935417021079,0.013954267103660744,1.1131612709381677,0.9284518949439379,0.7774856559595429,0.05991438618964064,1.2468592153403992,0.9463940746570066,0.34492197769907673,0.019537169854318328
1.4903823994454553,0.9686816639621261,0.16392063273517218,0.005299699220632468,1.4908936454192834,0.9687173571840876,0.43050774855814095,0.013902321484952723,1.1140821070285851,0.9285926166353548,0.7588079612036654,0.05835119730129452,1.213804312372787,0.9423989398742176,0.33054905380390714,0.02020373232298054
1.3289747269456806,0.9552156079381214,0.16314254744202378,0.00764878603940328,1.2948413312434297,0.9517305152451653,0.3459641837529198,0.017546472058930087,1.110383978990265,0.9280259192179966,0.7605838078807957,0.058987921884794896,1.2240578572511656,0.9436672410501303,0.3343002396909971,0.01995624516798944
1.5411142437081202,0.9720379519287062,0.20297531667599922,0.0058388723927073945,1.42473006336566,0.9637559268301233,0.43814035140820556,0.016477191489078714,1.1140298389632903,0.928584635900897,0.7736882727726743,0.05950263181520434,1.24662940005239,0.9463672223252326,0.3511660638346172,0.01990137758817329
1.3257694389035444,0.9548988186988863,0.20562637901446432,0.00971201599438495,1.2759582371526264,0.9496933761937959,0.3867522677126747,0.02048682377463231,1.1138408095050962,0.9285557663955667,0.7750674184849228,0.05963464953792817,1.2030502208630227,0.9410399503926139,0.3346101985780829,0.020964714515117035
1.7144208328684256,0.9810645021061273,0.19704912552612786,0.0038032395356058357,1.479155111101678,0.9678878111213065,0.32301590919451156,0.010716890705401199,1.1151039085263157,0.9287484687333754,0.7904605613043412,0.06064238843442836,1.2161171383616276,0.942687343622572,0.3431189314856179,0.020860635872394666
1.381886046610505,0.9601478226115586,0.20044397816600526,0.00831968660053736,1.2424384005096127,0.9458753021183373,0.4000212866243975,0.022889942507528144,1.1231707212827282,0.9299678868869848,0.7747266949474676,0.05834152802184541,1.220332268367378,0.9432094746417586,0.33891346987182414,0.020405937941108614
1.4158823434162915,0.9630375395372058,0.1990895620426806,0.007641280597528865,1.410509182730859,0.962594605388891,0.49012419229182896,0.019045700774232233,1.1153663486560406,0.9287884471625548,0.7735972992377373,0.05931282319226712,1.214881727790252,0.9425334600826076,0.3399935841620457,0.020729507973322327
1.547657168551329,0.9724445394872203,0.19432624113475178,0.005506482731662176,1.2301611005325015,0.944409661225678,0.3031647982917715,0.01784504599372302,1.103639176361134,0.9269816584354166,0.7567604667124228,0.059610018966552256,1.232715542771022,0.944717651165475,0.3535880424006711,0.020691026022003327
1.3429360090592002,0.9565708687633389,0.20500312504763793,0.0093073162818867,1.2815221083590052,0.9503019322314136,0.4533910577905151,0.023711053036412216,1.103469240249456,0.9269551687359189,0.7683348831537066,0.06054542203028468,1.227222918348557,0.9440534068448132,0.33207823289989175,0.019679655469743578
1.447604397009364,0.9655514441058138,0.18638650578825833,0.0066498227533749316,1.3743770895656744,0.9594809488849955,0.3623893196311419,0.015303765418927534,1.117773111241596,0.929154112946464,0.7749996176843909,0.05909195752994049,1.2062630800427605,0.9414490759537512,0.3305500756984906,0.020557683755860305
1.223176872841749,0.943559307937127,0.15395764677163432,0.009209252729603098,1.2019547925227996,0.9408998469752269,0.43791956548272915,0.027506767501103542,1.1166194548387132,0.9289790518320872,0.7795526669107775,0.05959722067105956,1.195771878365093,0.9401031958667262,0.32413340656658124,0.020651514909775515
1.4541141295150228,0.9660465488699274,0.2020568294355146,0.00710165228762689,1.2124629430005078,0.9422310506507535,0.4143520987278129,0.02540426298584523,1.1162166396999487,0.9289178327713341,0.7811533480612478,0.05977501018843113,1.2104411303900011,0.9419771272564885,0.325283766283233,0.020036472256553008
1.4500177590173673,0.9657358018522592,0.17197880236411675,0.006101788657014863,1.4657822099374294,0.9669168452443824,0.43943859863467677,0.015035434779862968,1.1093156480567319,0.9278614384897262,0.7746758502726064,0.06022882206030261,1.2119890537585005,0.9421716277298552,0.3241802715374395,0.0198974548514837
1.5611907247243217,0.973267384907069,0.1904877346626464,0.005232103088656484,1.5190651118996943,0.9706244428827706,0.46087061925180683,0.01394806333052488,1.115366060432412,0.9287884032677974,0.775511750178033,0.05945964637420177,1.2002447166857242,0.9406805073344615,0.33880816376005696,0.021365307592201854
1.768179868134646,0.98323219470394,0.17979231758867856,0.0030661349285476904,1.2643088687205637,0.9483962841687942,0.3651136433253691,0.019866400797607178,1.1281533170977076,0.9307114103888856,0.7683023953930037,0.05719774011299435,1.2038485394704515,0.941141857804523,0.3202995772835876,0.020031239614489865
1.3432794816186666,0.9566037122468369,0.161410244690252,0.007322369059633363,1.513341614107805,0.9702463397941302,0.48074168875887496,0.014742467214215528,1.1159706596010581,0.9288804252331637,0.7897583569491422,0.06046771682230191,1.219726947086085,0.9431347689022828,0.334750281866106,0.020183384990140663
1.484038109501588,0.9682354384754237,0.16284438736507353,0.005342378884142767,1.3780702224366719,0.9598102627525567,0.40025379934562577,0.016759661416684283,1.1125292138679426,0.9283551562233862,0.7681864049169801,0.05928398695547552,1.227550111750151,0.9440931850466667,0.33547380974222546,0.01986591207309826
1.6027308818400192,0.9756464877583788,0.16964340047465465,0.004234538515750701,1.401753413371585,0.9618618783890167,0.35402847927949854,0.014037338935946704,1.1271357424279773,0.9305601598121495,0.7867400961479949,0.05870776431791285,1.2184975805043274,0.9429827622890977,0.33636584920586626,0.020338284376953047
1.3382825612641225,0.9561235526996035,0.1856338920655995,0.008518727165946908,1.2019523069366573,0.9408995287184891,0.3197598105037643,0.020084987738699617,1.114341743716893,0.9286322479809475,0.7836785805887057,0.06022769371158575,1.2314139598241145,0.9445609201479999,0.3329460931488662,0.019541592978036076
1.8320390882451103,0.9854917870647133,0.17925889913553425,0.002639013651194072,1.5212201351518477,0.9707655961943652,0.21023685449932392,0.006331239099690087,1.1164909721399954,0.9289595305722312,0.7629631880402911,0.058346204813789625,1.2015567979775694,0.9408488669210577,0.32296683429300677,0.020304912794196165
1.3952598767771542,0.9613095843366807,0.17534030858682978,0.007057028799354148,1.290635779444822,0.9512837021764233,0.48989294853353116,0.025087963483267486,1.1172822524813273,0.9290796765586555,0.7565222657965265,0.05774833432973189,1.2127007793707463,0.9422608523248639,0.3286646578744152,0.020139664265778397
1.55005189380921,0.9725919107815025,0.21553892306293748,0.006073986394376874,1.3577009209980186,0.9579615071372829,0.37165540438168543,0.016309458102527614,1.1093075550295197,0.9278601911614832,0.7694312293566862,0.059822182618583714,1.1733822173495385,0.9371335049718214,0.3313838974576528,0.02223049760937365
1.4755221704733377,0.9676267936843632,0.19707212385989117,0.006593302879186365,1.2493738309286184,0.9466870626550714,0.37384839426688127,0.021053373185595494,1.1216928561897068,0.9297459389345339,0.7939602973863723,0.05999373902085464,1.2242267670287315,0.9436879127142921,0.35065532306277303,0.02092443157686947
1.4133137523045511,0.9628264316449365,0.17022544898739014,0.006572199469943172,1.3923730547064683,0.96106159412797,0.3696904852884983,0.014978392905454586,1.1011346537469058,0.9265903553705912,0.7631792128391288,0.06046330449950046,1.2267496986632453,0.943995828544161,0.3254260603744746,0.01930645912865677
1.354440418523368,0.9576581256126212,0.14574332136554494,0.006443891866015983,1.1815371194704871,0.9382307213154479,0.28357573175926487,0.018669467973352127,1.1158633974944991,0.9288641076071343,0.7666433396214933,0.05871241838756432,1.2062668070303317,0.9414495489988801,0.33799367127122254,0.021020438014440913
1.3284212855237028,0.9551610613749718,0.18783412365217916,0.008817657128947429,1.2715633447684327,0.9492076968242948,0.4140868041922136,0.02215787184401965,1.111777087922454,0.9282398832379514,0.7505814129088767,0.058025743993977016,1.2251854215531028,0.9438051005466944,0.32811320184844,0.019536118608063188
1.3875224242560096,0.9606414667853952,0.1598810440348414,0.00655050151341925,1.2678357644023834,0.9487922868889354,0.39622299714686837,0.02138473704548372,1.1150034731901466,0.9287331635830032,0.766903672840904,0.05884876382479055,1.1961179591259221,0.9401480518124713,0.3397642015005359,0.021630156383330372
1.3800947671689632,0.959989700135631,0.1860870355779138,0.007755706226110456,1.365494772902806,0.9586783051240028,0.4464361476453118,0.019242636634224323,1.1213249931784972,0.9296905917383983,0.7758045942178314,0.058671521935156096,1.1987689458602242,0.9404906074964311,0.325519728468392,0.02059720866394112
1.4101650642318515,0.9625660649553065,0.17863879761470122,0.006947214731366385,1.238941532723217,0.9454616036722885,0.490188024826579,0.028276207800773376,1.118419717098277,0.9292520574870747,0.7792229524157235,0.05932558362188642,1.2089139710149044,0.9417846343711401,0.33342460752099307,0.020610269830378655
1.3051950171394469,0.9528140052545013,0.1461284302627956,0.007236685548830179,1.2905181316217402,0.9512711465897474,0.22960198243950194,0.011761358877652355,1.116549917207803,0.9289684871168258,0.7769143696270688,0.05940503237796942,1.2382900762447924,0.9453842042765263,0.3391256462813963,0.01959162945404801
1.3957280287834437,0.9613496574693349,0.17216872288711813,0.0069219144782048745,1.3018127644391637,0.9524626268848617,0.46683383072331786,0.023299658556100337,1.1178142357661036,0.9291603460067244,0.7822662523459373,0.059640374112996795,1.230224008278681,0.9444172653918663,0.3375688397994031,0.019867276808795402
1.3676840347417942,0.9588775377669638,0.24163157735300356,0.010362621943515298,1.3127098624664906,0.9535858974769351,0.4027142467662294,0.019601401810117238,1.100073078988251,0.9264239144739139,0.7612916906485717,0.060461373747315084,1.2364416045048743,0.9451640239478039,0.3344036836206113,0.01940123822127054
1.553020479133688,0.9727735343831094,0.21007883986312315,0.005879790216534582,1.3471128424935601,0.9569686597690302,0.31392737084884753,0.014116152462162154,1.131148978883514,0.9311549119551846,0.7789619669264513,0.0575926781978842,1.2120593676343792,0.9421804482993517,0.3440463089979951,0.021113368873694256
1.3872044130418504,0.9606137715632792,0.18928262748487468,0.007760797342192691,1.1822877931272626,0.9383308180919234,0.35674157303370785,0.023445847176079733,1.1138695581844809,0.9285601577292698,0.7696937893567107,0.059217275747508305,1.2009873100302855,0.9407758481988645,0.32909927151500185,0.020717607973421925
1.3276212247927996,0.9550820963525501,0.20966736124842197,0.009860742198537943,1.2367867840456659,0.94520520333115,0.33603054131747456,0.019480135235315433,1.126567619916615,0.9304755821897207,0.7794728276575357,0.05824160846251276,1.2347718255207258,0.9449644100079417,0.3398634158212542,0.019793955632976406
1.5931849552063309,0.975118730045658,0.16971033716876946,0.004330353405211308,1.3979514788997942,0.9615394382712095,0.4670851713607058,0.018682913410208127,1.114454996074641,0.9286495286349947,0.7742388253077089,0.059486709928117595,1.2124677664181933,0.9422316551841644,0.3347163525310794,0.020521502925663043
1.389191168488628,0.9607864898753244,0.19283717255211816,0.007870450404925598,1.4397818178871404,0.9649472765229522,0.3878927855102413,0.01409061290708653,1.1278144373309316,0.9306610737689478,0.7715918069652951,0.05748746658865145,1.2382870800793637,0.9453838480638103,0.3316720354950465,0.019161159057966195
1.4046576768229924,0.962106436907752,0.18695215485756025,0.007363305143343439,1.214892196461975,0.9425347656955994,0.4748752130508887,0.028952582309451625,1.1229549933613971,0.9299355290124087,0.7763422205989774,0.058492234455614064,1.224763850404525,0.9437535951318025,0.336118212807402,0.02003217913940748
1.4680132953244056,0.9670807858316433,0.15151185724713082,0.0051574298143816834,1.2440012601070352,0.946059238768833,0.3732043297976425,0.021278715770748125,1.1083194641166374,0.9277077532793142,0.764951623674116,0.059609366540875154,1.2247939304656756,0.9437572716307254,0.3443959559565778,0.02052409955885508
1.5142428736880427,0.9703061898047598,0.1985338849008395,0.006075636286268982,1.2958533587813177,0.9518374545992196,0.4940229954982358,0.0249973404962634,1.1094064843874971,0.9278754371672934,0.7577260007300158,0.0588986995026728,1.2263026787573883,0.943941386868344,0.36131220343107434,0.021457541022845136
1.5125398393154175,0.9701929980059248,0.15704971225664258,0.004824999867061582,1.3704428095465953,0.9591272895749778,0.37896412391330964,0.0161493589709503,1.1213637793287985,0.9296964292475929,0.7581119137994368,0.05732836320902705,1.1815028007576416,0.9382261415430183,0.3177727439696339,0.020922512855144983
1.4387081450362418,0.9648635597886305,0.16956290383884454,0.006174797226361138,1.0880048961707396,0.9245072211967454,0.23534777651083238,0.019217867883142278,1.1147438408133803,0.9286935846313665,0.7740782972253896,0.05943483351584457,1.209586144283249,0.9418694330750953,0.32687191182060055,0.02017397409736725
1.2764517375985718,0.9497476374576317,0.1769961426458705,0.00936509234458381,1.049715301319344,0.9181189072749909,0.2923813444327555,0.026075602827543887,1.1176041513572328,0.9291284991355706,0.7715927975727638,0.05885508804330267,1.2247436767528619,0.9437511293051289,0.3268840811721478,0.019482742688320658
1.4390464717542253,0.9648899606671916,0.17950944546008532,0.006531919646418713,1.296644783730163,0.9519209264568698,0.39590188909201707,0.019995984448380216,1.1199609897809815,0.9294850172787348,0.7610603290676416,0.05773751588935161,1.2217043916210275,0.9433784738930941,0.3316270566727605,0.01990423840143815
1.7121222005676497,0.9809659273596119,0.19017540670726166,0.003690049169622563,1.2845724057807943,0.9506325954019411,0.35661486261322667,0.018519405176575736,1.1114420912861662,0.9281884856240831,0.7765912326941137,0.060082831595705204,1.1943827743455464,0.9399228355266567,0.33366657578236236,0.021327007914753147
1.4313767592050086,0.9642867447553013,0.17798919248040185,0.006591995064148123,1.3911523823781147,0.9609562750466641,0.4237004338229698,0.017214980150881225,1.1306380182457487,0.931079451687558,0.7859502245224141,0.05817776380113782,1.2136321572426534,0.9423774181488426,0.3400258771596012,0.020791212268889574
1.3169705821415096,0.9540181889252378,0.20720349962656423,0.009986803484943674,1.191992632530594,0.9396113107164054,0.35987013580867894,0.02312880397025632,1.1081513866166133,0.9276817935556394,0.7768378374258844,0.060559040277625424,1.2454497189705456,0.9462291848820118,0.3504199247031567,0.019913109092299153
1.3403321397204808,0.956321109074037,0.17779798439039177,0.008120722938515382,1.343021102629188,0.956579007778822,0.3480184890505418,0.01579723993836975,1.1226903035567575,0.9298958082669031,0.749715844510116,0.0565205508419631,1.2099307201772544,0.9419128584511376,0.3307569902250512,0.020397564315101605
1.6325880250418883,0.9772276565887366,0.2209257871637637,0.005148235275349159,1.2287424539622387,0.9442379177789146,0.2877678038933831,0.01699416178819582,1.1119505472457871,0.9282664832857013,0.774012508984142,0.059813254329469774,1.2427534788163492,0.9459124319585686,0.3391341580903155,0.019391796990027247
1.4151510598026136,0.9629775543164781,0.1793724014445692,0.006896116072319119,1.2925194811237335,0.9514843166276623,0.47511456404964947,0.02422584098571039,1.1157058675465394,0.9288401365413756,0.7730569633698522,0.05922507630212316,1.206669517248482,0.9415006415823893,0.3291098904433856,0.02044896900704174
1.4805769808040092,0.9679894138251284,0.21712552142586272,0.007180156223921397,1.2600996764816461,0.9479198824132387,0.36168373151308303,0.019871438099246807,1.1151446388434214,0.9287546746841993,0.7642775881683731,0.05862818985987458,1.2203778637589995,0.9432150980611174,0.3276298824421691,0.019724483614574958
1.1775008176327029,0.9376899037259819,0.18721503105970194,0.012440559040808702,1.247475469741361,0.9464660171451936,0.43474402521496985,0.024589978689660032,1.117827355859849,0.9291623344540666,0.783301202607179,0.05971747514347588,1.2044812961139773,0.941222513477459,0.31310627620184217,0.01955286838771259
1.4771027893747812,0.9677406081517135,0.16142500152373987,0.0053810621714121595,1.3075449063247206,0.9530566777186527,0.3678308039251539,0.018117705250225373,1.1172223247337503,0.9290705838552523,0.7653440604619979,0.0584297988783138,1.2268259158429855,0.9440051059205179,0.3297525446455781,0.019559702266508175
1.2687788307777814,0.9488976870490246,0.2023374505481231,0.010896761432487832,1.1622142354973455,0.9356013720548049,0.41291939721559506,0.028421765323238223,1.1084062818117417,0.9277211589861039,0.7659529489928427,0.05967546486153584,1.2045648204618546,0.9412331523412069,0.3288889559991544,0.02053451594409557
1.32961762561101,0.955278891901112,0.1375359041740512,0.006438704016379276,1.2959872659699287,0.9518515874996379,0.3795758723950376,0.019200446707526225,1.1196982531352804,0.9294453554276061,0.7785705555216036,0.059101665846816545,1.1917555141373013,0.9395803230399078,0.3295239259304529,0.021190023531914327
1.3160099181579463,0.9539210560765276,0.21876227601003234,0.010567262966495213,1.2641568800444827,0.9483791538323951,0.47342338258846284,0.02576871866699122,1.11614860901708,0.9289074887916363,0.760357175233433,0.05819277124459466,1.1970805547765473,0.940272649639913,0.32975251563774816,0.02094631173325991
1.326304126127678,0.9549518115826748,0.1719221996177794,0.00811013032025878,1.2872771156667404,0.9509240499595265,0.4916158066703656,0.025371650625818986,1.1099294472214765,0.9279559816187891,0.7680784168670243,0.05963155222777738,1.209305338765534,0.9418340218730592,0.3356451513470193,0.02072884189598301
1.4027103052763537,0.9619426220949165,0.1542258148312272,0.006101642637446497,1.334536167594955,0.9557602370906234,0.38046849930473847,0.01761094001458438,1.1187233670940473,0.9292980096516045,0.7799306266522011,0.05933795947615879,1.2184291084489087,0.9429742847595336,0.31870482710144704,0.01927345316811458
1.4323110137671256,0.9643607534658772,0.15466699374463388,0.005715926432038964,1.2230679911433138,0.9435459548892892,0.2407549368330676,0.014404799251346566,1.1242074656172265,0.9301231995255922,0.7699006500674598,0.057839858351367304,1.227047156178767,0.9440320277480849,0.3366705507175273,0.019959882172158386
1.3321063568687213,0.9555230682817271,0.1293939486646067,0.006022927138601107,1.3951854627826052,0.9613032109348202,0.4266375011472451,0.017174083266751662,1.1142392266716323,0.928616602047093,0.7767002172117355,0.05970548079057815,1.2124013053624252,0.9422233248978023,0.3319668369688255,0.020356044663118893
1.8300273791679804,0.9854254089697123,0.21253273247670665,0.003143391299029059,1.4051220065406027,0.9621453966588996,0.4115918640764874,0.016193650987828,1.1051983381132549,0.927224288312199,0.7652091833627672,0.06005951700276842,1.2461579564059364,0.9463120976681116,0.3483496741976737,0.01976320849300715
1.3939324507245843,0.9611957416487201,0.17183605649404596,0.006937162163060193,1.326477508655608,0.9549689827937925,0.515462014215822,0.024306317010833377,1.1231640600931385,0.9299668879558944,0.7720852949321517,0.05814350668596499,1.2220261797358756,0.9434180388366721,0.3392104372442229,0.02034431290927529
1.3276275772395685,0.9550827238529626,0.18955802213748707,0.008914861313674614,1.4005113420872417,0.9617568255072926,0.5061055621594084,0.020124716364953173,1.0997468193394233,0.926372691520493,0.7719869706840391,0.061356863552854954,1.2108391526580382,0.9420271983103222,0.34490637108850364,0.02122570206941459
1.4296714204364636,0.9641512713902878,0.18672519488382652,0.0069427495815397346,1.2857316590452155,0.9507577148074533,0.4219329448270643,0.02185303582365682,1.1103316756390789,0.9280178746296627,0.7855294028608188,0.060929942735616235,1.2126385737673533,0.9422530591535406,0.332778324377507,0.020394659402936836
1.5287209616420347,0.97125178601819,0.21215863867160697,0.006279712460170096,1.4220156153231442,0.9635369689732334,0.47670890322187154,0.018040046296757963,1.1045724368937455,0.9271269777113241,0.7593278746016499,0.05968386042099203,1.2246660198398907,0.9437416363470384,0.33019227543723223,0.019683434948202013
1.5489378733010888,0.9725234495282474,0.16306507508663842,0.004607051653069673,1.3362217283921598,0.9559240521345748,0.3478475163650366,0.016038626669333568,1.1142167429775007,0.9286131702100704,0.7695648825567963,0.059160045372780454,1.222005239893193,0.9434154650025114,0.3260377358490566,0.019555216507505316
1.6219236727366244,0.9766747510444675,0.1946183864234504,0.004647936592807769,1.3153880616867848,0.95385807601361,0.37011828054572404,0.01790409914888693,1.1287816449623096,0.9308046516521308,0.764074174910004,0.05680072462322386,1.2165229961762618,0.9427378130238888,0.33889947666152404,0.02058485925843166
1.5371933547318002,0.9717915158814109,0.17184834560236056,0.0049882935264497184,1.304710207625816,0.9527637909319012,0.35122715886213096,0.017413171726623437,1.1117723191422968,0.92823915181532,0.7686455916027601,0.059422897104649826,1.2003932916446713,0.9406995942348501,0.3344449737970462,0.021082950150958017
1.27452817851703,0.9495358251496199,0.18183931560349637,0.009664059821905468,1.2382421236133754,0.9453785029475986,0.26213501952761764,0.015145475755812253,1.1201235863438241,0.9295095519935718,0.7917829024858967,0.060045785866702804,1.2150779263403952,0.9425579245905324,0.33034219825181327,0.02013196321186659
1.6109770430842554,0.9760935870870363,0.22459445640890568,0.005500751038532496,1.4935656576759246,0.9689032671493797,0.39328819546658816,0.012622496344458625,1.1086643225475759,0.9277609900800282,0.783229784794633,0.060985258917295414,1.2055651744795908,0.9413604316075023,0.33142246254435026,0.02064508928423138
1.3201155088721657,0.9543348112582946,0.20412942328884534,0.009767650233705738,1.4329993848169686,0.9644151895280854,0.4639249418391086,0.017117815343220405,1.1179408657415704,0.9291795355644553,0.7924421452185625,0.06039857596367059,1.2213634600438121,0.9433365268246272,0.3388024978572303,0.020350877659433043
1.374856555562857,0.9595238480491596,0.16372008500939417,0.006906299464800001,1.3817163414521063,0.9601328678676899,0.3299966119444359,0.013702289518346582,1.1154776508827948,0.9288053959673477,0.7701512304801799,0.05903347691277184,1.2518984062814438,0.9469796904849351,0.3391597622201004,0.018989167084203295
1.291806218934854,0.9514084465154475,0.18015253258788855,0.009200981402554572,1.2599706245281672,0.9479052106717621,0.37759411746832366,0.02075174371829225,1.11631279078227,0.9289324500520038,0.7853605177600195,0.06008364528547777,1.2455223745541675,0.9462376961687662,0.3441858345234116,0.01955557624154737
1.6290104405498265,0.9770436144449804,0.17877781316831232,0.004200521191785677,1.2896113666128541,0.9511742719300104,0.4733130090549211,0.024296128432082488,1.124568463863662,0.9301772051508009,0.7740213253249609,0.058101114398205686,1.2262089124388322,0.9439299609383669,0.3278730794315269,0.019475869112903388
1.468223688000232,0.9670962049752113,0.23250209881533535,0.007910486426165915,1.213571614300455,0.9423698476660205,0.283806473679301,0.01735604163483829,1.1082038102684322,0.9276898913588527,0.7755355865800193,0.06045022484672561,1.2266329194913244,0.9439816110394214,0.33361835763813313,0.019797804008050642
1.3818364605155733,0.9601434535459196,0.196931732587275,0.008174839623349963,1.3338844987939955,0.9556967476658778,0.4678646641968856,0.02168881114930895,1.1252105924739282,0.9302731727013259,0.7791031927812706,0.05839617368859317,1.207654023782368,0.9416253717155896,0.33441962707330947,0.02073183455735513
1.6233682321898275,0.9767504062678853,0.2146956280275215,0.005110400871778175,1.4906215600975803,0.9686983661394315,0.4735737866773626,0.015302630617221607,1.1208313315115064,0.929616254041852,0.7946530498904693,0.06016531891001149,1.2050855966956506,0.9412994451897949,0.34099534108790225,0.02126487571180821
1.4622173119239472,0.9666532581744948,0.17391039410142742,0.005999405643988727,1.3296971714001367,0.9552867160914256,0.39492405892479016,0.018484870847236545,1.1200828886884495,0.9295034117346259,0.7701201956034917,0.058408442248739985,1.2268205844246816,0.9440044570118351,0.327117895282056,0.019403662802022936
1.5935948711815817,0.9751416200474675,0.18071418689376353,0.004606778982933253,1.4576020992408176,0.9663089982343445,0.3180483605675372,0.011088966259264896,1.1174910228502326,0.9291113444128541,0.7662828770387222,0.058465288664678726,1.2367839047993603,0.9452048599620483,0.33066883925414664,0.019169437357574967
1.526697480117872,0.9711214058726392,0.21231523320824078,0.006313696114408241,1.179702396238318,0.937985435429942,0.32610860075055526,0.02156055106423566,1.1226290942352604,0.9298866199102505,0.7793214367772077,0.05876077678601695,1.213665270808433,0.942381558379852,0.3473079574174772,0.021234862981694337
1.4355305581426825,0.9646146657432766,0.17920993469649932,0.006574027605598227,1.2577706692906423,0.9476544991517729,0.44050040527933687,0.02433187871617018,1.1351448799364514,0.9317424051181121,0.7790692339455855,0.05707306210761065,1.2229131041192434,0.9435269547166265,0.33674889504029853,0.02015547674994433
1.6730686604479632,0.979212217555473,0.18142003776037638,0.003851381966470322,1.5379330651742393,0.9718381690704769,0.4100714971060695,0.011883011532221524,1.1329497304273346,0.9314202429906754,0.7689343526571544,0.05661604571963109,1.237694474666156,0.9453133504319139,0.325915379615587,0.018854298572789592
1.7723781024280374,0.9833908254288962,0.18076160314849263,0.0030530089815882424,1.3857722404459414,0.9604888135712591,0.4048303534367457,0.01665331999774048,1.119974278780796,0.9294870227944713,0.7723645979061294,0.058593316475549016,1.231122870875579,0.9445258112819642,0.34024628345657754,0.019983452345746288
1.4689063382750618,0.9671461866486325,0.20467064232712706,0.006952631540450737,1.5114803221757824,0.9701223665179145,0.39551751870229584,0.012181068973748762,1.1226040230049295,0.9298828560541038,0.7841459158434622,0.05912795541698168,1.2395969964063287,0.9455393748390374,0.33553360343545624,0.019325868696601016
1.3885877815522507,0.9607341114726219,0.20831721769265282,0.008514073301420785,1.3618297194575926,0.9583426998464433,0.41309157293810045,0.017956290215957824,1.120970353032143,0.929637195845509,0.7718644120240729,0.05842122572093904,1.216895970782757,0.9427841565084762,0.3236845769450934,0.019643824057987383
1.4838528287218669,0.9682223147645332,0.21526852397037405,0.007065252774614782,1.252168294936191,0.9470108838773673,0.32975921162725835,0.018451370997851525,1.1139224071233993,0.9285682297049389,0.7999008336174037,0.06153380093990782,1.192099450685505,0.9396252653244359,0.3283336948774365,0.021096771707632068
1.4539334218404791,0.9660328980580026,0.2287281857350981,0.008042410996033934,1.2697749274822423,0.9490087911351777,0.4016459502185301,0.021580845961189688,1.1211871169134358,0.9296698370449874,0.7758438982052633,0.0586931248214606,1.2272826850788725,0.9440606749107039,0.34651746691051116,0.02053252904794489
1.6478150403310245,0.9779949890371687,0.18844440361916134,0.0042400229183242235,1.3038208462713088,0.9526715429384781,0.31689095056568534,0.015743054212338806,1.1210830801344183,0.9296541725047507,0.7823144873620232,0.05919680845053384,1.18906823262069,0.9392280960252906,0.3317870757360033,0.021467982476255806
1.5624488172784912,0.9733426522502442,0.18088460361187633,0.004953963303581636,1.353275032638177,0.9575491825863894,0.4246097337006428,0.018824129982212792,1.122896808409795,0.9299267992571184,0.774502601775329,0.0583614498834127,1.209943007068411,0.9419144063514974,0.3290939700030609,0.020294432790145516
1.5328089728681968,0.9715134506669146,0.14930438770830148,0.00437787742740873,1.2853998237260693,0.9507219302264504,0.45616878153187584,0.02364426056679753,1.1273267046098614,0.9305885673768632,0.7858125668857973,0.05861277255377956,1.2454148366328877,0.9462250981157911,0.33685980736890386,0.019144073779133224
1.304695347428963,0.9527622509796347,0.16798869933717267,0.008328843853109964,1.2648429085199273,0.9484564320982035,0.4153459275702023,0.02257184441576196,1.1218529430580342,0.9297700123840513,0.7843870787476134,0.05924851747509418,1.2255599302002278,0.9438508188972086,0.35300600735784915,0.021000138836207154
1.4592413386335026,0.9664316641158294,0.1648232655271096,0.0057250222071332565,0.696088598186571,0.832409810565464,0.177894655425787,0.03581577081839847,1.134781353047635,0.9316891506533483,0.7725423466625416,0.05664230802705649,1.2280833099773711,0.9441579510681283,0.34225384793874236,0.020242541093992813
1.3727396718885794,0.9593341160158887,0.16328792426691296,0.006921725886098535,1.4672148328543169,0.9670222050185937,0.5423997537135381,0.01849714286094016,1.1272210500443332,0.9305728515161183,0.7842222735319018,0.05850838667833578,1.2247022797011415,0.9437460690226318,0.3277764950357885,0.019537794045428478
1.9409233140986255,0.9886726271440381,0.19993182733723777,0.0022906493937884073,1.382742206890133,0.9602231871420794,0.40499209816863435,0.016776615180202625,1.1141186652223247,0.9285981981631988,0.7725821945399894,0.059405414382992856,1.2235404045815084,0.9436038692844918,0.3398252300827368,0.02031024746719814
1.5047283210276112,0.9696684269698808,0.21284919616113454,0.0066579985056728595,1.3688015852488373,0.958978885105571,0.39597469282963504,0.016938144960368422,1.1257909367500962,0.9303598014609491,0.7855920288526194,0.05880390014065819,1.202775817718637,0.9410048839509171,0.33447949141145544,0.020969770453270368
1.3353543453784598,0.955839825946091,0.1570841889117043,0.007257351007101922,1.2857005308780285,0.9507543590440957,0.44334515587082324,0.022963677376672858,1.1047233838262775,0.9271504568146758,0.7612780785265385,0.05981635434683841,1.245905295744868,0.9462825327341947,0.3385912513222575,0.019220754721994172
1.4874282833342405,0.9684746459754718,0.2518215992945654,0.008197184202780983,1.3834681633766892,0.9602869832780813,0.4050215807304961,0.016749814470441837,1.1250541835534995,0.9302498082865425,0.7921133645828499,0.05939271209333814,1.2468106497051648,0.9463884011544937,0.3303476121965935,0.018713737027049114
1.5907241275702362,0.9749808832983884,0.18104836212768594,0.004645906579608237,1.2392070164820777,0.9454931160843222,0.4938386277788098,0.02846938206054228,1.129104491262496,0.9308525155282783,0.7713480710879931,0.05729885011652967,1.1978938371913974,0.9403777310949847,0.3456870394451669,0.021917411420173852
1.400385914888978,0.9617462015934527,0.1733946937640918,0.006896835827401035,1.4473474890090459,0.9655317625528347,0.4534700559038824,0.016188295577918965,1.1255068393609182,0.9303174063149641,0.7790097909009482,0.05834935729197535,1.2019948285401743,0.9409049730024609,0.3368903851499521,0.0211589341930237
1.530159635430802,0.9713441372885125,0.21869575236193256,0.006451797272141833,1.3728255969805059,0.9593418338658729,0.3806743989553729,0.016133480694119812,1.1298434037076044,0.9309619483459965,0.7726399877102696,0.05729724987821468,1.2253501185922233,0.9438252103399811,0.3316998233351256,0.019742180651652792
1.4185362060247935,0.9632544446370539,0.182114477278371,0.006947175426476059,1.1789715617006928,0.9378874763594397,0.4839210330270673,0.03204814795132061,1.1290101276675901,0.9308385287372781,0.7777036255276881,0.05778352022107668,1.220428789786296,0.9432213783054479,0.337860069530668,0.020337992241058617
1.4238556456538953,0.9636855314345166,0.20278729367798193,0.007641613951375291,1.4464524434363626,0.9654631089715674,0.3561040174400498,0.012738680049841522,1.118606433136947,0.9292803169895559,0.7716599190283401,0.05872452463249848,1.247897859856137,0.9465152749937475,0.34643413266895046,0.019575948543145063
1.483551283105604,0.9682009446302828,0.17013241400924548,0.005587734739640778,1.350084905023879,0.9572495900211683,0.3208023192039489,0.01432691203119304,1.1276944423367816,0.9306432418058651,0.7837028911697876,0.05840593847050785,1.2188818820168124,0.9430303207154369,0.3428190864216877,0.020710143647612148
1.5124744153727294,0.9701886412864583,0.17443979008673716,0.005360078375371536,1.3939616130130186,0.961198246114291,0.3924661693943971,0.015843116417315645,1.1197656104507843,0.9294555254287705,0.7803541118395441,0.05922786975075968,1.2240293897411318,0.9436637564118603,0.34034601429528005,0.02031848297162214
1.5820830435990414,0.9744909224356038,0.17457848565918,0.0045699103287944205,1.644593338554461,0.9778347752304528,0.4035027686181796,0.00914646296911325,1.1235283055357335,0.9300214919128397,0.7810925153984943,0.05877250083028894,1.2247146445985078,0.9437475805247126,0.33489392148323277,0.019961474593158418
1.5034455626472512,0.9695814345701276,0.22552016720217113,0.007075217941684742,1.3287976728229123,0.9551981645668292,0.3814299528964033,0.01789027932931211,1.1150579053368013,0.9287414587712918,0.7810462613469757,0.059926491587178665,1.2365227579164861,0.9451737080442253,0.3556477524409645,0.020629908918108654
1.345311573034014,0.9567975399773024,0.17608964451313755,0.007951008974866653,1.4815054131300232,0.968055589096689,0.4902163833075734,0.016176419780319078,1.1116561972788865,0.9282213392340476,0.7683462132921175,0.059415637050758356,1.2224229866726462,0.9434667918171056,0.34179289026275117,0.02048047561212205
1.5807175129911613,0.9744126447931024,0.20860006870062142,0.005477683487121998,1.2734872449926655,0.9494208507377326,0.21050494956749835,0.011214374801593364,1.1201387258616666,0.9295118360422641,0.7790182056646785,0.05907570068258524,1.2134402176219512,0.9423534141931678,0.33564937701027386,0.020532679482462513
1.3955840515641345,0.9613373374718757,0.205366405004103,0.008259340089888089,1.2259982362153206,0.9439042809176196,0.4701100840726462,0.02793838712999226,1.1189495954269786,0.929332227461761,0.802390573954511,0.06101494480818227,1.2054194886592435,0.9413419114797644,0.32741883041478936,0.02040253653156879
1.6872678242768095,0.9798674172702199,0.1971771414249013,0.0040512471811925445,1.2449255148445202,0.9461677389680838,0.35934269064477725,0.0204448204330007,1.115837394183958,0.9288601512412461,0.7855128767466634,0.06016112024521301,1.2418835594409523,0.9458098594407137,0.3344664452659941,0.01916324248517221
1.3797065827944608,0.9599553545689079,0.17477286540229706,0.007290669709482387,1.370627586566841,0.9591439654449413,0.4005516682510246,0.01706204009901549,1.1139072584037968,0.9285659160246755,0.7551621499477941,0.05809422411852104,1.2173235695381115,0.9428372438984303,0.3523196559086163,0.021360592923992262
1.5454980378562952,0.9723110068247348,0.21897043609116845,0.00623573205276501,1.3873104974394543,0.9606230124052612,0.4094115434053359,0.016782226802426033,1.1252102078104138,0.9302731152490482,0.7834122331253723,0.058719201486323355,1.2218137787392163,0.9433919263281182,0.33650500047026366,0.02019192588569175
1.3546284086027773,0.9576756743212812,0.1649678069971298,0.00729072626262425,1.2906531613078485,0.951285556939753,0.3465828872857032,0.01774818529007126,1.123669996718641,0.9300427221697156,0.7822356682957102,0.05883931637899022,1.2428468236059385,0.9459234273965781,0.33862384609417423,0.019358455947073645
1.7551096086309577,0.9827287389628495,0.1990172371031746,0.003497688137755102,1.2569431519666663,0.9475598988242635,0.47409784226190477,0.02623764349489796,1.1298651123317662,0.9309651609640064,0.7874658978174603,0.058393787202380955,1.211723730954226,0.9421383327636736,0.34426153273809523,0.021142910289115645
1.770554718875589,0.9833221107396264,0.20637214952408778,0.0035002282757571144,1.4271836163953409,0.9639527506626996,0.36589116294804175,0.013682589703733289,1.1294028125017137,0.9308967161720483,0.7790045054049483,0.05782786479429596,1.250532736082473,0.9468215820853207,0.33430719788415114,0.018776428650700876
1.5936710502353109,0.9751458716786313,0.2178309836969363,0.005551989069957187,1.2711709367220694,0.9491641166433454,0.40510356777191464,0.021696772304716103,1.1171667354325072,0.9290621484519727,0.7811294006458218,0.05964255626509071,1.2286667404534737,0.9442287377697324,0.3469796014806647,0.02049449415026286
1.6079275708797258,0.9759291882580584,0.15162196922783786,0.0037396810354038625,1.2237960806115773,0.9436351899735446,0.18323568173518157,0.010944954682498757,1.128204638979654,0.930719030703757,0.8094285396719542,0.060252333899428794,1.2347050209944956,0.9449564096322521,0.333889074135823,0.019448995993530716
1.4041686366929582,0.9620653621744559,0.20476649850552717,0.008074028298924901,1.1157847210741405,0.9288521364815185,0.28769787927189916,0.022036972996079145,1.1154171993913784,0.9287961910384254,0.7899198203469707,0.06055720353467737,1.2282931738062985,0.944183423245456,0.33737130928470893,0.019944124325698497
1.445851900401946,0.9654169710211329,0.21812800476063704,0.007813750261465469,1.340061904455778,0.9562951100902586,0.4577571761905508,0.020920557660191175,1.1267153788395703,0.9304975885460536,0.7824044349092504,0.05844076935591509,1.1982909824935317,0.940428981944015,0.3258843979516733,0.020642989239243393
1.5336702994142835,0.9715682867094128,0.17370832874037448,0.005083353858389724,1.4123195466661491,0.9627444088875382,0.4603247090688629,0.01781331470919591,1.1326698408321054,0.9313790650324228,0.8116624411445128,0.05980060931202445,1.227249213129809,0.9440566045894853,0.34525927908917686,0.020459553246422166
1.5388143426262992,0.9718936530261284,0.185828961506858,0.005374017263764945,1.1666873773262114,0.9362191719792702,0.38014348018456484,0.025897638777889,1.113262193920553,0.9284673304213701,0.7855540104923835,0.06052208152893977,1.2174719871096544,0.9428556594688519,0.3359142911320397,0.02035900240821821
1.427983312248925,0.9640166795911591,0.16050233315586734,0.00599098231657514,1.4884139326278845,0.9685438648668188,0.4764335598634556,0.015473494783954102,1.121189182163099,0.9296701479714784,0.7875418871942627,0.05957780242109527,1.2286082792850372,0.9442216485761135,0.3346434499389308,0.01976851513682575
1.4343964867053656,0.9645254256032407,0.1659510252341392,0.006103563301304405,1.3447890449621536,0.9567477785824428,0.45894396216434863,0.020747731339595645,1.1258373039604248,0.9303667184587809,0.7796757833162201,0.05835482101129581,1.2077628567930025,0.9416391447790592,0.32541460530819255,0.020168527160823478
1.3350226127855862,0.95580757288402,0.17964429361488185,0.00830597871119893,1.321998969734653,0.9545234377783165,0.3622894670688788,0.01726063377738118,1.125289254408406,0.930284920510044,0.7807943690296631,0.05851233348205749,1.2196223986929273,0.9431218567111984,0.3485734037204625,0.02102189432086175
1.2410427513410833,0.9457105451931623,0.20178588154484997,0.011583719302346895,1.3192862154320468,0.9542515224304877,0.4457835086952449,0.0213716366901458,1.112884205748223,0.9284095039199564,0.7755159386805708,0.05980073505678958,1.2108859852201093,0.9420330871622751,0.34120640669393365,0.020995740283476363
1.399250045141941,0.9616498622197762,0.1521441096763909,0.0060674345182879005,1.2639862171328815,0.9483599123520859,0.32266857962697276,0.017569947354521578,1.1231448732846654,0.9299640105734492,0.7787661406025825,0.05864921283928597,1.2382879450619495,0.9453839509014128,0.3384026781444285,0.01954995879399786
1.2924967474381468,0.9514819001677817,0.15481124856523404,0.00789415711608797,1.4073572700189605,0.9623324093460622,0.4606077030990945,0.01802909498203129,1.1271091882246669,0.9305562087526872,0.7908589465629384,0.05901872780452588,1.199595558724363,0.9405970447682498,0.3301396505547762,0.020849811288704393
1.6015459042926885,0.9755815729729369,0.21944720369582013,0.0054926780888348075,1.3453200868888648,0.95679835031598,0.47985746495750753,0.02166666998590651,1.118344313268518,0.9292406421482666,0.7884836731154313,0.06004106563531246,1.2064645815722712,0.9414746462448019,0.3472084259653438,0.021583688989882294
1.3765967795156469,0.9596791855459851,0.1891742394310549,0.007948134670899831,1.3017030382716401,0.9524511860249029,0.48918214144606875,0.024421231224075135,1.1211540109151052,0.9296648527129411,0.7783800869221652,0.05888947818046527,1.2498226772841505,0.9467392003659002,0.3483682338996444,0.01959818574898259
1.5718199050056234,0.973896841974219,0.16923223109083999,0.004535896904917406,1.4954389663214815,0.9690329677609075,0.377818953503104,0.012073822153548805,1.1293469282451105,0.9308884380956283,0.7892277967819586,0.05859431001800022,1.2240575387676038,0.9436672020664577,0.3557582668187001,0.021237210018531204
1.4506251506275543,0.9657820506576754,0.18514541952189978,0.006559758054987262,1.4712332193768252,0.9673160036307049,0.49077904443111126,0.016582606352118678,1.1321544387845233,0.9313031780522731,0.7799760002526289,0.05753429567900333,1.2317622341228718,0.9446028987795583,0.3431332301765245,0.020123362217864687
1.319599843127997,0.9542830381438913,0.2030315054360765,0.009726656786924762,1.4808069285448135,0.9680058160008607,0.35203555273391,0.01163535390204455,1.1303363345427562,0.931034862140934,0.7842710895960638,0.058093811534078804,1.2372898292446843,0.9452651636828452,0.3374811522895008,0.019541580860466676
1.5723281022474516,0.9739265732254413,0.18640170018397514,0.004990243837689316,1.4864175531558788,0.9684035127153677,0.3538983695996955,0.011546783121175517,1.130269798661519,0.9310250243897709,0.7831631034701516,0.05802062731459973,1.2085514817310163,0.9417388560103771,0.3404808729302798,0.021064019007924394
1.1677173573703892,0.9363606415104746,0.17581244998195428,0.01194901946463134,1.2604703475064007,0.9479620017855603,0.47868250506064935,0.0262770863143357,1.1294621081366087,0.9309054985686643,0.7902615845716886,0.058655502916540786,1.2295665282839539,0.9443377421144782,0.34473614009760384,0.020319840113142525
1.5981353976161405,0.9753937975987669,0.20147195562069564,0.005082521265133546,1.2653961705342196,0.9485186750677502,0.41826233590216383,0.02270139722864508,1.1306147401148188,0.9310760120768199,0.7944147636833562,0.05880747959124739,1.2358971214906058,0.9450990087062547,0.36523095834712305,0.021216339748224004
1.2856640314667254,0.9507504239590715,0.17391787608371176,0.009009074776316121,1.1443361570221129,0.933076147903459,0.40969862491663755,0.02938517959084532,1.1251330436691251,0.9302615893410029,0.7841944806122773,0.05878827778345569,1.2207585583195701,0.9432620298663548,0.3315125916986884,0.01994074915683024
1.9066018464654402,0.9877525322299175,0.1986580134198658,0.0024632258964050846,1.5507332812629429,0.9726337031751547,0.39662460518251963,0.011159542012608265,1.1223969853361955,0.9298517670708437,0.7857535710357182,0.05927743160564484,1.2320320671856857,0.9446354020603425,0.35282932884956864,0.020679146568580258
1.607289136869172,0.9758946305744458,0.22119406768918748,0.005463668463110946,1.2534901098790852,0.9471634075284237,0.4603403473190518,0.025679640003185813,1.120621733500042,0.9295846699073794,0.787488908606921,0.059651684498367274,1.2617845982753206,0.9481110808892694,0.3708644948662695,0.020296944274829427
1.394926758028719,0.9612810455760127,0.1925686286827062,0.007756374674991833,1.3156417047905262,0.9538837742365827,0.4278692128902569,0.020685657678425833,1.120970167453149,0.92963716789426,0.8036622903448709,0.06082798403310236,1.2244570313407455,0.9437160816329674,0.3402694892895282,0.020293921583729276
1.765634361320096,0.9831352882203113,0.20329705100620174,0.0034873594834406844,1.4671516933514246,0.96701756836773,0.4484717124414631,0.01529619324246109,1.1226568261857897,0.9298907829934188,0.7985539805087963,0.06020706445840391,1.2399578342043616,0.9455821438484053,0.347218706492849,0.01998229106375748
1.5529306476508307,0.9727680555289301,0.2436596349845935,0.006821076835354897,1.497285575634571,0.9691603072015689,0.3990519080350794,0.01269824833206882,1.1051266077634034,0.9272131422735859,0.7800742672039188,0.061236356684701766,1.2010963124909915,0.9407898308317277,0.33191119538595243,0.02088938186148488
1.431774663920181,0.9643182835923975,0.22215469259804235,0.008220170533707343,1.3420549152333123,0.956486508396736,0.4098426204337534,0.018644992131459037,1.127778127522001,0.930655678365181,0.8041871921182266,0.05992099613340163,1.2265478142791402,0.943971247603131,0.34904996481351164,0.020717616243428508
1.371889900399777,0.9592577133844292,0.16123122022718944,0.006847928866475341,1.2064443931725757,0.9414720848343797,0.4329982315547979,0.02691793434083708,1.1217545014681791,0.9297552098952253,0.7885831726862842,0.05957897181533153,1.2189593890133505,0.9430399079132888,0.33643475074481816,0.02032083077586636
1.3268378961504492,0.9550046543836418,0.23294030116292236,0.010975055787103812,1.3596027528906687,0.958137506957672,0.47556892619729246,0.020778333714641918,1.1135435128664217,0.928510340000795,0.7827971598169084,0.06027062962336659,1.228922004464147,0.9442596819919884,0.3470490238892393,0.020486549754138855
1.3746411925193343,0.9595045842994729,0.1434943168193372,0.006056106563060006,1.443103849033823,0.9652050871415503,0.499624318577846,0.01801107853499014,1.1204747903884014,0.9295625193724736,0.8044857960449538,0.060959807966752454,1.2183161522339856,0.9429602970550797,0.3470656882963247,0.02099401621109857
1.5879119608555738,0.9748224446651993,0.17770577210203628,0.004589755739517426,1.3033138224987344,0.9526188758783536,0.44042059785889004,0.021905531730767955,1.128496727945763,0.9307623855432849,0.8006925251755138,0.05956196900255768,1.2301329940618906,0.944406263453662,0.34820038755996063,0.020497281054183806
1.382607583593002,0.9602113458241882,0.191616,0.007940067352576675,1.2289252385304186,0.9442600739360201,0.308432,0.018206823893445995,1.1262226829162807,0.9304241841800145,0.79744,0.05963144500203013,1.24469266676052,0.9461404238548051,0.351536,0.020011384655395238
1.4897257118374885,0.9686357587422155,0.20525528183178593,0.006646126906533037,1.3945468361831455,0.9612484724669491,0.4940866011231435,0.019918482136046616,1.126012110944174,0.930392790213755,0.8020177965147152,0.06000285213030919,1.2391141128753884,0.9454820905568104,0.3437012245160668,0.019818325932165728
1.5289249567720526,0.9712648984142044,0.19133788670148655,0.005660776602300263,1.3748917186034537,0.9595269924720083,0.5013097629570108,0.02114532886432245,1.1273767647303896,0.9305960125490329,0.8008035355564483,0.05972404543214332,1.2561145902499724,0.9474650173108882,0.35583768581759745,0.01973046637396547
1.7183405258104134,0.9812314410062427,0.2037914691943128,0.003898032668088557,1.6318126455423403,0.9771878913538758,0.42881452972422784,0.010010524820925414,1.1407187677221449,0.9325541414474217,0.7891949489487579,0.05707757708800901,1.228623402351257,0.9442234825301721,0.33989630713445085,0.020078119919252194
1.612249209247204,0.976161846075209,0.20584752272436307,0.005026855896355347,1.360769094876176,0.9582450940698651,0.41920048649340674,0.01826638820038957,1.1338666884161084,0.9315549875276302,0.7922161054922545,0.05820723623104563,1.2384781960365454,0.9454065653681399,0.3480668288311356,0.020099462351323955
1.4737607165093163,0.9674995006980418,0.1900106168887762,0.0063828869338979285,1.4144392834262345,0.9629190793351412,0.42427939848194335,0.01633851800475879,1.131329017321815,0.9311814823617817,0.8050770912893974,0.059498833531892864,1.2227399600957956,0.9435057078198414,0.3360166067155783,0.020119666685471747
1.3673785875741622,0.9588497959939367,0.21246637933828055,0.009118252817832547,1.4135503188215073,0.9628459229865889,0.29221620920963093,0.011275971868754451,1.1237653632962916,0.9300570080391131,0.796153472244726,0.059873056627194686,1.2468385943486449,0.9463916657543415,0.35129135746459705,0.01989889090323154
1.4591681381217003,0.9664261956574327,0.2244842081528129,0.007798618162860988,1.3039228416315316,0.952682130976056,0.3069786918777883,0.01524703472766188,1.137912996895565,0.9321466569804048,0.7876113321200212,0.05733224647029289,1.2251908330214718,0.9438057614039005,0.3506901383497882,0.0208801070237308
1.635377895283326,0.9773701754394665,0.2157947766564844,0.004996467110959254,1.3808825967912333,0.9600593185316741,0.4476786028435716,0.018624462188135463,1.12064891001647,0.9295887658510308,0.7800150335055256,0.059081846921410636,1.251654214692265,0.9469514521903509,0.3473219569146129,0.01945709613107184
1.564672223608799,0.9734751672720985,0.18017428498467825,0.004909311435729755,1.2309222876950305,0.9445016063337366,0.41710291113381,0.024508737101363115,1.1185706917401694,0.9292749083306169,0.7943692543411645,0.060457715826574374,1.2417650782246819,0.9457958750957823,0.3455056179775281,0.01980113274449021
1.515910899228332,0.9704166507631267,0.17809869562423697,0.005429375008291654,1.2207392985635428,0.9432596564105229,0.5498779155689777,0.03307706594849888,1.1289543570652874,0.9308302610579038,0.7799428130823106,0.057957334465420486,1.2372108922058105,0.9452557588919419,0.3436194821049926,0.01990063281902968
1.4327712970373245,0.9643971613294063,0.1989312606266699,0.007343984265638045,1.4661755836230181,0.9669458075660512,0.32986802688041456,0.011276248527058686,1.1314335605004602,0.9311969066793101,0.8017488462472674,0.05923859958343197,1.2277454372409156,0.9441169188579667,0.3315521010444498,0.019624850053413807
1.4473625746069723,0.9655329185501764,0.17005160778086542,0.006070412000926456,1.1694351554491822,0.9365959335566146,0.4814132592298531,0.03258988981409156,1.127110868270659,0.9305564587366626,0.8048114331083763,0.06005971528062134,1.2005069153094392,0.9407141871826733,0.33778483525208414,0.021287920165487913
1.5410999297939316,0.9720370560833342,0.18478492945949054,0.005315775347023172,1.383434615320029,0.9602840372802758,0.4357744674561072,0.018023003436266696,1.11187176601146,0.9282544032838341,0.7969845779887332,0.061599636822729065,1.2535873178284058,0.9471746079331286,0.35225910292837553,0.019646034707287735
1.691409621121291,0.9800546945250442,0.18843301550611577,0.0038348411336960545,1.3394760637250684,0.9562386963947832,0.33806863783749075,0.015471371693685017,1.130502725764494,0.9310594584494246,0.7974894860188128,0.059050317944880706,1.2351494580838656,0.9450096139360702,0.3370894731773091,0.01961533511907842
1.8987510527732079,0.9875319055625673,0.22356037001759682,0.002822563797833868,1.3337204682692783,0.9556807531599345,0.3011478294561129,0.013965589392571802,1.1182504748950255,0.9292264336388683,0.7895161680900182,0.06013267906799686,1.2648790579259597,0.9484605011433354,0.3558109875207852,0.019334827293714423
1.6019438594625022,0.9756033923256808,0.18246264409866186,0.004562786044319093,1.3303612001198675,0.9553519796206262,0.44244996179048174,0.02067773483728914,1.1383040102486335,0.9322035807696094,0.7845958733720306,0.05706134567049153,1.2104244856007234,0.9419750324643693,0.3328292928800221,0.020502039065457615
1.5553474243460341,0.9729150828262936,0.1967469957358832,0.0054772263044804625,1.1807471322626468,0.9381252184775846,0.43429383641297326,0.02864418919277396,1.13376258623831,0.9315397023414823,0.8029945729422406,0.05901331670955248,1.2490691855218814,0.9466516478006277,0.3535340483266572,0.019923336074488686
1.5525646252590886,0.9727457206116152,0.17932993350977988,0.005024445759065357,1.3626836254290335,0.9584211233702749,0.34844425795623263,0.015116445642341169,1.1356021715822742,0.9318093409047301,0.7795332773868698,0.057046957610549745,1.2439851332574834,0.9460573437749216,0.35039700471241364,0.01997906923070801
1.5898939400787835,0.9749342115234512,0.23772860071344407,0.0061120583828910115,1.1819529189439741,0.9382861838346271,0.3189514632059787,0.020978367053776963,1.128291196150198,0.930731881025684,0.7938275789711555,0.05907925182993675,1.2343757757885294,0.9449169638855321,0.34592352267041143,0.02016528289824046
1.3792345457809385,0.9599135518665173,0.18285612200152665,0.007636158939782618,1.198837209087184,0.9404994040472007,0.3719974664219707,0.023534380617138494,1.1333402593967188,0.9314776601999064,0.8048008055478862,0.05920360372067982,1.1778973599546363,0.9377432309943609,0.3455085833076186,0.022938313335132365
1.3882427334034568,0.9607041286156985,0.21753761527260962,0.00889798419344528,1.384779233652238,0.9604019500140739,0.4710241061316939,0.019420656214729354,1.1338357409875335,0.9315504438876128,0.7925254813137033,0.05823411685285368,1.2477801746049162,0.9465015551972225,0.3538585989322116,0.02000090186752892
1.3513676762867788,0.9573703002067555,0.1908643343875322,0.008498790148828268,1.4359997066454846,0.9646515197936838,0.42065795050699356,0.015414498326096324,1.122976040320988,0.9299386865366613,0.8009683414300153,0.06034472471742517,1.2332828674451182,0.9447858353404806,0.3425548563789899,0.02001922503231794
1.5294400069162066,0.971297978979627,0.22464574164530637,0.0066383199989918824,1.2602369807803837,0.9479354880649914,0.30642743144556756,0.01683025360120072,1.1210709267545407,0.9296523423924129,0.7933130209089004,0.06003073431399274,1.2472882340420173,0.9464441686001032,0.34984120842804406,0.01979624091616642
1.4986382623698424,0.9692532646229334,0.1812129458645155,0.0057484526457205224,1.4521196776397363,0.9658955926660256,0.4875919266530599,0.01721618134050547,1.124523008321684,0.9301704070906316,0.7919784883532576,0.059455272940430674,1.2401546965718773,0.9456054639998406,0.3474746493018434,0.019987958022834665
1.391357940605269,0.9609740296376867,0.19926921149213433,0.008092491682366884,1.175622511806831,0.9374367281114686,0.37378538746342016,0.024945936213684752,1.1265289002906178,0.9304698144473708,0.7896719535658275,0.05900894000494714,1.254865626717561,0.947321687624204,0.35787618631873375,0.01990064598018092
1.216795167471038,0.9427716347966745,0.19052171095268958,0.01156509768764356,1.2904419018902928,0.9512630095770117,0.5042287751134155,0.025833647199868442,1.1322912715138234,0.9313233326620272,0.8096727154893065,0.05970603525561114,1.2226887326347482,0.9434994201411042,0.34617627997407646,0.020730442578338434
1.50338202544778,0.969577119413014,0.18239729589183568,0.0057231663590265845,1.38930861635557,0.9607966774149591,0.3795989339573583,0.01548874992043791,1.1199435212966105,0.9294823809339076,0.7948680447217888,0.0603047493263743,1.2560686258760603,0.947459749024417,0.34747139885595424,0.019268612224980376
1.2580369957405617,0.9476849108139573,0.1695381709223554,0.009359022636145704,1.0824065350781948,0.9236025946276621,0.4517001042209484,0.03736316481744702,1.129557081505128,0.9309195631137368,0.8010031266284523,0.0594397713049197,1.2320351780074994,0.9446357766758999,0.3478536998436686,0.020387381462545345
1.4626540404654873,0.9666856583677575,0.16439510574507737,0.0056654556401586915,1.2034248563019838,0.9410877941437643,0.3142370958593307,0.019671278911627777,1.1234412191398642,0.930008440392056,0.8091564703022446,0.06089635412280591,1.2702761376507112,0.9490646093660847,0.3733246900575318,0.02003597935662863
1.6436275916926952,0.9777865273603961,0.22671713199632978,0.00515058723720141,1.3052395477454355,0.9528186149833159,0.3958087560623935,0.019599538694026884,1.122713578954511,0.9298993019303868,0.7827533097391532,0.05900805959861078,1.2364577003711321,0.9451659448074766,0.3569930528247477,0.020711047482701025
1.4644303276885253,0.9668171253243302,0.1856726811252298,0.006372614993148047,1.511492826945554,0.9701232010791783,0.36799375233880544,0.011333071233132824,1.1186481567526707,0.9292866304397441,0.7928021736654572,0.060327687129266894,1.2179288146173317,0.9429123074023346,0.33573043945137726,0.020326467236259464
1.474931260095059,0.9675841448414186,0.18262824376496653,0.006118383325433156,1.5607982879118336,0.9732438645028472,0.36338312672064116,0.009990022573513082,1.1356297198308605,0.931813371319431,0.7955919005652663,0.0582184492891498,1.2569605300209528,0.947561887112094,0.363089905028752,0.020093409926379188
1.5001835542309836,0.969359125991083,0.2375261854884784,0.007508063552741608,1.3188540999350293,0.9542080662716492,0.48335237732495395,0.023195821553245996,1.139890021939985,0.9324340188108737,0.7961499396940266,0.057690571948127795,1.224587959993063,0.943732092615069,0.3452199581032184,0.020582964998208098
1.3474126411244682,0.9569970776000432,0.18979741274103,0.008528598052026834,1.3404878595445626,0.9563360839723027,0.5018956960377512,0.02291530341031215,1.1318328001006213,0.9312557810993621,0.8246359124562688,0.060873664174518026,1.274139178185271,0.9494928878163981,0.36306240338459034,0.01931266023441711
1.2776865888053828,0.9498831687927484,0.182076651882179,0.00960655492059956,1.3608178755601628,0.9582495879898446,0.4588877516206073,0.019993489104194885,1.1248624075052467,0.9302211508353642,0.7856249289207324,0.05893222634844166,1.2187290849816488,0.9430114161045925,0.33950707543338043,0.020517278074260015
1.366905608744726,0.9588068030681404,0.23141344195519348,0.00994221094034342,1.1921997169879226,0.9396383612600131,0.47229327902240326,0.030339753529693713,1.1170611457545503,0.9290461231856251,0.8169124236252546,0.06238990942159894,1.2292934217588487,0.9443046779703157,0.3414419551934827,0.020138330448410485
1.6953855177419421,0.98023286440682,0.20910386371733006,0.004216737244021702,1.409615266033518,0.9625204224615761,0.48474592738931893,0.01887551905190718,1.141383334465545,0.9326503239748033,0.8118988243676523,0.05862982232543212,1.222294577342745,0.9434510193560259,0.35756388250153837,0.021431820683563675
1.6977052420798813,0.9803360957211325,0.21462866318747492,0.004305092413551555,1.6459025725523972,0.9779000199104287,0.4606824568446407,0.010411159542479455,1.1306102009581853,0.9310753413458647,0.7901565636290646,0.05849287271718992,1.227027599280639,0.9440296484401812,0.3511682055399438,0.020820329057649103
1.6266840017453532,0.9769231566317557,0.20728421752868784,0.004896460267265123,1.3890858135006316,0.9607773491229468,0.4412606020289373,0.018013966040080494,1.1220254714852573,0.9297959482248558,0.7764676534175952,0.05862703042137909,1.2457184734733744,0.9462606619646116,0.3554299018792616,0.020185313003837944
1.4078829915512547,0.9623762645732279,0.15526452958040135,0.006070007955449483,1.4402097698686058,0.964980591315795,0.4022999739379724,0.014599575709360912,1.1295283969585672,0.9309153155170728,0.8018797237425072,0.05950875099443118,1.2406171819919918,0.9456602125857244,0.3503388063591347,0.02013126491646778
1.5424310215996015,0.9721202441826505,0.2155830216840799,0.006182776296333575,1.2622600168742422,0.9481649094380639,0.23000553421992653,0.012574139347871719,1.129150461885121,0.9308593284520578,0.8022438746247631,0.059587607430456185,1.2339062755182693,0.9448606686101693,0.3529155276794848,0.020595127810706527
1.5524371226351035,0.9727379361403264,0.19175466370713715,0.005374137980180587,1.2843231928508423,0.9506056582570164,0.401446034828875,0.020859504110317326,1.1343889703977574,0.9316316257895939,0.8116074488746715,0.05956032431765948,1.2157166693457235,0.9426375033841075,0.332751219989881,0.020248972337806367
1.5381592156884596,0.9718524173164536,0.2274409845114784,0.006587331371610359,1.3822269249674015,0.9601778452201437,0.39515212520700066,0.016388431757633944,1.125376293210942,0.9302979172327486,0.8077897197779005,0.06052322042596529,1.2369949184467337,0.945230019361912,0.3631522550897815,0.021042329985850663
1.3986392900726303,0.9615979644558406,0.18910741301059,0.007552126631430916,1.4076819339750597,0.9623594983241809,0.4507489484796595,0.017630019322474683,1.1187417459096913,0.9293007900816126,0.8034114146065735,0.06112181637886093,1.2280962142766478,0.9441595176402133,0.345646788914565,0.020442608540706037
1.5944855502227704,0.9751912854879629,0.1949613749524424,0.004959787032601689,1.340211058008172,0.956309461785344,0.4332291201429209,0.019792770212656005,1.1347467566665301,0.9316840804892049,0.792599209303095,0.05811749381682975,1.2562516894354234,0.9474807282083464,0.3504044464294576,0.01942307195401431
1.7026693609039163,0.9805552348727816,0.19859580373908073,0.003938226651208083,1.4149190187812692,0.9629585010624001,0.43087598987672465,0.01657422672280015,1.1335892544857598,0.9315142452508071,0.8099110131439301,0.05954537710790582,1.245302701694823,0.9462119585575559,0.35251857294473016,0.02003915025517932
1.5014886727755103,0.9694482590964885,0.1823397112031031,0.005746356817732828,1.2992500661275028,0.9521947371288484,0.2215196062453144,0.011121467694310789,1.13456910215785,0.9316580393963002,0.8055021350109195,0.059087769169880816,1.2584350697192537,0.9477303355286776,0.3602790182209329,0.0198702760611336
1.5492381887690936,0.9725419215223122,0.2031398824186291,0.00573531146571869,1.2920715311414717,0.9514366810703467,0.49121424114034223,0.025072602654387505,1.1336219061870338,0.9315190414494364,0.8063848655039906,0.059281674440551976,1.2370380452512557,0.9452351600808611,0.34819522448845536,0.02017366316344776
1.4438808807952366,0.9652651254393441,0.20766809821984722,0.007472895427184505,1.3792934616222137,0.9599187716246109,0.41443464577254696,0.0173046409497437,1.1282379116000438,0.9307239706350894,0.7885126053175098,0.058690894533750974,1.2353870837274927,0.9450380406230104,0.34491689342031934,0.020059836186178823
1.7837134008015545,0.9838117976115613,0.23132652559458441,0.0038063790485444227,1.4361767218324961,0.9646654156452831,0.2009047845399859,0.007358911122407928,1.1302276037434242,0.9310187849307916,0.808585618515301,0.05990987438220075,1.2633532357287525,0.9482884872914092,0.39789211427822124,0.021697619869789096
1.3600171281926197,0.9581757605872568,0.15636399326059575,0.006825266677227922,1.3793314365811151,0.9599221357412375,0.4516873047290334,0.018858469674061535,1.1368480328389203,0.9319913945494627,0.7938592903996206,0.05792892893622747,1.2393949360710939,0.9455154114065252,0.3517903587260563,0.020271645216049485
1.3128681192273237,0.9536020230796579,0.1565198830985453,0.007615552135814104,1.4139219697323269,0.9628765244470242,0.372721899320264,0.01437020424339546,1.1236801713444988,0.930044246452561,0.8078514432075657,0.06076469660398466,1.2168861378855005,0.9427829351866337,0.34482645387974914,0.020927359654738662
1.4719707428654618,0.9673696512491621,0.22492386204625894,0.007586907498573603,1.2821901489211045,0.9503745292585043,0.4854720553131945,0.025349773731368208,1.1232054386566093,0.9299730929906377,0.7954070293851346,0.05989409209918578,1.2620973998259364,0.9481465033123907,0.37426948720059267,0.020468547367974623
1.247746631023496,0.9464976440642171,0.18327733011450756,0.010360056374404535,1.462141382978002,0.9666476220235094,0.5152024271686295,0.01777610133604157,1.1381361193744441,0.9321791446148925,0.8091377679183114,0.05886895867777361,1.2472443062828682,0.9464390414490214,0.35823573549081655,0.020273307143718933
1.3241574520266168,0.9547386949036641,0.22193516126343862,0.010521282000162935,1.2616233061167355,0.9480928068284035,0.3438786565547129,0.018827034362897795,1.1259005074477797,0.9303761460459877,0.8153346112176014,0.061014825171860854,1.2644391972007205,0.9484109689472893,0.3620301691807651,0.019692713656206763
1.4768060512900283,0.9677192706818483,0.19625964806536408,0.006546738054322165,1.1906738876477678,0.9394387825113814,0.4015436904582517,0.0258856406843414,1.130739556457687,0.9310944532638604,0.8079930349758065,0.05979543926917053,1.2280622146015674,0.9441553900165525,0.35812948917574966,0.02118253187776685
1.5594614849298822,0.9731635930899769,0.21164467374408838,0.00583641088226603,1.2187591320768572,0.9430151341071685,0.2618149948738301,0.01582105295239307,1.12269876484697,0.929897078334742,0.8009723186824089,0.06038356396730179,1.2163978836967206,0.9427222594366269,0.3584184938982042,0.021776722996744224
1.466590925544032,0.9669763607313617,0.20268582136164898,0.006922013527251328,1.4940092554701634,0.9689340275691192,0.4705447253361386,0.015086609664708135,1.1261716541035194,0.9304165775478646,0.8136855254939347,0.06085341236379638,1.2528053751193358,0.9470844481024251,0.3612216049179789,0.020182192432638767
1.5453615324555976,0.9723025434735263,0.20214334873660408,0.005758348213042976,1.3425707399544755,0.9565359150195054,0.4506767607249369,0.020478324670624867,1.131038462827343,0.9311385970852735,0.8069511355815554,0.05967724617336287,1.2272552612706809,0.9440573400879283,0.3548979123652214,0.021030431491695863
1.5677006598194063,0.9736546316958564,0.27139587341604193,0.007343491222259026,1.2039017882217822,0.9411486492663796,0.37754594307702516,0.02360847962901623,1.1430835082525963,0.9328958106075621,0.8023120812048032,0.057711162636634644,1.2204509607186378,0.9432241122411732,0.3408246533536788,0.020515402451142764
1.3958929972605758,0.9613637690372533,0.20276948590381427,0.008149099167137023,1.5537256472526897,0.9728165056363339,0.5242786069651741,0.01464996170897229,1.1203735020475138,0.9295472471910599,0.8005804311774462,0.060678029429768424,1.255594967238863,0.9474054307439091,0.36713101160862355,0.02038102884944074
1.481952502973424,0.9680874088217074,0.1859182079532047,0.006128714937252214,1.1668889804787463,0.9362468855668141,0.3870083254399521,0.026353076777853954,1.1232198480569615,0.9299752536720154,0.8121042923376041,0.06114936589792762,1.2473456006409274,0.9464508636057231,0.35894112368512887,0.02030848925057051
1.143248640848471,0.9329196096667713,0.1349837999501537,0.009705837347071125,1.3745605582378944,0.9594973694815319,0.47131345019523135,0.019895244258936268,1.134581357837607,0.9316598361633405,0.7995347677992856,0.05864837669671643,1.2485886251373566,0.94659573779811,0.3569660214339121,0.02013901631351736
1.3938787915391586,0.96119113297739,0.1968471510698931,0.00794786244644934,1.3436486646829602,0.956638987776001,0.41614640815721415,0.018862423256476607,1.1348863064881263,0.9317045296422999,0.7891182235985965,0.0578436602311997,1.227421970197507,0.9440776095396943,0.36289060569621295,0.021495807061895123
1.4332210294583456,0.9644327000338934,0.2308744069583553,0.008514414003689645,1.1417567360085061,0.9327043104041529,0.38569122298365843,0.027828065692656757,1.1389590942679493,0.9322988487804418,0.7964878755930417,0.057838906677410463,1.2416083979753656,0.9457773768926622,0.35279388508170795,0.020226123327466657
1.8440514677966875,0.9858819906390034,0.21954546201501982,0.003143930934252478,1.4243957031323988,0.9637290245285774,0.47655826335595614,0.017935781366907474,1.130226132255353,0.9310185673290572,0.8075690598655777,0.05983475806510402,1.2035493046592687,0.9411036790768565,0.34330271309549243,0.02148463257958075
1.4231387414469068,0.9636277185956137,0.22303812856274538,0.008418609613902403,1.4649949432006177,0.9668588087383783,0.3112052962725675,0.010667239262014728,1.1337939884555166,0.9315443134209087,0.7973321505429336,0.05859293971379511,1.2040311574439226,0.9411651462386112,0.35197870977280565,0.022003169156197253
1.6042202577324023,0.975727839308656,0.16668593226216621,0.0041464715567820784,1.1993717567849704,0.9405682449462529,0.3445844411050746,0.021773282490798317,1.1272686955689242,0.9305799390801166,0.8111861551926284,0.06051343892766865,1.2583877615481716,0.9477249390865611,0.3594960120217316,0.019829251243179493
1.644691827647399,0.9778396899006957,0.20891058193232429,0.0047344399357696085,1.4372819115280608,0.9647520551054197,0.44311328041545467,0.016189478330195375,1.1167256979446805,0.9289951903355012,0.8104652500451939,0.06194534849891613,1.2570069227838523,0.9475671947318385,0.34728590445200413,0.019216762992372807
1.7129052090873051,0.9809995623468145,0.24005132676394625,0.004649421307417802,1.3388341988164076,0.9561768080667244,0.4134601148271834,0.01894957273170069,1.1240654229347355,0.9301019392378295,0.8297826837975225,0.062358971640253016,1.2452899276348834,0.9462104615482446,0.362939444289075,0.020632138395830366
1.4098655558418651,0.9625412073517321,0.21544205101096867,0.0083842635046672,1.344033792341297,0.9566757576404621,0.45311880533897186,0.02052004431322453,1.131787913666855,0.9312491641880796,0.798946081670411,0.058983366638926726,1.2320184496989053,0.9446337621689972,0.35146028809303553,0.020599553687379743
1.5510355268191034,0.9726522213472187,0.1769432518668248,0.00497506177434598,1.3003022245437912,0.952304896786434,0.44828853510632966,0.022452019330684646,1.1263682154369559,0.9304458738227099,0.8021249227376757,0.059961680368175764,1.243038727477774,0.9459460258642687,0.34915888474967005,0.019951905087053648
1.5819760946296046,0.9744848001217127,0.18024715671311112,0.00471946020138396,1.4146755739456123,0.9629385012884489,0.5496200745080663,0.02115373272121517,1.1241687539542096,0.9301174059369478,0.8125153857515632,0.06104679098577137,1.2453055473125814,0.9462122920339868,0.35803259317611147,0.020352465008327485
1.4587880625316978,0.9663977882106881,0.18713655504311208,0.00650684659339262,1.4850305910393118,0.9683056482064126,0.49171178397165966,0.016094593986018063,1.1216391193462245,0.9297378564169491,0.793981017311677,0.060002728570785216,1.2291060972108618,0.9442819884939647,0.360938439943854,0.02129742216288243
1.3574547286039675,0.957938672281869,0.21578696943346076,0.009474809506356858,1.3781210223926241,0.9598147746188633,0.45168911713071586,0.018911178962953735,1.1411542607703473,0.9326171845949839,0.8100379005397955,0.058526301278529314,1.251375990256804,0.946919261037632,0.3599074636171225,0.020175061288682787
1.7366112669907134,0.9819907295160715,0.20561924325757075,0.0037709648953113363,1.4444475882975358,0.9653088497881703,0.34649791266317675,0.01245239918697679,1.1254488319473088,0.9303087470783613,0.8114936054602081,0.06079057762278161,1.2435248747478678,0.9460032343878597,0.35948578623020344,0.020519031050172647
1.4268147911233522,0.9639232293705517,0.20863886342804766,0.007808730188189006,1.3193517980918896,0.9542581143884912,0.49026122823098073,0.023500426858691213,1.1239735701452962,0.930088187954779,0.8040460913971454,0.060437622953862145,1.2492608018635025,0.9466739256802778,0.34748592379206494,0.01957385715876492
1.4714617979103584,0.9673326395897325,0.21596165728695246,0.007293145092657779,1.3705394272138098,0.9591360099982079,0.5642023346303502,0.02403784064093844,1.1274625835192158,0.930608774196006,0.803359997328034,0.05990286844721311,1.2545920846411929,0.9472902469735289,0.3460196055510095,0.01925345268694645
1.4708447361854664,0.9672877110214648,0.15666633770847727,0.005298231802114521,1.3198506586052663,0.9543082271277825,0.5267278528898977,0.025219450839433423,1.1315048391515312,0.9312074213073679,0.8000263166551531,0.059101626646626826,1.2303547052362955,0.9444330606566742,0.3507516694628113,0.020636927648486344
1.3491771315607628,0.9571639703089329,0.21882430647291942,0.009793060311469674,1.020287892625397,0.9128785472618999,0.2511889035667107,0.02397245751481548,1.1312481466156064,0.9311695484880345,0.8143163804491413,0.060192866305511676,1.2138208206774903,0.9424010032395391,0.3374009247027741,0.020621746689707083
1.7997079393489257,0.9843880060540233,0.1997403835094234,0.003167801353671767,1.4290054555748604,0.964098232421318,0.4789759936903334,0.01783644469303806,1.1340567650350166,0.9315828880710082,0.8028064871259797,0.05895954293530594,1.2422847283333023,0.9458571841781792,0.3555102778553706,0.020350141457573
1.8817509606712735,0.9870406247000925,0.20491188288844056,0.0026903958431993323,1.3259414882597311,0.9549158769989697,0.3559364423028828,0.016804707861559198,1.137861736510715,0.9321391912002163,0.8181136102172499,0.05955961491970871,1.2342783848763486,0.9449052907112577,0.34281474565250014,0.019988541642519116
1.4719791449739013,0.9673702619298947,0.16226819418115881,0.005473363076798706,1.3324372834104974,0.9555554405063921,0.4819912634962499,0.022418259033202638,1.1404056178981201,0.9325087752206078,0.7992252534410286,0.05784470094299552,1.26880453379597,0.9489005568264802,0.3511085469381027,0.018907620100892766
1.4634869460682043,0.9667473660619289,0.22821269093245894,0.007849696144000775,1.320061939580131,0.9543294354724804,0.4218227355863501,0.020186826213982743,1.1089376488001517,0.927803158566315,0.8106576150537989,0.06308118133752302,1.2248644602929082,0.9437658911670073,0.34877819703735435,0.02078188168733347
1.4331521521806154,0.9644272594379095,0.2055256064690027,0.007580778131519443,1.3306450569061887,0.9553798505425652,0.46251068305831305,0.021601141987662928,1.1316173376053609,0.9312240134224059,0.794030635724147,0.058643505276523775,1.2409973576594884,0.945705178521318,0.3384557228321609,0.019431418445168422
1.524600932490475,0.9709857126978703,0.1931780749720008,0.00577240642618397,1.479914825727284,0.9679421368649357,0.527570986230977,0.017472943708600495,1.127164399317121,0.9305644235015672,0.7960504644574742,0.05939859887772385,1.246231541109415,0.946320705251113,0.3624250609394558,0.020558275395009925
1.3377587069391565,0.9560729223822375,0.2017460369555942,0.009269286491602236,1.1499985492728468,0.9338857324148117,0.2506481998096426,0.017744592916213234,1.1187584772930377,0.9293033211927951,0.7909678689815879,0.060172819901726744,1.2485703372416552,0.9465936090314668,0.3548032426400604,0.02001784135509466
1.6023697028910246,0.9756267197002191,0.2155974043350281,0.005386092715231788,1.1459298500776436,0.9333049332780939,0.25073588439925076,0.017917880794701985,1.1342379332852195,0.9316094711835621,0.793985817500669,0.058287417218543046,1.2679991760131593,0.9488105650200945,0.3661024886272411,0.019751655629139074
1.783822158354533,0.9838157854095549,0.24400938936523978,0.004014064805766994,1.2947305958340207,0.9517188003370995,0.49136047990089005,0.024926977830164287,1.1290107152087483,0.930838615832094,0.814087308055945,0.060486752591740106,1.2370942831327685,0.9452418629585161,0.37125484954194243,0.021506901804903854
1.5093952336358514,0.969982892464875,0.25182219998332084,0.007792894199837466,1.221960348243191,0.9434099467457365,0.40350262697022765,0.024203937246206047,1.128155864710528,0.9307117886788123,0.8098073555166375,0.060287302536631435,1.2334665834083494,0.9448078983498484,0.3547660745559169,0.020724091408542776
1.4569321069744614,0.9662587376103401,0.20986649299902313,0.007328430917572058,1.241619551251314,0.9457786938830618,0.36328557473135786,0.020827090399450535,1.1353384698979818,0.9317707491602468,0.812097036795832,0.059466099874566754,1.2329778606292867,0.9447491878045982,0.3591663953109736,0.02100476540269907
1.4232438357706716,0.9636361991852944,0.2037171530437079,0.007687475815129525,1.2410586150789953,0.9457124205670138,0.4442922223689423,0.025504105464588048,1.13841443144514,0.9322196478858871,0.8092235573748845,0.05883748297120079,1.2401863447008468,0.9456092121318241,0.3653439852106167,0.021014333345701852
1.390686131414695,0.9609159750290992,0.17327236620329423,0.007047631284568396,1.1813996880696038,0.9382123794261251,0.5130584249787227,0.03378836177178285,1.1272662586490014,0.9305795765895801,0.8105568813310415,0.06046683520225927,1.2447773899978567,0.9461503641426839,0.35205179980975587,0.020036837632933718
1.4498465750340708,0.9657227564507732,0.2510553063285272,0.008910925855134184,1.4091507574176096,0.9624818187591689,0.4897449055604297,0.019090582045776322,1.1380403885593497,0.9321652075454545,0.8044000066215299,0.058537163860994855,1.2391925832417703,0.945491403327575,0.3455279842407588,0.019920060051027474
1.4495329928340626,0.9656988468956721,0.20532686041098624,0.007293110163720719,0.9967558899925886,0.9084716776013442,0.2311298796302454,0.023286284713482118,1.1345681848151306,0.9316579049057803,0.8082230498104676,0.059287487646094046,1.2262599000554901,0.9439361743252404,0.35706922923455475,0.02120764895564782
1.5710847895045976,0.9738537768519726,0.24747391903418411,0.006644229826063673,1.309019376285359,0.9532083395329366,0.5189948166130831,0.02547672763230799,1.132161913529479,0.9313042791771509,0.8026376222032675,0.05920489280421625,1.2260258326355848,0.943907645365958,0.34635194541040615,0.020582200224280037
1.8290142843912192,0.9853918678341619,0.23845648604269293,0.003535044257640706,1.3263555345494047,0.9549569035470806,0.4244991789819376,0.020022639128579118,1.128136180504724,0.930708865760831,0.8217077175697866,0.061176015248274894,1.2436946402924995,0.9460231984950334,0.3554679802955665,0.020281769669399798
1.1893806542349834,0.9392691441629292,0.1658537386477476,0.01072369890403678,1.2249991839986454,0.9437823524627728,0.433824374702337,0.025841324248575617,1.138066024991953,0.932168940112271,0.8091672004072852,0.05888060250473689,1.2451527163545109,0.9461943790951058,0.3470463615312608,0.019734893144083013
1.5591255472812562,0.9731433841492927,0.2442229122405622,0.00674001492772779,1.50761753683575,0.9698634821126565,0.43232554338944273,0.013433629280618744,1.1357934721919256,0.9318373243630852,0.8085471482268345,0.05914416128309521,1.2452678635685763,0.9462078757380038,0.3599280928256251,0.02046199063768973
1.669654389705456,0.9790515842350955,0.1575408261287224,0.0033708445794195627,1.535670439712243,0.9716952299451292,0.42535360561794033,0.012390238860908936,1.1221386496906263,0.9298129572598937,0.7948424922985193,0.059998780983878515,1.2243484146212626,0.9437027958777612,0.3506243996157541,0.020916726623709598
1.4711656204667858,0.9673110822099209,0.20534998664173124,0.006939514035329398,1.338623328487748,0.956156457824985,0.36182540742719743,0.016591121024912843,1.1297815099655268,0.9309527880488839,0.8103793748330217,0.060104483463849355,1.2606734590698903,0.9479850677099747,0.3599051562917446,0.01974761309328275
1.480020280393565,0.9679496707000494,0.18512451394059734,0.006129762541267573,1.240027968093606,0.9455904529305492,0.5075370232481178,0.029203826530105205,1.1279472303867557,0.9306808026532766,0.8142301646396956,0.060645692172229634,1.2320225372783182,0.9446342544222017,0.3629022917183751,0.021269984503334862
1.4980739570002872,0.9692145182570002,0.1675401380916729,0.005321632894765603,1.5156023061531898,0.9703962450104575,0.46209134015472925,0.014096961820562805,1.130744604464372,0.9310951989934169,0.8080525746610099,0.05979915041992148,1.2305196772264912,0.9444529921685229,0.35739123201064804,0.021019588828677733
1.3444563121237956,0.9567160632539565,0.1858759395391096,0.008409435901241472,1.2489161276182759,0.9466338465293471,0.336879491203436,0.01899146401176208,1.1200922443149932,0.9295048233085774,0.8067564219046832,0.06118573576269648,1.2422299856421777,0.9458507286371621,0.3595440654167011,0.020583638174280456
1.4237661207989853,0.9636783167747038,0.18873550342646284,0.007113567929769503,1.347974964255333,0.9570503317251722,0.4547311544544017,0.02040702729065502,1.1192179505470137,0.9293727972520527,0.7966526093832367,0.06054120104327912,1.2242112549438544,0.9436860145982424,0.365791381128097,0.021828415572849296
1.5107067702468897,0.9700706961473189,0.20238233681657336,0.006244042292025896,1.2669116204804498,0.9486888020782334,0.4611333543767548,0.024941060506796838,1.1119957437439003,0.9282734126901613,0.8099280647251341,0.06258218242062959,1.197763727930045,0.940360931762217,0.3374312627714186,0.02140038513539026
1.435561386948006,0.9646170886417899,0.17566748070083424,0.00644362096768314,1.1900195761445282,0.9393530094581922,0.383377313031649,0.024751802616552854,1.1371536124911383,0.932035979048096,0.8032714339566978,0.05857451621476704,1.2426259345611645,0.9458974046275594,0.35266254732597974,0.020171277569478365
1.393766643904858,0.9611814991636007,0.2246714017470814,0.009073631779454005,1.1298979470867592,0.9309700198539657,0.43183933382316925,0.032020215478868075,1.1351126942674403,0.9317376916674195,0.7947424279533023,0.058225564069266655,1.2310745401099694,0.9445199799785658,0.3593599477508368,0.021108391054438475
1.2418395294951308,0.9458046629807781,0.18322464732499336,0.010498913677070638,1.2110324430494057,0.9420514995398283,0.4122970455150386,0.025361666048434105,1.132835182066883,0.931403393157736,0.8216329518232632,0.06051216151767262,1.2538862999072002,0.9472090429204978,0.35314080383284535,0.019681654390334376
1.4323835786940589,0.9643664956458012,0.20920100788425589,0.007730012457923843,1.3491277512254471,0.9571593081416561,0.506949524506218,0.022690129200405494,1.1382813643373597,0.9322002851824569,0.8169227017800537,0.05941547872174673,1.2531483441958062,0.9471240111152059,0.36202552223035034,0.020211141587387463
1.5528597841432927,0.9727637327822175,0.2143649654092155,0.0060019728154516,1.3634773914795977,0.9584938969083272,0.40590327633468215,0.017577016699988863,1.141145828465675,0.9326159644310242,0.8033872862550581,0.058046912702916266,1.2197779005273912,0.9431410608802667,0.35687247095679414,0.02151469270217381
1.893297603521857,0.9873763450576114,0.17405574878753735,0.0022253112751093266,1.5760062672067998,0.97414077789976,0.34595600842600305,0.009183634913721957,1.11981210617812,0.9294625448351063,0.7984454350985483,0.0605944902167839,1.262110872918651,0.9481480285252029,0.35253678211597184,0.01927940218209105
1.377779129699158,0.959784399599675,0.21299206705582996,0.008924508317419186,1.1850718882180156,0.9387007346694184,0.41211395499675696,0.026911966445491476,1.1217713818990824,0.9297577483808163,0.8147316602637662,0.06155214773098367,1.2376059969386841,0.945302817575672,0.36656189193234545,0.021210031642823597
1.4249437246476948,0.9637731077532588,0.1842892314810225,0.006927176196751681,1.5739659742903562,0.9740221701532163,0.4172573902410813,0.011128536719334408,1.1309135498497498,0.9311201525677092,0.8276574298980486,0.06122616650533071,1.2595882084882237,0.9478617113708718,0.35461590574860785,0.01950608007961449
1.5529605233335422,0.9727698777764014,0.17557577947892367,0.0049147799946716786,1.5972578735435736,0.9753452557255647,0.4954331898675954,0.012523543360209104,1.1263053753330723,0.9304365091275338,0.805286329138877,0.060206717661264564,1.250866264502853,0.9468602368535242,0.3429707264185038,0.019248229526057745
1.389837152536766,0.960842491735167,0.19573901464713714,0.00797701199699661,1.2529988722761782,0.947106772297247,0.35417796847002353,0.019779835264132076,1.123106664479591,0.9299582801992423,0.8049678617809998,0.06062780946624863,1.231526182916668,0.9445744500302944,0.3424569709523105,0.020094621398432433
1.5521315465956538,0.9727192708807458,0.2218979554612234,0.006223314574175961,1.227905810747386,0.9441363986005451,0.42154310444890314,0.024942281639102077,1.130708844011996,0.9310899160290784,0.8088281625681928,0.059861475933844985,1.2347466591188427,0.944961396258846,0.3584326860895087,0.020876656608048442
1.5657968284697688,0.9735419494822045,0.201486115248403,0.0054758090483024,1.6087244287282294,0.97597225344953,0.50269751431503,0.01237605723197687,1.130096130667577,0.9309993403554149,0.798249098070367,0.059161926265730115,1.2294234816654737,0.9443204262167241,0.36338662165293084,0.021426214715317558
1.3943669119900057,0.961233037250176,0.2316326869990355,0.009341850935774857,1.0622701402205532,0.9202660532342045,0.2569261981574484,0.022260670959912774,1.1271194223962735,0.93055773154267,0.7925632753517146,0.059144521474400163,1.225067053673344,0.9437906434425865,0.3548408554228889,0.02113326329539538
1.586601920324518,0.9747483031165919,0.21492255629311466,0.005567754493717547,1.3809116559069259,0.9600618841866427,0.35733112065599376,0.014864803941848193,1.1353371965233814,0.9317705627575906,0.8085057920083301,0.05920330326029882,1.2409095533052679,0.9456947964250005,0.3538819471560588,0.0203211768262606
1.3793347772498692,0.9599224316706582,0.18951177808396555,0.00791227601813252,1.3417409178633213,0.9564564069186627,0.47095735320971466,0.02144078412616185,1.1181691793600814,0.9292141221688276,0.8181742724812829,0.06232705973225187,1.2430024311259318,0.9459417523137955,0.36333604475505904,0.020763762517778443
1.504307545359285,0.9696399179601622,0.1775508872651357,0.005559238438693254,1.5536553235732806,0.9728122232411833,0.4289535490605428,0.011988226559185406,1.1194801277631312,0.9294124122856435,0.8068730427974948,0.06128089202375902,1.2348361102888077,0.9449721075885326,0.36829658141962424,0.02144675434874841
1.5395197381670003,0.9719379872089937,0.20036168722201406,0.005784887825814283,1.5098117240262423,0.9700108023376891,0.34603040127730983,0.010697998492455316,1.137291067468719,0.9320560250846361,0.8120692745075677,0.059197315324118795,1.2715561650224105,0.9492068997713823,0.36131250101826357,0.019334227429755643
1.4215791504797741,0.9635016434637813,0.21298277962530046,0.00806798979490408,1.3702155241751746,0.9591067684476502,0.5229165980705278,0.022295483913720552,1.143099613204249,0.9328981320125841,0.8115636627045537,0.05837447400682549,1.2385772874575398,0.9454183405233748,0.34211912679859074,0.019751499287631293
1.5119768066767365,0.9701554842588035,0.2283554928930931,0.0070248111903870305,1.3923414876152092,0.9610588739695428,0.4207911864517927,0.01705002999082049,1.1314018356820421,0.9311922263328557,0.8049740151154975,0.05948124165310728,1.2576237333071039,0.9476377134687087,0.36764103152614064,0.020314224265059203
1.3576915775795546,0.9579606407322551,0.2009466227935098,0.008818386591331205,1.35069694379801,0.9573072242202256,0.41665991279399606,0.01858167136242382,1.1218525796005654,0.9297699577368947,0.798145656719563,0.06028781930098753,1.2385904563200245,0.945419905215311,0.3472841327217026,0.02004908165843224
1.6625442799470929,0.9787131622937205,0.17436233904699416,0.0037923499513198003,1.120393418916626,0.9295502504836105,0.3730829164274584,0.028275607475210875,1.1321624288668817,0.9313043550922938,0.8195850077913557,0.060454909674866636,1.211244925074265,0.9420782025859517,0.3409825309603871,0.020964630139837105
1.5066312582281776,0.9697970340295812,0.167694528277129,0.005222610456885627,1.4137482966566226,0.9628622273520451,0.4508758693084897,0.01739036494647487,1.1300001755641256,0.9309851456056998,0.8118685211914447,0.060184620605186555,1.2592927592842327,0.947828080927801,0.3584175305078074,0.019728609831232802
1.1825124680878256,0.9383607473568035,0.13124549800275032,0.00862128390649483,1.204623385873537,0.941240610998606,0.46639054416868575,0.029115640667378977,1.1224707685827946,0.9298628478982435,0.8164822212035885,0.061585144375187244,1.226242178339135,0.9439340148178395,0.3630901709121865,0.021566134732499596
1.3412080485746887,0.9564052777103367,0.16140938506064845,0.007357338442872392,1.2894724030482785,0.9511594095570733,0.3866703521836688,0.019854935058907768,1.1306950848992696,0.9310878832674638,0.8196644011576859,0.06066538928190202,1.2338459874534318,0.9448534358657442,0.34787486585802085,0.020303787733128246
1.429781553670842,0.9641600353808404,0.18885705914906084,0.007020235302853309,1.301263151021005,0.9524052938631996,0.1878153585728702,0.009385727753564482,1.1326269461293184,0.9313727522480022,0.8019955076662652,0.05909421793557746,1.2381668194337274,0.945369548524086,0.35058107360265633,0.020259169929605383
1.4733570413632306,0.9674702607086928,0.21845054409615072,0.007345072542371083,1.3269917143915984,0.9550198712989357,0.4756374857885334,0.022401874525103067,1.1287251130865936,0.9307962673120911,0.810248497644957,0.06024113161059844,1.2359508104559453,0.9451054227854853,0.36493422121162905,0.021196481685056976
1.4529121036819252,0.9659556472230987,0.17352835548010057,0.006115871435446599,1.3632164801500009,0.9584699896613202,0.44276665904861406,0.01918485098778019,1.1348640742355167,0.9317012721840201,0.8130856377942473,0.05960356213383324,1.2507695412578002,0.9468490297015127,0.35657383525417086,0.020016121612108178
1.5195276778157645,0.9706547963964706,0.17623493577009666,0.005328001356844912,1.1917937599351152,0.9395853221754671,0.16319030591974573,0.01049302231903876,1.1354909022334017,0.931793059524057,0.8244272281816978,0.06034779751209765,1.249522145750654,0.9467042961375731,0.35099655674745067,0.019759716546617692
1.493318639805335,0.9688861254025536,0.21419612502888075,0.006878487779602147,1.3744720227938685,0.959489446282616,0.3570320493778262,0.015074231479235992,1.132498785352735,0.9313538877082085,0.8020926164306698,0.05911881674902829,1.2599001874171036,0.9478972011244691,0.3489454401425884,0.019180385873821724
1.493847890102253,0.9689228414135995,0.2186640921586595,0.0070134157011427205,1.1945564201004077,0.9399454093486982,0.35595300431993715,0.02274239732746507,1.12904303497645,0.930843406632337,0.8084009687131823,0.06005978736378821,1.203273135594721,0.9410684226596303,0.33433695509883493,0.020936845454304426
1.5269184808321075,0.9711356736007603,0.21597716133929604,0.006419324764957166,1.3323789802335548,0.9555497387459716,0.3928942721827093,0.018276655139534838,1.1292043727952916,0.9308673173481682,0.8006732784369379,0.05946356761527519,1.2335612114927414,0.9448192592853228,0.3413917721414545,0.019938470427572883
1.349737436486681,0.9572168366857003,0.20481353704616395,0.009154217381680431,1.3235984894209039,0.9546830450230497,0.47603088549367506,0.022596264087872003,1.1195365563491855,0.929420935971483,0.8013307047806801,0.06085205199473531,1.2204123738256811,0.9432193539454475,0.3342204698537868,0.020119661586218505
1.653241107663137,0.9782622697071823,0.18523371220806448,0.0041160337077311175,1.6075566243229837,0.9759091152420916,0.49903370565691635,0.012318937599338253,1.1215741223515574,0.929728079119976,0.8121622064266762,0.06138590367818317,1.2366825571626023,0.9451927722968393,0.3502571325624816,0.020309743135635574
1.5753030964387509,0.9740999603330185,0.207777959718356,0.005524543288955818,1.516780287524182,0.9704740658638311,0.4585885049942689,0.013952205906721053,1.1231474353344137,0.9299643948019318,0.7998198788275749,0.0602344235717382,1.240595107051488,0.9456576005559658,0.3530374979531685,0.020287369044794203
1.4785382979662653,0.967843638532256,0.20990076348357775,0.006973900074571215,1.4930966496599944,0.9688707126463411,0.42612846796475223,0.013691275167785235,1.1346122058773809,0.9316643585046279,0.8080827897395655,0.059271190653740986,1.219178521635466,0.9430670052367679,0.3364232347507643,0.02030988482890049
1.2840845172327575,0.9505798470156075,0.19215417949595165,0.009989996081964507,1.450897305962463,0.9658027539249381,0.48839255168369095,0.017293055132924822,1.1231410733723188,0.9299634407001468,0.784305100760797,0.059066871120498486,1.2364137498051295,0.945160699654531,0.3470993597575876,0.020139100204254946
1.8008850732099382,0.9844296063238942,0.2129367713664383,0.003367949660387914,1.5018641632612715,0.9694738566794208,0.40845991595676845,0.012861312194549635,1.1289061676635068,0.9308231165122541,0.7945519056884515,0.059049483870497334,1.2162880444943653,0.9427086013039402,0.3421082751516539,0.02079100748823604
1.6013501569873376,0.9755708334287193,0.1654815348821968,0.004143805699787507,1.4372507129887366,0.9647496121588814,0.3619785693220172,0.013226110482927017,1.1152273892800166,0.9287672815720542,0.8086804076416424,0.06202253774296474,1.2137810046908042,0.942396026539735,0.3423337811711505,0.020925158309019736
1.4946045996926045,0.9689752642628372,0.21774023573663645,0.006971626131463624,1.1786857720139787,0.9378491306039266,0.3902462750693105,0.02586145733111511,1.1271296955144836,0.9305592600966219,0.8078600496116993,0.06028460732053898,1.263557425308469,0.9483115380620836,0.3528429449245286,0.01923198062744635
1.551184044548181,0.9726613163624775,0.19095942457256979,0.005367314612157647,1.321782551781112,0.9545018015494072,0.3500138011657926,0.016684093586871264,1.118602070740053,0.9292796568590836,0.8079527188296611,0.06148708098313026,1.2282135240710468,0.9441737570633325,0.34306450827258117,0.020284404685576147
1.4837769384420683,0.9682169378303165,0.24258412283567463,0.007963159862439445,1.2377003998379426,0.9453140557274,0.5034139170205815,0.02912224275672623,1.1224586387761661,0.9298610263452775,0.8016987912446912,0.06047175739706159,1.2306480212141924,0.9444684937208901,0.3457203528258739,0.0203271703306173
1.4839899025672127,0.9682320244117684,0.2243437900128041,0.007360785291963442,1.4272605475885984,0.963958905411648,0.3145166453265045,0.011759343785493648,1.1240972458510778,0.9301067028638137,0.8083066581306018,0.06074057660258792,1.2332987177900432,0.9447877391839377,0.35761843790012804,0.02089879202182428
1.5188573048758425,0.9706107967042409,0.19004459092671577,0.005754375633332803,1.3515948965088072,0.9573916479009125,0.47080586790745765,0.020953036548939714,1.1434856334773364,0.9329537515704428,0.795770324415148,0.05718763097720267,1.1989873253416028,0.9405187440763043,0.34624208349489466,0.021897398759596152
1.3564433142785917,0.9578447370115515,0.16402672836410115,0.0072189046973278916,1.2439358705847723,0.9460515547499556,0.4899606840649117,0.02793993308952012,1.1295534217254715,0.930919021188424,0.7841668419434692,0.05819089712430826,1.2516479834262364,0.9469507314215482,0.3654278641577815,0.020471689041999756
1.349909066299656,0.9572330179767177,0.20813746150105367,0.009299105763403271,1.2331484283429517,0.9447696848777852,0.46766088507051384,0.0273389996167368,1.1436280662668852,0.9329742631260982,0.8122872426649376,0.05835546932501913,1.2451756540407053,0.9461970679234166,0.355633003728319,0.02022210699276309
1.3044338516095197,0.9527351445340277,0.1711501353958911,0.008490698027545535,1.263111179061864,0.9482611491508982,0.43813137455205853,0.02390524367739724,1.120508623609359,0.9295676200388543,0.8090836860112532,0.0613034365279709,1.2411082870605377,0.9457182922771171,0.36008821001767444,0.020668102890948406
1.5025167060244151,0.9695182918019392,0.2254317367220593,0.007087586150202995,1.2366022980409663,0.9451831980625893,0.470772238514174,0.027302885418572644,1.1239879154673313,0.9300903357580956,0.7961713913326817,0.05984372969719148,1.2422986036678703,0.9458588203140696,0.3562235255783643,0.020390317764642552
1.6171921551093411,0.9764252632217197,0.179549654146158,0.004335033099369697,1.4905251841025675,0.9686916366005025,0.42506500089938354,0.013738210400234914,1.1252093618815457,0.9302729889033002,0.7885304073389695,0.05910293980203349,1.2489258959734046,0.9466349827971352,0.34807777214527497,0.019622321841076627
1.4988035326846005,0.9692646034798106,0.20780460960766542,0.006589487588925257,1.3413776391761165,0.956421556268958,0.447526867797488,0.020391138508549025,1.125888438242946,0.9303743458650131,0.8059206266994691,0.0603120142598713,1.2363588137086785,0.9451541428007114,0.35135310112650525,0.020388486002726774
1.570929945845054,0.9738446968653928,0.2663268404148224,0.007152946734067095,1.3714748387839852,0.9592203454071847,0.442642335533149,0.01881820130028244,1.1307573144082363,0.9310970765689274,0.7907192278806666,0.058514700330610646,1.2212012437049373,0.9433165580211241,0.3336955305923523,0.020051605249696295
1.3975456544545346,0.9615048663169321,0.19152702000519614,0.00766804048247987,1.3621069484293988,0.9583681763133386,0.385960639127046,0.01676625505235352,1.1402841895782752,0.9324911762028066,0.8121914783060535,0.05879958202051706,1.2393344417661873,0.945508235125807,0.33815601454923355,0.019488691215004825
1.419811248685373,0.9633582203348279,0.22559217134895176,0.00858050355752717,1.2330236491930624,0.9447546909063081,0.32724150221962994,0.019135716511833004,1.123643513091921,0.9300387544559306,0.7993260101746541,0.060128508623605005,1.245843435213721,0.9462752918218158,0.35533521272803864,0.020174129848083974
1.5012827502344122,0.9694342123143234,0.22493454113743921,0.007092076326838838,1.345991161881721,0.9568621768069759,0.3788482492803591,0.017079459498522513,1.1289582373128613,0.9308308363124813,0.7932150465936997,0.05894306382736095,1.2443142753226342,0.9460960073541265,0.34417538096244854,0.019609455129373874
1.5270883798597616,0.9711466375716322,0.20326882419905676,0.006039241478165513,1.4580176029571776,0.9663401316526181,0.40972515856236785,0.01427167768789009,1.1387572328954665,0.9322695055869465,0.803951862091397,0.058408064167520826,1.2257506092802177,0.9438740827096843,0.3406895430151244,0.02025854238739987
1.512162628052205,0.9701678702245845,0.18843683083511778,0.005794329171754502,1.2355963024793408,0.9450630575916509,0.3587770282236641,0.02085587070474457,1.1395949949715174,0.9323912082236506,0.802241148910821,0.05817145669408847,1.2432218909293289,0.9459675867607399,0.36391299447762876,0.02078622732527637
1.6615757271491733,0.9786666498354661,0.2345965037344264,0.005113824367452683,1.439605766431621,0.9649335625743769,0.46107609805096966,0.016755864618926586,1.127013399490628,0.9305419544033203,0.7941286068402378,0.05927580236713307,1.2382474413451623,0.9453791352270543,0.35437357225021465,0.020474527359159295
1.5058856083788545,0.9697467035108239,0.17028263537963687,0.00531232644199538,1.3822217384430004,0.9601773885833123,0.48497553043949565,0.02011398344194429,1.1259042900818774,0.930376710235515,0.7927659370964913,0.059325402223267674,1.2258805729524176,0.9438899337397243,0.3567773509110328,0.02120882963596032
1.4352624375187044,0.9645935868575282,0.18375148575283498,0.006744789835585798,1.3597728857507185,0.9581532170550999,0.3829548009894311,0.016725327587968165,1.1268538255779517,0.9305182021506845,0.8100645700150985,0.060487524659477,1.2309149404849156,0.9445007195360967,0.3593112531722831,0.021113288323845434
1.4996335195331403,0.969321485974116,0.20738736998035617,0.006563700929769196,1.3260139469966343,0.9549230592772114,0.403133352655138,0.019029824512531122,1.1268584558783308,0.9305188914673543,0.8082149872798119,0.060348772887723307,1.2498518000492493,0.9467425815851118,0.3462467394454642,0.0194775304672193
1.3885057352241283,0.9607269840701993,0.19780695426345404,0.00808603879626884,1.2807549972972316,0.950218444914066,0.4296798602093653,0.022510751864286697,1.1414193978644582,0.932655539776822,0.7929912310232611,0.057259689282233864,1.2202949366833429,0.9432048700211083,0.33969765465942064,0.020454911825757108
1.4163644619845448,0.9630770352912815,0.22103021865531078,0.008473975252147988,1.1864748813542492,0.9388863604217453,0.3813610678896077,0.024823411900152248,1.1301980478743814,0.9310144141256513,0.7923020227663582,0.05870738239998091,1.2473166263496411,0.9464474822412196,0.36449103267545657,0.020623872815474134
1.4549854041554002,0.9661122914477357,0.18723615197646157,0.006567563837861651,1.3600285739466027,0.958176816743288,0.4732953818600486,0.020658733486547738,1.0971450992515428,0.9259630439844891,0.792007803505181,0.06332633607031586,1.2370081609028296,0.9452315979122216,0.3423787898170654,0.019838036803303486
1.4625378360589554,0.9666770403173892,0.21449981566672544,0.007394164143013988,1.315056465142128,0.9538244592694977,0.4314360363537275,0.020886225002570643,1.1277804381174463,0.9306560217163592,0.8022664978280731,0.05977756475532455,1.2401905294265319,0.9456097077164929,0.35970634907913507,0.020689861052603647
1.6071258047440067,0.9758857818279697,0.20508835733854558,0.005067750228045443,1.2725596042917546,0.9493181809401905,0.4577438838777897,0.02443784725101584,1.1290778584513026,0.9308485682164501,0.792796834195812,0.05889576250103657,1.2262916540736502,0.9439400435649866,0.35469503500648863,0.021065096608342316
1.5208233577763852,0.9707396569090446,0.2328547622099731,0.0070187822081168435,1.4779155596231697,0.9677989820237244,0.4150589667991283,0.013810017885290012,1.1224801798737492,0.9298642611771164,0.7934078964235355,0.05984341083625672,1.2240379872258205,0.9436648088302935,0.3455005768491219,0.020625799398162645
1.4445436037721706,0.9653162526089045,0.21567367913923238,0.007749140642723622,1.162485030400883,0.9356389303337465,0.3518708848562711,0.024204621889431795,1.1381125575333488,0.9321757145863048,0.8006584229966276,0.05825520290914494,1.2096834195857393,0.9418816953361372,0.33839730207162355,0.020880623964360055
1.5371533671985116,0.971788991749654,0.21389743507994452,0.00620943677794064,1.3831026883294781,0.9602548780639689,0.3734357813521226,0.015456574086914863,1.1346531022363067,0.9316703535080618,0.800529243914492,0.058711624811470804,1.2479823871061733,0.9465251271679128,0.34941257113707735,0.01974040864968306
1.3511437088111382,0.9573492481124364,0.1357430238006754,0.006047471223281604,1.3715420588660159,0.9592263994541103,0.4820889010971255,0.020492034301941173,1.1243609932468117,0.9301461721010185,0.7928064761104558,0.05953963882292163,1.2176130010391222,0.942873151236215,0.3490442566530401,0.021147912034129517
1.22201919246383,0.943417180003893,0.18029842050750905,0.010813660477453581,1.2009722797709945,0.9407739199024417,0.4173355774210254,0.026273209549071617,1.1201406953944422,0.9295121331740943,0.7940348265147592,0.06021419098143236,1.2544419019732476,0.9472729775942724,0.3581207923355774,0.01993368700265252
1.4417526968739598,0.9651004504568057,0.24007968383510586,0.008681658801787806,1.315226689026206,0.9538417192133632,0.4837901230601163,0.023411557590945816,1.1352895862590144,0.9317635930009642,0.7991356874337306,0.058523587339955135,1.2115255701296634,0.9421134541186883,0.33561995951547086,0.020621592972950742
1.4710012914212456,0.9672991155342073,0.2156219650050152,0.0072893987523415995,1.170785678320979,0.9367803490607571,0.34079510898119697,0.022998932303814973,1.1207459408593101,0.9296033881827678,0.7831043321816937,0.05930259332719745,1.215728587151709,0.9426389871981747,0.3388686334760942,0.020620670571599015
1.4942987314265448,0.968954084829229,0.21659223082607718,0.006939755072150369,1.3114569009087336,0.9534580383871475,0.4815249172637599,0.02350508707528659,1.1215327505156714,0.9297218550275494,0.7946213411303538,0.06006582883706368,1.2471024012977623,0.9464224754480846,0.350737396780516,0.019855447196967788
1.5565124018453727,0.9729856795957126,0.251254920083502,0.006975930948037841,1.4683206963757771,0.9671033121219015,0.34830207320765544,0.011847735858196104,1.1286975230268308,0.9307921750412557,0.795117364906857,0.05911990333362308,1.2232576491459923,0.9435692122732914,0.34712284671649163,0.02075991397701055
1.4308857055107187,0.9642477857096926,0.1874330139331019,0.006949609196439411,1.3093531186663683,0.9532426030617543,0.42800697454929376,0.02099412252144427,1.1335501820585017,0.9315085055046308,0.7993217410778558,0.058772131768571045,1.2405754153765316,0.9456552704275787,0.3691872090605154,0.0212163773262946
1.5453124256110238,0.9722994982286425,0.16534983341266063,0.004710763876444986,1.2762292854387223,0.9497231853065181,0.294462954148818,0.015588394185677631,1.1306709917311861,0.9310843236260526,0.8155005552911312,0.06036056125652226,1.2319264249632862,0.9446226788543601,0.3465333967951769,0.02031508625781643
1.415068775707268,0.9629707989182973,0.18922167203499832,0.007276157647428766,1.1287614515865965,0.9308016568456874,0.34812428889636715,0.02588051259495724,1.0992691657506222,0.926297640419971,0.7766774033299682,0.061797585095818,1.256731051567747,0.9475356258890214,0.3795811098825377,0.021017136253482015
1.47346399721035,0.9674780104718332,0.21186698962159733,0.007121956202888187,1.3549400178903848,0.9577047474636281,0.36240997096613786,0.016005163683595686,1.1386825434713188,0.9322586455122988,0.7916780289055357,0.05752624795101134,1.2434398928765895,0.9459932380655898,0.3414927575752715,0.019495824408222888
1.4380422240230502,0.9648115396314797,0.18956490922856362,0.0069137826628808,1.2477134414290538,0.9464937739400672,0.3012935131042704,0.01703241929995961,1.1275091733265894,0.9306157014042579,0.8066012661286426,0.06013810320664477,1.256738791609437,0.947536511851988,0.35382335411330723,0.019590598475969896
1.37125119393444,0.9592001970695843,0.17066692268305172,0.007259357153472178,1.1512461184096072,0.9340628770396815,0.5255696364567333,0.03710087467889519,1.1314131847389193,0.9311939006873627,0.7918426779313876,0.058509410228647855,1.2218627888566649,0.9433979526209738,0.341173835125448,0.020469768379933338
1.384609912690255,0.960387120353672,0.17741653557070441,0.007317861435129053,1.2889524387165534,0.951103760468695,0.4991498625478699,0.025661291917436314,1.121651137875914,0.9297396641894443,0.7919149544739477,0.059844935929724105,1.2420925892636978,0.9458345229499171,0.3568034831799908,0.020433205186145238
1.2775757093813636,0.9498710133626779,0.18944189184847218,0.009997704879320432,1.298975197487042,0.9521659189410028,0.3724576679626,0.018711203505564673,1.1305743683016107,0.9310700463016437,0.8145904957748289,0.060306617509515464,1.2186898381754347,0.943006559394143,0.34575715708639915,0.020896874788563665
1.4381793197312698,0.9648222552829574,0.2038527383561863,0.007432539569333327,1.4709462119204941,0.9672951036193053,0.37058607062287,0.01252976366209312,1.1200732031381755,0.9295019503543679,0.805875105998304,0.06112157506413825,1.2103712763097798,0.9419683354539363,0.3374026015583751,0.020786298067194724
1.3643283256666572,0.9585717763557494,0.18710714342547063,0.008086527033725715,1.3374340138423608,0.9560415129444637,0.4596680511131268,0.021135391927142953,1.130590511422161,0.9310724318408669,0.7911077162998679,0.058565938773058976,1.2470424376502052,0.9464154738336699,0.35004216992091153,0.01981882622593568
1.4610454188250024,0.9665661668771026,0.22719479007723647,0.007858740516829868,1.249316744143295,0.9466804280384905,0.3148133582923031,0.017731129761170507,1.1338077534008837,0.9315463345650644,0.8110459171634865,0.059598823811379605,1.2336367934373955,0.9448283319820429,0.3590316339211276,0.020965050945379198
1.4654935153570874,0.9668955743787674,0.1793769450415477,0.0061414809340782535,1.4903700301795364,0.9686807998995989,0.37854919952516924,0.012239179437647848,1.1341217984604521,0.931592431632832,0.7897750970515577,0.05799380942967414,1.2320604744912538,0.9446388228744035,0.3417498155218326,0.020028471847233813
1.5654800724058806,0.9735231561780971,0.21469687494989337,0.005839096472461317,1.2129194520520188,0.9422882399911102,0.46813218529029776,0.028671409854553295,1.121839506494677,0.9297679921215896,0.8052495710872737,0.06082624342836294,1.2198060966821782,0.9431445423969853,0.32927670081934357,0.019849743768346684
1.369826109672324,0.9590715860860023,0.1513363470536918,0.006458283972027155,1.2099025834456474,0.9419093136448953,0.4493139820762947,0.02771069064680401,1.1282624321341996,0.9307276109498834,0.7892140534538822,0.05873978843163451,1.218827314504872,0.9430235700987725,0.34829090332302326,0.021043347025081184
1.3247111738488946,0.9547937588255857,0.17389509779019557,0.008233342182107778,1.5848660810328348,0.9746497358872491,0.4343567437134874,0.011297451552959916,1.1313746591245912,0.9311882167545712,0.7880365760731521,0.05823334218210778,1.231716734680195,0.9445974162837433,0.3423291846583693,0.020078311653835945
1.3879009473131785,0.9606744075674974,0.16814745845629428,0.0068831836964999915,1.2520347887527812,0.9469954555660166,0.5536162355800338,0.030986607365119406,1.132562858592017,0.9313633195261557,0.7853299035775719,0.0578747697362962,1.2460043751123013,0.9462941282760623,0.3491880631874635,0.019817780506829082
1.6049262536968283,0.9757663090454228,0.22149287023022385,0.005500896798796571,1.3541719067181868,0.9576330482106996,0.3428981120050984,0.015170265695306056,1.1207046409467174,0.929597164721101,0.7700310682705329,0.058318132322778556,1.2379885021502604,0.9453483392919754,0.3366047956663746,0.01945950537050763
1.3918169988951208,0.9610136517187093,0.15032834876176912,0.00609851207721773,1.3798056309919913,0.9599641207854875,0.37070970804652265,0.015460670637204242,1.1246038311892919,0.93018249405398,0.7802041300735818,0.058560451135904294,1.2474511552670344,0.9464631803628857,0.3691114803386344,0.02087884152165443
1.6631403367889352,0.9787417371878142,0.1771451292246521,0.0038475908095800897,1.5301898376773542,0.9713460729406557,0.5441272365805169,0.016051315367734256,1.1156171995254227,0.9288266407980758,0.7793399602385686,0.059718617548279035,1.216745667456709,0.9427654849997069,0.34625844930417493,0.021021064862895567
1.2576896107249327,0.9476452398065095,0.15217877809392882,0.008407453653513655,1.3669984782224114,0.958815248127138,0.5505131238210941,0.0236466268674937,1.1166337665823327,0.9289812260070185,0.803158668755395,0.06139988880293305,1.241285724087141,0.9457392621667979,0.34559928386457367,0.019828374359920225
1.5570354094382324,0.9730173152499543,0.1945124551787322,0.005394013216195316,1.593332040772395,0.9751269457708661,0.4592383148782915,0.011714023040388719,1.1170390476299026,0.9290427689467052,0.8005275877865007,0.061141664205086675,1.227332555731803,0.9440667388623152,0.34168417394600914,0.020243812583596917
1.2566855664454264,0.947530419154245,0.17116448096065728,0.009478248286427765,1.2836714450732463,0.950535145687027,0.4946121030178543,0.025739096264060717,1.1232060678209217,0.9299731873347553,0.790598830778954,0.05953194884573668,1.2228500618030493,0.9435192195204988,0.34556802022436406,0.020686331647750883
1.5841202399142902,0.9746072693235848,0.17538952007376268,0.004569654861890964,1.3893359310412896,0.9607990463528739,0.3911140977355483,0.015957598703150413,1.1423204070059418,0.9327857299573202,0.7998562252887215,0.05763569338087386,1.2175440038642058,0.9428645932596653,0.34263701573707983,0.02076300817570426
1.8301249177481143,0.9854286342310041,0.21195178738299253,0.003134095064895414,1.4080195266157347,0.9623876461799226,0.4020305050921013,0.01571228980755382,1.1247976176831185,0.9302114667108908,0.7682341574670953,0.05763628700664718,1.246132995722734,0.9463091775923111,0.3544672695883555,0.020111438916009305
1.6165446121447944,0.9763909170234483,0.21078067501618838,0.00509666605818218,1.395283812804142,0.9613116341928082,0.39578628172528707,0.015928574984649595,1.1217865765645114,0.9297600332878327,0.7830598417486615,0.05915730430309166,1.2389746241708184,0.9454655324999032,0.34279893235623926,0.01977264806916809
1.45364619687607,0.9660111899414241,0.22055489072242868,0.007760156783182985,1.2816863885213818,0.950319794143761,0.4762234679095547,0.02489570359905569,1.1266444553470898,0.930487026417242,0.7986867796183158,0.05966670295907014,1.2363596847011729,0.9451542467630845,0.3420199030043459,0.019846854909167197
1.5043137959554715,0.9696403416495856,0.174537922747324,0.00546482182742633,1.248856759323479,0.9466269402409635,0.5044349929640931,0.028441234745726147,1.1200507615985253,0.9294985642106701,0.7780448084494126,0.05901383629430253,1.2234440785880227,0.9435920649654725,0.34392145081980174,0.02055962483696139
1.6432432384849418,0.9777672968702287,0.22651309492052035,0.005150508112199673,1.2044910729466511,0.9412237588889677,0.4737866210554396,0.02958637243412469,1.1106354385093633,0.9280645837156796,0.7976995621949879,0.061830664679147315,1.2266607962066718,0.9439850052521787,0.3404679335289595,0.020202979287082562
1.4981847977934395,0.9692221325427522,0.19395683905876432,0.006159143177339771,1.3879809053123462,0.960681362489559,0.39175160437901096,0.016033556940040473,1.131294929293766,0.9311764523163234,0.7921857304643262,0.05855069923570059,1.240479168982822,0.9456438801757296,0.34196866742166854,0.0196565432846285
1.5037504802629633,0.9696021349371419,0.23242116565870297,0.007286604450291842,1.2699892780717903,0.9490326697797462,0.4534889229263055,0.02435439834898036,1.1327821960120035,0.9313955977186634,0.7823903740782264,0.05762902905680392,1.2077461515580687,0.9416370308918751,0.33283329912046616,0.02062911601546138
1.5214658445979947,0.9707816482439272,0.20837761800562676,0.006271699255949614,1.2575419458136872,0.9476283680204468,0.42847764926539544,0.023680246936536566,1.114186526163256,0.9286085577751709,0.7862613316661456,0.06044778498245465,1.2169849515020608,0.9427952074882059,0.32592997811816193,0.019776041099420112
1.4715085887763073,0.9673360440227242,0.20847394075740533,0.007039522268798181,1.1964317358653003,0.9401886936065438,0.2777465316835396,0.017669200894683434,1.1291286809752954,0.9308561005619644,0.7795744281964755,0.057906711719609184,1.2332169197012202,0.944777913449822,0.35034683164604424,0.02047770463758414
1.4527022177905613,0.9659397508150294,0.19629229203764945,0.006921512831675179,1.3389193518479339,0.9561850232862057,0.3717883490206054,0.01703634491033223,1.1200120656992052,0.9294927251372254,0.7687134316967693,0.05831125704759983,1.2457655791154891,0.9462661772843401,0.34935448995166624,0.019838130833182914
1.492942194754066,0.9688599844966813,0.22941333710709624,0.007373547249858086,1.1411976870169283,0.9326234680970503,0.37937324087614194,0.02740747379987319,1.1254400944046505,0.9303074426683168,0.7844866896237244,0.05876861893712301,1.229288451044918,0.9443040760104625,0.3326100287749422,0.019617645789555802
1.316255945984311,0.953945950564379,0.16695179947577418,0.008060002164561089,1.3867325049430659,0.9605726391962575,0.35356991508797264,0.01451251893160983,1.115582926949484,0.928821423696884,0.776748858160815,0.059524765965131975,1.216862379315334,0.9427799840875098,0.33727810650887574,0.020470373732055226
1.4214481416610556,0.9634910337733511,0.2163500341466443,0.008198017223741234,1.2291817772817508,0.944291156204883,0.38110759297199975,0.022483598651223225,1.121754372107545,0.9297551904415967,0.7612994350282486,0.05751765021616034,1.241720578008965,0.9457906218539253,0.35700316632520024,0.020462160646860163
1.7907256923314645,0.9840669487408462,0.21936154791541929,0.0035516880144138784,1.3263091522596702,0.9549523094413502,0.39939495162764316,0.018840543149358107,1.1212418538573894,0.9296780773460792,0.7958119307975924,0.06019613284242588,1.2330803850248184,0.9447615089902858,0.34040273532285004,0.01990273021908936
1.4288347495887064,0.9640846248448613,0.1973319446784396,0.007351274608657621,1.3229603648319102,0.9546194341638774,0.46101300332358214,0.021915572006931203,1.1179067659047643,0.9291743685338854,0.7852843424055382,0.05985772026738433,1.189185165448331,0.939243462516054,0.33396639659371125,0.0216031760696736
1.4861478723133024,0.9683845068666518,0.17512611322164787,0.005717458706504672,1.4810084562877959,0.9680201842953555,0.409945818023292,0.013543097470449612,1.1235023705584268,0.9300176053080844,0.7805007161985427,0.058731478701669275,1.225504790398389,0.9438440898721225,0.33272093168088684,0.01979590372777245
1.5119598194110873,0.9701543517201504,0.18654603546177814,0.005738867585885545,1.3211271893138263,0.9544362223530084,0.3802730019138605,0.01815383165324655,1.1095808937312914,0.9279023081583166,0.7920218907676004,0.06153982990490313,1.1992667856270738,0.940554732288057,0.3357638833968651,0.021221065878827987
1.4915969675894587,0.968766396102664,0.2381004230960677,0.007676499032882011,1.4098444783232311,0.9625394574324108,0.3992191388750622,0.015536989606138541,1.114053194251198,0.928588202087406,0.7759457441513191,0.05967303972623122,1.2167463630941828,0.942765571428815,0.33272150323544053,0.020199215677939083
1.678896070132052,0.9794836027345762,0.18263840360276418,0.003825568936300524,1.3787016802827734,0.9598663120635866,0.3485519062038978,0.014573564315592499,1.1114063489927877,0.9281829997773439,0.7813650128115537,0.060457141870217626,1.2095450956834994,0.9418642578715557,0.3309107849988353,0.02042517688025152
1.3502581547752286,0.957265912065939,0.20971999622890544,0.00936228131328221,1.4059764038782743,0.9622169846482624,0.3044058954778291,0.011952992729807788,1.1113521693603752,0.9281746833688684,0.7924169573552057,0.06131992165454968,1.2460299569473199,0.9462971218078969,0.34365670469187015,0.01950270557381403
1.447329960307608,0.9655304192954589,0.19475009103430807,0.006952607443504672,1.2599040755805055,0.9478976432857906,0.4160663679685892,0.02286959828862978,1.1275938522783555,0.9306282902605569,0.8029225970900685,0.05985216002081468,1.2296961210063275,0.944353425032997,0.3375235501796938,0.019888771555572074
1.2984284396643286,0.9521085458827897,0.22490426801854177,0.011312777812101198,1.0796533396222923,0.9231540735495656,0.33229462195556797,0.027661133509910722,1.1117711044918814,0.9282389655144181,0.7829713346666046,0.06053056921295512,1.2142072665570656,0.9424492851081177,0.35747174550020927,0.021829030837267793
1.3781739282359475,0.9598194730064746,0.18836214967854692,0.007885327035520832,1.248774954164447,0.946617422500034,0.4076368516322327,0.022987856875303844,1.121087770386652,0.9296548787729273,0.7848761001185943,0.05939000124858206,1.2309022007506305,0.9444991818369719,0.3410991823232008,0.020043726937759514
1.4465197326514918,0.9654682749043979,0.14839443112093936,0.005307596152441123,1.225396450896292,0.9438308663745043,0.39486716292397295,0.02349928067493016,1.1220425904180786,0.9297985211955866,0.7657520166941788,0.05781566946382054,1.1929684161324556,0.9397386739589866,0.3264864359796929,0.02093614545377257
1.4151359150096974,0.9629763110411692,0.21407330940018182,0.008230507366324028,1.3441653386082681,0.9566883101306145,0.42142890159160595,0.019079148030186944,1.1182726650386101,0.9292297937907857,0.7815817450657134,0.05952532047214113,1.2106602642673998,0.9420046992359371,0.3216954532147975,0.019805447444961058
1.5077998109116413,0.9698757468606682,0.1743775591848261,0.005416151245874144,1.3131252742194461,0.9536282145701412,0.34108344707488114,0.016585759711988505,1.120577943181336,0.9295780695298226,0.7824006526411572,0.05927222916089827,1.2048150819022256,0.9412650184340848,0.33356866067366375,0.020814700166196232
1.3203040797819683,0.9543537299341083,0.15938857754549463,0.0076234773625941735,1.2504314607559137,0.9468098393802092,0.4888231219696493,0.0274612485958674,1.113236378461972,0.9284633824167332,0.7869938920722876,0.06063661977815369,1.2266013871689985,0.9439777714941311,0.3325672186889994,0.01973685957611793
1.4554442753994696,0.966146866470047,0.19962965268268393,0.006994888172123003,1.380587274745266,0.9600332353260409,0.3312429976347566,0.013789846485751179,1.1171434595680445,0.9290586161787198,0.7820397111913358,0.059715262685250625,1.207800492996901,0.9416439070163503,0.34221336984937134,0.02120784203282835
1.3579926382417526,0.957988549173826,0.18887792036854228,0.008283017026201664,0.7790680610708176,0.8574011563398651,0.14865478932606277,0.024723550820632243,1.1256678366970176,0.9303414344770848,0.786317554333349,0.05887489350738692,1.2106989332737046,0.9420095633918055,0.3319230950030555,0.020433301261045186
1.7148625401279562,0.9810833868909834,0.1765066587003349,0.003403286834139893,1.2847032916399022,0.9506467371284122,0.31301394632159873,0.01625026308084433,1.111742745895874,0.9282346157969896,0.7938554425244886,0.061376014064617304,1.2151379817795578,0.9425654111043393,0.33068662442414426,0.020150166877905922
1.8014103773436627,0.9844481355088117,0.1663436591541371,0.0026278215711145496,1.3403590112231982,0.9563236935394538,0.36952580413241226,0.016876631181888816,1.1230491578723927,0.9299496548154835,0.7850958081960552,0.059138935191026754,1.2064222076221556,0.941469269913498,0.3295926979462974,0.020490632948379942
1.3299135698071387,0.9553079946170587,0.1901407362778267,0.008895320521892468,1.1096049333964655,0.9279060111900427,0.3986188997543681,0.030970837726842965,1.1148988429960969,0.9287172159580911,0.7873043827532403,0.060428779963071264,1.228652505693163,0.9442270116939521,0.34233983717229766,0.020221107317244948
1.4935230092039,0.9689003082217303,0.1722905414980554,0.005530169297535722,1.4148846986624362,0.9629556821830726,0.3077359114456219,0.011838412834772749,1.1204267106087076,0.9295552703202364,0.777417373915508,0.05891522376605193,1.2202771340784053,0.9432026740619147,0.3362673006975389,0.02024918292246543
1.5227004574368632,0.970862175446428,0.18046561825470245,0.005416191562143672,1.4076339790279397,0.9623554982870949,0.47200123342584027,0.018463292693623366,1.1263359265218233,0.9304410621391972,0.7861085414739439,0.05876876828986293,1.224819407221715,0.943760385319514,0.34495837187789086,0.020556410522202997
1.4271837879854343,0.9639527643915983,0.174896314265592,0.006540287947980506,1.285478674170323,0.9507304355628216,0.41145629548477974,0.021322839477069148,1.1228878777438003,0.9299254592592907,0.7762109711245011,0.05849138420489582,1.2219772774216437,0.9434120278058175,0.3292589404491744,0.019749690715898896
1.3846288564772242,0.9603887797743981,0.20788184998056744,0.008574083656433518,1.109883097883012,0.9279488464480801,0.34804508356004665,0.02702417256572213,1.1270058982684175,0.9305408380299545,0.7684259619121648,0.05735828151663238,1.220181657021666,0.943190895563172,0.34299261562378547,0.020658705903218073
1.6286839977301506,0.9770267490698707,0.2173362909272682,0.005110321853980937,1.370534184529212,0.9591355368548008,0.41919207698075484,0.01785989416752558,1.12325751610796,0.9299809016835977,0.7777899275181205,0.058560503023026005,1.2437613411819295,0.946031040488863,0.34096163459135215,0.019451100296458437
1.3775475647741753,0.9597638140161292,0.2050651585935579,0.008596948269445478,1.1106507367079395,0.9280669353532764,0.37283316941234323,0.028897735126801,1.1320944991881745,0.9312943475971852,0.7943355052864519,0.05860160029772981,1.214558177301432,0.9424930943573457,0.32977317432997294,0.020121351480674145
1.5960980235636808,0.9752809532331176,0.19897485133795836,0.005043130022534972,1.3281546335559604,0.9551347578599884,0.3798934588701685,0.01784461499213402,1.1205738854963982,0.9295774578987366,0.7969988850346879,0.060378709766571705,1.2110852434606325,0.9420581361529383,0.34645998513379583,0.021309234023555425
1.441132312622722,0.9650523047733697,0.1818125291465879,0.006584025368956506,1.2137770777292922,0.9423955356771178,0.3436343852013058,0.02100484768130979,1.109177613576151,0.9278401613650687,0.7782372143634385,0.06052494184509473,1.2068425467549764,0.9415225813078856,0.328415980102596,0.02039772508372845
1.394867492682701,0.9612759661124269,0.18229895784725464,0.00734372986551994,1.4733352628610068,0.9674686824721864,0.24394151501011044,0.008202579604676713,1.1220878636457459,0.929805325328678,0.7819100948825634,0.05902947986784474,1.2369968256352586,0.9452302467085612,0.3325089438481879,0.019266663212669264
1.458445331905262,0.9663721520933195,0.18911681876240746,0.006580892882893599,1.263063405381826,0.9482557519257335,0.3493790492605531,0.01906485266256028,1.1249373637253774,0.9302323529788609,0.7585601945183977,0.05689219443504866,1.2415363643543362,0.945768870361615,0.3490558778719933,0.020015138113690024
1.4035934118310451,0.9620169940032189,0.20157738871583986,0.007958814877633637,1.1529885617984437,0.9343095515175319,0.3279372727133234,0.023056969163663142,1.1254883405289635,0.9303146449525425,0.7633456598793942,0.05717851871002731,1.2415952970065227,0.9457758298781509,0.34114867042089275,0.019559078332683114
1.4786917907117647,0.9678546362820654,0.19875237992043712,0.006601164372048959,1.528188094120046,0.9712175069686394,0.2994597774097178,0.00887463301950785,1.0992730600421412,0.926298252593346,0.77369472005944,0.061559711106047146,1.199985813011503,0.9406472331384108,0.3377552126062257,0.021311609372643568
1.7344145713725052,0.9819010592966201,0.16446268194487457,0.0030314666638320714,1.580357386342956,0.9743919619558703,0.4934964385258594,0.012969601624223033,1.1132595103042622,0.9284669200204572,0.7811551563951687,0.060183548895437984,1.2145715947227806,0.9424947688258615,0.35716940229173116,0.021792279094240547
1.4082996741432532,0.9624109890096683,0.1992041162114688,0.007780341038392891,1.315604144378062,0.9538799696076378,0.37479597705616263,0.018121359503833045,1.120757343278122,0.9296051063175659,0.7753027311871415,0.058710255529701535,1.2232905377415935,0.9435732444197983,0.33602773157575666,0.02009484138081292
1.293593095856889,0.9515983057127165,0.2059553730153865,0.010475627101971367,1.1395856805125386,0.9323898562174134,0.40194936553668853,0.029146450077764632,1.134620324531056,0.9316655486580704,0.7906730828173849,0.057993140760631154,1.234727538606414,0.944959106418524,0.3475449028382272,0.02024339665279753
1.7295816033413152,0.9817022295905061,0.20184410351774368,0.0037621357610834526,1.4579311579807124,0.966333656676197,0.39941112660777933,0.013915185529163694,1.1238150417620465,0.9300644487816051,0.8001704633503797,0.060168263066496065,1.2484090189682555,0.9465748276256307,0.35882535254920195,0.02025228830595604
1.506631424331872,0.9697970452323493,0.1983603279344131,0.006177651336176275,1.3549462673844417,0.9577053303460391,0.3731407564640918,0.016478831775297235,1.1230491032017798,0.9299496466150017,0.7899035577499884,0.05950109617425549,1.2244545992354265,0.9437157841755344,0.33816313660344854,0.020168410112049676
1.597498130020409,0.975358555230353,0.17608111862209463,0.004448510895031089,1.6068449969789271,0.9758705612685105,0.36640738339969753,0.009059812704070039,1.1211736507572334,0.9296678096634521,0.7796400901318024,0.05898213818224343,1.2112146904652972,0.9420744036462823,0.33077136771923327,0.020338233007618615
1.5120152583828637,0.9701580476748848,0.18882774310572756,0.005808320119515823,1.2730453168744562,0.9493719634178557,0.434085528945184,0.023148880403100074,1.118333543788289,0.9292390116244983,0.768853567805208,0.05854773389121561,1.2141921488160294,0.9424473970385537,0.34818765948289115,0.021262837783055922
1.5249307457745596,0.9710070998643022,0.18056986453031537,0.005391561040671629,1.3084821941789564,0.9531531397989131,0.42017129764888594,0.020651147459493514,1.1090239085986433,0.9278164619240739,0.7672720003690434,0.05969327978766035,1.219891941780328,0.9431551408764821,0.3332000676579583,0.020082285601880433
1.5732591644440583,0.9739809580227032,0.17260358688930116,0.004610952540408953,1.2600184539690487,0.9479106487915091,0.3645330859616574,0.02003173185782852,1.121545086736046,0.9297237109756872,0.7846165739022882,0.05930787874922265,1.1938943138550675,0.9398592934140619,0.3158008658008658,0.02020779848941474
2.0442365922541574,0.991049265977464,0.16587061716021737,0.0014980726259765527,1.5638821688204738,0.973428153560143,0.46735675023881484,0.012757522735045006,1.102282374926867,0.9267699128079347,0.7745117998026841,0.06119918854399426,1.2225846163745224,0.9434866388429086,0.34680614498019013,0.020773140939017953
1.4934092032941464,0.9688924110961018,0.20121152334417436,0.006460165524298714,1.3545037823415387,0.9576640413461931,0.4444256053763275,0.01964695680486938,1.1058137488523294,0.9273198511654656,0.7849931408665629,0.06152506952219893,1.230010494005541,0.9443914522231556,0.34688718652218814,0.020425738330736288
1.617424540666993,0.9764375772450438,0.21231004200076364,0.005123255271329115,1.4969586533176813,0.9691378001137984,0.3708591065292096,0.011810010788949403,1.1171657911451287,0.9290620051530002,0.7642611683848797,0.05835472177739134,1.237420329065974,0.9452807084770134,0.33806796487208857,0.019569678465376647
1.4348899331337388,0.9645642815386118,0.18353794132878423,0.006742732382268116,1.3117810155941592,0.9534911449198069,0.3528650196484601,0.017211851572129684,1.119618054673343,0.9294332448281948,0.7825418100953483,0.05941409631297128,1.205307914477193,0.9413277240427967,0.3174977914521583,0.0197894076208433
1.612475065263371,0.9761739446513031,0.17205837173579108,0.004199530535152709,1.3642384508852279,0.9585635574178291,0.35898617511520736,0.01551812596863677,1.127834861296514,0.9306641084679657,0.7720122887864823,0.05751608967150752,1.223679918341863,0.9436209619528627,0.3449769585253456,0.020611527143096393
1.3865852931478695,0.960559799521592,0.15703655574635295,0.0064478580554376275,1.249405319128522,0.9466907218749838,0.4690830896799245,0.02641462550933428,1.1224212754565688,0.9298554151593879,0.7841462848656425,0.05915286904769023,1.2382297015620056,0.9453770259361429,0.34311040980182855,0.019824589027944706
1.3939878317475236,0.9612004976541978,0.19587340986658394,0.007906561476139483,1.1502438443802636,0.9339205972067451,0.40989761092150173,0.029002240037413675,1.1201021631473018,0.9295063198303084,0.7805771020788086,0.0591989009733401,1.2436159551899193,0.9460139461412186,0.3405988209742476,0.019436908270069327
1.515083560439661,0.9703619121371218,0.20590646803112575,0.0062890700002856854,1.505017285181328,0.9696879902708724,0.43921040825482277,0.013729519496714948,1.1175630516354025,0.9291222672478553,0.7671756315651057,0.05852369629359446,1.2045980439430857,0.9412373836602935,0.33160068687056204,0.020702241834872383
1.7558731303109774,0.9827585533740899,0.19735533142533557,0.0034623879908511597,1.4144601444954243,0.9629207944092694,0.4169026155894642,0.01605367532252586,1.1198474535624283,0.9294678807570843,0.7637398797043113,0.05795594810871459,1.2309187558643357,0.9445011800485419,0.3411591851727146,0.020046488657339247
1.544567855266133,0.9722532855845778,0.18979364883232422,0.005416438545481606,1.27770596303459,0.9498852924537989,0.30790497961201035,0.016244664621992123,1.1084354593085368,0.9277256638313967,0.7765507228469047,0.06049707384747862,1.2032090296130713,0.9410602359047896,0.3406956629185716,0.02133818987832946
1.6567029332305245,0.9784311331214435,0.21378812987172405,0.00471281785434196,1.3003422053800073,0.9523090779705227,0.4155925857730314,0.020812563969640176,1.1153706081746528,0.9287890958591872,0.7973976554348493,0.061137031277000174,1.2026733807609484,0.9409917883487474,0.3335788375375928,0.020918238492110965
1.3929838994191595,0.9611141951618665,0.22296255166882595,0.009020861739479427,1.473806195405813,0.9675027933447035,0.2631871182676291,0.008840125558488088,1.1062905685501614,0.9273938136499805,0.7649299771731753,0.0598868006772291,1.1964295839766357,0.9401884149721352,0.32500462705904126,0.020675687528406147
1.5392359796758757,0.9719201611289989,0.20500548101715327,0.005922833072982938,1.1677443620606787,0.9363643467138361,0.29365900353564206,0.019957170089759425,1.1168446071314326,0.9290132488207818,0.7739813799811638,0.05914062442899544,1.220881546087421,0.943277183934639,0.3346971545029258,0.020126602716370446
1.4477481209281349,0.9655624499729994,0.19614614691095797,0.006995707783622306,1.2505196091201698,0.9468200601739786,0.43624027750187194,0.024502260443207736,1.1095466017416933,0.9278970255712714,0.7678825201326386,0.059668920351699836,1.2253787019227496,0.9438286997247619,0.3345456212466191,0.019910247010172494
1.3891403243600162,0.9607820788197197,0.17999355026950659,0.007347111299265688,1.3276463899785138,0.9550845821432535,0.4125984735637832,0.019403551469322572,1.120446874167014,0.9295583104906432,0.7864678511647906,0.05959833133179103,1.2362538020906508,0.9451416071680732,0.34074540456702346,0.019777719145621674
1.3241190358251724,0.9547348723008493,0.15403032721468476,0.007302762927379114,1.286806003460856,0.9508734014071157,0.49043833261710357,0.025338354259767812,1.11978067171543,0.9294577992812046,0.7790380011050402,0.05912592813145505,1.21963993041986,0.9431240221496204,0.33214132236478605,0.02003009365720347
1.4207422391384281,0.963433815487506,0.20055834215329868,0.0076119949567957975,1.2836392676807,0.9505316619453178,0.341861856334269,0.01779145140997701,1.1081518837017976,0.9276818703435721,0.7816636755479883,0.06093517276031687,1.2166287631086163,0.942750958539583,0.34101820747626277,0.020708507715344753
1.404423649552801,0.962086786169643,0.2014346675639712,0.007937990349711615,1.418094479034787,0.963218426594687,0.4754592312751411,0.018155942757663964,1.1153158607662021,0.9287807577738081,0.7738639665958,0.05934016701552967,1.2145264242323799,0.9424891314526925,0.3217448494210856,0.019632932755742946
1.3953792153064808,0.9613198033269765,0.2336563247305817,0.009401525447822962,1.3052890478010704,0.9528237386383294,0.45397372589210844,0.022477172089167354,1.108560898632698,0.9277450280253083,0.7627876642131743,0.05940770323250923,1.2115361448394943,0.9421147820032274,0.3340321127985341,0.02052353071687545
1.3679890114252968,0.958905218949512,0.1803024249316163,0.007727029250663579,1.3997631654856897,0.961693411597791,0.46716046347235457,0.018608137870351787,1.1303093033320188,0.9310308655620415,0.7839997541260718,0.058077327446072954,1.265905452378391,0.9485759073509678,0.3569782094231183,0.019352463385165858
1.3550992116410474,0.9577195928704644,0.1750003927297862,0.007725735076868939,1.2300378272809713,0.9443947573552461,0.4293636206544449,0.025280602336443945,1.1054737068025084,0.9272670627060285,0.7701745291169864,0.06041091933989981,1.2284723482035302,0.9442051618481189,0.34147069450335393,0.02017813808191165
1.2627520561844316,0.9482205642506454,0.15434118006725772,0.008428101559986493,1.0748179590230469,0.9223604988156706,0.41355854478752674,0.03481120361187259,1.1226977395249258,0.9298969244316214,0.7674258636502599,0.05785470614980869,1.212433387654364,0.9422273462608642,0.31997859981656984,0.019619482415253672
1.501955607281693,0.9694800873689567,0.1712790287179015,0.005391983868577289,1.3557929771358557,0.9577842309420419,0.5152798882595816,0.022711729907665682,1.1198197480681047,0.929463698460663,0.7725898297800494,0.058631261543451225,1.2257723426758018,0.9438767337183046,0.3315989010145662,0.01971699561556544
1.3900022972486539,0.9608567961964036,0.1661100557632208,0.006766960271608943,1.4607247226759348,0.9665422955356249,0.41800968196580673,0.014469769680083164,1.1227499747785752,0.9299047646619961,0.776227097248606,0.05851117568706481,1.2220669856977977,0.9434230542113963,0.33856241191249464,0.020303539477147466
1.3693095618691393,0.9590248729210498,0.19359127166040158,0.008271346428690133,1.3238398200844268,0.9547070797060936,0.4268665383087314,0.020251271313191745,1.1181809333460917,0.9292159023255432,0.7801259130222181,0.05942699504769502,1.2216166739311607,0.9433676841948345,0.3361449833440298,0.020179479509422674
1.2610427092469831,0.9480269760560667,0.16535385269164807,0.009065079330249358,1.334031512322101,0.9557110781780911,0.44796551776472554,0.02075931758896684,1.1271202039733885,0.9305578478358932,0.7795231373977447,0.05817130493123559,1.2122671223516777,0.942206502846345,0.3205087343866199,0.019659512614842847
1.4859903121999416,0.9683733976466773,0.19911416266915968,0.00650297133415263,1.353331864006753,0.9575545015246267,0.3895078851783169,0.01726570792592834,1.1175984127661391,0.9291276290322167,0.794019831721559,0.06056656406629787,1.2449494764531392,0.9461705491324683,0.33586721635580624,0.019108127850117944
1.3121895015447433,0.9535328376070725,0.18076254914510378,0.008808844744942394,1.2110215381533882,0.9420501287878371,0.41358081131327906,0.025441273260336267,1.122763231092036,0.9299067542342961,0.7569107921124013,0.05705339157143142,1.2093580640972745,0.9418406723857103,0.3325561549480357,0.020535577760492498
1.5069527541494103,0.969818709601716,0.22804274568141109,0.007096815376411151,1.3207326590528976,0.954396700077495,0.44095145572118155,0.021069688825291873,1.1263763865684873,0.9304470914332141,0.7926470141777224,0.0592520582958866,1.2062275074587427,0.9414445607495829,0.3322657032696803,0.02066607532079627
1.4205932670891546,0.9634217292519978,0.20089594975292108,0.007627424438459284,1.401841599881995,0.9618693265512661,0.3936636955618159,0.015605718375394479,1.115906151161608,0.9288706120737684,0.7648670699979987,0.058570618799561144,1.2267648063183538,0.9439976676066847,0.3505287950861313,0.020794998514785362
1.671126899137078,0.9791210107367536,0.17891907488117112,0.003815309244179127,1.3354236603862941,0.9558465623367868,0.41429894762418185,0.019137718833385085,1.1147730891060008,0.9286980443218603,0.7641493675115032,0.05866852489559098,1.218570881925769,0.9429918364304747,0.34468724848521665,0.02083791850877129
1.6058558441916353,0.975816871778232,0.20533656947986112,0.005088742295775752,1.2305368803856094,0.944455070224612,0.34981105410304464,0.02057295370354371,1.1072459757973276,0.9275418041106888,0.7618052781959507,0.05951110325421647,1.2142385205278734,0.9424531882629076,0.3327905619220253,0.020320410661569727
1.4341427007999477,0.9645054255129896,0.22809988607322104,0.008394259049811342,1.3406892375823352,0.9563554423574031,0.3321427471749238,0.015157777780731215,1.111544943600368,0.9282042695843324,0.7632016503987438,0.05903293244854264,1.2246006812903243,0.9437336480467226,0.3310188748960803,0.019735679189387827
1.4376843124473968,0.9647835497824196,0.18056821517403326,0.006591086220311043,1.425586694825981,0.9638247629753441,0.4432325541874585,0.01663584846614394,1.1060514088353457,0.9273567247671025,0.7786618053731712,0.06099545334647121,1.2142385523678514,0.9424531922391193,0.3309026865856108,0.0202051342701269
1.7199600197025762,0.9812999927068696,0.20528785694567986,0.003912039590957247,1.4071356685474905,0.9623139088344265,0.45166089010213784,0.01768792212608651,1.1150123715155549,0.9287345197044733,0.7693617151795847,0.059036173405840546,1.186645397804329,0.9389088850853333,0.3276692328926786,0.02132015052645711
1.2138933064645536,0.9424100623830347,0.13063573057059105,0.00798304673772599,1.1411216814853786,0.9326124702224494,0.4854134032290584,0.035074386424103925,1.1164912351392748,0.9289595705365811,0.7885602617987809,0.06030365737403799,1.233030096871844,0.9447554657795767,0.33984211424228794,0.019872252651438403
1.5832368130613819,0.9745568792873137,0.20859974175884008,0.005445991427495382,1.3377288336748665,0.9560700334635108,0.43759431247180347,0.020106794304392328,1.115208890831992,0.9287644635438195,0.7667428944789284,0.05880860385609936,1.2178856761509695,0.9429069603640854,0.3405049703644934,0.020617584328510387
1.4213927372110309,0.9634865459760835,0.20066858860332454,0.007604780071514974,1.1758722427439328,0.9374704444350945,0.36683432497086427,0.024467957835409216,1.1189765811002088,0.9293363081156494,0.763264429859535,0.05803612968403142,1.2368081952755956,0.9452077566978786,0.3632613629393363,0.02105770381103032
1.3533253692198273,0.9575538936994169,0.16320289678675753,0.00723439960001702,1.2766168326264298,0.949765777576927,0.4663005111976631,0.024663179226415897,1.1227184616629666,0.9299000348100112,0.7694894109055501,0.05800750499978724,1.2167050144812568,0.942760433879457,0.34648855890944497,0.02103700374452151
1.517421329196118,0.9705163315539255,0.16335212003009966,0.0049625334374532705,1.4501545479118731,0.9657462226682391,0.41402398759156595,0.01468489873228438,1.1217548823600594,0.9297552671748257,0.7871677135003148,0.05947197899878711,1.2104881952296338,0.941983050110868,0.3349509344717969,0.020629704088922857
1.3656478963051888,0.9586922700311337,0.21943411183608758,0.009454884868727214,1.2262295079776586,0.9439324708032033,0.4372217818159644,0.02597001986443256,1.1242043696605344,0.9301227362009644,0.7725013720348802,0.05803565492794822,1.229138657376922,0.944285932932097,0.33329776205866213,0.019664990466667906
1.3737874452072796,0.9594281320458747,0.16277154015133025,0.006883210126043716,1.3638173673950227,0.9585250290703344,0.35762448132780084,0.015474259426687231,1.1161511920382483,0.9289078815621398,0.7806016597510373,0.05974179652183162,1.199548770629774,0.9405910249507684,0.3238192579936539,0.020452853268095518
1.38671549363804,0.9605711556910511,0.17455340756148294,0.007164944616088189,1.369878878825543,0.9590763553078925,0.34253028263795426,0.014615715949396707,1.1100683081351976,0.9279773544268354,0.7855285696806558,0.060966838783096076,1.1815305568996097,0.9382298455763273,0.3290101553896978,0.021661012172229873
1.3819649878013205,0.960154777228176,0.17517600149523394,0.007269585039200631,1.3492805260824963,0.9571737305715443,0.3551024858264283,0.015888144698283993,1.1149140572914635,0.9287195351097984,0.778082362469628,0.05971886067104679,1.2123179874377537,0.9422128801640312,0.3287645629555791,0.020163550719054617
1.5213855122067668,0.9707764011181608,0.190312533562453,0.005729040319284335,1.4729199059876552,0.9674385683758661,0.3428816913942035,0.011540493747569977,1.1172094563446038,0.9290686312228557,0.7687220952176381,0.0586894321803252,1.2288293544918774,0.9442484524244366,0.3474998849287325,0.020517541032091267
1.417687104027343,0.9631851794871494,0.20426344743276284,0.0078073482801897425,1.4299964242442973,0.9641771280386418,0.4235635696821516,0.01573700835974559,1.111704147140181,0.9282286950255406,0.7807762836185819,0.06037017931973368,1.2143283704703811,0.9424644077962497,0.3400672371638142,0.02076043372827636
1.2653693933581143,0.9485156642249916,0.1785447277276819,0.009691201800763303,1.060462294715577,0.9199600729246878,0.4162585251979677,0.036216030436409884,1.130418370492466,0.9310469898868765,0.7855083077768115,0.0581744668941553,1.2465906939280993,0.9463626985331866,0.3450511893318686,0.019556576661740627
1.5737816063999857,0.9740114262996179,0.17245422149545686,0.004601423683810098,1.3943154422545532,0.9612286207136115,0.4466315968097743,0.018014989013062727,1.1194885954725649,0.9294136914160067,0.7784119834009534,0.059118161237872675,1.1950414220753247,0.9400084172001886,0.3306696697159959,0.021103424721705233
1.3510944281469925,0.9573446145835842,0.19020576511688753,0.008474795905144486,1.3316561592223721,0.9554789925034707,0.31124859565692475,0.014502779411422667,1.1132627807733613,0.9284674201674907,0.7803838281237977,0.06012366968697149,1.2244952216117169,0.9437207522812363,0.33501084999307446,0.019978535567495008
1.718544197373902,0.9812400757700258,0.20389574843379357,0.0038981987037475367,1.4897786993091668,0.9686394652023899,0.42859315126817105,0.013876071456116508,1.1179815911383848,0.9291857060869744,0.7834681588711149,0.059708994779352514,1.2409651599544707,0.9457013716417908,0.3527157715467429,0.020251617656054276
1.5830214275931351,0.9745445790958107,0.17361057670109123,0.0045347646461135855,1.4381757513242983,0.9648219764095955,0.5068105212934604,0.018478634307514723,1.1153551125910353,0.928786735957673,0.7739060840656888,0.05933803334487404,1.1884442952464416,0.9391460410969178,0.3303218259892571,0.021403903060766775
1.4448012588583983,0.965336110364182,0.20538499174362423,0.0073750920640154,1.298358174405538,0.9521011679856951,0.33114182618800075,0.016659266093587557,1.1281344976655994,0.9307086158698767,0.7834689009846493,0.05832936715794064,1.2359512355250413,0.9451054735645539,0.3525319552320959,0.020476100580435367
1.6078748734825057,0.9759263376403544,0.17037104650632104,0.004202627689472288,1.2009647473969176,0.9407729535197391,0.24754689425402765,0.015584495023134066,1.125582361249745,0.9303286785876915,0.7595880303652656,0.05688473656950958,1.2080560691383262,0.9416762362964889,0.32283632269940515,0.019995226251097863
1.388479969329321,0.9607247455189999,0.14771450990045695,0.0060386963008250295,1.3795478451956171,0.9599413017322957,0.4569903226302752,0.019070371711761402,1.123319175034002,0.92999014601862,0.7870055541024971,0.059245943799653776,1.228616495544454,0.9442226449579674,0.34246195978275923,0.020229998106054314
1.4202899600884176,0.9633971098049287,0.21549102249394037,0.008187272054372736,1.3863418396340683,0.960538556935615,0.36902721813101136,0.015160605945838557,1.1072626167053978,0.927544379284839,0.779090052954163,0.06085903234444216,1.2182317614143843,0.9429498445848827,0.33302456270359565,0.0201485828418113
1.3724583231606955,0.959308835263897,0.17189773754269871,0.007291415338824826,1.0606828011067702,0.9199974512578155,0.36925386394620346,0.03211014357507998,1.131523023480936,0.9312101035197013,0.7861771058315334,0.05807608994030611,1.2234606336326832,0.943594093877344,0.3495703322457608,0.02089651839902586
1.5249023603173415,0.9710052597745038,0.1963690540187691,0.0058636857548257605,1.2850456538701929,0.9506837099238801,0.35897829726450303,0.018621837793292285,1.1157455254782802,0.928846171924198,0.7713917090328228,0.059092102333711045,1.1839538703465868,0.9385524359591348,0.31569570092309585,0.02066877785051356
1.2714924820343927,0.9491998295447364,0.18813955978402191,0.010069030154578358,1.236651448529492,0.9451890614870476,0.42857579882833413,0.02485284977881768,1.1082511709036342,0.9276972063665918,0.7754562001927283,0.06043744578457407,1.217825033441105,0.9428994428689655,0.33403184606207076,0.020228460896760534
1.6882932492645166,0.9799139431295124,0.23578335968860237,0.004833034579235437,1.4119012457403612,0.9627098467531869,0.4143656489478166,0.01605027579347138,1.1270040307012046,0.930540560085694,0.7708612090986497,0.05754030520789562,1.215874223731404,0.9426571166179469,0.33028220411142195,0.020091434711148225
1.5089930573062447,0.9699559179193159,0.19943698570809876,0.006177498438683445,1.3781503706114573,0.9598173809991487,0.3659592897358164,0.01532083394235752,1.1191732195819772,0.9293660363425099,0.7844459568149477,0.05961970315053749,1.239665928936163,0.9455475476496521,0.33350863082348575,0.01920618679989901
1.3842460295703027,0.9603552323101552,0.2184829543738865,0.009019272951226358,1.3967841697048191,0.96143991534154,0.4430654950629586,0.01776984991599925,1.1212179990635447,0.9296744862673006,0.7893378023371682,0.059709701920378194,1.2264634229796922,0.943960969320663,0.34600054352749343,0.020540611004031768
1.44776318851087,0.9655636035985699,0.18609011096207778,0.006636821027214756,1.168000442510794,0.9363994724752059,0.47340263382514325,0.03215364609648819,1.1190812559532053,0.9293521345228836,0.7756218753810511,0.05896153662051983,1.2329656874011419,0.944747724677486,0.34428728203877573,0.020135169633502283
1.5495264446511925,0.9725596403968065,0.2233186626515327,0.0063008417733251745,1.3072485244983665,0.9530261359564637,0.40352096363215195,0.019889212026016637,1.1312234072485778,0.9311658973830339,0.7855300748976913,0.05806833984812333,1.2035806759860026,0.9411076827662219,0.31957377808663423,0.019998179446751144
1.4257059592840138,0.9638343366987511,0.1976736991895069,0.0074172502225706574,1.166828459535749,0.9362385671712454,0.33539565674689104,0.022841729008597208,1.118157608435546,0.9292123696966166,0.7702468601126029,0.05867759809718697,1.2249262008837376,0.9437734355402493,0.33275072696900326,0.019824069521772063
1.5937499773698764,0.9751502759355585,0.23233494065281898,0.005920584045584046,1.714390976169683,0.9810632249437141,0.3239057863501484,0.0062521261215291064,1.1043560938108516,0.9270933143785997,0.7847737388724035,0.06171466386018625,1.20475631095761,0.9412575365142789,0.34711918892185956,0.021663185142662755
1.5047757467741183,0.969671638601899,0.21405528886968064,0.006694994368789472,1.5019988653886387,0.9694830344024342,0.3748900242332567,0.011800625247092203,1.1135176413760526,0.928506385622637,0.7749702872489851,0.05967156255294833,1.2124096876333832,0.9422243756010484,0.34854214580085513,0.0213720220198604
1.5536406343558553,0.9728113286512492,0.21293642722874487,0.005951265541002997,1.2764167797423602,0.949743795603169,0.45254383532094544,0.023946600748227444,1.1258835155081905,0.9303736116026659,0.7763705278727928,0.05810125657024766,1.211041035903731,0.9420525796453512,0.3366152044621121,0.02070583231997023
1.5966093734837377,0.9753093227752078,0.164126828069313,0.004154992104717497,1.5128286605509944,0.970212223851353,0.3778112326410225,0.01159968525203762,1.123544568086883,0.930023928910067,0.7991428044733931,0.060128424612014654,1.228115281694497,0.9441618323345029,0.33215558559665725,0.019643835033787554
1.4746507532309001,0.9675638803096442,0.19757504704902354,0.006623405445704421,1.3545118368465627,0.9576647932693124,0.4801622805664394,0.021226393154396842,1.117199249079954,0.9290670823506696,0.7684725264554345,0.058671757368605006,1.2108090227573949,0.9420234093990273,0.3325209021071792,0.02046491415752914
1.3844019999426136,0.960368903420266,0.14736793298507,0.006081363905148529,1.216909501870163,0.9427858371340863,0.4341442304720101,0.026346597213455673,1.1124016778997632,0.9283356217324976,0.773221847856326,0.05969011819891169,1.2305760633240235,0.9444598030556423,0.3384748539457822,0.01990445754074507
1.4117372581624938,0.9626962888633077,0.1895484228684081,0.007344849767155039,1.297018923161539,0.9519603392360269,0.31507207984228686,0.01589977566079061,1.1159558395101428,0.928878170880406,0.7561298669295219,0.05789493269823718,1.2214319924952082,0.94334496117066,0.3395607442089699,0.020393204967359177
1.3703003262976052,0.959114426209663,0.18152510849349038,0.007738136363394789,1.3141303332798917,0.9537304459690477,0.4245815251084935,0.020598270611557248,1.1143157975738527,0.9286282884349137,0.7485895846249225,0.05753445224517562,1.216458489625786,0.9427297942692618,0.33181959082455054,0.020157818653372944
1.4306305412121565,0.9642275254197343,0.19824785601010023,0.007354920081363969,1.1796901386321044,0.9379837936440625,0.38354709079431554,0.025358791581580272,1.1099232473066067,0.9279550272211151,0.7726369921014951,0.05998632415474571,1.2167908285736515,0.9427710957643165,0.3364485981308411,0.020423393005117477
1.5072834970217497,0.9698409928840183,0.17213441767684518,0.005352839450705892,1.2207134082292799,0.9432564656953055,0.435138867577106,0.026176674274336013,1.1198983138922736,0.9294755578065332,0.7791161577412921,0.05911584437818934,1.240254607127964,0.9456172957174054,0.3525548565290778,0.020275524350966554
1.34510704206853,0.9567780685980666,0.17981561306355368,0.008123072996664236,1.3301389338875842,0.9553301444794782,0.4136280660847689,0.019340649992057705,1.1233772685792751,0.9299988547743403,0.7707435303502125,0.0580139744504032,1.2158864096370248,0.9426586333238679,0.33062326466121583,0.02011161748315004
1.4807546954690467,0.9680020909282792,0.1745067099939071,0.005768427456014578,1.3275826218901168,0.9550782829434252,0.5024293458732366,0.02363155912903785,1.1192604896898901,0.92937922632156,0.7626115077567217,0.05794858887369561,1.2293047146733158,0.9443060455340344,0.347498008092612,0.020494985001158865
1.3772500618072865,0.9597373518766568,0.2225957277755707,0.00933827723143479,1.4426805982176112,0.9651723420840749,0.3707025639458485,0.013376576931104946,1.1163908197846428,0.928944310299493,0.7804907862970999,0.05970036148598793,1.2222810891046978,0.9434493623616635,0.3434587293341075,0.020587019209676496
1.889215775254869,0.9872586579210496,0.21509661276122516,0.0027759893531705613,1.4091939873932202,0.9624854130647539,0.340731816567042,0.01328063073029516,1.1235375689525888,0.9300228800761995,0.7833742643992401,0.0589429314261529,1.2254859024370668,0.9438417846918843,0.3237415627944334,0.019262495772562886
1.6419656498724184,0.9777032578021868,0.23543550946826705,0.005369159626843406,1.4338513144176992,0.9644824488505098,0.3688849170274726,0.013584372555886107,1.115618008498781,0.9288267639387957,0.7923144481595045,0.060712702780467157,1.21324400513397,0.9423288661697428,0.3328762268686153,0.02037223958412935
1.2967562045295469,0.9519326670103311,0.1958128078817734,0.009887463437572228,1.2074332996568982,0.9415974292160513,0.4893371578225354,0.030351132140134057,1.1105660806067914,0.9280539211359745,0.7910612957535699,0.06132591768040785,1.2396720268424224,0.9455482705767965,0.3368616324749018,0.019399007999234878
1.3301576798188723,0.9553319864479972,0.20458039215686274,0.009565470285689244,1.303233774692087,0.9526105558290568,0.1853019607843137,0.009218202414009702,1.1153113369924588,0.9287800687581973,0.7803607843137255,0.05983896863434088,1.239488165417927,0.9455264692155061,0.3412862745098039,0.019662134256547958
1.2026160766297451,0.9409844613658422,0.1981260226606156,0.012425831057600947,1.1474574138633833,0.9335235435031292,0.4211355006020191,0.029989169507179354,1.1324745215834344,0.9313503156781795,0.785187243370072,0.05787602740181128,1.1942941646903904,0.9399113132753197,0.3258621221944367,0.02083241971814141
1.2729361067741376,0.9493598754009551,0.18904514717887894,0.010083920814475128,1.2277719882120224,0.9441201443088331,0.4702638591518923,0.027833614974306767,1.119299870258872,0.9293851775442032,0.7696585080328399,0.05847876661853408,1.2107574767365965,0.9420169268175254,0.3338519123242094,0.020549269671619692
1.342104696234672,0.9564912788470249,0.20692664983322423,0.009412646101243729,1.0559544347723384,0.9191924373213018,0.3566040088531438,0.03134958429472236,1.1227307613075366,0.9299018809176908,0.782365410393092,0.05897648432487577,1.2139973406077764,0.9424230620456431,0.33369182331120045,0.020386760660293272
1.409270984943032,0.9624918141160776,0.16681808214028382,0.00650087984328829,1.3109120892289767,0.9534023383571734,0.3569123774317847,0.01744413825160198,1.1144846514733828,0.9286540529770748,0.7806616334074747,0.05997609482386533,1.2223032899237776,0.9434520896492951,0.3336048369411986,0.019995351771307148
1.5455746212901285,0.9723157539065798,0.17434087800024872,0.004963918100997433,1.390158660928481,0.9608703354445022,0.4462442482278324,0.018172470414437012,1.1126276293045967,0.9283702270075368,0.8056989180450193,0.06216488737027255,1.2421333604027087,0.9458393323188109,0.34770240019898024,0.019910140660952372
1.5374967169537588,0.9718106578641011,0.2013103318250377,0.005839415089128264,1.4027228255891753,0.961943677485259,0.34120475113122173,0.013498709286761425,1.1208575972590689,0.929620211080174,0.7724201860231272,0.05847847217795908,1.201959688660897,0.940900473876558,0.3379053544494721,0.02122439819831304
1.4152322775440807,0.9629842210065315,0.21378420316797,0.008217568516843523,1.4092796599603057,0.9624925352320732,0.4153697245310268,0.01618658300010035,1.1083337744741897,0.9277099631301571,0.7742782958718063,0.060334165612748826,1.2030775117456718,0.9410434368722724,0.3313463104364793,0.020758913885331524
1.5967205421364516,0.9753154861782735,0.20469881755711014,0.005180775721176205,1.3077963008948907,0.9530825688030076,0.4715532718380487,0.023213170517811823,1.127735466186659,0.9306493386690553,0.779653934253699,0.05809869915890458,1.2383996509070938,0.9453972300533934,0.34544666625394665,0.019951766566124983
1.3338738995339798,0.9556957143055549,0.21378610460577674,0.009910728398357754,1.5644708891532557,0.9734631941708766,0.3778610460577674,0.010300569420259248,1.1281771683525028,0.9307149519391265,0.7766588602654176,0.05781667775754412,1.242389365560086,0.9458695215218353,0.3398126463700234,0.019446890635978806
1.4834300281714536,0.9681923475377278,0.20018658166835107,0.0065766531139300035,1.3272060423192138,0.9550410661336414,0.24191868148954365,0.011388417093054227,1.1200390813417145,0.9294968017485897,0.7704579025110783,0.05843994959737014,1.221875097110284,0.9433994659513091,0.3395475394542486,0.02037161643784661
1.544315311560043,0.9722375941557776,0.1579389788293898,0.004509973750491514,1.4135547289139905,0.9628462862524764,0.3437110834371108,0.013262909550782702,1.1120471408395185,0.9282812920028318,0.7738325031133251,0.05978604525117698,1.2047355953800214,0.9412548990748255,0.34908156911581567,0.021786693518390597
1.7723249579356417,0.9833888266081715,0.2382184920282419,0.004023930889950741,1.304940599387783,0.9527876601726031,0.467722420473864,0.023176485993011628,1.1238851597952835,0.9300749496763585,0.7815386029130228,0.058757765874221254,1.2534117191714025,0.9471543736333884,0.35867550886006155,0.020011977409091
1.4339213983671508,0.964487976481557,0.16586033632531152,0.006106904707975841,1.4009235538553597,0.9617917206480571,0.4706220929328127,0.018696002481552752,1.1286814971758876,0.9307897979184656,0.7804240623492992,0.05802954349658487,1.2330905026930632,0.9447627247720385,0.34044770779210676,0.01990489595213313
1.2587115970182663,0.9477618684631269,0.1674653215636822,0.009230246316929907,0.9886799021616024,0.9069136432326806,0.203546658259773,0.020892195184126952,1.096978503303187,0.9259367417105525,0.7834646910466583,0.06266729157593975,1.216052270484994,0.9426792732738436,0.3302017654476671,0.020078308390070847
1.5380802872875396,0.9718474453560809,0.205102404136415,0.005941422872119559,1.1600477640136733,0.9353001547124319,0.3322909732650123,0.02298639046768027,1.1147676762397367,0.9286972190039322,0.7747263804820658,0.059481329661605305,1.1940318313896567,0.9398771889473547,0.3229561744353453,0.020659117257232452
1.3737992372900671,0.9594291889564478,0.20972097209720972,0.00886834591730583,1.2483259434750542,0.9465651531686059,0.4377541202396102,0.02471179536507692,1.1330421248818303,0.9314338312350323,0.783931841460008,0.05770802083762357,1.2142282592866194,0.9424519068143319,0.34062199323380615,0.020799094432273072
1.572716146295151,0.9739492529172821,0.23483125058431237,0.0062811583845527475,1.2652775244780698,0.9485053331637225,0.416232977032628,0.022597425369317768,1.1300974759482871,0.9309995393451344,0.7916108323724641,0.058669752008150826,1.213275408837916,0.942332795727326,0.3353018168219639,0.020519203461179292
1.7743882241806914,0.9834662548702781,0.18853157690817512,0.0031695373644675664,1.5632373100754628,0.9733897199446476,0.4421077101898489,0.01208622789179594,1.1233499701681615,0.9299947626166964,0.7717318868655559,0.058092019555334704,1.2335740760712584,0.9448208036213093,0.3548392096086788,0.020723233818319274
1.3953055365685825,0.9613134945028747,0.18239942752247906,0.007340369708603729,1.2487433937415542,0.9466137501283447,0.5010578388973586,0.028258198218543883,1.1302458108333024,0.9310214773188824,0.7946703587318379,0.0588763940458715,1.2173688866600556,0.9428428674130795,0.3415575122118167,0.020705940179739757
1.4968766576999495,0.9691321526011633,0.1805510882384475,0.005750736289658445,1.5363867805728513,0.9717405601052695,0.4070364073580542,0.011837131597610639,1.1179322297633245,0.9291782270174089,0.7820766132120265,0.05960971829235302,1.2559253943506088,0.9474433290941271,0.3607805296451163,0.020013253546187677
1.792772644549924,0.9841406808160542,0.1901646427083494,0.003064482370256182,1.369027897219482,0.9589993795358445,0.47027327294890986,0.02010584823104549,1.1266780661816265,0.9304920320237278,0.7933093647291187,0.05926039129958106,1.2344996611718753,0.9449318092941329,0.34070393630317714,0.01985534739548899
1.5678328628249756,0.9736624390451276,0.2179073121786028,0.005894390999251,1.3484808229488943,0.957098184630256,0.30247397466449266,0.013558360911761425,1.1222119201587,0.9298239667118433,0.7824689577323467,0.05905479917769361,1.2498860614723943,0.9467465591548507,0.3462467076382792,0.0194759921594042
1.453709975527617,0.9660160114108557,0.1996003933627835,0.007021847888962755,1.2855915618103082,0.9507426099559393,0.3946115542512839,0.02044458199317407,1.1240377841811977,0.9300978017025855,0.7768446685294164,0.05838434406191287,1.2074027944906285,0.9415935664377355,0.33078375973650936,0.020518300437860997
1.312754298249196,0.9535904258077303,0.20758894014923987,0.01010298977277408,1.2636826762985454,0.9483256727215325,0.5098615970523578,0.02778239141960061,1.131536302752423,0.9312120621683972,0.7882156237421433,0.058224897986842925,1.2224831791970487,0.9434741838144668,0.3506208006935629,0.021006538674646125
1.642041177974268,0.9777070486526572,0.20672294942297265,0.0047135434486396495,1.2931686178596826,0.951553267951099,0.29780807063744097,0.01516239635353104,1.1247644958136023,0.9302065155100905,0.7913097358841298,0.059372045731004484,1.2256853227935904,0.9438661184487807,0.3381147858415305,0.020108461325359397
1.468302905757712,0.9671020088348515,0.19219336062129394,0.0065378578701714134,1.3949659662581844,0.96128440564995,0.4489128912268688,0.018079903609272162,1.1232989978707038,0.9299871210422094,0.7801659066502732,0.05873378238624174,1.2453075799039877,0.9462125302310984,0.34740790313292763,0.019748409041545918
1.4712310505602308,0.9673158457449106,0.1623717359824362,0.005486297871435982,1.182674743547849,0.9383823558557912,0.18621054762312567,0.012227270885625302,1.1176452305723987,0.9291347274081267,0.7876773118664653,0.06007629009364566,1.2221401513424492,0.9434320458000971,0.3464802329383554,0.020774869833265694
1.4689402562175373,0.9671486681084824,0.19306193469502925,0.006557773278733916,1.3457562601044457,0.9568398453568344,0.46108507202984655,0.02079815458044793,1.1212151711137877,0.9296740605391003,0.7664947564779835,0.0579821102138846,1.2352203701861504,0.9450180984601894,0.3297070211465208,0.01918261565910734
1.5060680866810996,0.9697590280934119,0.15886078948615476,0.004953915903576869,1.2757895779046888,0.9496748190866627,0.4079959562133729,0.021620527253839235,1.1142258935467482,0.928614566941202,0.7857740850142955,0.060404849699797876,1.2146488292057007,0.9425044066513532,0.3292053011515314,0.020082509948655312
1.3951265619365172,0.9612981654870307,0.24932676105135515,0.010037887715072698,1.1320874810336201,0.9312933135958998,0.40131340651033875,0.029607121589226,1.1232840092033163,0.9299848738510037,0.7691932156411913,0.05790971610437013,1.212426421229042,0.9422264730748381,0.3451392935321816,0.021162549384482303
1.4813155221192733,0.9680420651279916,0.14899771710917223,0.0049188558131751225,1.6349471394103623,0.9773482275477651,0.4253525971792226,0.009858298170188294,1.1190098439871636,0.929341337682399,0.7879100603558807,0.05990551440460395,1.1993491075527658,0.9405653296142563,0.34576414297776525,0.021848963832762885
1.2782249071190037,0.9499421435919695,0.23249036382438656,0.01225124006454312,1.339364866264027,0.9562279807611129,0.3695120804738178,0.016914679575290345,1.1147405652634235,0.9286930851694601,0.796496505907054,0.06115659674495508,1.2138498167913125,0.9424046272823183,0.3434238977155213,0.020988465905695333
1.5655873895320633,0.9735295248137882,0.22819410799406112,0.00620464641218961,1.377888367028925,0.9597941070411912,0.38607486129561613,0.016172723330413526,1.1176973760397941,0.9291426327750173,0.777275924044698,0.05927585673329982,1.2387941605332577,0.9454441034673221,0.35789638196452295,0.020652049034172375
1.3283674694447027,0.9551557539462615,0.2096925399221419,0.009844995245069705,1.056986508356733,0.9193687778649091,0.22750456820529116,0.019952789149866246,1.1087403634291697,0.927772723866951,0.778422181615953,0.06060030912024167,1.2175098853562312,0.9428603609690613,0.33405894971001826,0.02024478766067384
1.7411790427286378,0.9821757943592874,0.19213843865006655,0.0034868656524144103,1.2928170936857684,0.9515159405963176,0.44862579281183934,0.02285952201187699,1.1281892772811282,0.9307167498675821,0.7924046668232715,0.058987195347481335,1.2090570691011269,0.9418026967740781,0.3315167175632292,0.02048558472233566
1.7369963776628814,0.9820064049345135,0.21196519102294803,0.0038839011599926983,1.3669819346539847,0.9588137438638482,0.4561492174297582,0.01959408553079208,1.126064815067949,0.9304006490486415,0.7971476854557228,0.05963125840123467,1.2331148684559343,0.9447656525616295,0.3460050223478687,0.020228679533347716
1.6380698921547119,0.9775068683343234,0.18387561908344305,0.004231109411230369,1.2957057426135234,0.9518218702548485,0.4504106325622218,0.022798322430192006,1.1121913170339361,0.928303390337902,0.7943702589179362,0.06135241449467061,1.2141751578860311,0.9424452749551606,0.3537239044574008,0.021601765751121525
1.7165571270880386,0.9811556661728051,0.20266447524376946,0.0038924272244219276,1.3080624048985257,0.9531099600173236,0.3570491647834126,0.017565706282380196,1.1148238691816639,0.9287057865013583,0.8118905763547577,0.0623266280123331,1.2415842990262351,0.9457745311607683,0.3547892599206663,0.02034164943594986
1.4338738937696371,0.9644842298099029,0.20682606835575415,0.007616077988638604,1.3310543761121705,0.9554200109880856,0.38521018522919936,0.017973944053187106,1.1237988992681371,0.9300620310710389,0.7953447101139263,0.059807616874441236,1.2413897803245204,0.9457515562044579,0.34762561201692255,0.01993985455448101
1.4034272686944547,0.9620030127232516,0.18511291210952868,0.007311549832132446,1.4680932050819204,0.9670866430362016,0.4272877488394051,0.014542103652322627,1.12143676553633,0.9297074128213587,0.7825478007711071,0.05916625892034972,1.2052461240765702,0.9413198655772285,0.33289794633724135,0.020752240502387723
1.5610625724017244,0.9732597064062131,0.20630811245994285,0.005668311820212487,1.4256923723666983,0.9638332461583687,0.35076641356338895,0.013162113452532286,1.12421150150735,0.9301238035114571,0.8113880688903974,0.06095609199141024,1.2325116986230562,0.9446931327100211,0.34236822580390547,0.020043878136938288
1.620181640937956,0.9765831967733961,0.19305928332627018,0.004629233089056963,1.3681803667545227,0.9589225781928726,0.4372243411655758,0.018729404328186865,1.119944020720522,0.9294824563082624,0.7891729842570356,0.059872609773312324,1.252320122238438,0.947028424271274,0.355951091648224,0.01990995172238412
1.458662634942431,0.9663884084651629,0.17829756450446105,0.006201300488794345,1.3340178475325977,0.9557097463548477,0.4952495780081987,0.02295124593141225,1.1030302178852474,0.9268866927963771,0.7947914154810707,0.0626935626268998,1.217925155747054,0.9429118539014738,0.3433646812957158,0.020788849996716607
1.6221428122574708,0.9766862433771554,0.2105394918012267,0.005025632852551332,1.3564750747609475,0.957847689819201,0.4665477531605958,0.02053151645549446,1.1399718566642432,0.9324458891772063,0.7932469645762924,0.057469386670916674,1.2390706421679647,0.9454769308590503,0.34852609838527976,0.020098547028979733
1.4209357938576295,0.963449513016269,0.19372891509285242,0.007349514524435758,1.259543553573449,0.9478566296979897,0.4311094996374184,0.02371614184675887,1.128439148694109,0.9307538410280591,0.7853044108837532,0.058425022471417815,1.2123154490576864,0.9422125619249249,0.33778415360847497,0.02071685482468311
1.490781917559839,0.9687095601388509,0.177156912209889,0.005722373284615711,1.3002903384777138,0.9523036536779927,0.4205348133198789,0.0210625823172027,1.1225757432666679,0.9298786102916714,0.7835362008072654,0.05908582763308833,1.2473594251380777,0.946452476884435,0.3542349899091826,0.02004158346433275
1.4553339243339662,0.9661385548499597,0.18718755490249317,0.006560592257996883,1.3204622617803572,0.9543695940380897,0.4683362348469119,0.022392134720381957,1.1252368980274763,0.9302771015220916,0.8024628260209867,0.060143406797192905,1.2380192367569303,0.9453519954494226,0.34848509047930876,0.02014489301550378
1.7468385725381206,0.9824025034803076,0.22554441755962668,0.004040112977095182,1.569347832704678,0.9737517461941653,0.4033560632247117,0.010872783913378915,1.1206771208769786,0.9295930174542415,0.7755082801747164,0.05873666961901436,1.2174834124379734,0.9428570768862367,0.34795588096659646,0.021088261031799043
1.621139423518155,0.9766335773434838,0.2225642314215717,0.0053249550499430325,1.303438339001917,0.9526318151785733,0.421461775237138,0.02095655314730074,1.1202295177873802,0.9295255320831254,0.7904705069413908,0.05993163873167804,1.2429363149400752,0.9459339669426099,0.34697531251963065,0.019831805783883844
1.4787313743406916,0.9678574718578244,0.21117845755595543,0.007013232539274766,1.174546997093184,0.9372913282592071,0.4269501531079332,0.028564733497163507,1.1256413424455318,0.930337480850622,0.7815765381822773,0.058523483873879976,1.2230303383218402,0.9435413365265813,0.33423303974492535,0.019999495498653114
1.3970708461547199,0.9614643797970257,0.20919985900599225,0.008384758169483699,1.1690666197298856,0.9365455225277892,0.3691159034831929,0.025008989118854064,1.1260593584889558,0.9303998354435116,0.7984426570961644,0.05972888021451819,1.2137364839125337,0.9423904612981687,0.3516518729772167,0.02149693043151751
1.470660004736931,0.967274249025578,0.22096140955664081,0.007475778530641602,1.3475701669451132,0.9570120022458725,0.4300807558492132,0.01931878651798712,1.1185025961054058,0.9292646025255653,0.7827571898241246,0.05958328854634027,1.203596404680141,0.9411096900065756,0.34728207092470237,0.021731312544206422
1.3744346537838141,0.9594861016160104,0.23122725241044634,0.009763473792885636,1.1728930401412452,0.9370671128637245,0.3563948662282102,0.02393527377536911,1.1253658205571295,0.9302963535640351,0.7816869931677415,0.05856889967010539,1.239025765303302,0.9454716037765971,0.33944192580295,0.0195767104491397
1.47945523684686,0.967909283168381,0.2085065918834413,0.006912968099401358,1.3548460900698993,0.9576959860095696,0.5084292299261838,0.0224586899915503,1.1322420765018326,0.9313160871734832,0.8031460529284724,0.05923146206323877,1.2166095307833402,0.9427485684113518,0.3382490410340715,0.020541258275598145
1.4779596683951781,0.9678021470315215,0.19693021024862098,0.006551679983440007,1.4114259621377443,0.9626705390169898,0.4440642737229195,0.0172194736496407,1.111675482922669,0.9282242978491544,0.7858661763530258,0.06076774410564426,1.2256294801778,0.9438593053968469,0.3517307538572228,0.020920924042310253
1.4150222100861778,0.9629669754269901,0.17917238736868993,0.006890470383252143,1.1493426493345866,0.9337924227119055,0.3583288099875475,0.025406162873866905,1.1212904584013124,0.929685393705005,0.8017976308311249,0.06064211089245027,1.217537087136182,0.9428637352857161,0.3420288004086976,0.020726481832646165
1.6768218601090168,0.9793874057298105,0.17965402570825606,0.003781073270154003,1.4226660716347093,0.963589552956743,0.37141075653897804,0.0140342240539687,1.1188179180060716,0.9293123126624382,0.8066444970262838,0.06135701983222358,1.2216111388600746,0.9433670032896174,0.3511223380443819,0.021078869778217726
1.4398908272448068,0.9649557654761243,0.2077022592452354,0.007543109170955013,1.114031140479248,0.9285848346374609,0.3258235516849678,0.025058284342621653,1.1332332036143211,0.931461924841523,0.7877066767638521,0.05796039320024854,1.235764755477898,0.9450831922718038,0.3390445538306197,0.019701169935369436
1.4756003407243345,0.9676324315437704,0.18553489111429025,0.006206192654766598,1.3663446246831785,0.9587557548937495,0.5486409155937053,0.023601715330065658,1.1157149363709336,0.9288415167313608,0.798140200286123,0.06114546460837677,1.2391483022396195,0.9454861482946383,0.3582896200921952,0.020657888275259776
1.4240083997641013,0.9636978384514036,0.18128795526286273,0.006829054062570694,1.3890609382638894,0.9607751906129149,0.4146196862631992,0.016927350248742357,1.1258518793089622,0.9303688926582891,0.7748882372734702,0.057994550820859726,1.26443060234353,0.9484100006423506,0.345687320738996,0.018804112823350136
1.670339156159597,0.9790838979523145,0.17832396183437135,0.003809522545591843,1.481674343297824,0.9680676155900387,0.4153299670271906,0.01369994817562954,1.129455790623339,0.9309045629181584,0.8050940601156438,0.059757281456762484,1.2230559821058582,0.9435444819415517,0.3398588700043008,0.02033492743592789
1.457745549188376,0.9663197499839054,0.21204540776745143,0.007390661681592905,1.4113894272911534,0.9626675158002712,0.32660977501939487,0.012666007801512115,1.1283320619148796,0.9307379472113849,0.8104684852994728,0.06031204720996714,1.2309649052432108,0.9445067499471481,0.34839537056094744,0.02046951111453302
1.4595632172497215,0.9664556999195456,0.20811551702154787,0.0072233930173425135,1.2927536472702896,0.9515092004943031,0.30131964809384165,0.01535584798891608,1.1263824479387716,0.9304479946476576,0.7966020655361469,0.05954687574649248,1.2291676758086763,0.944289448092254,0.33376896595690425,0.019691476316613672
1.2895030276219013,0.9511626852722832,0.20393315542000254,0.010470919274773699,1.1934887630437343,0.9398064889401616,0.38087749396365483,0.02439475989487935,1.1333251635667425,0.931475441575298,0.7938270428262804,0.058398370099015155,1.2455322279621537,0.9462388503549558,0.3599726775956284,0.020452071885535293
1.4169739432829471,0.9631269066785099,0.16907379577631892,0.006472951598225646,1.5447725166290478,0.9722659955943652,0.46196314165941627,0.013177554150899688,1.1315252388981727,0.931210430290018,0.8081942576920035,0.05970222564130476,1.2208123515792881,0.943268658528031,0.34319386221624615,0.020640830173300137
1.5015419646529047,0.9694518933254798,0.19683029047641987,0.006202260010679827,1.3515965957719844,0.9573918075108511,0.5055959664081443,0.022501268644093093,1.129563145134818,0.9309204609827405,0.7931178444690656,0.058853809083160034,1.2313343980848592,0.9445513261126534,0.3410408336946224,0.020020364639821164
1.7485445386885652,0.98247028381452,0.2210447713768231,0.003943989116368583,1.3652070712383426,0.9586520544139105,0.4564837469416288,0.019688754686929686,1.1333069543699235,0.9314727652925752,0.8165295033522926,0.060071009058632246,1.239497250041683,0.9455275466175708,0.341997394426615,0.019702691044231342
1.3970220021505604,0.9614602125903478,0.1614310366866931,0.006470905143815585,1.3167422788122192,0.953995122817444,0.4317397417870382,0.020819953184961864,1.1258658369302563,0.9303709746527768,0.8008276875878819,0.05993399716562014,1.2225938077279976,0.9434877672816112,0.3452799437555925,0.020681286192748446
1.457400858450837,0.9662939094068612,0.17739541268295797,0.006187874923447773,1.3634858635232727,0.9584946729790548,0.4930807169877576,0.021351685077905785,1.1312547033401614,0.9311705161177227,0.795198799699925,0.05877884020141447,1.2323604708581768,0.944674936359636,0.3433145520422659,0.02010628069968238
1.3541469892726383,0.9576307203501866,0.16293432577240208,0.007208843520266622,1.3129179110470452,0.9536070955242288,0.44765632519490517,0.021778442327261727,1.1270485574410782,0.930547186582629,0.7940902820109724,0.05926814350553981,1.2394094427369748,0.94551713216185,0.3578395200359331,0.02061953465910071
1.4327794852162459,0.9643978086803118,0.2215519431038862,0.008178922219272631,1.3402677584324496,0.9563149163735866,0.47845758191516385,0.021856251659145207,1.1282859143596604,0.9307310969515583,0.8011334772669545,0.05962370586673746,1.2360215452452743,0.9451138722068494,0.34993332486664974,0.020321874170427395
1.4031868796963907,0.9619827747538408,0.1639565514325669,0.006479505984907452,1.5167877843700364,0.9704745604914055,0.30454648931672573,0.009265434988138917,1.1281609580847667,0.9307125449780232,0.7821555172525936,0.058228037769824714,1.213211328131797,0.9423247770169868,0.3284171842986764,0.02010085566872241
1.4339885426431138,0.9644932714787469,0.222961490364575,0.008208074999767815,1.3858329009782056,0.9604941139432946,0.41320101324269726,0.0169952859790715,1.1275958876275685,0.9306285928211722,0.7995959855067817,0.05960390548606956,1.2280572521334856,0.9441547875397105,0.34945650431269437,0.02066978104281626
1.607253688133725,0.9758927103587022,0.20479424690371553,0.005058992832485302,1.4027970662066829,0.961949934964723,0.3632281262485018,0.014367539644258258,1.1299111615130413,0.9309719752365835,0.8039952057530962,0.0596131811145973,1.2042669225122364,0.9411951995030228,0.3309468637634838,0.02067718185238091
1.4747225465204574,0.9675690680056154,0.19763844571502615,0.006624435613337197,1.3784568487398121,0.9598445892802623,0.4678404250149824,0.019572256412738808,1.1221668387322539,0.929817193069411,0.7742107905861773,0.0584376013309877,1.2358627649877674,0.945094903854995,0.34710636712612775,0.020165073773932347
1.3553336911894414,0.9577414498863214,0.16300363368603032,0.0071922304538980086,1.3620850020870987,0.9583661600571353,0.5659586047926238,0.024586667338941076,1.1347235734168901,0.9316806827456187,0.7856925613484657,0.05761413793080571,1.2332506788110116,0.9447819688545557,0.353251908885723,0.020645900906309935
1.664282889238415,0.9787964061489781,0.1735098262140653,0.003758730478669586,1.3455558718610914,0.9568207862862502,0.4324833522819555,0.01951702070384864,1.1221052420921118,0.9298079369810082,0.7981322072437875,0.06025174012844263,1.1931503191859705,0.9397623888685875,0.3310053597531265,0.02121703568838009
1.4357200528551828,0.964629555990483,0.1939198970564581,0.007110535664775388,1.25763926589685,0.9476394881221124,0.38539488499276175,0.02129446240503256,1.1207955076339482,0.9296108567021011,0.7957214090397298,0.06025117701917324,1.256897223612749,0.9475546436476185,0.3498632781084124,0.019364270354239987
1.559305114419279,0.9731541881775729,0.19715224534501644,0.005438718903129784,1.3180961226609673,0.9541317445346285,0.43399265511242835,0.02086345631912811,1.126846949474766,0.9305171784878061,0.7940854326396495,0.05929530121217106,1.2366273752422974,0.9451861897297834,0.351137168996843,0.020363359483401296
1.6303989559683538,0.9771152158606489,0.2336206619278891,0.005471574213490226,1.288801754651751,0.9510876222963273,0.40127368048631434,0.02063663679598835,1.108485849072424,0.9277334431246146,0.8103952912418385,0.06312640537008908,1.2358542729484838,0.9450938891973294,0.34675629603422214,0.02014513037191316
1.6588928379096721,0.9785372907280986,0.17176610709629653,0.003767425170512469,1.367932843575079,0.9589001222196019,0.31330575719045245,0.013428748239823143,1.1310971127401908,0.9311472556910968,0.820765801290821,0.06069069903645448,1.2701533127257316,0.94905093608401,0.3902882618982472,0.020952322836499716
1.2602726845788164,0.9479395453423898,0.160777413420779,0.008829830217007225,1.264856310340323,0.9484579406677478,0.4367111893145645,0.023732200517887554,1.1382436966450746,0.9321948031944483,0.8116292089898425,0.05903559863250086,1.2404247692669774,0.9456374412617001,0.3535951371670799,0.020327385079185842
1.3446831037628693,0.956737682919498,0.19732134222995842,0.008922590409790508,1.4955144072033129,0.9690381800104494,0.40268510459981305,0.012866225478296743,1.1292551619981839,0.9308748428660927,0.7962479450730103,0.05912799636012962,1.2228343115288955,0.9435172868303524,0.3397640460303646,0.020339632802872633
1.414094380980056,0.9628907124315853,0.19431966381683813,0.007488974804385272,1.4226761916101982,0.9635903704958791,0.5100549034761468,0.019272618978923288,1.1254937907473241,0.9303154585294641,0.8023957880500411,0.06010282002251136,1.2368800377943754,0.9452163233594999,0.3531211257627719,0.02046650390035571
1.5665176503729106,0.9735846678715501,0.22083848885603638,0.00599179734684036,1.6472701339349554,0.9779679708443434,0.4128328325111279,0.009300452850664085,1.1210127485432393,0.9296435810377947,0.7741961401873664,0.05859199063918475,1.251957962033274,0.9469865753542923,0.3553052337259565,0.01989040576135891
1.5089850864358407,0.9699553830642424,0.17252966672618952,0.0053441507077021414,1.4961845245670613,0.9690844415036811,0.40453888735572474,0.01290552721770651,1.1221471275777237,0.9298142312093907,0.7955552669599519,0.06005141258633687,1.2164585856814945,0.9427298062106496,0.34682878524699273,0.02106961253581277
1.5048436020134042,0.9696762331292962,0.20941634872960468,0.0065488792246636215,1.1497753932247818,0.9338539994896458,0.2635278837567984,0.018665996550848465,1.128730351214451,0.9307970442274014,0.7958600535757773,0.05917065210977081,1.23391208895489,0.9448613659995202,0.35048299374949266,0.02045289839457312
1.4402728728128371,0.9649855011107712,0.2142560066545094,0.007774279197334533,1.3782689531374979,0.9598279105224561,0.4835716799436926,0.020239133059727535,1.124217548993057,0.9301247085309937,0.8016604280641136,0.060224457598399235,1.249232549594916,0.9466706415402683,0.34715423745081103,0.0195564454599616
1.451438764695412,0.9658439075814341,0.2177545523459299,0.007700669389855756,1.2695139222544665,0.9489797008730423,0.3102369316623925,0.016679367365901508,1.1172469108749379,0.9290743143858418,0.7988096966177964,0.060981263318324624,1.2200515834094705,0.94317484537677,0.3434622022225448,0.02069318625724653
1.301589900654917,0.9524393867228174,0.1761210780834805,0.008794708200288496,1.1922360504133254,0.9396431061682674,0.4152073808777171,0.026670368399744765,1.1182417912536644,0.9292251186746633,0.8009539685421446,0.0610050470347594,1.2500837599394239,0.9467695054238319,0.3602964234431993,0.020257049581799136
1.7402481605507536,0.9821382314925359,0.164572454308094,0.0029930156339492164,1.335976406780582,0.9559002460266371,0.35698433420365533,0.016469209393097303,1.1280331135415669,0.9306935594304906,0.781233681462141,0.05817653422710592,1.224374648754629,0.9437060050486165,0.352088772845953,0.02100281602002503
1.364577457808076,0.9585945510291471,0.1835785339471397,0.007929475095943,1.264839447063364,0.9484560424542056,0.4864629945594437,0.026436889868180352,1.1286765665162586,0.9307890665359596,0.7910375688117697,0.0588193936853388,1.2036658527450956,0.9411185519564571,0.34293210572063226,0.02145568050218019
1.5388520992202621,0.9718960277538963,0.21553654568008634,0.00623259373928431,1.3875134312214203,0.9606406838492747,0.4149630274032188,0.01700184185514675,1.1224159511351837,0.9298546155243537,0.7988819615613874,0.060265208570031946,1.257624048130508,0.9476377494389622,0.3505227715754032,0.01936833057088224
1.6325389227646765,0.9772251403941157,0.16298930073222606,0.003798570347812192,1.3906885811995573,0.9609161868784813,0.36103128602276235,0.014684401726827825,1.1234229041246977,0.9300056952589465,0.803776403162697,0.06049400642753377,1.238534119083952,0.9454132110667475,0.35275112431607486,0.020367338792825086
1.5196203964724122,0.9706608769219619,0.2130484423421954,0.006439586286080974,1.4163746580422312,0.9630778701266566,0.3921383134888273,0.015033656351219305,1.1164956415479328,0.9289602401142515,0.7801337465340075,0.05965865021922701,1.2352705683371057,0.9450241038465279,0.3562550970477899,0.02072480811836005
1.6722646190013561,0.9791744981824811,0.17704167150704483,0.003765397953674476,1.2894587551148318,0.9511579496575853,0.22042252352423786,0.01131871735335716,1.1341508798262734,0.9315966988823864,0.8234561959606352,0.06046299025858957,1.2266106116727205,0.9439788947449711,0.3495361534759447,0.020743473983710216
1.5899497969240621,0.974937354363258,0.24303109266676318,0.006247583115938136,1.2481568914927972,0.9465454613180492,0.45987550065145005,0.025970683652345446,1.1359400593901552,0.9318587599393394,0.799385545850826,0.05845426873959869,1.2335221594435632,0.9448145710095398,0.3358908780903666,0.01961896309621172
1.6412981784292329,0.9776697291776086,0.19423039564851388,0.004436280685932548,1.5791785928096451,0.9743241474290216,0.41421679725441946,0.010915637723637617,1.138173639532163,0.9321846063014662,0.8173606164605323,0.05946207609978647,1.213247599527815,0.9423293159503698,0.34607912970277793,0.021180090449728784
1.2375950203812445,0.9453015107350107,0.17244841771126876,0.009978475457645191,1.395210156333428,0.9613053259971223,0.43878145952774267,0.017661928084421828,1.1288406136604416,0.9308133963995435,0.7995497684060506,0.05942988476478834,1.2249600028552536,0.9437775655589392,0.35620121141450456,0.021219511871653784
1.5164439204161504,0.9704518647353617,0.17428543461237275,0.00530661002747107,1.5030096264386665,0.9695518158443902,0.3009494909945184,0.009451135435559657,1.1261512737032242,0.9304135393196254,0.8016183764030279,0.05995375526352075,1.24855045361225,0.9465912944257181,0.36390629078569564,0.020532371315535473
1.2671113716288211,0.9487111867781761,0.15500429936564078,0.008379775288349009,1.3478284641114882,0.957036463678621,0.43345717669581585,0.019458875248233767,1.126785639718198,0.9305080505322623,0.7883576423252268,0.058875911295589646,1.2439004014720672,0.946047386290602,0.34198614468582184,0.01950330039021188
1.744116040738819,0.9822938001329595,0.1920107528644254,0.0034610630407911,1.442505594230066,0.9651587941155113,0.4855180553051289,0.017526685379295262,1.1180117816203312,0.9291902800876755,0.7939416788237416,0.06050298750318965,1.2097561820240956,0.9418908659852108,0.34686183552707067,0.02139933787782885
1.5870473566337016,0.9747735363498526,0.19850445220642496,0.0051371576691845436,1.3090457136217888,0.9532110443126108,0.39786162903199357,0.01952928498002732,1.1262044146162402,0.9304214610963464,0.7979862580147915,0.05967480353735491,1.2349363047685094,0.9449841030447232,0.36622882537183715,0.021321424618457846
1.6710768981241992,0.9791186569653162,0.2176222009941227,0.004641157431322607,1.4174763716437273,0.9631679696382321,0.39118889950293867,0.014959261393514316,1.1218475220721098,0.9297691973149592,0.7995077959296019,0.06039141157099764,1.21737030918989,0.9428430439299403,0.35472694007739264,0.021504228366961115
1.6850897303786552,0.9797682417151911,0.2092618727230956,0.004321160297815428,1.1019550975373107,0.9267187525361922,0.19439430240572386,0.015371931280296172,1.1318877765630038,0.93126388462357,0.8117430831336768,0.0599143455894341,1.223924989052655,0.9436509752442144,0.341100790967869,0.020368438563306987
1.4421505358028373,0.9651312915866256,0.22695533004861815,0.008199546834003094,1.226233944053584,0.9439330113895014,0.4334682024341697,0.025746802448528273,1.1203513321578003,0.9295439040232193,0.7872222403497895,0.05966862402204047,1.216098160313265,0.9426849826341716,0.3471465396286749,0.021106425066523125
1.475864647743344,0.9676514870847169,0.18313473577534775,0.006122179777053492,1.2290616843961162,0.9442766077660294,0.20217721767273084,0.011930826527412928,1.122304118325172,0.9298378179276722,0.7925105019696301,0.05979996195180606,1.1993323214994491,0.9405631688842311,0.3396917242844767,0.021466075129937232
1.5175961248390537,0.9705278461422666,0.22274628026840415,0.0067641672203456816,1.5220881536156499,0.9708222650815514,0.4147136049790917,0.01246407717290832,1.1318020294425453,0.9312512451217055,0.8108690719310189,0.05986165318607461,1.2481224838294616,0.9465414525373683,0.3510000324159616,0.019823697992300215
1.6255107402875935,0.9768621738893047,0.176449100901589,0.004179349680205887,1.2640768559635673,0.9483701323193079,0.24605243495442244,0.013395249624891938,1.1204513095775999,0.9295589792255817,0.7942949175618909,0.060190849681861995,1.2362376001560977,0.9451396728417735,0.34378268882727014,0.019954755177816128
1.4106376126060238,0.9626052517208407,0.2338321447804305,0.009083779854731116,1.2616901773162559,0.9481003839321728,0.4222001011765858,0.023111501193559484,1.1262852216069574,0.9304335054878955,0.8152711369310857,0.06095605407444284,1.2326942827203533,0.9447150944761653,0.3607108471091238,0.021108866811224033
1.5695269030643801,0.9737622828605182,0.22795330336642627,0.006142129757962155,1.3427397445861713,0.9565520909384697,0.41221744332697347,0.018723482140607157,1.1500851001212176,0.9338980361902639,0.8054360831743362,0.05700933587807521,1.214243388922037,0.9424537962303505,0.35598098502732595,0.021736189492196672
1.2478793447475804,0.9465131167146089,0.18333115781229606,0.010359932754570091,1.0900737057745113,0.9248390192045963,0.3684081712570161,0.029940258693380992,1.1215723630154288,0.9297278144509992,0.8053452551886177,0.06087090256306911,1.2486460565988549,0.9466024224742685,0.3619631901840491,0.020418242179006486
1.6550684057533847,0.9783515634237983,0.22264633127467523,0.004926598128648304,1.249741130331416,0.9467297315014784,0.4321871467653949,0.02431816027715677,1.1190336068646025,0.9293449305828221,0.8091345445014171,0.061515865130647975,1.247031326190645,0.9464141763168805,0.3536195796405812,0.02002188568144867
1.7780736144567668,0.9836036746232241,0.23022406992160008,0.0038377538203546776,1.5340514621382089,0.9715925205773622,0.4662749398497471,0.013632974192928325,1.1281125571768742,0.9307053577698987,0.7795636446961389,0.058041552467529886,1.2357146330196713,0.945077202011654,0.34108057678773096,0.019821766493559004
1.6876130435899115,0.9798830924283647,0.22768824650882366,0.004674418250053201,1.4235968389830276,0.9636646708633543,0.5136469553031661,0.019367246455404087,1.1357056870665152,0.9318244844742601,0.8059606641789828,0.0589668813058406,1.2421012253554529,0.9458355416980375,0.36161579950789485,0.020708382197831776
1.3191798215212596,0.954240826457457,0.2279741655573633,0.010932155820332511,1.3012556242859,0.9524045082546952,0.3428815592696675,0.017135173429347565,1.1247450107394872,0.9302036026448584,0.8018373350424822,0.060164631798550375,1.2342499149800572,0.9449018778988522,0.36766421798221827,0.021438848253380015
1.4011135805185264,0.9618077967590059,0.20314015618577888,0.0080664454557323,1.339284284980349,0.9562202139156676,0.44953555281545415,0.020581629684413245,1.1113902693591302,0.9281805316952891,0.8098150431565968,0.06266074738546304,1.2202721852288285,0.943202063604957,0.3457459926017263,0.02082020349020224
1.531058224427701,0.9714016733199693,0.22599723779348443,0.0066534194995912475,1.3358477188157862,0.9558877531908645,0.44530018685514666,0.020549684501278635,1.1321821807388062,0.9313072647122677,0.8119912259322447,0.05989204685969871,1.2583792207056383,0.9477239647767312,0.35119018604273294,0.019371495517643993
1.5279310270939206,0.9712009558210513,0.2087521312007794,0.006190131725950085,1.424572009349043,0.9637432123506224,0.4540716083461882,0.017082535752718293,1.1241814091612947,0.9301192999644947,0.8113988795973045,0.060961128014921026,1.2669939227323044,0.9486980262293054,0.38001136640415684,0.020549566471976328
1.8889568251876443,0.9872511554552431,0.23126844619824874,0.002986479633269582,1.517702632928499,0.9705348601791456,0.39251879270142026,0.011916749808580245,1.130837479051395,0.9311089177931675,0.8104749947005397,0.0599655941636034,1.218215239658653,0.9429477980241875,0.3454758915322778,0.020902705730659974
1.509634932009018,0.9699989582161999,0.1785988342666819,0.005523873035107385,1.2816458670287874,0.9503153888737522,0.4334601381247041,0.02266226418471333,1.1250728411011763,0.9302525957373786,0.7988538588385117,0.05989554159211902,1.2115041013641517,0.9421107581608593,0.35935280576009404,0.02208090853227253
1.3529220361904426,0.9575161308188048,0.1823397682135443,0.008090201940190174,1.3918308906931272,0.9610148501409482,0.2672409565686451,0.01084106945774767,1.1331069524894422,0.9314433637963213,0.8070843617699462,0.059403492607457836,1.2190131798106787,0.9430465606539441,0.3553623093646305,0.021461406654447953
1.5177516081171507,0.9705380848723872,0.2024722162943021,0.006146301052108359,1.314588649557257,0.9537769932147853,0.27883841948881266,0.013513379173225084,1.1248035280046786,0.9302123501772476,0.7999409031961522,0.06001424902659266,1.236581096006801,0.9451806685762101,0.35960405141421936,0.02085659845911689
1.6438735994603195,0.9777988274274795,0.18327193297036481,0.004161236133080004,1.247001816663369,0.9464107302614225,0.35017768069637795,0.019828353152847367,1.121613221143486,0.9297339607810942,0.7984872689335898,0.06034687353740207,1.2123625752240084,0.9422184699086711,0.352573924950282,0.02162158937078291
1.669212007007487,0.97903068249134,0.15596045935012398,0.003340430948075159,1.3891454075308967,0.9607825198389419,0.43724716168602373,0.01784767263644126,1.1227373533666596,0.9299028703302974,0.8133563878376615,0.061311724057466814,1.2231018981818678,0.9435501135034927,0.3428976901996607,0.020514581488218667
1.396377422622909,0.9614051786893728,0.17192181249898783,0.006901659965929353,1.351263707162194,0.957360528737865,0.45301138479975384,0.02017648037887514,1.1294383846517884,0.9309019849592782,0.7952031611847965,0.0590255052408983,1.1915923925702576,0.9395589969570882,0.3344669549304442,0.02151596473044867
1.3234530373679132,0.9546685532471454,0.15061933660320892,0.007152003084164709,1.406522774951612,0.9622626956242927,0.5676116052872225,0.022260170755150046,1.1270425235927015,0.9305462886558524,0.8076315570704131,0.06027965478022346,1.2182300772140375,0.9429496359650407,0.3493557236678028,0.021136729314866324
1.5214772522648552,0.9707823932922117,0.21994308555261297,0.006619620026255816,1.427806859727926,0.9640025830936451,0.3788923066800454,0.014148452053314813,1.1301553329176413,0.9310080968644782,0.8094352968269373,0.05998280979642796,1.2209985299752812,0.9432915946983453,0.34206240850097874,0.020563963263063794
1.3758494406490445,0.9596125459747593,0.1593915777064641,0.006708353328260587,1.4568445709217688,0.9662521656002162,0.41065230204990505,0.014342659586032097,1.1319565874907649,0.9312740260996751,0.8002161241731613,0.05905418912505733,1.2353385083797157,0.9450322307756489,0.34990831095684066,0.020352405621733977
1.6778929140330996,0.9794371337110458,0.226499640217178,0.00475526366724025,1.5902557478595127,0.9749545621809816,0.46765225354876694,0.012013437232375563,1.1438749931995353,0.9330098089430054,0.7994864917904102,0.057403204467057836,1.2263086842326925,0.9439421185931619,0.35147510957022304,0.020873048910147126
1.2876257323510547,0.95096149731982,0.1979394317827037,0.010207199117258198,1.2159823355276658,0.9426705713233536,0.306111047209031,0.018616441397409433,1.1307286202769318,0.9310928376632617,0.8115418111310121,0.060059578444399526,1.2476826143240138,0.9464901790610704,0.36350789555844026,0.020550918362951354
1.4077314927373112,0.9623636317102006,0.17567055177302626,0.0068701698259861785,1.4457119080615362,0.9654062072841653,0.3053957368238843,0.010943369471080416,1.1334095283007752,0.9314878397537784,0.8156580227171566,0.05999272429931623,1.2364096589954863,0.9451602114246666,0.3663100281903757,0.02125392526702418
1.5921872978191463,0.9750629342819509,0.1531890284203569,0.00391778287810282,1.4316824493681182,0.964310976844801,0.3813780568407138,0.014114752012890983,1.114435795974892,0.9286465992524259,0.7925148711169862,0.060893596382891886,1.2126739201434744,0.9422574874989632,0.35502313284864506,0.02175618443859026
1.4538617834185645,0.9660274849649049,0.1738234957582098,0.006112891625762703,1.3417686318659452,0.9564590645316396,0.43174722526439674,0.019654451268216213,1.1341349372403922,0.9315943595801464,0.7989767396243687,0.058667718403966555,1.2451542756486438,0.9461945618845233,0.3535479019893097,0.020104532965667186
1.4396241149756024,0.9649349921193525,0.2519776602191395,0.009156677614027645,1.2800141641002514,0.9501376913686734,0.41644692664231786,0.021854732607117882,1.1224433228105903,0.9298587262591116,0.8174001343007353,0.06165827663572463,1.247745983177063,0.9464975685236061,0.3583209132450006,0.02025471669975178
1.4292601495402688,0.9641185257487209,0.23065567516462374,0.00858428237638481,1.2424103804243547,0.9458719989781526,0.30260909950405546,0.01731695796563505,1.1226321029633715,0.9298870715875271,0.8176118363217171,0.061647442900080354,1.2379364731352198,0.9453421494481259,0.35049511519514337,0.020264948131934815
1.5078324774634575,0.9698779443967841,0.18414276107530056,0.005719027347806866,1.4132394620664706,0.9628203086474876,0.5093900178779379,0.019670299299520223,1.120599142116966,0.929581264850382,0.7938624546900884,0.06013760394691756,1.23205269507416,0.9446378860950494,0.34397808722465517,0.020159422278159863
1.3877213990328965,0.9606587857647918,0.19926933489904428,0.008160543276070317,1.3758568196850112,0.9596132044725442,0.4492285611768927,0.018906473942609702,1.1248641095450995,0.9302214052222353,0.7907981863848387,0.05932005637470351,1.2471568457595443,0.9464288318709572,0.354242098052647,0.020051336512696905
1.422786842103708,0.9635993082099953,0.23710767823900192,0.008956921661405558,1.156624965434045,0.9348215890538638,0.30881152225742187,0.021531214659866335,1.127329151331675,0.9305889312818023,0.8032757438191972,0.05991499144213598,1.2310453123843603,0.9445164532546662,0.3584539011724746,0.021056587964368528
1.5125260110945211,0.9701920772067283,0.25966438378395923,0.007977859318619735,1.3377449646856563,0.9560715934487611,0.46393910870200267,0.02131650592040441,1.131227429206797,0.931166490967089,0.8096822357103444,0.05985317344019987,1.2496640454824839,0.9467207792957816,0.35010873446070956,0.019703296834450136
1.3666163758279821,0.9587804911374123,0.1958727001491795,0.0084208810821339,1.2548585725267507,0.9473208770451439,0.46956737941322724,0.026111952470482862,1.125607627119362,0.9303324493531765,0.8160450853638322,0.061109189896797665,1.209947197064479,0.9419149341976061,0.351102270843693,0.021651422824821027
1.3959101083694652,0.9613652324554592,0.1627539466610189,0.006540657685471666,1.310798064725548,0.9533906727885135,0.3630439386780926,0.017748478365644377,1.1250662632095445,0.930251613007471,0.8083283100633747,0.060606824002211596,1.2666033645572647,0.9486542398795743,0.37050553102751665,0.020053553043567037
1.4116340258993916,0.962687751569263,0.18982835966452116,0.007357445758976521,1.3655986816801422,0.958687782132916,0.4246635459332943,0.01829979817910345,1.1345544699208543,0.9316558941522746,0.8225733047266107,0.0603420612251934,1.2366175749973543,0.9451850205956458,0.3599733437357779,0.020876263369639877
1.390915176070254,0.9609357772991695,0.1582483781278962,0.006433156128922834,1.3262274852072011,0.9549442193404284,0.4791308089500861,0.02260615038877199,1.1162035306321865,0.9289158396621946,0.7991857540050311,0.06115672254877538,1.2525271443318042,0.9470523324089176,0.3556533827618165,0.01988381892288693
1.3552552636128807,0.9577341404605543,0.18854020038088928,0.008320486124683403,1.2179163990591622,0.9429107685348229,0.3386105820982032,0.020501428706770276,1.116263397047114,0.9289249413611902,0.8118738097209572,0.06211909710237199,1.2466452452649774,0.9463690741362607,0.35621429162871576,0.020186735585564396
1.4150284917689904,0.9629674912365185,0.21006109450149488,0.008078247078729757,1.209754825179268,0.9418906949870417,0.39287339139477445,0.02423805634086702,1.127743161755802,0.9306504823102726,0.8167327440530352,0.060860680736854945,1.2630857374220203,0.9482582749512641,0.38509034186923174,0.021012459489420838
1.68110072249008,0.9795853674764026,0.18957571384055238,0.00395077209393572,1.4248883931758693,0.9637686591932219,0.41680743935840453,0.01566920883154308,1.1319617129326633,0.9312747814408965,0.7955816508946583,0.0587114822917792,1.2446176993592086,0.9461316267428098,0.34990897610417726,0.019922204054959543
1.5040336444113325,0.9696213462759503,0.18254226267880364,0.005719127584414482,1.4694081349511467,0.9671828799662986,0.4145643693107932,0.014066428336533463,1.1243357304582406,0.9301423924712939,0.8076885565669701,0.06066080919091517,1.2305644856759448,0.9444584046535244,0.34564369310793236,0.020326572395430002
1.4196760117967346,0.9633472267865034,0.23583570557137049,0.008972914844823734,1.408782185775098,0.9624511608605811,0.33005286701911346,0.012876603525651438,1.1350373451261409,0.9317266559349989,0.8131923546156974,0.0595876065840271,1.2261226652761994,0.9439194493239248,0.34522976819845463,0.020510940339464448
1.4978350110443657,0.9691980974930269,0.18098829775180875,0.005751955061276159,1.3296923872097988,0.9552862455513451,0.4235469303853811,0.019824815369139045,1.132432599687083,0.9313441436727097,0.8171665344835958,0.0602390304036647,1.2362948430920884,0.9451465067083409,0.34486832947574575,0.020015132535681154
1.3461909903493392,0.9568811652505613,0.24444080294961082,0.011014954595374899,1.273652425075696,0.9494391119422348,0.36352314625153626,0.01935885395160419,1.1176539804011925,0.9291360539581875,0.8009012699713233,0.06108365307565714,1.2381654717845088,0.9453693882624574,0.36371978697255225,0.02101848728133635
1.4768238634283952,0.9677205518795337,0.23634959496541186,0.007883716506962204,1.012693686706852,0.9114777609827216,0.34915131697858987,0.03390939160320571,1.1258776332856337,0.9303727342162124,0.8081959940189619,0.0604837988167798,1.229352400875005,0.9443118199499047,0.33950607141096634,0.020021432363133418
1.437322224779637,0.9647552115218482,0.21539987963761162,0.007869066790602203,1.3757545307389383,0.9596040753924489,0.41121647338202044,0.01731075355148905,1.1258740406693697,0.9303721983401199,0.8030123127470276,0.06009635943780825,1.2398698818106433,0.9455717220364314,0.3548250679071583,0.020424169816437063
1.5060167445010924,0.9697555609349698,0.21087084919280746,0.006576575382412979,1.4857158525657008,0.9683540370779137,0.31779104869405433,0.010385461679170753,1.1239247819798979,0.9300808828601331,0.8029268932930831,0.060360276768908566,1.2409959398050914,0.945705010887309,0.3545248720304502,0.020354046817422655
1.360349770717712,0.9582064447506174,0.1657437745740498,0.007229153631610761,1.4384075958669844,0.9648400907875868,0.4228211009174312,0.015408098879073566,1.1361116713140147,0.9318838469643151,0.8070281782437746,0.058989814098009484,1.2595656397948256,0.9478591431405728,0.36392529488859765,0.02001919467215288
1.404059204388402,0.9620561650445607,0.16504902283345396,0.006509591757212042,1.3420365655234534,0.9564847498413598,0.46922089886161744,0.021347193247996693,1.1360156021540913,0.9318698041850595,0.8054550240178983,0.05888784920384572,1.224857706396856,0.9437650658189135,0.3528327959465684,0.021023801129751808
1.5747713741328697,0.974069053348723,0.2028758213094727,0.005400810220922358,1.294139877558959,0.951656261521758,0.4936111202826295,0.02507523763962529,1.1182608257109046,0.9292280010338994,0.7769174893518671,0.059171703491477046,1.2365997153070805,0.9451828899381214,0.3371908739723314,0.01955582294936848
1.2775486471011794,0.9498680461695838,0.21203005046768916,0.011190481397464877,1.1600539542484245,0.9353010172427338,0.38176258815406616,0.026408237191020843,1.134098718623876,0.9315890448411543,0.8293468790583748,0.06090283314147947,1.2484784946109584,0.9465829170593125,0.3624303397938551,0.0204524835300581
1.5449852182923907,0.972279198934246,0.1862508272667108,0.0053102258452633975,1.4435821654223342,0.9652420566608191,0.4477001985440106,0.016121487896792797,1.1279136020812541,0.9306758070328005,0.8090999338186632,0.06026824756584283,1.226892884348112,0.9440132563281505,0.353391793514229,0.02095866305540391
1.4249708001540333,0.9637752843882286,0.18822818111998954,0.007074794759362188,1.4062521674509965,0.9622400624671433,0.4656600813765381,0.0182732940252354,1.1388915310297012,0.9322890288919851,0.8173603281206595,0.05936384516719199,1.237085467626122,0.9452408123074567,0.35269702763207345,0.020432256503567888
1.4430217190488588,0.9651987354266687,0.2278530869465323,0.008215484823621574,1.441749991557738,0.9651002406462552,0.4247382413759149,0.015359298224219907,1.1292153802245821,0.9308689484010524,0.794187153313421,0.05898036793389438,1.2668518402982074,0.9486821011390788,0.35855187580004594,0.019395463323917825
1.730097168047853,0.9817235418007128,0.20317954601327542,0.0037825338005550192,1.4533913787323605,0.9659919198885771,0.47075309350159794,0.016573025702274095,1.1458157718945516,0.9332885807468322,0.8300254035892813,0.0593301727160475,1.2595833173274367,0.9478611547857778,0.366729492747685,0.02017262988499957
1.5169106617996853,0.9704826665646537,0.17513566847557968,0.005326769968097698,1.2273116079198283,0.9440641918180295,0.48207531655977637,0.02856296496578488,1.1298411805367496,0.9309616193353559,0.8064463081729979,0.05980455697947358,1.2570697061288971,0.9475743767277036,0.3614372636079592,0.019996925079291867
1.4804147250342952,0.9679778352262701,0.18595654566373748,0.006151722621423334,1.3886792389895937,0.9607420549601859,0.42240416201163894,0.017260324237111553,1.122779521919982,0.9299091991698462,0.8107752080172084,0.061111217819860765,1.2418921125452265,0.9458108688324776,0.3507028397058578,0.020093110375335885
1.557926066062167,0.9730711063561063,0.19456840917762994,0.005384510919070032,1.5602792512357688,0.9732127255183338,0.3899995022977255,0.010734573687575149,1.130240813165359,0.9310207382943957,0.7922756606997694,0.05869964856261779,1.264944032615452,0.9484678140529162,0.36134844136237704,0.019632795964266668
1.6025982876853244,0.9756392324274545,0.2014053060152351,0.00502889560468692,1.38005605185721,0.959986275970993,0.35850078802206464,0.014942871533852924,1.1425204505525914,0.9328146032982784,0.8066719201470974,0.05810004771751233,1.2243332697767284,0.9437009431598636,0.35771276595744683,0.021340331901807962
1.6893733549815062,0.9799628360868156,0.21458789204959883,0.004387648805083493,1.3873426953979195,0.9606258167065302,0.4539265742766837,0.018605567148532225,1.1329763534592094,0.9314241586358432,0.8097576789042872,0.059618181058645435,1.2351361944805448,0.9450080268294201,0.36053164762136314,0.020980082846129924
1.34978357842779,0.9572211875313225,0.17935787527315517,0.008015615419962365,1.2313154955492551,0.944549046500925,0.26804504958816605,0.01573592566254961,1.1186353343675244,0.9292846902632791,0.8002353336695243,0.06089510574706251,1.2037728326253574,0.9411322007235282,0.33079509161203563,0.020691225993211954
1.6073716519718733,0.9758990997414668,0.20761500122559032,0.005127280512953426,1.517916891111866,0.9705489651417637,0.3930713293569736,0.011927638726578404,1.1319213810075235,0.9312688374791258,0.8089713211863714,0.05970514325562095,1.2321487539041902,0.9446494522310467,0.354309992646458,0.020760348853935146
1.6371512798155503,0.9774603143978353,0.2206368626413597,0.005087762073745054,1.4850888635203274,0.968309765826253,0.31889425302559354,0.010436570931844262,1.123989870911693,0.9300906285254577,0.8117188016665564,0.06101206645694583,1.2395927192235892,0.9455388676876231,0.3556643079161431,0.020485547018898726
1.3370094488775686,0.956000409997859,0.15728739584711018,0.007239098286362456,1.4026563833550558,0.9619380764659209,0.5052572411056738,0.019991996310882366,1.1314290328137917,0.9311962387300174,0.8055151434995371,0.059517499456703225,1.2283492814435224,0.9441902314456242,0.3492097606136754,0.02064130221612081
1.3618253245736582,0.9583422958504372,0.17590329612259725,0.007646252806055514,1.4743736028378671,0.9675438462335282,0.48323865512913666,0.016210188466217343,1.134994752409312,0.9317204170193213,0.8112160644692517,0.05944862168673422,1.244170018544641,0.9460790650523224,0.35088182839025034,0.0199981977636367
1.5813035380909324,0.9744462666906742,0.1749706868363252,0.004588405149880171,1.369267094013153,0.9590210301394837,0.41099532640827047,0.017561830829974576,1.1374986962437166,0.932086294671466,0.8005548858025201,0.05833005905625285,1.2427453515669813,0.9459114745191891,0.35028817729922546,0.02002996211998232
1.807586631098064,0.9846643710311375,0.2275735834872281,0.0035443387027601033,1.4504289123512595,0.9657671150146742,0.4889440912582327,0.017331266078617104,1.129722446261345,0.930944045549174,0.8131036624229845,0.060314741519140555,1.25346893340549,0.9471609672548784,0.35239994116589585,0.019659247661578293
1.5460817252327412,0.9723471671806156,0.17455592105263157,0.004964241029773517,1.4060034717827463,0.9622192504789057,0.44754934210526315,0.017572657774196285,1.121936600338014,0.9297825895155621,0.8045230263157894,0.06075777737721605,1.2516562196713041,0.9469516841037511,0.36407894736842106,0.020395734371023835
1.680525955515974,0.9795588844859237,0.22638866264863985,0.004724204820730813,1.5114564935069916,0.9701207761434837,0.30324157028832055,0.009339685309353873,1.1317032136510976,0.9312366765706543,0.8061736439159473,0.05952856068872887,1.2405401731770984,0.9456510999606806,0.35274474670141714,0.02027311021862872
1.4209366502487426,0.9634495824562467,0.17791199592968865,0.006749453064989996,1.3376176489533789,0.9560592796602123,0.4124144496052783,0.018954669840800655,1.125858610480419,0.9303698967235186,0.813750430829326,0.06090214949932499,1.241538237459164,0.9457690915745935,0.3658848824041097,0.02098003596085264
1.6873092201083262,0.979869297536008,0.19074147111023468,0.003918644876535846,1.3422306592518174,0.9565033474937813,0.5593242621442187,0.025435073627844713,1.1226068671211717,0.9298832830407249,0.8159797541576284,0.06152796002491816,1.22477300462622,0.943754714019349,0.34391638730033525,0.02049650748207351
1.5405444821923255,0.9720022715076962,0.2231604736627195,0.006427954476002723,1.3425022442859438,0.9565293574652766,0.35998366680277666,0.016359896511059832,1.1197182698573735,0.9294483778107754,0.8017149857084525,0.06085576576976694,1.2531624869989069,0.947125641950905,0.3476357697019192,0.01940715924450157
1.697768392832776,0.9803388986277768,0.24244847337587103,0.004862404235164032,1.4861316824958295,0.9683833655319629,0.42268966530132673,0.013800345108063371,1.1301602836374731,0.9310088290708227,0.80396220564957,0.05957654988720681,1.2200003904875458,0.9431685273548223,0.3621469018750306,0.021821489108811126
1.562055738443103,0.973319157863538,0.2221513813961092,0.006089663282121035,1.4560442587874314,0.9661920226587503,0.45097269903547493,0.01577996343683176,1.1242348832143998,0.9301273025752701,0.7973516429622364,0.05989837083112934,1.226079331579089,0.9439141672086713,0.34229197318947197,0.02033842804890821
1.5422294876028617,0.9721076645456177,0.21087195043242546,0.006050473002010856,1.2421532970349902,0.9458416839000051,0.40951336001032657,0.023448484430461013,1.1297838146264767,0.9309531291597409,0.8064089324899961,0.05980968500135295,1.1997102703572922,0.940611801299118,0.3365012262811411,0.021245961045644825
1.5846813698083477,0.9746392252823896,0.1758788139947296,0.004576486215223375,1.4235955329858532,0.9636645655669436,0.4383048544011137,0.01652649466198065,1.118780454769215,0.9293066458017698,0.8035036544740375,0.0611233855928133,1.2237730638729039,0.9436323710593119,0.3691598853108375,0.02205166765488206
1.5018266896147727,0.9694713029946976,0.2045558908422986,0.0064414746397175,1.0806630268220703,0.923318840590342,0.3887431120440829,0.032284917445202066,1.1319444332531308,0.9312722348874407,0.7989372868013644,0.058961463823289255,1.218246099809008,0.9429516206353061,0.35094135397533455,0.02123187983160306
1.5475889512928451,0.9724403301405425,0.2522462399895827,0.007148842846118555,1.197207354076228,0.9402890443510991,0.416026434012631,0.02641882950709249,1.119497463795211,0.9294150310399527,0.808027866397552,0.06136614963576238,1.238469243941653,0.9454055014618293,0.3467836447685396,0.02002577640822193
1.513157969175029,0.9702341301386184,0.20133029702321467,0.0061766240067128286,1.25294396613586,0.9471004385582162,0.48228181982011503,0.02693747750625848,1.13087324369135,0.9311142000269801,0.8219171349465096,0.060807169894608326,1.2229623406525105,0.9435329952715424,0.33632595553662414,0.020127880441662752
1.5660735322721535,0.9735583558446331,0.16670241729230262,0.004527603272490421,1.3875678721980647,0.9606454232675439,0.49608118142067487,0.020322862574352948,1.1061801560983286,0.9273766930589552,0.7782196188433298,0.060942745995029114,1.23471903812514,0.9449580883864134,0.3549542116987047,0.020675370249014866
1.4321178359666844,0.9643454626501968,0.18986906710310966,0.007019988175187513,1.3161381618752326,0.9539340340991576,0.4185270049099836,0.020210884660354797,1.1242113626643566,0.9301237827331705,0.7942716857610475,0.059670230901999875,1.2398021449718608,0.9455636943598923,0.35615384615384615,0.02050385366927113
1.5996645437284722,0.9754781626293935,0.18228606795009608,0.004582357129503299,1.3466861301771975,0.9569281808918254,0.4516922375321672,0.020330894978367722,1.1339404454897712,0.9315658152681232,0.79610085019056,0.05848273063934224,1.2254376381944523,0.9438358938806891,0.34685168898009705,0.02063983282882324
1.6365590926133005,0.977430253325776,0.21773357522353246,0.005027664755154981,1.38506601618189,0.9604270551849509,0.4337339639756382,0.01787135225747585,1.1106571498095728,0.9280679211535393,0.8116496047686925,0.0629088044475802,1.2333473332592486,0.9447935781819363,0.3648924452507451,0.021321489387661995
1.6007148977302343,0.9755359486246556,0.18323027211442255,0.004594966281709277,1.3649206804450034,0.9586259074635469,0.38906293568651895,0.01679187447185724,1.113230483832623,0.9284624809122339,0.7859333737923795,0.06055573045250443,1.228292095578327,0.94418329240371,0.3486804336772352,0.02061272844763309
1.2018932332885979,0.940891964401488,0.1581076823585985,0.009932526656442429,1.092899271607986,0.9252900221933612,0.34619530071136023,0.027952579853393708,1.126208289721539,0.9304220387300866,0.7941200855622067,0.05938515453946214,1.2502998156642815,0.9467945716933096,0.3614339960535261,0.020310900737668808
1.4861420123702365,0.9683840937624401,0.22105928290209167,0.007217166831004641,1.083999442081878,0.9238609961940508,0.18837996792015682,0.015525131111200997,1.1380068690606513,0.9321603269469858,0.8037620906984657,0.05849525652306821,1.2482008910336624,0.9465505872194601,0.3435297548646328,0.019398290929273223
1.747261349880392,0.9824193249449183,0.19163910656392044,0.003429436672100641,1.3996578163713198,0.9616844743184286,0.4615108909923266,0.01838756148025969,1.1242571581720497,0.9301306358637148,0.8098597285805054,0.06083487855763449,1.2325382695026958,0.9446963292461912,0.35675534774604517,0.020884891451998164
1.352873489211771,0.9575115833443463,0.1916385439533436,0.008503728251864125,1.2756319953011066,0.949657474854037,0.34785885128272337,0.01844043082021541,1.1228350993684848,0.9299175396675385,0.8003997247796599,0.06032145816072908,1.2438161518023674,0.9460374837449296,0.351987156384129,0.02007754763877382
1.4217270571714986,0.9635136180558412,0.20361698959246818,0.007710578359630438,1.4757836384072394,0.9676456477692935,0.4423283750020683,0.01478976118938222,1.1242065907130374,0.9301230685923116,0.8054668497774542,0.06051194053088902,1.2501883966809908,0.9467816465203113,0.3498684580637689,0.019666016278476566
1.5568443462931374,0.9730057624110409,0.2410287656736042,0.00668689540979126,1.493565954679807,0.968903287754391,0.46405092518359364,0.014893600083851545,1.1317264520453982,0.9312401028969136,0.8003238944296572,0.05909344803658687,1.2338913093467057,0.9448588732055727,0.3462463521790719,0.020206630375222398
1.4342737180394138,0.9645157519363264,0.1595580719998702,0.005870094081966485,1.3144809529111645,0.9537660593984825,0.5027498823796622,0.024370869533793985,1.1065672324745843,0.9274366969105772,0.7973036551533932,0.06238160186665411,1.2424052942452528,0.945871399374923,0.356349064715521,0.02039249333456221
1.6433734805765716,0.9777738151440888,0.2026715799170889,0.0046070123074557785,1.2414420431635727,0.9457577299644123,0.4756530894255445,0.027280245778009866,1.135338787500946,0.9317707956524122,0.8037935118773442,0.05885802820933543,1.2614538094314203,0.9480735966566989,0.36897084950977166,0.02020869394647065
1.439764670285974,0.9649459409968308,0.23652543064739978,0.008592373986359059,1.3872290577758855,0.9606159185120248,0.41750346967099355,0.017117133241456847,1.1282483881974006,0.930725526010813,0.797616131929137,0.05936705982644227,1.2658099242305387,0.9485651766368282,0.36644624050942937,0.01987011342702614
1.6411776732443535,0.97766367067717,0.20237017529421447,0.004623478417030199,1.431610744729698,0.9643052942328043,0.46073574191424577,0.01705458514271022,1.1312643286416932,0.9311719365796947,0.795687597728582,0.05881366725931836,1.2178546760068678,0.942903117587475,0.3492387457822401,0.021147924139699688
1.3495470918630152,0.9571988841187457,0.18111938115513374,0.008098747031343443,1.7390341337001396,0.9820891264044107,0.4459973348067735,0.008133886907942806,1.1378817057856037,0.9321420997007913,0.7993142002795203,0.05818832056584484,1.2248416841013083,0.9437631077966481,0.3442487080313323,0.020513068719012265
1.3046765111626233,0.9527602989213719,0.17031400192246074,0.008444498106638573,1.3117037608792304,0.9534832558094685,0.42954181352130727,0.0209556765018854,1.1325210466639526,0.9313571647916953,0.8052387055430952,0.0593476593700825,1.243546788574446,0.9460058118037593,0.3601570009612304,0.020556305941731703
1.5005754876108026,0.9693859195155797,0.18199121522693998,0.005747446500150498,1.4571307685452177,0.9662736480925743,0.4503497641125752,0.01571879214120062,1.1171709170047401,0.929062783017237,0.8034163006344558,0.061343665344667786,1.2201444578484106,0.943186305876842,0.3341142020497804,0.02012567608242802
1.7448857193444611,0.9823245980044513,0.23062286550658645,0.004149699463370068,1.5334162515518701,0.9715521235074258,0.33164742234509675,0.009710919961652242,1.118093779055556,0.9292027017093971,0.7920312245893641,0.06034600497778296,1.255634062513324,0.9474099161238467,0.35804195804195804,0.019874667009657218
1.6579597402177957,0.9784921206010784,0.2228852630546382,0.004899159897814302,1.381592225288335,0.9601219271080826,0.4150344962887879,0.017238202178671187,1.1311212472577963,0.9311508184261634,0.8064447568910833,0.05962843010792602,1.2427336998002068,0.9459101018423581,0.3542000457770657,0.020254191562388557
1.949488279225865,0.9888913749110461,0.20823590542998183,0.0023391998981572835,1.462792256014222,0.9666959060252003,0.4731910885944401,0.016302128088433426,1.1253412219813075,0.9302926806306326,0.7910658612626656,0.05927498063927522,1.2450342562075842,0.9461804908035948,0.35808002078461937,0.020367880292373467
1.5111105938600065,0.9700976808467157,0.22725719029249475,0.007004982248873773,1.2658116303001816,0.9485653682988692,0.47298858993765974,0.025647145400121325,1.1227344730796651,0.9299024380250436,0.7977765841431059,0.060137699679452115,1.2478826867298005,0.9465135062906682,0.3478359945960903,0.01965585024745501
1.3016849133120973,0.9524492959311319,0.2007324814844958,0.010021500215134746,1.2268190240395502,0.9440042670896536,0.37151460893627414,0.02203722328334738,1.122528422412096,0.9298715052704002,0.8108732807031822,0.061153957584311934,1.2221175702936267,0.9434292708772786,0.3511841783999349,0.02105801212842848
1.4003054520830147,0.9617393847540816,0.18210026180548822,0.0072444449749786794,0.9977116197514236,0.9086544991165781,0.2298070396586832,0.023102113250490414,1.1252953152075091,0.9302858255873546,0.8023045347296293,0.060123455316417246,1.2312476078250236,0.9445408586363506,0.34621351692039176,0.020328082370745282
1.3318101618254128,0.955494074531137,0.16369023525411655,0.007624521809593847,1.1976052743866898,0.9403404667103845,0.47479882777714816,0.03012342600838578,1.126747761725874,0.9305024106040347,0.8078785033110438,0.06033902531052122,1.214899271904493,0.9425356481021523,0.35051730000161907,0.021370278688274562
1.4441986922567984,0.9652896527388266,0.2157654324958986,0.007758596673693203,1.340712137823896,0.9563576432291296,0.4637308199568952,0.02116185930388202,1.1330611085074107,0.9314366228052067,0.8094701965451797,0.059585385687886454,1.2453927675003584,0.9462225123755805,0.35151349438672114,0.01997787237881214
1.6367353612990763,0.9774392053070091,0.23554313228094553,0.00543669644094672,1.3337015092085343,0.9556789041197182,0.4430207946228046,0.020545778535858785,1.1322883757301363,0.9313229061878395,0.8114588550839379,0.05983814587297177,1.2728793156044256,0.9493535883401554,0.3629606889531596,0.019363340166231074
1.5842718012481183,0.9746159045002982,0.21993054654030897,0.005728141692437448,1.253034345645329,0.9471108639736413,0.41644489160067505,0.023255366776115127,1.1397564116159327,0.9324146340841949,0.7968648578475919,0.05776014343229667,1.2412113455001828,0.9457304728750645,0.35244385304426845,0.02022453731944982
1.4057651902346049,0.9621992996541452,0.16452069734507513,0.006463315430875541,1.2955347988934556,0.9518038171587805,0.5085214786840949,0.025749838069053854,1.1241544458477744,0.9301152644728662,0.7944752820145524,0.05969334886456076,1.2505376594120747,0.9468221528748029,0.35476047075675937,0.01992496481275346
1.3501318368233064,0.957254012104356,0.2086489127779135,0.009317175783298428,1.1913614717356884,0.9395287949343165,0.3832396774981676,0.02466658313428096,1.1242494044310645,0.9301294755883991,0.8122974183565437,0.06101908184649001,1.2206835506375187,0.9432527858473703,0.3522762439938106,0.02119335957310973
1.8327083173727705,0.985513802769062,0.21325088057631927,0.0031346027899557347,1.652593206530737,0.9782305226244279,0.4124603541430917,0.009178865451621016,1.1320744603603403,0.9312913951911782,0.8133975104792567,0.06001065658780836,1.2479670000654959,0.9465233338405737,0.35866949301117257,0.02026410554666769
1.3301951232919509,0.9553356654135621,0.16382091303072763,0.0076590379033872665,1.313221807679765,0.9536380429669542,0.45086187233210595,0.021919048749216064,1.1307325343063102,0.9310934158863567,0.8101274072143113,0.05995436266170959,1.2436003520784056,0.9460121112387594,0.3537260907817133,0.020186765702254156
1.3354140861358486,0.9558456319199913,0.20064936124390204,0.009268803931850228,1.19912453247172,0.9405364158244196,0.49206245615180044,0.03110969101114285,1.1291571596351546,0.9308603210180403,0.7959733076634417,0.059120941915186,1.2243600950144218,0.9437042247389376,0.3526129448042943,0.021034788840047173
1.5775880512262783,0.9742323683578789,0.22411000615464352,0.0059275222970060675,1.3324435938501675,0.9555560575941471,0.4605292993424249,0.021419714200457546,1.111283706575244,0.9281641732692308,0.8033915325062356,0.062178972845727924,1.2325446354511669,0.9446970950581836,0.3493246088562081,0.02044958721527801
1.3214541892978402,0.9544689550252128,0.2007464977621225,0.009576212793528497,1.2164193018104434,0.9427249223501696,0.4565431659907253,0.027737195297044968,1.125612301948369,0.9303331470200755,0.7901080967538658,0.059166272631595004,1.217007687349219,0.9427980308500639,0.3523727964581751,0.02137935928239416
1.4478681792518888,0.9655716410136189,0.2542928299908245,0.009067048437127178,1.1630399608573527,0.9357158334689799,0.3546172499672303,0.0243623903072722,1.1265308118446775,0.9304700992061533,0.8065604928562066,0.060270685861237044,1.2397771634719719,0.9455607334529244,0.3541257045484336,0.020388265860706807
1.4410588333338665,0.9650465980844766,0.21581521915189997,0.007816696219100907,1.3766380631226363,0.9596828636983709,0.39215718034273866,0.016474874241903803,1.1253722453477248,0.9302973128513863,0.8071690045028993,0.06047727733887513,1.2371835166723222,0.9452524969348732,0.3471443843337977,0.020106043948028385
1.4887140473827076,0.9685649117156213,0.23104090412894113,0.007498507462686567,1.6605853764921739,0.9786189877926978,0.4170198420342901,0.009111111111111111,1.1293144747615942,0.9308836303737401,0.7977910486097733,0.05923449419568823,1.2501548418272113,0.9467777534047492,0.3497880947794259,0.01966301824212272
1.4704871456438806,0.9672616473602811,0.2018776303010683,0.00683283687397713,1.413785584949841,0.9628652974408468,0.5258659760440272,0.02028100572143988,1.1319387500907458,0.931271397325216,0.8132081579799287,0.060015437542937325,1.2405639513770599,0.9456539138418798,0.3595823891226934,0.020664954920783123
1.6066576385751004,0.9758604007127326,0.2171983534859789,0.005372777925179093,1.463836468583104,0.9667732283391512,0.5122523797272961,0.017605465640753517,1.1143035350792818,0.9286264170298778,0.7936872909698997,0.061002255240116744,1.2374983376930997,0.9452899986724124,0.34250385901723696,0.019822897320244098
1.4108255203117035,0.96262082328338,0.20852728213085078,0.008097246538277893,1.4011698065355023,0.9618125521918033,0.4605152573054047,0.018284126478858295,1.1324035552664538,0.9313398672688686,0.8023985001292993,0.059154331794790176,1.2511793720898416,0.946896500783007,0.35722136022756656,0.020033556156825297
1.2881194064350867,0.9510144799525421,0.20102642144799895,0.01035460974095903,1.3117423051181332,0.9534871920358227,0.44879225488926305,0.021892887646350456,1.1207833425654685,0.9296090237870414,0.7907492552778137,0.05987636801536315,1.2317733803319386,0.9446042417740509,0.34414259810905323,0.020182039543137246
1.618220894637965,0.9764797281495078,0.18942674750585442,0.004562684169117833,1.600154304115953,0.9755051236948021,0.4429634619702948,0.011122786487874193,1.1238191920000387,0.9300650703629214,0.8060501074647932,0.06060979962134631,1.2421330225031553,0.9458392924617898,0.36023161068873705,0.020627604570910004
1.5633845499614694,0.9733985002104095,0.18683607245487716,0.0051059455516132245,1.3668752592992188,0.9588040428908458,0.5161279907009784,0.022175945883211194,1.130493093792868,0.9310580348521688,0.7973103871363534,0.05903836588520078,1.223661329515805,0.9436186848054801,0.33471634755093477,0.01999933680405876
1.509277547482658,0.969975001515028,0.24718974276268044,0.0076516112687004196,1.2062503797355337,0.9414474639497735,0.4348681557938876,0.027046260512923907,1.1257775700999382,0.9303578073240915,0.7956616401903073,0.05955947358612324,1.2373576615878725,0.9452732442116288,0.34608499314571406,0.020036649738988332
1.390882162332871,0.9609329236594019,0.18874023812572013,0.007673302797577662,1.2966059416692173,0.9519168329787598,0.3707271796184867,0.018726149469516434,1.1061198892407667,0.9273673464905186,0.8078671104852132,0.06327323486171336,1.2372469492323437,0.9452600550209601,0.3491550377672513,0.020219544298960262
1.2883454688598617,0.9510387235445951,0.25414276354687676,0.013083751268068947,1.0508682051387837,0.9183182540844886,0.320746576327522,0.028529477917188878,1.1273601674582738,0.9305935442080177,0.7817638504929769,0.058306291147966476,1.2301913899402996,0.9444133226726781,0.349861774716758,0.02059231177013468
1.486932031361323,0.9684397400899929,0.21462547446307595,0.006994380214853455,1.3907028389645435,0.9609174198215013,0.41530133410208364,0.016891199340831244,1.1200841485877715,0.9295036018293561,0.7929339034898061,0.06013853423849622,1.2366626019003082,0.9451903919500134,0.345825525713096,0.020053696778392322
1.3040794698814124,0.9526983860174385,0.18248419309114655,0.009060366834040809,1.2662981623018579,0.9486199983701423,0.4367484750513625,0.023655560075195602,1.128979859800099,0.9308340418089981,0.7936262721177276,0.058970685526173475,1.2402172884462572,0.9456128766073323,0.35182914204717386,0.020235527069289178
1.4401439330611816,0.9649754681023308,0.2146516146644613,0.007790946581767792,1.2610456626499271,0.9480273111262246,0.49970292100910507,0.027394679602711476,1.117511277905949,0.929114416156312,0.7996402935461596,0.06100752295659292,1.2354504549453684,0.9450456192588111,0.3641706678656882,0.021176515851541507
1.4478819129644824,0.9655726922444123,0.19498779443933678,0.006952252131470904,1.2297568308030478,0.9443607705182212,0.41533779285419903,0.0244706001038026,1.1168625769622433,0.929015977491784,0.7848492534001205,0.059968567192272414,1.2304710344622316,0.9444471159684851,0.34836572298132706,0.02049105797680503
1.5289581507882277,0.971267031509595,0.19665553986391066,0.005817655955634569,1.3070338197701268,0.9530039991145499,0.5128386185646424,0.02528988775970494,1.1272728438392887,0.9305805561290883,0.8003113365001926,0.05970162124870645,1.2600647888847447,0.9479159164748777,0.36782642187700604,0.02021055005704885
1.4554132388057712,0.9661445289990487,0.18815010724249706,0.006593123811582967,1.5193483617546029,0.9706430333121726,0.3039074972987792,0.009191640972208866,1.1174852056506746,0.9291104621933596,0.8114305987840474,0.06191076567384034,1.2064219324277334,0.9414692349958061,0.3304520311567676,0.020544070333728393
1.357601170805971,0.9579522565286492,0.20438669571904639,0.008971218859793443,1.463399037933681,0.9667408584022524,0.4292809536016406,0.014768710660113999,1.126888391747945,0.9305233478924656,0.8161048449115611,0.0609337020093195,1.2123624692951276,0.942218456629506,0.33609971802102023,0.02061131396546051
1.3422153753571804,0.9565018832984077,0.19119566947938227,0.008694861650636836,1.394524670207304,0.9612465712255716,0.49153001114472217,0.019816427800730202,1.1232122813749401,0.9299741190600417,0.7925967202674733,0.0596815356785947,1.2479167079430749,0.9465174720032906,0.35074032797325266,0.01981841853452795
1.5907220501769437,0.9749807666164932,0.1951188589540412,0.005006995457598501,1.448180372623678,0.9655955298419158,0.4600633914421553,0.01639220225500633,1.1197080925993508,0.9294468411318958,0.7897622820919176,0.05994987694897166,1.2325201946737172,0.9446941548228093,0.33898573692551504,0.019845462775404662
1.4113331182075768,0.9626628558271918,0.1598261009580549,0.006198899373676367,1.478686912597818,0.9678542868213269,0.4997665244344256,0.016598935986050153,1.122546730782609,0.9298742542718438,0.7947508252153611,0.05993551711993272,1.2245761443978849,0.9437306478872932,0.33746075195233877,0.020120887160266023
1.3039242311202794,0.9526822752019671,0.15314853388879987,0.007606565555380123,1.3417272996130383,0.9564551009502889,0.4278481012658228,0.019478804974452396,1.1255172285419803,0.9303189570870937,0.7919884633872777,0.059320066180968065,1.215933947505836,0.9426645497145256,0.33231853869572187,0.020212527415081248
1.6265157246178472,0.9769144197221511,0.17889871447142466,0.004227576695723932,1.5317501427989166,0.9714458999531883,0.3724662568810284,0.010948050492111686,1.1246383338942536,0.9301876533029161,0.7855526488950232,0.0589572154379187,1.242778056033758,0.9459153272069571,0.3610714343032307,0.02064500893210736
1.4508300628491997,0.9657976397639343,0.2566323681901571,0.009088273095407294,1.3945160721808052,0.9612458337232853,0.3784637473079684,0.015258372497772222,1.1161196551662358,0.9289030859733728,0.7954534577650155,0.060882870293880925,1.2302216891282611,0.944416985074848,0.3365398420674803,0.0198068219442946
1.4922833622202005,0.9688141830183332,0.18898541484020084,0.0060833797261815575,1.4846236753515485,0.9682768805136158,0.43757073404000957,0.014335887760051545,1.1288120121944634,0.9308091550805172,0.7894795568661831,0.05868523884630774,1.227394666036636,0.9440742902124302,0.3437315692994341,0.020362202624054696
1.456361312253882,0.966215861384022,0.18690994627928414,0.006535383847620969,1.4715697434355912,0.967340493026886,0.47215423249308625,0.01594094794919814,1.1260587817723788,0.9303997494514694,0.8046346037699863,0.06019215939753423,1.2012020337034115,0.9408033895969119,0.33483263930830603,0.021068118502276897
1.5415709570682927,0.9720665209940254,0.21332703213610585,0.006130204101142392,1.4120365002467696,0.962721025533771,0.3835538752362949,0.014852168740606195,1.1256055987550788,0.9303321466400685,0.7967548834278513,0.0596649299746666,1.2353444985415885,0.945032947259348,0.33878386893509765,0.019705081019071747
1.575261105198901,0.9740975208474699,0.20491370623330507,0.005448913368712901,1.4515239392692336,0.9658503769382462,0.4034133623378493,0.01426350767246544,1.1060128060587289,0.9273507366129479,0.789823893536365,0.06187532052919412,1.2370366302047688,0.9452349914144061,0.3450311105423951,0.01999040651560799
1.4578356857692134,0.9663265041369806,0.18683197947840957,0.006510517781631831,1.2428999049424692,0.945929679109221,0.4381739584817823,0.02504647762337229,1.1277631257108425,0.9306534490792299,0.7790287080582079,0.058048411065955416,1.230885306793587,0.9444971426570095,0.3392712935252482,0.019937091765180645
1.43708646933357,0.9647367486593148,0.1781949986487131,0.0065134193693098825,1.1650575051265368,0.9359947073177002,0.2393049616075545,0.016364178117963566,1.1111553978245239,0.9281444720638802,0.7951925981272753,0.06156259684688122,1.2237566392792705,0.9436303594195729,0.34155763636074593,0.02040362627904245
1.6518987950898554,0.9781964462099619,0.2309994877705212,0.005148873497333015,1.3357840949425945,0.9558815754331141,0.49535792034831605,0.022863094764217287,1.1280400102786585,0.9306945837529437,0.7863362786528365,0.058555582092720854,1.21308187306973,0.9423085745225742,0.3327250608272506,0.020370591513414537
1.3928758758036257,0.961104898002118,0.1602906569993004,0.006486827261264848,1.3551545223703971,0.9577247496348664,0.37907842014882653,0.01673302807087398,1.1203105900508443,0.9295377598258809,0.7814348406792597,0.059235516623531756,1.2162381051387001,0.9427023905027617,0.34020225147872546,0.020677549936956665
1.5577410442291206,0.9730599405704435,0.22448455675892498,0.006215061424230182,1.5228202152119221,0.9708699751432969,0.30406738868832733,0.00912325112257847,1.1217216282291933,0.9297502661617072,0.790373044524669,0.059718720210790686,1.2508991294396024,0.9468640443481298,0.3496510228640193,0.019621656726150558
1.4086466423073944,0.9624398802611008,0.22473045290226845,0.008770316871840657,1.2756343667825,0.9496577359116306,0.44043127535637044,0.02334768278961396,1.1303040091983847,0.9310300827964538,0.8011744834009503,0.059350324771232935,1.2153627769401303,0.9425934259462916,0.33493298814466355,0.020398355067725672
1.5642479344010063,0.9734499292040224,0.2086743437384884,0.00569142637268593,1.2763728083271286,0.9497389627671574,0.4928007431490943,0.026079457062204988,1.1231414306954832,0.9299634942881265,0.7990454378013037,0.06017693244126301,1.2436242186053048,0.9460149178826279,0.3454842481221071,0.0197153291693065
1.493246785935204,0.9688811374033122,0.21386219586996524,0.006868900663852095,1.3332976026337382,0.9556394944168616,0.4549486497963292,0.02111858314483581,1.132077496912208,0.9312918425868754,0.7964078448641932,0.05875678607683263,1.2446577499292615,0.9461363266788048,0.3513989588411997,0.020005191842566338
1.519901889004789,0.9706793298266576,0.176916649587741,0.005344004524811781,1.3249443204123934,0.9548169245905233,0.45085210701392064,0.021334859306633668,1.1295110145422875,0.930912741417875,0.8032192461099462,0.059610544882667565,1.2228733640488019,0.9435220787865807,0.33458403619681226,0.02002773571540952
1.3365948557603309,0.9559602370641912,0.20715508496068982,0.009543347598466586,1.2997860423780874,0.9522508833289641,0.30329064164341873,0.01520803024349839,1.1165338938164433,0.9289660525088019,0.805747527263505,0.06161196890696514,1.2403335014923704,0.945626636918486,0.3497654070504692,0.020111448565876242
1.532744547713999,0.9715093449387133,0.24972396605571154,0.007323449243690562,1.3376641255798996,0.9560637751921109,0.3698854853465409,0.016998208967906138,1.1278670578671959,0.9306688921522486,0.7997570901290262,0.059578702517402486,1.2463392909049449,0.9463333069528598,0.35520047951039463,0.020143468441855186
1.4212382060212623,0.9634740260422563,0.21768857174292316,0.008252725955719445,1.2504141628435037,0.9468078334714466,0.3781965641356113,0.021247283671354276,1.1229715179059678,0.9299380080823008,0.7790578878707386,0.058694608639535135,1.2540478991899255,0.9472276461447399,0.35644342454772643,0.019858329310987015
1.4989405639838265,0.9692740018453996,0.19554577773526552,0.006198803634879717,1.259357871602547,0.9478354943045486,0.3688363862451576,0.02029905810300153,1.127830997905566,0.9306635344346746,0.8133977394104612,0.06059990776774724,1.246641703602762,0.9463686602316712,0.34776093229390853,0.019707842727420516
1.6443701502799075,0.9778236340468326,0.20343631778058008,0.004613795447544797,1.3049468140660045,0.9527883038721007,0.33835119798234553,0.01676566964427969,1.1264038111764054,0.9304511779312061,0.7962011349306432,0.059513978140567414,1.2141494301355205,0.9424420615461115,0.3448455233291299,0.02106081447098686
1.4050537640214533,0.9621396731589499,0.18582602512443708,0.007312279332256671,1.2297551414531116,0.9443605661303577,0.3533696768586553,0.020819684209897465,1.1268472561019258,0.9305172241364644,0.7890653393379158,0.0589204032905257,1.248230004962331,0.9465539787073367,0.3508572331516157,0.019810727729774904
1.2681494453434217,0.94882736769581,0.19311854863934938,0.010415366184724661,1.1086485013558933,0.9277585485079968,0.43833281201126056,0.03413150827571368,1.1214971402289011,0.929716497310279,0.7588364091335628,0.05736553127398974,1.2366330391486238,0.945186865402821,0.338989677822959,0.019658638431930893
1.3172357444076253,0.9540449651751567,0.15857620415273788,0.007638397822153612,1.225951211653081,0.943898547428406,0.42685625500258956,0.02537058247431237,1.1201107551020257,0.9295076161332572,0.7877018692028815,0.05973806085354315,1.2287456887530508,0.9442383099547871,0.33837123530611923,0.0199824045947247
1.5668759100211371,0.9736058746025532,0.20744437250288206,0.005623746655258091,1.3639416431786668,0.9585364036344811,0.4363343492885681,0.01887460014112471,1.1228679099032588,0.9299224631077795,0.7768583295169211,0.05854285750320783,1.2343179329441256,0.9449100311827576,0.34998341834720403,0.020404668134558362
1.4154671326595651,0.9630034923967896,0.1926304498706543,0.007400444504632248,1.1248661386079526,0.9302217084848421,0.23837466086188402,0.017881088372512937,1.1368482744028248,0.93199142980468,0.7960439144425516,0.05808831144001975,1.244662703363725,0.9461369079376639,0.347324752350306,0.019773021171059935
1.5256615042372443,0.971054432364868,0.2114998566102667,0.006304469863160954,1.3791568668428125,0.9599066687615126,0.39022719306630976,0.01629898886946874,1.1226011413795938,0.929882423433798,0.7846126883981773,0.05916354462364949,1.252728001119404,0.947075518803425,0.34872383137367363,0.019487387742480888
1.4636643833343168,0.9667604976351163,0.20216085681579402,0.006950766290775494,1.271765877422153,0.9492301759244215,0.46939831584889685,0.025105891617713167,1.1294917446208768,0.9309098877010855,0.7842906650358313,0.05820835167637105,1.2271224955832765,0.9440411927111714,0.34153455332361105,0.020244737623180555
1.5828679934702672,0.9745358132778162,0.21073294285261993,0.005506357931850192,1.4630414086519745,0.9667143711567449,0.4873199303466835,0.016779258500141375,1.1223334975977741,0.9298422311356263,0.8008073452588254,0.06042192401279153,1.2139796701290342,0.9424208542122776,0.33625138515117936,0.020543971878812337
1.3193239028903074,0.9542553106481556,0.22839359903953999,0.010948636199799666,1.3094222462529137,0.9532496970345904,0.4427278328041325,0.02171273736482643,1.1320136281419855,0.931282431801049,0.8050487338672733,0.05940302252455876,1.2009301472962728,0.9407685142329671,0.3290997267112143,0.020720363706605224
1.5187722091969635,0.9706052069054623,0.1867044511593681,0.005654347073983297,1.5577255422705274,0.9730590048465102,0.4204412017973728,0.011640716876914526,1.1212245054272447,0.9296754657461339,0.7850824317765496,0.05938691339054306,1.2213008732481523,0.9433288231843555,0.3367882137433264,0.020232801056629134
1.310249585199136,0.9533345203615684,0.229283196239718,0.011223353499777884,1.2404206418465242,0.9456369526984579,0.43489228358793575,0.025001211845943505,1.1279088981723502,0.9306751082215887,0.7681472777124951,0.05721838526342211,1.2258959301522359,0.9438918065036837,0.3347747747747748,0.0199001704552623
1.514318007101412,0.9703111739214653,0.17620101137800254,0.005391261403825526,1.3955708838809113,0.9613362105373032,0.41488621997471553,0.016686226196671518,1.1300750827795392,0.9309962269483892,0.7978508217446271,0.05913527406353219,1.223844706534044,0.9436411448690587,0.3398230088495575,0.020295888781503235
1.6243146742509396,0.9767998438857377,0.21063560711330387,0.005002845771157495,1.1090225929665174,0.9278162590385969,0.33519649018720044,0.026078155435555736,1.1274228285840509,0.93060286272506,0.789052131961467,0.05884138262638445,1.2419805281897955,0.945821302136867,0.3452200658870552,0.01977495495579259
1.5663378672058546,0.9735740195866688,0.18436184251869542,0.0050041828780857025,1.3445697507882013,0.9567268784601614,0.3368158109721611,0.01523430756768959,1.1261255389888765,0.9304097027164071,0.7825677119336392,0.058532407345930654,1.2157812589230546,0.9426455446107175,0.32267642807767233,0.019632969046702167
1.324109063611605,0.9547338799658022,0.1900114360910501,0.009008877399716725,1.2813339208326333,0.9502814634314698,0.42584556577318944,0.022280155037421336,1.1197967478546853,0.9294602262781209,0.7950589820312378,0.060339624119912956,1.245150627232348,0.9461941341952843,0.3443829993890308,0.019583534478694306
1.3635599748553555,0.9585014612610033,0.21191023808043763,0.009174701948395292,1.2273005771620682,0.944062850544428,0.36512401317834275,0.021634149128097756,1.1295959214782456,0.9309253141367441,0.7886647603655125,0.058518948562683165,1.2145807375295399,0.9424959098044269,0.3307639709081867,0.0201807573048217
1.5551098966997454,0.9729006668308593,0.1331669010412552,0.003709252487383032,1.5080105926965248,0.9698899237880793,0.466953183017586,0.014496486233349684,1.1132450367979199,0.9284647065740779,0.791211742956912,0.06096038308586176,1.2167595709395866,0.9427672124072851,0.33756260961620504,0.020492491551626517
1.339566055826392,0.9562473667240187,0.18095208050727152,0.008279374453164312,1.216737572320716,0.942764479214825,0.3922205747815388,0.023811831433210702,1.1173362250814085,0.9290878647793244,0.7726742168522667,0.05897394705502013,1.2005806484811905,0.9407236551027259,0.3362408908798385,0.021187020128864028
1.3491140744299948,0.9571580167826492,0.2432181776025968,0.010886341544764224,1.2570022038260706,0.9475666548769932,0.4577942653991808,0.025331922128606993,1.1165149336415432,0.9289631715837853,0.7974495710642244,0.06098012287580136,1.2224820715133897,0.943474047792581,0.3445552206507458,0.020643187781252636
1.6031666524927475,0.9756703175638484,0.21898908817258247,0.005460794364970173,1.324498432495953,0.9547726106781126,0.44948576445503574,0.021292051569447173,1.1192774451945309,0.9293817887076044,0.7913740122914837,0.060131818688878146,1.2309057697237453,0.9444996126197672,0.3458704377273297,0.020323929222155528
1.527081447719455,0.9711461903039275,0.19384407716092983,0.0057593183899139555,1.4271801269384699,0.9639524714706674,0.4476150115364694,0.016738807540895875,1.1144270384966017,0.9286452630764428,0.7811209995134278,0.060019348228946515,1.2406554648979924,0.9456647421515639,0.34756949349405913,0.019970373439409966
1.6179233342975847,0.9764639869402638,0.2073487186573925,0.004997790205793316,1.4751983321579596,0.9676034274373958,0.4247086461836105,0.014219776495100239,1.1159690749319087,0.9288801841849411,0.7829011009258833,0.05994291088049499,1.216990190788336,0.942795858119995,0.33119904187203464,0.020095502985714428
1.387795701069245,0.9606652512198371,0.2093259869141909,0.008570920097270347,1.2286177721565321,0.9442227997706009,0.2598221832639389,0.015348235547238673,1.1271250231921566,0.9305585648980507,0.7943524402842563,0.059277272286583624,1.2354952384357236,0.9450509743736488,0.330244498012084,0.019201729722837946
1.4534147504292718,0.9659936877599044,0.1939654503406851,0.006828253384731789,1.319724690522622,0.9542955780135687,0.42775768675596393,0.020486753029003636,1.117974814489416,0.9291846793551197,0.7823340421238884,0.0596234928053898,1.1809027106249872,0.9381460092781014,0.3253038228127086,0.02144798297819197
1.6738760253697156,0.9792500255550746,0.20733177782301634,0.004393289741309873,1.4091735886380796,0.9624837170754347,0.43838769789692916,0.017087745603556068,1.1060160482272912,0.9273512395633156,0.7667987284486133,0.06007106557861472,1.2235985762263581,0.9436109968341077,0.334205045490847,0.01997167204649875
1.5067482064593762,0.9698049205394326,0.1579103452581632,0.00491657169574238,1.2687523594567989,0.9488947313301076,0.4183992008490978,0.022534010217011884,1.1224145462325172,0.9298544045271593,0.7864768683274022,0.0593295982530663,1.2121389739024044,0.9421904330347631,0.3306018605231941,0.020284593989336692
1.3612437934415376,0.9582888060222825,0.17625899280575538,0.007671980506330795,1.286950044031789,0.9508888922473354,0.4624108573403286,0.02388240058959054,1.1135874036301354,0.9285170481080045,0.7779051867676164,0.05988792468113642,1.2266199221334995,0.9439800284411619,0.3366843642989539,0.019980346982000227
1.5248912872560396,0.9710045419315978,0.1648681979343302,0.004923178742818565,1.4124307226326094,0.962753589626104,0.43648836133806074,0.016886589471082222,1.121611377772602,0.9297336834916271,0.784738708185602,0.05930805716176652,1.2456157507734136,0.9462486329222459,0.33972560505626637,0.019298010129428635
1.492409600124763,0.9688229640167426,0.2181497053720752,0.0070201279973011255,1.369894024233192,0.9590777240360212,0.3461291986433048,0.014768766108407883,1.1176007081104038,0.9291279770607669,0.7780052829834789,0.059344686225978924,1.225678043876626,0.9438652304320353,0.3344847528095156,0.019892908349177486
1.4753935880423625,0.9676175178913033,0.19784411533056384,0.0066210908820303,1.291230413905656,0.9513471156820162,0.4120735718808395,0.021073872504300553,1.120857746533218,0.9296202335683249,0.7737247695087486,0.058577219593645084,1.223616487859833,0.9436131913076413,0.34674841320093275,0.02072039329213396
1.6076632579089984,0.9759148871724259,0.2072650902302427,0.0051152033328196655,1.4098298565372356,0.9625382434413746,0.3992377100186683,0.015538235497292616,1.1200354098396623,0.9294962477383917,0.7975886745488487,0.060498355376775476,1.2202218447529394,0.9431958535904332,0.33198506533914124,0.019993862553071645
1.4125931095145658,0.9627669953743225,0.15688337407556394,0.006067137137762282,1.2480465872872248,0.9465326089522021,0.37461707460469723,0.02116123357149216,1.128644456778374,0.9307843034078602,0.8078874895565801,0.060076749417669106,1.2138106977700949,0.9423997379902852,0.33666491320357705,0.020577241724789027
1.3531803442547816,0.95754031913509,0.18840511121628017,0.008354343661253769,1.3453283980099584,0.9567991413446988,0.4444234106325919,0.020066356789223593,1.1127397980369134,0.9283874003262459,0.7747594257769365,0.05976226797362191,1.234442728878012,0.9449249874627783,0.34910869222274804,0.020347822161680615
1.3590867693537638,0.9580898264502995,0.2239226741844543,0.009795154773277776,1.1661544648167586,0.936145860537358,0.2793766845317389,0.019056173325874913,1.1234065041284542,0.9300032370726035,0.7847981659902723,0.0590678924340003,1.2434160009607176,0.9459904273720694,0.34105765358282475,0.019472055507648644
1.4821032178654603,0.9680981284061411,0.18850026904450765,0.00621167545108912,1.1928642126869757,0.9397250849002876,0.3903912675839803,0.025040089795826143,1.132314030608002,0.9313266844037131,0.7822584364670613,0.05768145741443578,1.2347198919803581,0.9449581906463693,0.34322392190022294,0.019992065111277844
1.4452208005702512,0.9653684214432675,0.1588486811079322,0.005698529655857408,1.2593102833867758,0.9478300762361046,0.33481623541987615,0.01842876472767495,1.1157919938691332,0.9288532431622875,0.7749394787310969,0.05935752613568914,1.1941586314119277,0.9398936853644883,0.3336058100418147,0.021334131822400806
1.4545578360150113,0.9660800443865326,0.20009707369772503,0.007025591613913858,1.3682365994727543,0.958927678140095,0.36394808122876515,0.015588446421231365,1.1213768812490068,0.9296984010507408,0.7901955565297719,0.05975272308079497,1.206906652631187,0.9415307078194833,0.3262145955001644,0.02025800787955294
1.3986345064285417,0.961597557708673,0.18322478107762785,0.007317280524756013,1.1923762700538896,0.9396614146657847,0.392096980273614,0.025177768006939362,1.1194948151994828,0.9294146309529709,0.7908317491975443,0.06006054672711598,1.1941317961762041,0.9398901945100486,0.32402069244912585,0.02072244280406532
1.337910498476898,0.9560875987083153,0.14913103275818954,0.00684947881801664,1.3592677037145184,0.9581065519670418,0.37786009002250565,0.016522026712568933,1.120551070901246,0.9295740188721158,0.79204176044011,0.06000632218715799,1.2349879946029352,0.9449902904780079,0.3447111777944486,0.02006630327372414
1.5945804798029124,0.9751965731807248,0.19808966260976738,0.005038268781206765,0.9397616201527064,0.8969588069927121,0.08841472808504082,0.01015694253768734,1.1191216526108088,0.9293582414554322,0.7711292558927746,0.05861456247067876,1.2182459914404191,0.9429516072122355,0.33552611307964875,0.02029926598896126
1.4931591666149735,0.9688750539403583,0.17705360223316502,0.005687816810599551,1.4596600401381594,0.9664629267729699,0.3422670388608349,0.011876952987531424,1.131623630386031,0.9312249414193918,0.7709123984568579,0.056935272033816146,1.23940972572285,0.9455171657286301,0.32892136875450867,0.018953192043165257
1.7161573426047902,0.9811386386018565,0.20435254714239834,0.003928463412445452,1.4372329972531686,0.9647482248868723,0.46581124688393716,0.01702068259544471,1.1174879804204094,0.9291108830080983,0.7601052196919877,0.05799435657286436,1.2122502419354944,0.9422043862824894,0.3260892838025907,0.02000259238702344
1.421922901679376,0.9635294678989824,0.20553426337574734,0.007779672755260335,1.3203809440872611,0.9543614393263484,0.4768051510041392,0.022801320251342252,1.1149119366922624,0.92871921186593,0.77157749501763,0.05921989256674035,1.2205356133467111,0.9432345497640984,0.33242373141192705,0.02000582229246784
1.2479586031265253,0.9465223551710052,0.15598300502124374,0.008812896701608633,1.3058187607894522,0.9528785351037485,0.30217072228659714,0.014942856364533937,1.1414250386564317,0.9326563555632624,0.7838856701429123,0.05660146691143982,1.1969055925807792,0.9402500207112295,0.3390652761684048,0.021546549090505605
1.3645767294904911,0.958594484466701,0.187977040972095,0.008119477439100596,1.2230539027205996,0.9435442268944763,0.3755266532331929,0.022469161408351083,1.1310470531215893,0.9311398653508962,0.7871862978567503,0.058214406322210435,1.2225803595892821,0.9434861162226882,0.33995847835378884,0.020363176102384924
1.6586544973805315,0.9785257617830212,0.23359962770495618,0.0051264608952074865,1.5195393013645548,0.9706555587403062,0.31862250833785777,0.009632458595374958,1.1155046788928984,0.9288095111581884,0.7809664158845885,0.05985875494161733,1.2168497465270123,0.9427784148855962,0.3304428759792135,0.020056107410549334
1.5680664705940894,0.9736762294270305,0.1872504474734958,0.0050623992555295216,1.4844573982002476,0.9682651179610047,0.4277846619854055,0.014020639114611894,1.1224251039995745,0.9298559901452238,0.8056970642679028,0.060778038120876746,1.2429640382981844,0.9459372315765171,0.34746890632888155,0.019858750020772056
1.6644760914479042,0.9788056369017326,0.19950619599018643,0.0043199656793502985,1.3922420157878679,0.9610503012197894,0.31764411732533243,0.012873564134389783,1.116934396450609,0.9290268821227661,0.7804447361430157,0.059622167367623435,1.2308891271879796,0.9444976038027266,0.3322082102729986,0.0195218618155544
1.6294856899715235,0.9770681461677303,0.1808206916773407,0.0042438735595447955,1.3768952471957918,0.959705770209968,0.41979042886464296,0.017625331147719622,1.1164452297017557,0.9289525794129849,0.773406997021559,0.05915110568620585,1.2362879399841222,0.9451456826331278,0.3361317304279387,0.019508396384567903
1.3183196485859279,0.9541542642371562,0.205821075551796,0.009889405725934705,1.4587166082270968,0.9663924450134717,0.4221376317809421,0.014680385536088397,1.1171655077885836,0.9290619621525833,0.7919545091404672,0.06046927033012275,1.1826195909867274,0.9383750125692636,0.3306703009226624,0.021715788320368138
1.5736111810336284,0.9740014910860432,0.20646762310973246,0.005511131542392732,1.5826535475954393,0.9745235568823847,0.4049786739046142,0.010587138788706964,1.1182218924378453,0.929222105310959,0.7759131446297014,0.05910050839789891,1.2348782807702123,0.9449771566115687,0.3412795657231485,0.019871561936788067
1.4621688465684926,0.9666496607322199,0.21441167901120978,0.007397408315005972,1.2044158761996815,0.9412141793940683,0.42557237275919707,0.026580157532229903,1.1190357997521325,0.9293452621346043,0.7763414147919829,0.05902241221974756,1.2274297733216089,0.9440785581201291,0.34741071291653247,0.020578486635149586
1.428756384657545,0.9640783764368942,0.2206379158170253,0.008220983220285118,1.2360248694865694,0.9451142692644187,0.39681042091487356,0.023044017663977533,1.1258815459095812,0.9303733178204395,0.7788294731716224,0.05828554104241934,1.2177036497984408,0.9428843929091244,0.33548406732203184,0.02032208435998665
1.268890702414759,0.9489101765592695,0.14863877357463812,0.008002789817167339,1.052738878984475,0.9186407687658297,0.2245596032153241,0.019888075192215082,1.1253308549431886,0.9302911326239506,0.7805867810998647,0.05849117388199738,1.2421122939569162,0.9458368473683757,0.3416048634109178,0.019561932280509474
1.5161732621648971,0.9704339888165393,0.18947433081990878,0.0057726751624104875,1.376303840773906,0.9596530770091312,0.3093355037854938,0.013005466296708592,1.1308052692444,0.931104160266948,0.7843881014174486,0.0580397760313689,1.2436543999228369,0.94601846693308,0.35092218621865257,0.0200242577300746
1.47265990887022,0.9674197044254232,0.2083833081512173,0.00701783284061496,1.1807333269771128,0.9381233732853429,0.20001869187993582,0.013192808415023183,1.123166741611764,0.9299672900857007,0.7810557796850418,0.05881868473086684,1.217750061448111,0.94289014777735,0.33801149550616055,0.020472996354260413
1.277712346558012,0.9498859921501945,0.16983685205972351,0.008960238815650879,1.1848595244680116,0.9386725915867001,0.38612704319345564,0.025227295533703405,1.1178416638670927,0.9291645028797205,0.7781280273092123,0.0593211271705303,1.2428679593955614,0.94592591676904,0.35950978733873573,0.02055146372276225
1.4491699018956694,0.9656711423756404,0.19676252375988718,0.006994754598698885,1.1855410410197302,0.9387628654226995,0.2716598197314366,0.01772084256086181,1.1070346126986497,0.9275090884095557,0.7778067324789993,0.0607906917389582,1.202562508730009,0.9409776113313598,0.32989453675884484,0.020692483363862826
1.393816102063746,0.9611857480487016,0.18193676625877384,0.007346904070423994,1.234315929130963,0.9449097910027848,0.2302782781539226,0.013425703270103015,1.1120037286340827,0.9282746368476572,0.778821665941984,0.06017752139636348,1.2281724973969772,0.9441687775081521,0.33547114727622834,0.019837305267185513
1.5856593111610595,0.9746948247709869,0.20854769726647246,0.005414347023105643,1.2142752081093595,0.9424577696775003,0.40317981776482986,0.024616345348976255,1.1238104906953512,0.930063767162284,0.75825946817083,0.05701739234417974,1.2269314715709263,0.9440179520826123,0.3403582718651212,0.020183888497668178
1.847368318403311,0.9859878987642159,0.1890269182930762,0.002686305094343008,1.5038870735643626,0.9696114036108386,0.3536845661287103,0.011084829952634101,1.1154633227551718,0.9288032143273734,0.7693902307940359,0.058977090642526694,1.2141748170754811,0.9424452323888517,0.33874360824900573,0.020686941779221875
1.5035420160538884,0.9695879841129675,0.20883217324052591,0.0065502125380861075,1.1106688268461415,0.9280697160760472,0.39941221964423823,0.030956547621420437,1.1181950130320186,0.9292180346581423,0.7719257540603248,0.05880043211869711,1.2230680046751476,0.9435459565489926,0.3307965970610982,0.019792152501225797
1.4670443929902417,0.9670096873188793,0.22018783651492901,0.007511885010529002,1.2716433630245103,0.9492165791763729,0.4484214390602056,0.02399070469870036,1.1212712271415128,0.9296824989404637,0.7863742046010769,0.05947822942590347,1.2018859329055362,0.9408910295323095,0.33787628487518356,0.021226176802161104
1.7297942991731952,0.9817110248805668,0.187839122037951,0.0034993851982320296,1.6099959012602854,0.9760408130235081,0.29721651696759754,0.007295869196769798,1.1113427103179565,0.9281732313435817,0.7690904631985531,0.059516134392343226,1.2357643161007525,0.9450831397634175,0.3394285889457711,0.019723505367053272
1.401069558548051,0.9618040731120108,0.15373011519473395,0.006105052374608088,1.049408548758493,0.9180657925782055,0.3272536112634851,0.02920625676455493,1.1206505239938045,0.9295890090967747,0.7813890412628756,0.0591857004954247,1.236922450284686,0.9452213801267864,0.33848357408423235,0.019616212061982604
1.459828285055754,0.9664754809868292,0.1984165725966379,0.0068825544893826645,1.1174977493314882,0.9291123645187117,0.45341245385483725,0.034593594896552275,1.1096804070328026,0.9279176358888985,0.779601549867285,0.060560895283858,1.2177701678483088,0.9428926407254694,0.34193184245049885,0.020709488791002487
1.403437565778995,0.9620038793873482,0.1642491270708034,0.006487322739986749,1.1767862018611868,0.9375936940521234,0.3111473442955808,0.020709990357400846,1.1181023341309368,0.9292039975840825,0.7736383073633692,0.05894346087570218,1.2141452862538866,0.942441543957449,0.33542015966528743,0.020485372954602697
1.2689017548957582,0.9489114103173502,0.20784687231166277,0.011190300233402627,1.2817187868474573,0.9503233160422417,0.37375568391299,0.01953750126271353,1.1069581361886487,0.9274972476877144,0.7710765638441686,0.06027529813331065,1.2158595426049943,0.9426552892969566,0.3436155831387489,0.02090322563494553
1.4580737678106037,0.9663443379168962,0.22369573568958895,0.0077908337581086675,1.3944603056173588,0.9612410499767343,0.3343834037648867,0.013482934000213994,1.118853020842504,0.9293176220972568,0.7791164041490588,0.05925831900616528,1.2053098942268685,0.9413279758098405,0.34065309258547827,0.02123256399708384
1.4995699512291225,0.9693171329777263,0.20730151410345093,0.006561944047365088,1.4354701643518961,0.9646099188091848,0.3884866651295058,0.014252989060546794,1.1280712364826158,0.9306992213797164,0.773284144185689,0.05757949728092019,1.22541735903231,0.9438334185681737,0.33899008531242797,0.02017296045754175
1.3902211303580096,0.9608757433033726,0.18982716353937001,0.007729247747241904,1.2337471190679707,0.9448415727158191,0.3977088761775544,0.02321764490512202,1.1231843030480224,0.9299699236066324,0.7710263803018856,0.05806105653872963,1.2231892552693613,0.9435608263068238,0.32946853944710836,0.01970718962239515
1.4118707742531043,0.9627073278410322,0.1900311044397332,0.00736128984680146,1.1595188448326281,0.9352264170272547,0.3319973383265502,0.0229940651261551,1.107453359367136,0.9275738906130762,0.7742993763637208,0.060458246936726794,1.2001708300973348,0.9406710132424557,0.32891784404450564,0.02074515121537686
1.4635719945312646,0.9667536608557759,0.20499577280762432,0.0070497369307726205,1.3169112228043454,0.9540121927487184,0.33955883483206517,0.016368308880555207,1.107978827382262,0.9276551326821022,0.7756052570901545,0.06048698211049506,1.2065882401404162,0.9414903331758285,0.3409576512182,0.021189084869980602
1.2622332016835174,0.9481618747340663,0.19074420546441329,0.010428411308341733,1.1525449919178343,0.9342468376759221,0.41077420252655666,0.028910670850610484,1.1156485597826484,0.9288314142657312,0.7567763981878064,0.05798544832667716,1.212011947287429,0.9421744997620115,0.32523618820837136,0.019961212369254525
1.2947802477892685,0.9517240534449405,0.19002229225920517,0.00963882965043293,1.2592576716961308,0.947824085610267,0.34752863402259976,0.019130790757516048,1.1230992578029602,0.929957169331069,0.7914674456145745,0.05961201451140956,1.2185169399302644,0.9429851589661368,0.33063263894227074,0.019990735984188705
1.4339934510758188,0.9644936585278913,0.17479768786127167,0.006434906376896533,1.2491763622036622,0.9466641095591194,0.4214258188824663,0.023743502133340245,1.1130623341486983,0.9284367602572515,0.7700655105973025,0.05935609737945681,1.2241060244921569,0.9436731366227064,0.33744894026974953,0.020141974607237476
1.5778853508197064,0.9742495476822133,0.20605585768273574,0.005446275598159896,1.46665710912495,0.9669812267731361,0.38106430700218147,0.013011913354041808,1.122337902078442,0.9298428927326453,0.765047469812886,0.057723210903450395,1.2007091054436319,0.9407401466044507,0.3249454634835776,0.0204692237246278
1.8130718739408127,0.9848539303888326,0.20436350302511763,0.003142906523791164,1.5323561433865374,0.9714845802820222,0.3196846544032268,0.009383517024077003,1.122492192369977,0.9298660650366737,0.7687007272505042,0.05797824959783028,1.2224263647294307,0.9434672066864896,0.33088370103281795,0.019826634936251114
1.530543757733117,0.9713687461078894,0.21213272735563696,0.006252647102432641,1.485562265454909,0.9683431979366497,0.4673729650853486,0.015279224841971724,1.1253962379392188,0.9303008950842355,0.7796136132180151,0.058409457959857795,1.1871565537265134,0.9389763606056963,0.3205399078873368,0.020831740362220023
1.349484988121257,0.9571930251777363,0.1631053366262214,0.007294292639709796,1.3510964647161723,0.9573448060779909,0.4416560568176589,0.0196783067404581,1.12387336697262,0.9300731836821976,0.78767007715789,0.05922035144201021,1.2198468347321627,0.9431495721688583,0.3305210841987391,0.019922889855848825
1.809194866712081,0.9847201892441985,0.2000280260330707,0.0031038161063679705,1.4533848662949649,0.9659914272619371,0.29889764269921837,0.010522952829699927,1.1184506935123755,0.9292567464940528,0.7739077632111606,0.05891671305010873,1.2108088075275694,0.9420233823324958,0.34082770217668856,0.020976164445796464
1.4142236654423148,0.9629013480266276,0.19014659863421252,0.007325965947714199,1.4614864145364803,0.9665989659880818,0.29981039293366835,0.010360012253134883,1.12593439151382,0.9303811997901402,0.7814894174592653,0.05847748818708756,1.21266951514486,0.9422569356392548,0.324351405096268,0.019876790874736948
1.6562888087828487,0.9784110004088413,0.17188600116325345,0.0037927280123473037,1.2854761054372679,0.9507301585040266,0.39123580371628863,0.020275075808031864,1.1235696792565937,0.9300276917479787,0.7891909266231977,0.05937620059848796,1.2150377440541467,0.942552914953199,0.33083846083203233,0.020164072376895867
1.3356314770060806,0.9558667531559732,0.15608806304234507,0.00720672938242656,1.1018880596208322,0.9267082690528821,0.38041578511636465,0.0300864169468139,1.11890376372732,0.9293252964963832,0.7818201330757674,0.05945701285287584,1.2393365714774265,0.9455084877829917,0.347729433048171,0.02004033056708712
1.4657706526825107,0.9669159939655775,0.18079392517594764,0.006186046511627907,1.390156311156961,0.9608701320152896,0.40761205087047786,0.016599335548172757,1.1209187502226676,0.9296294232183219,0.7801734782071861,0.05905714285714286,1.1886443929369888,0.939172367520398,0.32433016421780464,0.021005980066445183
1.4768225425306936,0.9677204568712315,0.17224108528322757,0.005745319840526669,1.2237365005309124,0.9436278927880984,0.18087541673708307,0.010805454631246166,1.122530190292426,0.9298717707219403,0.7710058535236368,0.058147023033781414,1.2060367337244755,0.9414203403959132,0.33506429657853093,0.02084929717027214
1.4970643450822594,0.9691450782414244,0.1865382537698137,0.0059388664858029995,1.3297547513418924,0.9552923788885201,0.46642280563658534,0.021828556924546893,1.1231009125819895,0.9299574175195504,0.7703847756632866,0.058023881711706506,1.213874003022759,0.9424076500042426,0.3413591393866432,0.02086111570689986
1.5227680174666318,0.970866575808525,0.19645529007080165,0.005895161542177449,1.4608263977515068,0.9665498656032903,0.4195961683814342,0.0145212872343041,1.1223855645342684,0.9298500517409605,0.7931635533480387,0.05983801595122272,1.232444777003058,0.944685081118904,0.3409276712582332,0.01996261702114936
1.496691709794282,0.9691194104949635,0.20699537750385208,0.006595822158666536,1.3933744096398901,0.9611477870268296,0.4459013867488444,0.018024549269980837,1.1176119963972626,0.9291296886094172,0.7540215716486903,0.05751376178489885,1.194221865287025,0.9399019103757625,0.3241602465331279,0.02072706878633151
1.487985095982429,0.9685137671760994,0.16400375217210783,0.005331736625634734,1.4749411677577746,0.9675848603724878,0.4047117439911424,0.013558281270871227,1.11823801166974,0.9292245463250484,0.7753463839210198,0.05905514689024119,1.1929100817668037,0.9397310669907223,0.32314813390948655,0.02072485833317273
1.4254725672235034,0.9638155993192059,0.1874375182638921,0.007036941784574816,1.3497346807183404,0.9572165768236406,0.4415017148833418,0.019733208929187326,1.1250486437409228,0.9302489806147796,0.7954751687968132,0.05964554122116758,1.2156343699638903,0.9426272558009702,0.33833187222196587,0.020592474745360263
1.6871673581215612,0.979862853219191,0.14564132398420038,0.0029930726619403192,1.3072475344945933,0.9530260339062111,0.41872072016901923,0.020638442405784347,1.1216760775600956,0.9297434153659611,0.7805505373710157,0.058982740811738855,1.2382433831117883,0.9453786527028547,0.33865090786613183,0.019566306895300284
1.411085773255318,0.9626423796682072,0.17560062499033122,0.006814598668173492,1.2822948732351764,0.9503859006988215,0.4077752510016862,0.021287565167880166,1.1310190486149911,0.9311357307035233,0.7716619482990672,0.057070021546011,1.2336255142523798,0.9448269781417089,0.346421002150338,0.020229199595256556
1.5113665755936194,0.9701147740977647,0.1733722240227171,0.0053408815311678775,1.498449702966285,0.969240323002704,0.35280954365171224,0.01119671493925229,1.1137861360218813,0.9285474143849832,0.7792799049338704,0.05996631218043914,1.1975449071847757,0.9403326682603339,0.3261879407997284,0.020697743181871037
1.4960573112573956,0.9690756644928809,0.1961636514420862,0.0062598110692121504,1.33847778286932,0.9561424065473899,0.45280584820468717,0.020769892295893207,1.1159059711942814,0.9288705846950115,0.7585926221703474,0.05809016945818308,1.2194179162230594,0.9430965942532477,0.3294068863838806,0.01987534874571171
1.6077169317544873,0.9759177919540232,0.16523135755258125,0.004077326964531776,1.2400320461634748,0.9455909360413235,0.3997399617590822,0.02300093657543088,1.125526136639737,0.9303202867554776,0.7929177820267687,0.059388454132065775,1.2160771762118614,0.9426823719738333,0.3435564053537285,0.02088915506804297
1.5926942109586344,0.9750912995202516,0.21437241676013705,0.005476141898533205,1.4011227109290332,0.9618085690212136,0.41168968855154187,0.0163473468956456,1.112971143748968,0.92842280794464,0.763501989766913,0.058862544186284525,1.230061734166468,0.9443976480176486,0.3307776224206014,0.019474861916822454
1.5290189483293128,0.9712709380488792,0.21183838506673153,0.006265932449737568,1.3811394590891504,0.9600819916587211,0.4187061076824856,0.017408840124308014,1.1250659256743651,0.9302515625797341,0.7825221171677864,0.058671973383084906,1.213670132856651,0.9423821662643748,0.35147295777217036,0.021489275973633083
1.402765461284108,0.961947271218221,0.21028993920136874,0.008318653486934382,1.3445885433460836,0.956728669887518,0.4199535608444594,0.01899383778825125,1.115133379655707,0.9287529592069512,0.7741437780697198,0.05938657076572294,1.2320781426312588,0.9446409503753938,0.36225596529284165,0.02122938451004766
1.409853570689989,0.9625402123178239,0.16615193605959494,0.00646624023404415,1.2350785259196722,0.945001125777962,0.3994568169473112,0.02324830588358775,1.117338726420381,0.9290882442380249,0.7889035462093583,0.06021229515656419,1.2217988948899183,0.943390096087945,0.34205012803600526,0.0205253637509242
1.5116899965022472,0.9701363570775918,0.18799023348084848,0.005786890847472049,1.1636931828803472,0.935806248345816,0.4153670074774912,0.028493041770648996,1.1139327787576006,0.9285698137359104,0.7636502365328857,0.05874375607440725,1.2155844422389284,0.9426210381665722,0.3314512437051732,0.020176006573323
1.7009120176834884,0.9804779326873503,0.19080112752422174,0.003798996724636198,1.5198404533573353,0.9706753034470372,0.3809245082484866,0.011507963141026705,1.126684020785177,0.9304929187982934,0.7887278384498082,0.05891734241672542,1.2128415191157977,0.9422784806772113,0.3281680812063893,0.020102719768006694
1.3099708665896186,0.9533059609625153,0.19701424327823902,0.009649987667428781,1.0935857776116393,0.9253992226761062,0.39995429964201384,0.032242194413179034,1.1240211850481876,0.9300953166951955,0.7753675070454719,0.05827555418453117,1.2155553185618875,0.9426174110242186,0.3467438494934877,0.021108309227755
1.493286305605404,0.9688838809015552,0.17916482981925422,0.005753954929790979,1.2438774492009081,0.9460446886942138,0.3544988826900567,0.020217964121225337,1.1222637467679974,0.9298317530948242,0.7695757262514632,0.058074785456735965,1.2161101323377406,0.9426864720398382,0.3292948026085767,0.020020491898652203
1.5551115417475896,0.9729007666975249,0.16365785514721684,0.004558535207523345,1.3627163375903777,0.9584241248752031,0.4657210401891253,0.02020270494799455,1.1047604440272134,0.9271562202931776,0.7707776856713027,0.06055760475858173,1.2092716502967866,0.9418297722025919,0.31842743544871205,0.019667032200179443
1.2563409349062777,0.9474909529188259,0.20401307149619766,0.011306210305616012,1.354671768002689,0.9576797208964382,0.3717435787801973,0.016427508764839067,1.1287062251951785,0.9307934658067433,0.7829612436245915,0.0582148844716434,1.2379505095012062,0.9453438194066776,0.35928290016186665,0.020772369451428102
1.4785343231327341,0.9678433536872596,0.20901048848126172,0.006944384468973489,1.2904739462948573,0.9512664302593956,0.42874184702619794,0.021964530691017076,1.112742766605073,0.9283878547699798,0.7895796861201915,0.06090503539290946,1.1865305436704876,0.9388937140845574,0.339504547074225,0.02209607073931486
1.3577598262662223,0.9579669689656212,0.1653490926530423,0.007255076394227032,1.2819273730882523,0.9503459849919561,0.4401986416869073,0.02299965518455599,1.1100285813218804,0.9279712404629548,0.7779978031838364,0.060387880833377074,1.2214169733762834,0.9433431128561239,0.34522501895140706,0.020734104772073006
1.4686789770425175,0.9671295480698685,0.20583542983371172,0.006995860704876499,1.1881560179402286,0.9391080943359883,0.3157789777259618,0.020475154924485112,1.1139695811409895,0.9285754342003655,0.7658311345646438,0.05890652955860811,1.228687472779194,0.944231251636113,0.33444805792477145,0.01975337032202493
1.337682063228398,0.9560655101247542,0.17537144374834002,0.00805891943404935,1.253621947058559,0.9471785974087552,0.426219007296077,0.023768997566053586,1.1188014437661986,0.9293098207452193,0.7768212851719343,0.059090773251161355,1.2301056531695291,0.9444029580443389,0.32566750511662784,0.019172059756206894
1.3451980940469541,0.956786737794964,0.2153786886508976,0.009727576040087794,1.1795416794001303,0.9379639057658208,0.3125510439941444,0.020671846644654084,1.1130345648942246,0.9284325117718805,0.7651128746436552,0.05897812275524504,1.1949351533698624,0.939994616856538,0.3299175591339857,0.021060577567767098
1.4198031913437907,0.9633575654339629,0.18193193579781564,0.006919994498554542,1.2659726951692627,0.9485834594901137,0.4949407566465327,0.026827519718496087,1.112980588578156,0.9284242531388351,0.7939536248899325,0.06120889612965339,1.2147048779863416,0.9425113998361607,0.32491928382741414,0.019818492165423415
1.5024243142552598,0.9695120041620477,0.1980380040166847,0.006227650422374626,1.3990733861167493,0.961634857877006,0.3744322570678202,0.014938255035340737,1.1210631882753013,0.9296511770733674,0.7765023945620269,0.05875970558023523,1.238966261844307,0.9454645396963736,0.34582110304341107,0.019947351006137953
1.3376558997193992,0.9560629795635195,0.20778865446586003,0.00954917673091295,1.2803418063803,0.9501734208801049,0.46830729008329786,0.024557780431435024,1.1178815858630382,0.9291705528655568,0.7800206724630632,0.0594599482448185,1.2408915435992351,0.9456926667036486,0.3384203806165258,0.019434123845415305
1.6900747003257865,0.9799945213180055,0.18901389401204968,0.003858504659978415,1.4436308215347042,0.9652458152145662,0.4701678347473257,0.016928640923808157,1.1295191012212746,0.9309139389559821,0.7740532398868806,0.05744493356938928,1.2239119869109887,0.943649383276896,0.32938337636788395,0.01966933558756134
1.6989413369999793,0.9803908879070776,0.21458937642924014,0.0042920708344548674,1.4094780167780536,0.9625090201262847,0.39636570130607607,0.015438960279403311,1.1194405206066849,0.9294064289527132,0.7664410577528125,0.05821544760024856,1.2199956251268331,0.9431679391998259,0.3224979664502663,0.019432619871264458
1.2759168149383293,0.9496888192233922,0.19041851075394053,0.010087704439426942,1.4636931935287307,0.9667626293142796,0.40223619846261355,0.013828910247595817,1.1205193469789225,0.929569236613291,0.7944095038434661,0.06019010267723398,1.2256551156670037,0.943862433139144,0.331733830266325,0.019730343557214477
1.4705919640442786,0.9672692893250278,0.20685187184747567,0.0069995076290912134,1.3307858348747839,0.9553936668940954,0.3458328834317975,0.016146576361013527,1.104395449924331,0.9270994393193058,0.7747612950994154,0.06092176352508334,1.1945202476611052,0.9399407076126839,0.33070076663221704,0.02113075205171157
1.585601681378927,0.9746915516049788,0.21997083191113043,0.00571167405592631,1.4866063004300143,0.9684168081680379,0.2880193626462283,0.009393239259222846,1.1187349865766292,0.9292997675110084,0.7822943494585286,0.05951620167696557,1.2139081170718642,0.9424119132215403,0.32604648276290066,0.019923764629604778
1.1835963317858302,0.938504939789003,0.1578397592803355,0.010342370177418273,1.1659423594598748,0.9361166598944339,0.3359317753075256,0.02292496733970887,1.1088366170089756,0.9277875741332592,0.7753698882150263,0.060349310696834794,1.2073937042868133,0.9415924153259666,0.3419185856160646,0.02120943033943457
1.6160524931679012,0.9763647819871143,0.1904078293353092,0.004609271699191368,1.3898879485143034,0.9608468921016842,0.25933129573029545,0.010567371645371127,1.1167376318992894,0.9289970029113283,0.7632521379395512,0.05833516056371719,1.2446336345897033,0.9461334967890699,0.3411441449785434,0.019422462309220536
1.6213624171709955,0.976645291898254,0.24301353411243012,0.005811229727978629,1.1443073382636504,0.9330720040779932,0.4729086793847291,0.03392110150879327,1.1183800359236882,0.9292460503908792,0.7766486519777664,0.059134993969478584,1.2431246896616825,0.9459561458239293,0.35154818544351546,0.020084460525834888
1.226282925468913,0.9439389800060598,0.1405135853101552,0.008345173874949267,1.2243531092463271,0.9437033701748141,0.4848456603128738,0.028923470577333518,1.1174250053707708,0.9291013317991859,0.7860061207686692,0.059979235044549,1.2239916499088583,0.9436591364588424,0.32924764257196565,0.019657624013481943
1.4160754409790757,0.9630533632051581,0.1817983922379612,0.00697452438725482,1.3925586821050908,0.961077586083498,0.3356242128341082,0.013592351670132894,1.1232020996255814,0.9299725922960383,0.7798112356755244,0.05872018141734292,1.1871135203064598,0.9389706826342279,0.3273988151695614,0.021279606025723374
1.3979081850373822,0.961535751512388,0.19673580836836962,0.007870009001318644,1.5374347556658043,0.971806749167529,0.4536822998277922,0.013161854338070928,1.109877438691718,0.927947975208776,0.775323083606125,0.0602012176691567,1.230171279464944,0.9444108917016542,0.34246086538312365,0.020157639329451586
1.2289586504122296,0.9442641230480867,0.17489654746464084,0.010323395976686148,1.4495318057979076,0.9656987563577294,0.39518868507195354,0.014036948149801864,1.1248675590010349,0.9302219207752778,0.7708449138410228,0.05782284449192972,1.2363528434396038,0.9451534301795378,0.34529985794577234,0.020037500963437226
1.3750691923897567,0.9595428593333063,0.17281879194630873,0.007286547033946737,1.1861886237744468,0.9388485292755696,0.3296595037251401,0.02147222141002161,1.1194715547496799,0.9294111172262576,0.7753832892063297,0.05889045126752027,1.2316580462925022,0.9445903438199613,0.3473308293824272,0.020374421528573366
1.4800952962142673,0.9679550288976162,0.19806689168456582,0.006557172214497824,1.280889808758695,0.9502331265255443,0.3893832463945996,0.020393297408235478,1.1302125881211835,0.9310165644103359,0.7867597422522246,0.05829476303525427,1.221533904938348,0.9433575014380049,0.3475452592819883,0.02086783835301061
1.6223429043804138,0.9766967319797726,0.18782548498245724,0.0044813783790422865,1.3913962710052377,0.960977339475642,0.39331959281927026,0.01597163254290671,1.115822475823336,0.9288578813426458,0.7906984062052581,0.06056035155251545,1.2267006201424975,0.9439898537988712,0.3412891958652591,0.020249855102099076
1.447607623152163,0.9655516911895797,0.19593038331884258,0.006990273448328816,1.412249477698379,0.9627386215835332,0.4340670235970652,0.01679992394795221,1.132211046933307,0.9313115167447423,0.7940938696441373,0.05856805428414348,1.2350783476007956,0.9450011044377262,0.333104531795787,0.019386624279616255
1.5046256640239157,0.9696614739947332,0.20477906196871148,0.006407076143055725,1.3886719522957878,0.9607414221347444,0.39045123453901703,0.015954927976016137,1.1272418942690097,0.9305759523047705,0.7869230889211236,0.05870706837247514,1.2147773141556084,0.9425204364860285,0.3275622728619781,0.019976369465204737
1.5806163406932294,0.9744068358969801,0.2252563982667789,0.005916444501120458,1.3048760014552059,0.9527809688001339,0.47132080177062874,0.023358266351583452,1.1184825537572447,0.9292615689900288,0.7635992393777861,0.058127672462231855,1.2195972595452822,0.9431187515039038,0.3286729636210605,0.019822878601306826
1.5667357487446663,0.9735975799045892,0.21111162957087085,0.005725012105620794,1.3535263930559864,0.9575727029872255,0.3209836218561896,0.01422186265151953,1.116360348163104,0.9289396788933925,0.7623069385469646,0.05831355583763257,1.222117502454284,0.9434292625404961,0.34336552968441353,0.020589186708194426
1.3926507792286777,0.9610855179885572,0.14971494800150356,0.00606197840025924,1.3390408366481656,0.956196741103874,0.28137138203232676,0.012889589519929029,1.117478169052613,0.9291093950298963,0.7800244330284426,0.05951549327199418,1.2226727008840095,0.9434974522625486,0.32774714948001504,0.019627555871931494
1.5026850855260134,0.9695297474895294,0.2250435648493901,0.007072639353844519,1.3725746798409875,0.9593192923849,0.41937391087876524,0.017783888623199958,1.110875162709578,0.9281014259458608,0.7675192930047299,0.059458525957808595,1.2127213649964828,0.9422634310922792,0.33980582524271846,0.020821377331420372
1.6026329198326486,0.9756411276440938,0.22119280221376264,0.005522529834490286,1.3138661576049966,0.953703595656685,0.3543549052882631,0.017201736525871404,1.1242828467357988,0.9301344797913457,0.7790671008576802,0.05851834273585915,1.2052636157646093,0.9413220902596162,0.3421853261783547,0.02133033941489634
1.76792634244566,0.9832225676702863,0.21516470440881763,0.003671509774755631,1.3324916809466547,0.9555607596857291,0.34890092685370744,0.01622596153846154,1.1206038581993254,0.9295819756883649,0.7810777805611222,0.05916848172545686,1.245379054414359,0.9462209056163892,0.3502630260521042,0.01990743200169996
1.4197583376040308,0.963353919515395,0.18389534975462737,0.006995397694798061,1.3178141566024468,0.9541033221086831,0.3783314660817698,0.01819945181254352,1.1111026564324016,0.9281363724255753,0.7802376406356019,0.060412142969519106,1.2303521218285363,0.944432748482153,0.33048774714783896,0.01944478926513805
1.6106478048929047,0.9760758905402956,0.20790059635955965,0.005095747853469353,1.3499691507248204,0.9572386813658269,0.319807545583358,0.014286293089190863,1.1164681742124285,0.928956066208727,0.7830528003986111,0.059885664489638134,1.2409749027884605,0.9457025236074343,0.33435062205129,0.019196728944339315
1.457487456706048,0.9663004032542288,0.21977305537014327,0.007664555780601593,1.382949643041284,0.9602414263863963,0.40545784759628073,0.016787888168431568,1.1216828147696738,0.9297444286775179,0.7817326648142686,0.05907115255973444,1.2153478301729264,0.9425915636207034,0.35637447416215207,0.021704948481138537
1.5552492230706685,0.9729091237121202,0.22464630846540395,0.006255327658912895,1.3311574772651602,0.9554301213463963,0.3290452261306533,0.015349637270723804,1.117923748950374,0.9291769419596958,0.7869810591418631,0.0599847055079439,1.2406896486947312,0.9456687864172746,0.35324313877077695,0.020294767782172415
1.309101069264325,0.953216728716329,0.17281736522317218,0.008481766461078287,1.2817155124725896,0.9503229601081853,0.4236638270898718,0.022146539358226736,1.1255308572875018,0.930320991374072,0.782625500533387,0.05861693921577877,1.2205434688761438,0.9432355182458767,0.3268656947171503,0.0196709744331149
1.452844277501871,0.96595051096405,0.17394407721192937,0.006131480735990264,1.355648576343085,0.9577707849218363,0.5357043105856065,0.023619818965207998,1.1232455450722914,0.9299791067718315,0.7702883033857804,0.05799729763124225,1.247132750473823,0.9464260188199661,0.34011420413990007,0.0192527166511885
1.6886543722652587,0.9799303030114813,0.18524736784296497,0.00379400303174971,1.4294726641291853,0.9641354498850497,0.44865136275909684,0.016689231047082424,1.1139339439776978,0.9285699916947232,0.78941174624594,0.060725295987347126,1.2088412518481761,0.9417754534567282,0.34822927617642907,0.021529008453176863
1.6690480794093223,0.9790229320418368,0.21911462177483942,0.004694866852619956,1.5099371217264552,0.970019200567227,0.25430675732973196,0.007859968010368411,1.1128064787810035,0.928397607517177,0.7834293880243094,0.06042176118259387,1.2398200087082496,0.9455658115480845,0.3447604390772468,0.019847116385025558
1.4049266618236989,0.9621290108817225,0.17032350557875708,0.006704214874935242,1.0898963474398882,0.9248106268622323,0.17527893785451598,0.014250607723064253,1.1135820121405111,0.9285162241233318,0.7807299133578508,0.06010613567832521,1.234778762372476,0.9449652406885914,0.3413950009349872,0.019882838963350646
1.496459052803382,0.9691033742080728,0.22305477288912282,0.007111356778310893,1.2181098887543966,0.9429347465165046,0.45013468743226925,0.02724159877969543,1.1248725872133478,0.9302226722817283,0.781403845558411,0.05861421553842086,1.2357738569381558,0.9450842799440289,0.33688887512772087,0.019575497708607108
1.5017887605032425,0.9694687180610966,0.21848648815304691,0.0068807507095047385,1.3570599913841035,0.9579020348331357,0.39228290863124143,0.01724008470865287,1.1215288931552752,0.9297212746897038,0.7715703957206062,0.05832391424677542,1.2431085913221684,0.9459542507713382,0.35007476606699656,0.020001023308169254
1.4812088057454427,0.9680344623968316,0.19926313508158147,0.006579882726080492,1.2540713947485012,0.9472303504255479,0.251772500696616,0.014026098961329902,1.1167688383363918,0.9290017424654011,0.7696987522833524,0.058823646652856706,1.202023029526544,0.9409085834767175,0.3424099817331806,0.021504204773603933
1.3980988107506445,0.9615519820116801,0.1684329408852515,0.006734854549863636,1.3579899273318112,0.9579882979504669,0.42913501554837014,0.018819324255641444,1.139656259370074,0.9324001002085711,0.7998978913006483,0.05799336280981029,1.1950730581040352,0.9400125249671015,0.32554109875148907,0.020774604608827664
1.5119374053738934,0.9701528573156464,0.20172118661369098,0.006206033403823745,1.4183720555715433,0.9632410639116888,0.4434725254016364,0.016923674487007965,1.120878436344733,0.9296233504242173,0.7813653281404589,0.0591528535337607,1.2353174447695545,0.9450297112858523,0.339777313629725,0.019764095039223432
1.5842148080644152,0.9746126576606261,0.18132401779560123,0.0047232455662715245,1.4204193305033515,0.9634076127580949,0.4632025816153894,0.017593475506588505,1.1222706890201257,0.9298327960318508,0.7831474403158093,0.05909800817553767,1.254726242634776,0.9473056691718496,0.35708691020740646,0.019863130131292015
1.4478248984865643,0.9655683279361157,0.2089135178411642,0.007449749052348098,1.158423062688517,0.9350734028965724,0.47198631104692235,0.03277225612529389,1.1222736715328767,0.9298332440914097,0.7919341925558468,0.0597606651922095,1.2309302346963258,0.9445025655102898,0.3382207500667179,0.01987330114846978
1.4656130090304897,0.966904380211669,0.21267422353918755,0.007279504969757817,1.4032704566317284,0.9619898121375546,0.39789599109480583,0.015721685594176395,1.127172576746393,0.9305656401285801,0.7956665569195553,0.05936883511320318,1.246207071823657,0.9463178430967909,0.3582616057570199,0.020323251720275243
1.4997043613127217,0.9693263363351142,0.1562727794407308,0.004945144371776007,1.3491521907324766,0.9571616156201415,0.44293313894877245,0.019823757818131088,1.1304346162275716,0.9310493913331999,0.7799680506227027,0.05776199665850669,1.236358158813502,0.9451540646317678,0.33889604044853205,0.019665651375293542
1.2393415736106281,0.9455090812041197,0.17842245570017248,0.010282718313543892,0.9646253310670747,0.9021311779104827,0.20567665046259997,0.022313087059817188,1.104699786527902,0.9271467868228095,0.780868747059746,0.061358997411724396,1.2369575853763908,0.9452255688895084,0.3486122000940881,0.020201564120577255
1.2723762967422187,0.9492978694214559,0.18803322855859902,0.010042880759116805,1.2516939452354556,0.9469560475938218,0.4933125922124575,0.027633013938900226,1.116120264188084,0.9289031785858406,0.7705272948874207,0.058974974725295136,1.2265342035235012,0.943969590026227,0.3506318557957534,0.02081216051626736
1.4557514218654135,0.9661699903158871,0.18964605623289377,0.006640371759854612,1.1904624617196025,0.9394110793120382,0.4486657128638965,0.028937460810049633,1.1187735183574483,0.9293055965223279,0.7821286389649167,0.059498315496370614,1.2118087886441187,0.9421490084863283,0.33680641950734014,0.020681001774839787
1.55961106578228,0.9731725866396818,0.14911966623596992,0.004110776424640747,1.3051796277802845,0.9528124120759907,0.43758270155829193,0.021671078107408894,1.1141803448014136,0.928607614189489,0.7925183305571555,0.06092969037995955,1.2465791141454337,0.9463613450720185,0.35627442128368386,0.020193217783475197
1.4550507401438526,0.9661172164622156,0.23532637648459778,0.00825315245323612,1.3266027063336931,0.9549813780647926,0.27723982325843755,0.0130693174498828,1.1410699980197745,0.9326049907592453,0.7915138980288928,0.057199014588604026,1.2398871289445221,0.945573765862849,0.3352135627213187,0.019294541059914874
1.4356387967766095,0.9646231717332304,0.20649659275113705,0.007573107005406137,1.4258244226738155,0.9638438437038445,0.40864953337215343,0.015329450403684379,1.111393684006544,0.928181055820118,0.7847688893785115,0.06072228333790318,1.230678445511243,0.9444721678096806,0.3459498591460632,0.02033923960880358
1.394460236252433,0.9612410440261453,0.20649495377564314,0.008326245401143764,1.2531645373858293,0.9471258783812944,0.45838238294799954,0.025589593122813448,1.1251239870072742,0.9302602364435691,0.7919197626783444,0.059368652814822044,1.2521776187460147,0.9470119612019586,0.3458900346878875,0.01935354074581646
1.5230722479679237,0.9708863831540586,0.2050371122248303,0.006148373309263709,1.3212700183965416,0.954450522288125,0.32887140772695556,0.015694811314493542,1.1216820795378812,0.9297443180954679,0.7790712427837341,0.058870143488591264,1.2139819309203184,0.9424211366906903,0.32366935228065724,0.019775143687696617
1.5298145353929615,0.9713220109284602,0.23129230481300103,0.0068288354584060025,1.3461108066104475,0.9568735468527123,0.4247949093858199,0.019145578657797105,1.1276667736012627,0.9306391294666652,0.7965002027511775,0.05936344786454438,1.2360254502562524,0.9451143386330519,0.33497613774603074,0.019453082141286892
1.3971915868114397,0.9614746791290253,0.19345834187575897,0.007751680681473437,1.2771757955710725,0.9498271486219175,0.490135469728272,0.025890493984597543,1.1165423131845345,0.9289673317645228,0.7717201028245202,0.05900889747162574,1.2310406492924404,0.944515890569481,0.3327603337065716,0.019547485599611784
1.3821454847873873,0.9601706744082854,0.184203576255651,0.007641041753713076,1.3077521274649508,0.9530780203723538,0.4217092078484985,0.020761606538494497,1.1211882339320896,0.9296700052140096,0.7764607186689245,0.058739636633690334,1.2499795470253505,0.946757410906229,0.34443598626668115,0.01936997109782433
1.5227769783136706,0.9708671594035964,0.2252539366061196,0.0067592017767803495,1.2377072879012159,0.9453148756287099,0.35623341758638555,0.020607597794295846,1.1158464292366013,0.9288615259344022,0.7771166616952133,0.059516829947646066,1.2201457084390652,0.9431864601821369,0.3470650109110319,0.020905719758713758
1.4058308839180633,0.9622048010617262,0.16631889424057483,0.0065329706192278755,1.2795791221902608,0.950090212369974,0.4088077942860729,0.02147533984527769,1.1101257133621873,0.9279861882562267,0.7849197508589717,0.060911534985820553,1.2287950548577629,0.944244294624172,0.3472756083402626,0.0205059184504131
1.397772506041474,0.9615241953504344,0.16996215704824977,0.006801108889437669,1.2835339577326625,0.9505202587532129,0.4446862188584043,0.02314833254999429,1.1311596392629448,0.9311564854983222,0.7918479974771365,0.0585439718741453,1.207573675003901,0.9416152014397617,0.32995900346893725,0.02045908978658658
1.5430463319340217,0.9721586174142737,0.20187132306922018,0.00578133715833931,1.2987142013602146,0.9521385399250092,0.45177744398548003,0.022709644858820092,1.1188931486780085,0.9293236911305484,0.7846726749280261,0.05967540574282147,1.2098587280133473,0.9419037881133288,0.34276818124921765,0.021141790846548197
1.5907594997108185,0.9749828699801435,0.2000062944545855,0.005131970650173544,1.3495276949645696,0.957197054274501,0.5175143198841821,0.02314166894606717,1.1267012739069333,0.9304954881175543,0.7587807641467866,0.05667806809520901,1.2072710281840195,0.9415768785096418,0.33157613142821174,0.020573691911801806
1.503584961673212,0.9695908998397469,0.2052533304043558,0.006437322259855344,1.4812973331097818,0.9680407694228313,0.45298206524297435,0.014954905544994526,1.114759902990879,0.9286960337751031,0.7952644709795861,0.061059279803407696,1.2148298074739392,0.9425269843662132,0.33798308515479125,0.020609390987483243
1.6441565421398239,0.9778129659618365,0.1863927419482975,0.004229338589313504,1.2582414184449586,0.9477082423987224,0.3677963677963678,0.02029392343656158,1.1239725470299717,0.9300880347700735,0.7896467896467897,0.0593554124318531,1.2277507702493626,0.9441175667337027,0.3534327978772423,0.020919730166472555
1.5313523582311899,0.9714204821355413,0.16222072192303466,0.004772588292551429,1.371781678337068,0.9592479733184653,0.40252154935548196,0.017100446782785484,1.1307331163706809,0.9310935018748683,0.8010550941263287,0.05928287677918015,1.2275857975452797,0.9440975219009716,0.34453847482375843,0.020401022242200223
1.3697907354255834,0.9590683887000079,0.20005608612335832,0.00853809598134969,1.3494652007069265,0.9571911582485485,0.4795519341922819,0.021447192324680113,1.1171350233246633,0.929057335880387,0.7741910355679499,0.05911709910633931,1.243496160290927,0.945999856933645,0.3534516335083428,0.020175942561295956
1.4557239498158052,0.9661679226744673,0.15110942297344349,0.005291363501804719,1.3014821849601501,0.9524281502966155,0.33747982147944167,0.01685643094478583,1.132829947787649,0.931402623114193,0.788908935523692,0.058102782014674045,1.2124323422985819,0.9422272152346184,0.32920267147785903,0.020185104798467548
1.4523415211550277,0.9659124155234865,0.16049753445441903,0.005664046942622733,1.25358431709838,0.9471742622193169,0.2061733468200784,0.0114986857127685,1.12207848498087,0.9298039158551222,0.7844070046782147,0.05921926028197435,1.2254608815374086,0.943838730880478,0.3366259957011,0.020030268433210312
1.4448448147933015,0.9653394661837815,0.19870815281606932,0.007134620401947266,1.404985595774386,0.9621339550582381,0.4947617172115006,0.019471996930261026,1.1228903184734547,0.9299258254798446,0.7886411973217802,0.05942773001964394,1.2445578602952576,0.9461246039056724,0.35108310358408823,0.01999180783327812
1.4197319002737558,0.9633517704039599,0.1932465163096474,0.0073515645228752965,1.5721144191780536,0.9739140760633124,0.3821207259916328,0.010234960596463973,1.1255963204036792,0.9303307619232889,0.7996288257682992,0.059881424236992185,1.22437984172886,0.9437066402747261,0.3420464911452927,0.020403529388332304
1.1989084735025841,0.940508586038229,0.16989394566705945,0.0107465590440307,1.2330995900348956,0.9447638167239409,0.43343737061689863,0.02534117587727622,1.1216111785052694,0.9297336535167346,0.7948979266855632,0.06007588616809357,1.232041461287209,0.9446365333221602,0.34860982833848214,0.020431401850305973
1.445744002811423,0.9654086752719905,0.20295514182181681,0.007272036595278954,1.4146125707337844,0.9629333236815482,0.47874234662001747,0.018428469724419697,1.1300433152604261,0.9309915276454851,0.7913594901911783,0.058658438750192596,1.2455512414073573,0.9462410774427822,0.3387011120829689,0.019242672177918512
1.607261746300321,0.9758931468730825,0.20195582216390165,0.004988783207086304,1.3606738250417967,0.9582363160032888,0.4684912675352267,0.020418680575755525,1.1156248798204103,0.9288278098732101,0.7934982972474771,0.06080245560766594,1.2326555277019624,0.9447104335921341,0.3468772456025245,0.020301133367601334
1.318995028056901,0.954222243176029,0.24756570582460205,0.011876690949345972,1.105539550665508,0.9272772871292682,0.28492105644343585,0.022345238545320924,1.1207851634955066,0.929609298150005,0.7842692289121723,0.059385444586607446,1.2176752632938455,0.9428808728219114,0.34664349057666616,0.020999443508114234
1.4819188660325298,0.9680850159216169,0.19137598431422156,0.006309116856393748,1.3996955937807214,0.9616876793906002,0.4548401378830524,0.01812020842321861,1.1237874710832214,0.9300603193901832,0.7898232187470352,0.059393979622315886,1.2071909610858156,0.9415667359942296,0.3430631542329465,0.021290365404400782
1.6741662651575,0.9792636007071343,0.15987759049899314,0.003385488393701571,1.484571423315148,0.9682731846253992,0.4362979054021913,0.014295906685028788,1.1244177013634091,0.9301546556570509,0.7945993942949562,0.05966649521312781,1.2161422508873587,0.942690467638078,0.3376884900185517,0.020529293666727504
1.4592013778030792,0.9664286789408334,0.2015763639796111,0.007002259950020847,1.3812795622368046,0.960094353304978,0.4443552954502549,0.018469315402449032,1.1187120437747637,0.9292962965585673,0.7989899943364168,0.060789601574263656,1.2272896370750328,0.9440615202659552,0.3498993140771506,0.02073258497385522
1.5569653885832933,0.973013081921679,0.13413836558247857,0.003720382747562708,1.450436407838897,0.9657676856097298,0.4224983649444081,0.014975751491437546,1.1273806285408696,0.930596587162038,0.7905055113337268,0.05895549275663309,1.24935700215823,0.9466851068991933,0.3519596739459873,0.019821472055990864
1.4563409043712212,0.9662143274376922,0.1831539601727138,0.006404355173758592,1.212950903375962,0.9422921781097903,0.423616034027196,0.025943077114909625,1.1260700677209199,0.9304014322389981,0.7723625700844235,0.0577764895962391,1.239575212888151,0.9455367918910693,0.3330862924534382,0.019185872215339145
1.6351586207376696,0.9773590055504902,0.18092822641875192,0.0041912899424294495,1.3340679865419405,0.9557146329096221,0.336817278645623,0.015607249605242826,1.1238701213700915,0.9300726976407606,0.7971665347398349,0.05993478299795277,1.2132121299062286,0.9423248773531361,0.3351372308288774,0.020512119923946658
1.6018992114653139,0.9756009452824057,0.22068647410612038,0.005519204735486953,1.2712708035053013,0.9491752110372034,0.4556082198753022,0.024396119236588538,1.1268307780364168,0.9305147709498595,0.7932625015905331,0.059236057654022775,1.257959305951606,0.947676041187153,0.3429507570937778,0.018935311761739175
1.3952483492064152,0.961308597090482,0.18040939425051336,0.007261240129065127,1.363691309984792,0.9585134883898173,0.4577451232032854,0.019812186889700264,1.1188094440041492,0.9293110308828557,0.8075269507186859,0.061425341767852595,1.2143698935630787,0.9424695920775065,0.34161640143737165,0.0208530132886134
1.7311307597707748,0.9817661946579915,0.21068380106460047,0.003912914743071406,1.502060891669389,0.969487259569353,0.46338467353302465,0.014584138289072386,1.134175836331668,0.9316003606745554,0.7899933856184447,0.058002621002274456,1.2216473903196345,0.9433714626784018,0.36023181832498663,0.02162393264528704
1.3721558480382543,0.9592816394005919,0.21126069829618263,0.008967324027051981,1.3999130354521325,0.9617061223491118,0.5309044311907738,0.02113991879626784,1.1355714091993467,0.931804839988874,0.8180696397778867,0.059871324542125515,1.231935286468077,0.9446237462109517,0.3322364778282261,0.019476549883477887
1.4468770597117875,0.9654956951638943,0.18325767148718428,0.006549152515356736,1.3085763170581377,0.9531628161454241,0.4059999063977161,0.01995030852943931,1.1284949500061194,0.9307621217192318,0.8033416015350775,0.05975927331703517,1.2018400725021536,0.9408851564443975,0.329573641596855,0.0207067718409687
1.558351786981498,0.9730967808791169,0.21190068493150685,0.005858420940851651,1.5423089571793691,0.9721126256494502,0.4615043125317098,0.01323935435913773,1.1189746151012077,0.9293360108333479,0.7734018264840182,0.05880721036423489,1.215032685989744,0.9425522843211767,0.34038876204972096,0.02074638950833599
1.4615887245294024,0.9666065708659549,0.1979088990782021,0.0068371734639090555,1.4347967633243464,0.9645569481179512,0.43407003125545385,0.015950086377220573,1.1210196448376963,0.9296446196387643,0.8014882038426756,0.060656519970293934,1.225086440922371,0.9437930115835762,0.35723238509257643,0.021274745928855435
1.3867957692993573,0.9605781558225356,0.2168276440330877,0.008898542554426224,1.1755849051385647,0.9374316493429797,0.3159617524227228,0.021088690288670393,1.126569431674107,0.9304758520614029,0.7990550977957657,0.05970453151166454,1.2392321533000168,0.945496098886943,0.35433832658787107,0.02042612458755451
1.5338118387398358,0.9715772879512017,0.21344384821770793,0.006244128091211643,1.3848499016975733,0.9604081377684351,0.28088667433243897,0.011579271432135331,1.1194228673916369,0.9294037619840989,0.7971924108853967,0.06055364469710239,1.232016364066871,0.9446335110018792,0.3478344193177463,0.020387134614670083
1.3232848129183457,0.9546517870916644,0.2176491272936513,0.0103388472082525,1.0383094790359144,0.9161227489750576,0.3144779745540566,0.02879259143274939,1.1155411654942455,0.928815066132867,0.809203375743239,0.06201782344807819,1.2353800996590771,0.945037205330131,0.35779361933380216,0.020809061402787103
1.2962880891256603,0.9518833227726761,0.18086498563676986,0.0091425303158582,1.307570052222386,0.9530592681017106,0.30716565592084266,0.015128734576666145,1.1266285651188133,0.930484659795475,0.7914139802106607,0.05912554441150476,1.2067964607404404,0.9415167384661398,0.3378231726779445,0.0209842269953793
1.4341016196868857,0.9645021870150706,0.18341382021210031,0.006750414438032642,1.4001668202638673,0.9617276370776954,0.40104927080492225,0.015959927374668566,1.1273775692858687,0.9305961322002027,0.8020343660254456,0.059815730137323435,1.215032979473307,0.9425523209124529,0.34890660848080346,0.021265530231919457
1.459750383372233,0.9664696686300085,0.18808511997955077,0.006525353669524508,1.3369257382763198,0.9559923014883467,0.49560660766207626,0.022814520719905414,1.1187231358254408,0.9292979746636044,0.7931590887305493,0.06034442720863483,1.2351599358141658,0.9450108676580415,0.3372208198868901,0.01962250480693313
1.4269321556657557,0.9639326259167379,0.2064478912959877,0.00772464083471763,1.3354706032965213,0.955851123934739,0.5130912703499552,0.023698672667349527,1.1144787853135378,0.9286531580341036,0.7864536597872067,0.060421896477606235,1.2151108218583757,0.9425620254608124,0.3447634918600179,0.021009245155846155
1.4050233523640447,0.9621371222655254,0.23940312799233962,0.00942120530915673,1.264907693238861,0.9484637241723908,0.40400574529205235,0.02195229084114729,1.1165179007947614,0.9289636224383271,0.8034152569422279,0.06143589280832734,1.2330797933851378,0.9447614378955829,0.3566070858601979,0.020850197593840488
1.6269200255975473,0.9769354054961903,0.23256821134690342,0.005490733019823556,1.4848544419198473,0.968293198101875,0.3973341032674077,0.013010722087447071,1.1141701486660227,0.9286060577229507,0.8019184190687005,0.06165382709464798,1.2322831305378188,0.9446656282741743,0.36761143993712203,0.021533066790319275
1.3645089590658535,0.958588290339822,0.215501036294404,0.009309801127789376,1.2685891191072096,0.948876500762327,0.3582204656094857,0.019300176246110412,1.1017566333539102,0.9266877124210008,0.7882906765636799,0.06236339599788,1.2335578563542429,0.9448188565090333,0.34941597982037564,0.020407269803807634
1.4763533215091404,0.967686690069489,0.22335507771603447,0.0074583456865292795,1.5017012394010634,0.9694627525398646,0.38373198034952083,0.012087229149960835,1.1248096711647608,0.9302132684370071,0.7966819682693083,0.05976890735401507,1.2244120652387533,0.9437105818371999,0.33104614641217683,0.01974587900699539
1.3472022610473495,0.9569771376059231,0.1707368048745197,0.0076758218906852055,1.4134023910763687,0.962833735979387,0.4462629218179772,0.017226157492317214,1.1248492972144541,0.9302191913425902,0.7962412179868491,0.05973039106760388,1.2518930764800889,0.9469790742986645,0.3395122264915355,0.019009134440309074
1.4211194910802765,0.9634644050933553,0.18116817237547708,0.0068700897727988755,1.4260725357263344,0.9638637476483045,0.43324154145932975,0.01624267507685573,1.1359821682103943,0.9318649163942428,0.8056749923506772,0.058908466234881725,1.2296112150315583,0.9443431504390372,0.3610319339098507,0.021278176288970913
1.6424786910792193,0.9777289955978784,0.20543021277961424,0.004679351020316105,1.3823753425582606,0.9601909102138892,0.43045348053531884,0.017846410618027244,1.1243099637094371,0.9301385372479593,0.7992714785455246,0.06003221282755125,1.2367079128332132,0.9451957966863888,0.3492088963060432,0.02024777873449227
1.5423179471332142,0.9721131868177332,0.1895814014023785,0.005438483085541909,1.310508059293497,0.9533609905231222,0.5181316804138806,0.025347322360897023,1.1350813575279561,0.931733102248944,0.799697398604129,0.0585928099050271,1.2479392374987845,0.9465200980280624,0.33621292726178276,0.01899656904181791
1.3448516600324611,0.9567537444257476,0.1790596919127086,0.008093682668732819,1.2249694811759213,0.9437787235952476,0.3992618741976893,0.023784189689758747,1.135679464634332,0.931820648616173,0.8136553273427471,0.05953344407060297,1.233115105554732,0.9447656810506986,0.3375160462130937,0.01973237313860556
1.3361365065855377,0.9559157835660467,0.21779552767312885,0.010044132909356773,1.1629250370708735,0.9356999141793004,0.38116642682749363,0.026193263016887222,1.1423734868688367,0.9327933923761854,0.7929729817129367,0.057132720357837986,1.2184615363576294,0.9429782998085955,0.35070415703267743,0.021207006886855954
1.4862196328897075,0.9683895652971674,0.20310390291169603,0.00662977265653464,1.4619249717637675,0.9666315529280085,0.38604991025050434,0.013326573044631841,1.133165697136969,0.9314520008297273,0.8053945006592219,0.059271096646688864,1.2444672742258922,0.9461139708930417,0.3586485155592267,0.02042686710391754
1.8221430493858224,0.9851623623122749,0.2403130613292276,0.003619381202568593,1.3560705554075918,0.9578100664185959,0.5261579420066718,0.023176378495993206,1.123106113897579,0.9299581976224115,0.8018507826533231,0.060393116807302444,1.243375853677944,0.9459857040535493,0.3394117269694637,0.019379875815952873
1.4535494032857967,0.9660038713835314,0.2093497593212042,0.0073675495042449255,1.3825877078537092,0.9602095972896699,0.2641755731418781,0.01094724784174021,1.1187583854172432,0.9293033072941221,0.8094313453536754,0.061577440475914264,1.2384661681287306,0.9454051359141911,0.3504772782899568,0.02023921665593862
1.5565522140789478,0.9729880890233991,0.2135582841857617,0.005928764622937468,1.3408407312806916,0.9563699999832296,0.4820490508878791,0.02199127962890006,1.1183809773771611,0.9292461929173589,0.7858938412452867,0.0598388044575502,1.2247201642408563,0.9437482552410641,0.3519610686776886,0.02097850151286633
1.4309402741536206,0.964252117077892,0.15415874254319664,0.0057151533113081136,1.4202375972966534,0.963392857900786,0.47179012044667673,0.017927149696573098,1.1281393562961148,0.9307093373434709,0.7912745241462265,0.0589098378209221,1.2453346155254654,0.9462156984106916,0.3395100859868988,0.01929825608262706
1.4730962651576336,0.9674513580119739,0.17034877200852305,0.005731162757990225,1.4043728818623962,0.96208252203014,0.4218427081497621,0.016625612904039015,1.1314338611377779,0.9311969510307717,0.796392124192954,0.05884276818013856,1.233407661657263,0.944800823161759,0.3433409698969865,0.020059401355868787
1.42306138197757,0.9636214748548464,0.2152887864085443,0.008127557069037464,1.2103279724544136,0.9419628846228616,0.43614994155417847,0.02687248605325537,1.1358820470176192,0.9318502774857129,0.809098333093145,0.059172410224361975,1.2603446052664706,0.9479477172961713,0.3572721013274407,0.019617989559097774
1.4945202134199072,0.9689694224471511,0.22321269098998164,0.0071482325015498555,1.4718569367470866,0.967361378522714,0.5192329550067384,0.01751883861941845,1.1225738389765085,0.9298783243836086,0.791124750353159,0.05965833557109279,1.2284613556921282,0.9442038283945782,0.35431178657833634,0.020937472028006804
1.5147138574815286,0.9703374200136703,0.2596718131113087,0.007937997409706108,1.2794059716453883,0.9500713033921788,0.3973324711017703,0.020880845817829258,1.137914259923118,0.9321468409234887,0.7894592191415407,0.05746659177405953,1.24588635759592,0.9462803160796285,0.35790154393339263,0.02031782494892028
1.6163740354161078,0.9763818613744133,0.1955541237113402,0.004730346379149333,1.3982957930111883,0.9615687468208503,0.4964561855670103,0.019841985737329145,1.1216029308980815,0.9297324128557483,0.8153028350515464,0.0616191951778589,1.222284731224504,0.9434498097909452,0.3475193298969072,0.020830238135665168
1.5121786616051358,0.9701689387111535,0.21133735136015638,0.006498267703171966,1.3595625179876043,0.9581337908352658,0.385355921159798,0.016838349458566087,1.1300038459832853,0.9309856886247899,0.798240755823424,0.05917388070288955,1.2063829702813664,0.9414642911365778,0.3420263886626486,0.021265551225734255
1.4984256047059261,0.9692386686582753,0.2084860927799775,0.006616852987329135,1.2118327268114506,0.9421520126694728,0.2427205031692493,0.01490300121782977,1.1227167810696705,0.9298997825588905,0.8022029948998712,0.06047383323356013,1.2341148397390762,0.9448856831191439,0.35673200697397794,0.020807851388968995
1.4351122669604044,0.9645817755886414,0.18869167135169865,0.006928519830690723,1.2298907373747519,0.9443769691048466,0.44849409685969,0.0264159353966105,1.111618515227253,0.9282155580970018,0.7828929403260783,0.06054577764923846,1.230619877482592,0.9444650948332588,0.34935346558509356,0.02054211604756633
1.4847307821835876,0.9682844550866465,0.16856766299484208,0.005521327187033633,1.476617501458168,0.9677057055894493,0.5014887974096552,0.016735694306230786,1.1236737360769489,0.9300432823746924,0.8079858116793309,0.06077570403882962,1.2378315000344178,0.9453296588845317,0.34395287915520917,0.019891496108617925
1.4675450279407078,0.9670464426486967,0.16991441419660558,0.005790088403308509,1.4430133346478389,0.9651980869364937,0.4615508598874974,0.016642027287035177,1.1327573520136793,0.9313919423257685,0.805457505278597,0.059331493504555466,1.217303947418454,0.9428348087794394,0.350144254791032,0.0212296609050976
1.3802641396890087,0.9600046769383681,0.22388514108994184,0.0093274113779824,1.603253891483058,0.9756750854333035,0.39716698447289567,0.00990191623241574,1.1314526533052116,0.9311997232890458,0.7964651401285112,0.058845616746882844,1.240645764756702,0.9456635944816376,0.3645103914624962,0.020944217966876413
1.4218455765688027,0.9635232107112925,0.20734517758200807,0.007849615109017645,1.2673658866684905,0.9487396950971693,0.4256411094585097,0.022997343910847675,1.1112437726223088,0.9281580421327487,0.8040305313567494,0.06223415079719132,1.2081395007561948,0.9416867863984564,0.33983296013598546,0.021043888774361016
1.6766546284446604,0.9793796307093354,0.19986720862820034,0.004208108400235802,1.367348684506225,0.9588470791309947,0.40634159770691974,0.017439844142168547,1.1434694300002797,0.9329514177603163,0.8341403378082946,0.05994730912488454,1.2387731269065998,0.9454416053273199,0.3620832051302813,0.0208946573733738
1.4382583690567579,0.9648284324937179,0.19654385071537692,0.007164750830895047,1.4475172881580045,0.9655447719686121,0.4479688552326823,0.015985658569236835,1.12378313897168,0.9300596705287785,0.797214054569049,0.05995036168372639,1.2406553555513777,0.9456647292143723,0.33925784779144835,0.0194928143732417
1.7442671624979187,0.9822998512641791,0.20368509755623257,0.0036702199612223194,1.3552904672186805,0.9577374215751486,0.4735528618655604,0.020896713976144565,1.1333749360349115,0.9314827563515369,0.7805795034679458,0.0574172260961591,1.2403429393104983,0.9456277542678336,0.3602126142477475,0.020711711018749617
1.6125682027706405,0.976178932064015,0.21852854013658032,0.005332611706276563,1.5434226853388275,0.9721820630372665,0.44398273418373924,0.012704085151992698,1.1357133304177969,0.9318256025179024,0.822332817935833,0.06016366607769164,1.233229276142547,0.9447793978334253,0.349036850921273,0.020400556077320216
1.6510509212011717,0.9781547683110053,0.25762722884124634,0.005753615568575632,1.3137857444147045,0.9536954196705235,0.3987126765599857,0.019358615737643615,1.1091445734258123,0.9278350675806609,0.7959949937421777,0.061910706909709075,1.2396814198611037,0.9455493841328219,0.36166961949189735,0.02082718666232615
1.5396025447418622,0.9719431871546568,0.19915541085071403,0.0057489636876139946,1.2032218960845704,0.9410618791232008,0.3732310370394249,0.02337522798872492,1.1175208486498023,0.9291158675472069,0.7964926984945682,0.060766042115735365,1.234346016583516,0.9449133972250466,0.34478256664839946,0.020100149228983583
1.6374963351687817,0.9774778123290132,0.18173119029469484,0.004187290925547116,1.3943196688419004,0.9612289834085814,0.32421298473814814,0.013077078643490139,1.1370237137704617,0.9320170299551251,0.801174238123814,0.05843906546827705,1.2247396614895938,0.9437506385071245,0.35280665617853607,0.02102795837242687
1.423094769264346,0.9636241696942882,0.22093791813770533,0.008340181235620234,1.3521550592970177,0.9574442324455974,0.30773323015911397,0.013677897226417185,1.1203867049596088,0.9295492380898618,0.7974722316261225,0.06044061359857431,1.2314556354599195,0.9445659450243853,0.3426512550176525,0.02010928787785332
1.3366898483921725,0.9559694446780379,0.20095272276420112,0.00925558868646478,1.1793727743893645,0.9379412716897664,0.43498972234004374,0.028781022662337404,1.1326694683631473,0.9313790102187333,0.792489151358935,0.05838803468890165,1.2268360213043095,0.9440063358780513,0.35818460634930993,0.021245692724001553
1.4387433217480292,0.9648663056476852,0.19071879679666645,0.006944647019669097,1.2630234862070044,0.9482512416540393,0.276254964515919,0.015076016537210048,1.1398174701686408,0.9324234933461348,0.7951852334136337,0.05763029417458478,1.230490531889673,0.9444494713897468,0.3545152679210886,0.020851841342494744
1.2447402708151283,0.9461460092888119,0.15383132530120483,0.00875597495791162,1.4017677340481989,0.9618630879969433,0.40202409638554215,0.015939854412016383,1.1236381866231706,0.9300379564319514,0.8045783132530121,0.06052435023369167,1.2421176706983077,0.9458374816068795,0.3593734939759036,0.02057919447683713
1.6834604614465745,0.9796937432516022,0.19029758673444208,0.003944326154421164,1.2618781723505796,0.9481216798466985,0.29330964483705935,0.016049007192165954,1.1299261284690831,0.930974189884925,0.8049482636661238,0.05968178989703798,1.2580260485293593,0.9476836610873326,0.3524815344881475,0.0194585431573032
1.6510836052961388,0.9781563763654766,0.20965680007867046,0.0046819346517512845,1.423052950572663,0.9636207942875096,0.29701380011144984,0.011213047910295617,1.1214343297819622,0.9297070462942955,0.8080112761005671,0.06109182397940585,1.236210431102779,0.9451364290223098,0.36570295342052644,0.021228437848377957
1.4762798389351734,0.9676813989127092,0.18291589942477227,0.006109020998723834,1.2605649173062432,0.9479727426022946,0.3240992715954829,0.017787427283424764,1.1287844050481648,0.9308050609811511,0.8036240976420552,0.059740457762235445,1.2403830463511152,0.9456325023247364,0.34226864601495915,0.01967814110744651
1.2883092936550362,0.951034844775415,0.19338405773438266,0.009956607223114177,1.1817448519098108,0.9382584360775666,0.4511478300623714,0.02968752692990469,1.1457829471526892,0.9332838747962428,0.8125265323449695,0.05808374421462786,1.2412643875057667,0.9457367409676615,0.3491983149919995,0.020035849089122905
1.3970673543848984,0.9614640819052869,0.23019963465553236,0.009226506151887992,1.322333758136534,0.9545568887049382,0.3860418841336117,0.018378102460755198,1.1241288336682553,0.9301114310004746,0.8141799321503131,0.06117747666525244,1.2397858408386875,0.9455617619462277,0.3505023486430063,0.020179253288078066
1.5483073077964304,0.9724846250014808,0.2064411043736292,0.005841022321499631,1.281763515470612,0.9503281779314603,0.5142562250032254,0.02687918163344352,1.1416843276075261,0.9326938447300034,0.8042994452328732,0.05804080690602898,1.2418230741324305,0.9458027207811978,0.36519481357244227,0.020926737516779592
1.3773634802286234,0.9597474421255201,0.17303323380501104,0.007257149070925785,1.2672566105719054,0.9487274568799908,0.39169803972478257,0.021168729213191104,1.1252754786725316,0.9302828632976518,0.8158996494872127,0.061145044849114955,1.2298463770347565,0.9443716033564478,0.3502856030118136,0.0206336429363307
1.458820979114892,0.9664002493651842,0.2110284234337606,0.007337024601235695,1.520546133471007,0.9707215201499672,0.4824935252270269,0.014552759635892698,1.1353017813850195,0.9317653783313776,0.8130183916336098,0.05953859593076818,1.2598117986768251,0.9478871486143986,0.3657509097465823,0.020108219455906934
1.4324912968742218,0.9643750179164966,0.1353808151502676,0.005001103330733493,1.4613743393119278,0.9665906333246729,0.33109921778509677,0.01144415721767158,1.1241290744735504,0.9301114670436254,0.7882091395636064,0.05922599858057992,1.23242508583589,0.9446827117906091,0.34829147797447507,0.020394720711538986
1.46007159212586,0.9664936282158726,0.2110989316623857,0.0073183713591251625,1.2840304240368325,0.9505739954053652,0.41843495901706396,0.021756926138205266,1.1272859469716168,0.9305825051669596,0.8003533857958542,0.05970295671217477,1.2418127611554264,0.9458015035239208,0.3480032066488883,0.019942081397576274
1.5229835971335879,0.9708806127684884,0.23537069582763784,0.007059416311972102,1.319517615491089,0.9542747772809042,0.4017769966803359,0.019251627617115505,1.134213497894807,0.9316058862973563,0.8156935494369589,0.05988437620165215,1.2230089581182644,0.9435387139478658,0.3530397708780837,0.021125873476802313
