SK_precision,SK_accuracy,SK_TP,SK_FP,msSK_precision,msSK_accuracy,msSK_TP,msSK_FP,ConvRFI_precision,ConvRFI_accuracy,ConvRFI_TP,ConvRFI_FP,AOFlagger_precision,AOFlagger_accuracy,AOFlagger_TP,AOFlagger_FP
-inf,0.0,0.0,0.004467054516805316,-inf,0.0,0.0,0.019357236239489706,0.1768024609290597,0.6003929602405217,0.05755395683453238,0.03830652229479627,-0.05386235693996801,0.46903401703650954,0.020554984583761562,0.02326909605250829
-inf,0.0,0.0,0.008937470229156584,-inf,0.0,0.0,0.02085409720136536,0.22943097388445385,0.6290828727748641,0.06525911708253358,0.038477798841878325,0.05728090495736564,0.5329258216452276,0.026231605886116442,0.02299026481464123
-inf,0.0,0.0,0.007822825504554385,-inf,0.0,0.0,0.014900620008675019,0.028460496171938993,0.5163773178930102,0.041505791505791506,0.038873013038042505,0.07444039158255437,0.5427467277173049,0.02750965250965251,0.023176332508356084
-inf,0.0,0.0,0.007080269427988759,-inf,0.0,0.0,0.004471749112413954,0.058834749639973455,0.5338163019015337,0.0450381679389313,0.039331994190809946,0.1225997933808302,0.5701091407295429,0.028244274809160305,0.02129759847674665
-inf,0.0,0.0,0.005963968541087173,-inf,0.0,0.0,0.00894595281163076,0.01920918961334022,0.5110558960262195,0.04131147540983607,0.039524056928326425,0.29332252108623375,0.6627112674234432,0.04229508196721311,0.021526198952986516
-inf,0.0,0.0,0.006711482240301965,-inf,0.0,0.0,0.01342296448060393,-0.043287575014465826,0.47510227811795114,0.03578528827037773,0.03953594237523392,0.1716566158982509,0.5975468419860644,0.03351320647543311,0.02257144517136562
-inf,0.0,0.0,0.004102755373210872,-inf,0.0,0.0,0.011935288358431629,-0.09050778451965802,0.44808728186226027,0.03188044831880448,0.03926740525630406,0.16359182966729927,0.593073101896435,0.0361145703611457,0.024779390679515664
-1.479098189289354,0.03211626283128929,0.0002228163992869875,0.006714989548356102,-inf,0.0,0.0,0.010446533069614593,-1.043914863960537,0.08289077461874339,0.0035650623885918,0.039444095204509796,0.21287398956845002,0.6201442354390974,0.037210338680926915,0.022792377710655565
-inf,0.0,0.0,0.00485160492138828,-inf,0.0,0.0,0.010449610599913218,-0.08504438041320599,0.45120035994962193,0.031521519498888664,0.03833994848045459,0.28857683570310544,0.6602644061104683,0.04384724186704385,0.022561368776292574
-inf,0.0,0.0,0.0059727900548954636,-inf,0.0,0.0,0.011945580109790927,-0.1407696942708964,0.419668543474202,0.029082774049217,0.04021661591329227,0.37300009525432065,0.7024233527053054,0.049217002237136466,0.02085043223465701
-inf,0.0,0.0,0.0070946246198052305,-inf,0.0,0.0,0.0074680259155844525,-0.0985135288058013,0.4435329703285079,0.030564669314453462,0.038347162182121364,0.2308761293908408,0.6298589914152637,0.038853393196339146,0.022832466219650755
-inf,0.0,0.0,0.00747000804560798,-inf,0.0,0.0,0.013446014482094365,-0.16285458354535107,0.4073366503373796,0.027392845633258136,0.03985581861183203,0.3635648726840368,0.6978623262585754,0.05236867547534644,0.022672881440483607
0.9263265183836163,0.8940643229424727,0.07304634768261586,0.008655097960815674,-inf,0.0,0.0,0.013449980007996801,-0.14822662066818135,0.4154926558139275,0.028198590070496476,0.03966925229908037,0.24751760311771556,0.6387471020486745,0.046197690115494225,0.02612778888444622
-inf,0.0,0.0,0.008969275623484962,-inf,0.0,0.0,0.016443671976389098,-0.14765666901223284,0.41581140944295136,0.028635597978663673,0.04023119434198435,0.3239710629099591,0.6783001541234436,0.05081414935429534,0.024099808788559055
-inf,0.0,0.0,0.008597354866831249,-inf,0.0,0.0,0.013456729356779346,-0.10510830472301473,0.43978841274973507,0.030331499127633874,0.03863689169009839,0.8223182715208893,0.8691492835226087,0.15957589585290566,0.024024204703070585
-inf,0.0,0.0,0.008225662813128025,-inf,0.0,0.0,0.013460175512391313,-0.12007527207776159,0.4313160951544487,0.029168258820532415,0.0384579187049959,0.37861388786593,0.7051181675526537,0.05464272067252579,0.02285169542255437
-inf,0.0,0.0,0.009724307181539186,-inf,0.0,0.0,0.01795256710438004,-0.17879397406298303,0.39850735821408934,0.02456855225311601,0.037082887166271304,0.5990979922035611,0.7989065261027115,0.09012464046021093,0.022685353594868354
-inf,0.0,0.0,0.0041155743481324876,-inf,0.0,0.0,0.011972579921839964,-0.13383695865170414,0.4235612431315376,0.028677462887989204,0.03902812479979499,0.529444976729553,0.7719037383599751,0.07714799820062979,0.02279710423473637
-inf,0.0,0.0,0.008981558200381793,-inf,0.0,0.0,0.023950821867684782,-0.13939122980083093,0.42044176543159256,0.02926249865025375,0.040336910961717515,0.8413832962746315,0.874061454729274,0.1636972249217147,0.023586202388802272
-inf,0.0,0.0,0.009731804940890694,-inf,0.0,0.0,0.020960810641918418,-0.1895096413670703,0.3926081544868586,0.02524353199958102,0.03905348198520104,0.8326583636236098,0.8718333290616898,0.14947103802241543,0.021973472114956306
-inf,0.0,0.0,0.007862596888042622,-inf,0.0,0.0,0.014976375024843088,-0.16409021764828285,0.4066499735635915,0.025994801039792043,0.037929464863859876,0.8213184099815396,0.8688872269260064,0.15256948610277946,0.023022329929028907
-inf,0.0,0.0,0.006366722715373891,-inf,0.0,0.0,0.010486366825321702,-0.1817040925175341,0.39690228022088564,0.025397738163695612,0.038592164211168956,0.8230519430135821,0.8693412904782142,0.16024535173471344,0.02408427057801993
0.8058828401039348,0.8647848827639862,0.05044781575580333,0.007887866055104725,-inf,0.0,0.0,0.022478108862302337,-0.1766501690543139,0.39969117470703613,0.026503381465911167,0.039806267440741575,0.8343423243404445,0.8722659723503287,0.15746664229574117,0.02305930654007762
-inf,0.0,0.0,0.00636997437381381,-inf,0.0,0.0,0.00899290499832538,-0.1591853911022512,0.40937784904922453,0.02707034728406055,0.039055231681511544,1.0006420706498296,0.9092130188772855,0.22333036509349954,0.022300043244991217
0.47692828067842596,0.7499166771547167,0.016489178976296804,0.005498835797369698,-inf,0.0,0.0,0.011993725884832506,-0.16554542783751885,0.40584173996322875,0.02610786671246994,0.03822229980720702,1.0611358640368618,0.9200742005506101,0.2695809000343525,0.023418186205674943
-inf,0.0,0.0,0.008247999789434626,-0.23654396811947007,0.36710360738516706,0.011257346246171675,0.019407964635288575,-0.25992717582847513,0.3546859287460092,0.02185249565433325,0.03975833771476224,1.0504684893837435,0.9182491899784905,0.2659548050658058,0.02367769117634786
1.1222719122705989,0.9298329797997228,0.04491329017821466,0.003389244958674714,0.16131452130883442,0.5918069868596538,0.021497642451850076,0.01482778615777905,-0.17458425939293176,0.40083308703491977,0.024454567250059938,0.03655478562287169,1.0098394250165401,0.910946041672344,0.23567489810596978,0.02303954525810725
0.8263851502861557,0.870210601540224,0.04287031346035648,0.006393983463259968,-inf,0.0,0.0,0.007502685036254413,-0.19596698460289036,0.3890682060833442,0.02489244007375538,0.039087190450006935,1.0390160418918482,0.9162476800090744,0.24362323294406885,0.022269099729183905
-inf,0.0,0.0,0.004877939083587393,-inf,0.0,0.0,0.0060036173336460216,-0.18499371956023755,0.3950905541381772,0.02552810330671046,0.039085193668702355,1.045808204895824,0.9174400380053936,0.25849070687467346,0.023261447126211535
0.6812720634238669,0.8275963345468024,0.039735575195803695,0.00827765726681128,-inf,0.0,0.0,0.016515465574033904,-0.13990175621233317,0.4201553501600962,0.02823884457857297,0.038971639752550816,1.0761407268719743,0.9225783320250092,0.2715384062657182,0.022787177633164617
-inf,0.0,0.0,0.006383276946005758,-inf,0.0,0.0,0.019525317717194086,-0.14615971635015396,0.4166489364931975,0.027973476999585578,0.0391657247346838,1.085436146340568,0.9240933704212857,0.2836027075562923,0.02329561747659958
1.0757504766612183,0.9225141239688426,0.07633846780213069,0.006411991858808853,-inf,0.0,0.0,0.010515383700254975,-0.19054828294960097,0.3920379929282999,0.02551401234986768,0.03956644620286742,1.0242658278617558,0.9136042674016882,0.27305421727624346,0.02582159473459138
0.9699449126054682,0.903207315721422,0.07386289159785031,0.007915555401168454,0.10393982966242934,0.5595486062147841,0.02451173155066195,0.01929452813511959,-0.20487732064259517,0.38420272570243863,0.025101586053217984,0.04023263563228595,1.180272718065282,0.9380617795672663,0.33674138157032374,0.022234315878584838
0.6051146915114693,0.801123018811434,0.03637890927888343,0.009030982116892575,-inf,0.0,0.0,0.025549502160435843,-0.22121556647005644,0.37534177114900863,0.023003360041354354,0.03828307757238554,1.1836873554509322,0.9385170348172539,0.3474411992762988,0.02276113737489674
1.1607986627536613,0.9354047048144979,0.14221858473936036,0.00982104474653583,-inf,0.0,0.0,0.009019839012348221,-0.13957174571155576,0.4203404863534295,0.02732309242004533,0.037679193362798825,1.156449861538143,0.9347970182062212,0.32661798035759254,0.022781915016847846
0.6256407907887919,0.8085461790166999,0.03495736906211937,0.00827747635466585,-inf,0.0,0.0,0.012030601813345419,-0.21606540438463537,0.3781262462489451,0.024360535931790498,0.04006380957040554,1.1659289237336274,0.936114809772789,0.33191230207064554,0.022651367476689423
-inf,0.0,0.0,0.014290166624167072,-inf,0.0,0.0,0.013538052591316173,-0.4240592176464151,0.2736002401689729,0.014670943216916131,0.03895087819616267,1.0605663926939728,0.9199777206985703,0.2802328344024709,0.024375449143439993
1.4122788487436375,0.9627410475724442,0.16611622921374355,0.006428848855386649,-inf,0.0,0.0,0.013541741141734185,-0.2389601677075247,0.36581194901629954,0.02317631380728895,0.040179500210301484,1.144365781852519,0.9330804073850952,0.3403441682600382,0.024409142994061963
1.1717643626838448,0.9369136768752104,0.0955799231290979,0.006435796662586174,-inf,0.0,0.0,0.015050576638103216,-0.243030235013582,0.3636405270027487,0.02226995252091341,0.03897171573996521,1.1454859989781945,0.9332412885274722,0.34083201446981687,0.024381161007667032
1.21184345883205,0.942153359465029,0.09270499944818453,0.005691931918513602,-0.5826180668364911,0.20725894511879514,0.007063238053195011,0.027016053671205863,-0.18898087884926346,0.39289853091457644,0.025383511753669572,0.03922225730986614,1.1837858536659889,0.9385301205431951,0.38527756318287165,0.025234102612024464
1.463830736300216,0.9667728043460977,0.12182659208261618,0.004187080969571945,0.7836227068564299,0.8586785995632628,0.059703098106712565,0.009825941206807633,-0.18521087321544757,0.3949710598750137,0.026947074010327022,0.04127836513666838,1.1386671492958662,0.9322564069505902,0.33820998278829606,0.02457645693656524
1.5424264269343253,0.9721199574476629,0.11985157699443413,0.003437299112079421,-inf,0.0,0.0,0.0030123919436569227,-0.1645372941147637,0.4064016102519773,0.026398091704214154,0.03855758523773201,1.188675206397423,0.9391764206346795,0.36225815001325207,0.023460807633112327
1.1380941300435763,0.932173031881775,0.08839207162448895,0.0064316023087207805,-inf,0.0,0.0,0.0150664089381987,-0.1929352481207001,0.390728787943286,0.02432334523624696,0.03792787859673428,1.1459906329441123,0.9333136446749972,0.3375252290017078,0.024116573759294768
1.2797497443571777,0.950108838597932,0.11559016643762407,0.006069754764876834,-inf,0.0,0.0,0.010548690606362631,-0.2663892052632994,0.35128769138940463,0.021173716088970326,0.03910085830680356,1.1600472314615158,0.9353000805075774,0.3406626965949,0.0235655374174674
1.1200826376448603,0.9295033738568894,0.11471046155391493,0.008700022775942153,-inf,0.0,0.0,0.04069473720885668,-0.22923243602169105,0.371023803883016,0.023052583998794635,0.03907977451172058,1.1863304602440694,0.9388672767942186,0.3500075335241826,0.022790136791147192
1.1428369215922523,0.9328602577271071,0.08851288571568292,0.006370442180976065,-inf,0.0,0.0,0.013569622736863303,-0.329345519553294,0.319005456980916,0.018338305051591765,0.03914756125661006,1.2117753048574296,0.94214480610496,0.3767421389799012,0.023134967531398792
1.0198441606467945,0.9127972534037934,0.05537098560354374,0.0052897858843929365,0.7411804546213381,0.8463988072647153,0.054167268525205835,0.009830067080992341,-0.1239932527899855,0.42910466808476405,0.02994848090904714,0.03984446970768026,1.1775117191098412,0.9376913703335704,0.3435408541576388,0.022827937351478964
1.421787221996003,0.9635184879454114,0.1611572207730614,0.00610186432940511,-inf,0.0,0.0,0.01810026041078138,-0.25118876920412414,0.35930463148410374,0.021721603035333176,0.03873295594324814,1.1911719931842182,0.9395040025814042,0.37182831396727534,0.023942553368713385
1.1116369990696557,0.9282183939205358,0.10751337520353571,0.008314296288115265,-inf,0.0,0.0,0.006035017829266607,-0.09996795676551852,0.442706569536204,0.032007443591532916,0.040292011158065924,1.2252304790885877,0.9438106028223482,0.37613398464759246,0.022392990492134262
1.1002690912805946,0.9264546727399103,0.10496577702237127,0.008332563534262734,-inf,0.0,0.0,0.018108258081436776,0.18327645677200255,0.6039640382619998,0.06252009738619137,0.04099616090975392,1.2036860828438176,0.9411211331916839,0.3870182369424411,0.024212818543393737
1.4562043917077898,0.9662040648160972,0.15289256198347106,0.005347883850889935,-inf,0.0,0.0,0.00754752094954017,-0.21780606680107556,0.3771842338441442,0.022996766079770033,0.03797281858551186,1.2267794075099074,0.9439994449631591,0.3905407833273446,0.02316791683252258
1.6728049830055152,0.9791998552345011,0.1267448601881996,0.0026923119178424797,0.7806647281255207,0.8578500664195752,0.05864514114971235,0.009717785479740127,0.08912171063034757,0.5511233007596923,0.049056772064398166,0.0399555632819321,1.2302964480944338,0.9444260205634185,0.38188467198858317,0.02247169227249609
1.1494907516396695,0.9338135027457235,0.149700078240459,0.010610388250216901,0.3982933686090653,0.7144517345803187,0.05828914196296618,0.023296693918874362,0.11993732976434351,0.5686059955520004,0.05442058593410415,0.041288193712640274,1.1619355616782334,0.9355626996912813,0.3011388333478223,0.02074107213279665
1.1400935544014315,0.9324635382130508,0.09942356867334114,0.007201049447249306,-inf,0.0,0.0,0.01510293724975254,0.23494943253985448,0.6320429336451692,0.06908507779655874,0.04021932878564238,1.1853817956090984,0.9387417828673941,0.35855762146231523,0.023397915199852074
1.5489598649344705,0.9725248026132314,0.16456815597759716,0.0046492825241179914,-inf,0.0,0.0,0.01208761711334405,-0.19772463733310158,0.38810665645769227,0.024676801280161705,0.038905723960169336,1.2038898406913066,0.9411471255162182,0.3169663536446709,0.019820897839325505
1.7342337148203928,0.9818936571449599,0.16691691691691693,0.0030779859957459363,1.0930989977005134,0.9253218071804771,0.10994327660994328,0.00887298358924995,0.08787132451121908,0.5504109411356646,0.04834000667334001,0.039485294498180896,1.1765490561276402,0.9375617361742198,0.36695028361695026,0.024437578599264077
1.3286371432692936,0.9551823435990353,0.16211197674887984,0.007606378950679571,-inf,0.0,0.0,0.01663151068045118,0.45755151780874403,0.7414562637342401,0.12695273079562427,0.04426806401733571,1.2315752618168418,0.9445803661219909,0.338231138739757,0.019844416152811066
1.3434796184901863,0.9566228387711242,0.09238099083457826,0.004188928981731687,0.8981859038042357,0.8877687156490877,0.08491137400573344,0.010734454135046359,0.18746499071005496,0.6062685813337487,0.06702466992368877,0.043528098250837366,1.1696884357431192,0.9366305574491487,0.35563451366737997,0.024061099334962217
1.2320378423345397,0.9446360975211676,0.1361658359047393,0.00798050389960855,0.6418346818803116,0.8142519979797379,0.049489674816045576,0.011289635445195059,0.4905852203676928,0.7557676968612447,0.1328032281034892,0.0429164125414208,1.187214662656049,0.9389840269058547,0.30607643009731783,0.019889104274872227
1.6610934421863157,0.9786434521780004,0.15791746829478975,0.003446170263604181,-inf,0.0,0.0,0.012101095431460906,0.7480084740639688,0.8484316902023882,0.24853743766932349,0.04440003807493639,1.2063421294507641,0.9414591084729953,0.3257293179944246,0.020254182577090413
1.264523584098881,0.9484204751443284,0.15930666051731426,0.008663838530664806,-inf,0.0,0.0,0.006052703344338837,0.5295624877179936,0.7719513752638013,0.1438564126215458,0.042497828372435584,1.1557150260137359,0.9346938109753914,0.36238902340597257,0.025319784709280445
1.4331724187442527,0.9644288603710512,0.1758616723536403,0.006486326114572112,0.3712613691991983,0.7015858308289138,0.04106122761952229,0.01746507923449303,0.6826043931851022,0.8280336107908084,0.21730629145420388,0.04513026742734544,1.2355920966949023,0.9450625547979343,0.33416401487558944,0.019425293238557267
1.4263287518861136,0.9638842905655707,0.1798301645750357,0.006738043181019947,-inf,0.0,0.0,0.012110074145691553,0.705596590539274,0.8354417740640966,0.23893439543097617,0.047063268138866673,1.1969229731052842,0.940252268999662,0.32730893514691517,0.02079863761665861
1.5596939802351406,0.9731775706090366,0.15157502329916123,0.004177665497706691,0.5460108107158498,0.778549994560413,0.04514445479962721,0.012840844943540593,0.6892500810587215,0.8302016352571815,0.2102143522833178,0.0429944386367304,1.2158741058936986,0.942657101951217,0.3324510717614166,0.02022337483562513
1.4839854688471847,0.9682317103934283,0.21031102594339623,0.006900436649518752,0.573315401264138,0.789199590588372,0.04786998820754717,0.012786389188516429,0.6722500238433623,0.8246120829487681,0.2022037146226415,0.043006995726850315,1.1980062184528177,0.9403922378720315,0.3065669221698113,0.019432070403252573
1.333168884375314,0.9556269281849405,0.18272522030442065,0.008484565559899633,0.3995950958057263,0.7150628295315608,0.04366033063870075,0.017397703474613085,0.7572702660944322,0.8511537928239566,0.26775180249071445,0.046823312780014656,1.1886880430355762,0.9391781090547455,0.3125773796518826,0.020242749606115423
1.6472159187379263,0.9779652809094308,0.20619716265737817,0.004645866929143559,-inf,0.0,0.0,0.016661576638000403,0.862984773251203,0.8794355561356801,0.3488262399767788,0.04782162983366305,1.1851010944668738,0.9387046042249595,0.3204528137585719,0.02092488090305538
1.7109078917965788,0.9809136498829376,0.201176051318603,0.003914428707453695,0.5460641027696521,0.7785711501680064,0.030042765502494653,0.00854428655564002,0.8855344714145513,0.8848332848676543,0.3593727726300784,0.04677466641413683,1.2222834914160143,0.9434496574825942,0.33809693513898786,0.02026551955852249
1.4263161092877412,0.9638832771701267,0.2372070106285634,0.008888150732656103,-0.8927096378655324,0.11349380049155243,0.0011613993101991975,0.009071752678447467,0.9208005874983816,0.8928531412155397,0.41120574364749773,0.0493467533596561,1.1736633624330302,0.9371716329695812,0.3148799887379461,0.021109682375121484
1.454590849185457,0.9660825352844108,0.27433964873461486,0.009631584275875675,-inf,0.0,0.0,0.012128229024160409,0.8600720926658943,0.8787226427510577,0.3589752454708892,0.04954415303582137,1.2017017792855516,0.9408674426866689,0.31261236343520954,0.019647367587619445
1.448574664311174,0.9656256779357998,0.23658872077028886,0.00842208018111107,0.4008214046897408,0.7156377991960077,0.050997248968363135,0.020264007809376445,0.8839117336543121,0.8844519760146259,0.36822558459422283,0.04810633006038766,1.198077893184635,0.9404014883048523,0.31633425034387896,0.020047873969956748
1.4482243898010583,0.9655988967208852,0.21516218340909868,0.007665518797041288,-inf,0.0,0.0,0.004549068992265674,0.8951650132545794,0.8870737942543984,0.3750897221177838,0.04774964541539141,1.186465041437992,0.9388850603641641,0.3127798475578494,0.020359810065983572
1.5417795053806032,0.972079557011593,0.21400183430143688,0.006146643009751661,-inf,0.0,0.0,0.004549606486305412,0.933616221498426,0.8956436179371412,0.43258942219504737,0.05040338156253794,1.1952064065529362,0.9400298366466785,0.31071028227861003,0.019822079744058668
1.6009742833333989,0.9755501984608346,0.178029303062302,0.00446187303830884,-inf,0.0,0.0,0.01213910079195161,0.8627718242784561,0.8793835570981777,0.3458619324181626,0.04743849903344489,1.2255972146878493,0.9438553685065079,0.3255675818373812,0.01936617888544763
1.5051402971370944,0.9696963146525436,0.20798925154017564,0.00649980900111481,0.7972884480851432,0.8624541290473245,0.15234631013238956,0.024296487439549503,0.9302292625822083,0.894912445587723,0.42223751474636256,0.049582401076869904,1.2384164712843693,0.9453992293302087,0.3337921090575436,0.019277894282766703
1.7312170029091365,0.9817697492035111,0.17645730507435722,0.0032765940578102447,-inf,0.0,0.0,0.013662656380682783,0.9554043018449238,0.9002405038340475,0.4470144198199942,0.04953557755981474,1.1908150767016976,0.9394572759536518,0.31055840510984223,0.020013738040139253
1.3344077774129421,0.9557477354281793,0.14828604442162024,0.006865821415851442,-inf,0.0,0.0,0.018218733995564902,0.8819444544405988,0.8839882358507174,0.37646039286172805,0.049405447422262314,1.1877406913952762,0.9390533848157823,0.3167608165361407,0.02055846866965286
1.4881056194033606,0.9685222288673319,0.164984879834474,0.005362144649848509,-inf,0.0,0.0,0.010629384084655451,0.9390778656487933,0.8968132038721195,0.4308133057456629,0.04956912382335409,1.200319284560378,0.9406900875254234,0.3128760146426866,0.01972663397853712
1.632834079137093,0.9772402612837159,0.24246449694784453,0.005646951744762462,-inf,0.0,0.0,0.006074731418726738,0.9977192216863668,0.9086559519729203,0.5252237720213809,0.05279893380142051,1.1875212894687452,0.9390244652126016,0.2948097542461334,0.01914346547044387
1.3522526875542826,0.9574533908218573,0.21532310959802606,0.009568369885061209,0.1382083826119544,0.5788944286663252,0.030452572071087234,0.022152135390417976,0.9690278554545363,0.903022554071801,0.4680013742699191,0.050259628359155276,1.2141517293977069,0.9424423487319759,0.3124590061529812,0.019082765684186567
1.380122565909352,0.9599921586140427,0.2123283415149444,0.008848820829263153,-inf,0.0,0.0,0.018230938224746782,0.994464513397751,0.9080320195619178,0.4941278816876903,0.050046630931460986,1.2154144277767047,0.942599861059989,0.3326912322127633,0.020259416261382956
1.5861275665513217,0.9747214047246581,0.19318425158310135,0.005010074145974603,-inf,0.0,0.0,0.013677678073622912,0.9567132610522445,0.9005108565182873,0.4715041757166019,0.052092149973033686,1.2450646444624371,0.9461840538510952,0.3478846095016672,0.019786572532875156
1.4026318054470315,0.9619360043702418,0.19328421821724306,0.007648294277475301,-inf,0.0,0.0,0.0151989922859909,0.9754785558717022,0.9043155344580307,0.49445932781295665,0.052318106580330835,1.2122625027675902,0.9422059236235026,0.33237944471505115,0.020387860585681716
1.5914584676281598,0.9750220961077889,0.18456014362657092,0.004728021598935674,0.8501662064571485,0.876270817833421,0.11196888090963494,0.01580997310547185,1.0095541670539763,0.9108927429778391,0.542788749251945,0.053097817455668286,1.1987424441103776,0.9404871920939284,0.3315380011968881,0.020979294077215674
1.3472560214893057,0.9569822339039339,0.17024417609023001,0.007652727382818019,0.4184709051587574,0.7238349830861606,0.041453836841949865,0.0158158970208793,1.0291647738852314,0.9144904896683314,0.5610144970326848,0.05245770784082275,1.172980747255386,0.9370790214588138,0.30251852726682216,0.020312867246600252
1.3531516538158685,0.9575376331734652,0.20597067655891185,0.009133847193627403,-inf,0.0,0.0,0.013689050712776056,1.023797488046433,0.9135191102967184,0.5258493787905553,0.049781029882291356,1.2112223119615717,0.9420753612995145,0.31664016958134605,0.019469002347922225
1.4250994330430247,0.9637856236332152,0.20960724193312893,0.00787602072746715,0.7575541347180843,0.8512365830763552,0.08491750620528545,0.014840314233299274,0.9979603266180639,0.9087020203574527,0.5397868301941889,0.05423279131150007,1.2121542490287651,0.9421923487552872,0.321974010804497,0.019754523957912065
1.3849423334428865,0.960416229771661,0.2090032154340836,0.008614114381109263,-1.1826111332189144,0.06162611361235173,0.0008980041134381971,0.013673807425529434,1.0121525134975968,0.9113771667399024,0.5393238898062049,0.0524441613239617,1.209976886633621,0.9419186742925926,0.3176327452854784,0.019586118672208358
1.3542160744858758,0.9576371741921381,0.18175830469644902,0.008040409884342146,0.9475877349156996,0.8986124357733948,0.08980526918671249,0.010132441011367723,1.0079119086403858,0.9105853370061517,0.5355956471935853,0.052592659192427775,1.185548556358638,0.938763860213417,0.3125429553264605,0.02038736780656628
1.5655915880705649,0.9735297739418822,0.19813753581661891,0.005387349728840856,0.7118663786559448,0.837416918036292,0.07017191977077364,0.013623759847598399,0.999575025876546,0.9090100057123395,0.5436103151862465,0.054414251947368285,1.205464798516999,0.9413476720263388,0.31392550143266473,0.019559682375046582
1.3747916146546806,0.9595180401525124,0.16330912892379848,0.006889994062821991,0.39445434340563446,0.7126449336440628,0.03571327663662306,0.014400426486200785,0.998117623759024,0.9087320641594179,0.5393156838922951,0.05416583300692975,1.2279807280930086,0.9441454962346946,0.3418190037578052,0.020221598163189625
1.5150916676250943,0.9703624490031268,0.20530377437912165,0.006270544670460716,0.5954630958967164,0.797558535159369,0.07144661147748001,0.018135040937791894,1.0669312377798432,0.9210500276662283,0.6411673916093729,0.054959173018146124,1.2249762273027989,0.9437795478056349,0.3232776764417006,0.01925748147027977
1.8071080755323745,0.9846477227334283,0.17481571464067805,0.0027256644785275674,0.753785312813156,0.8501343060276252,0.03809944507330002,0.0067163502700559674,1.0345852914174363,0.915461454465946,0.5820656525220176,0.05375101641854208,1.1786616416554456,0.9378458919076854,0.30932332072554597,0.02049986599903102
1.4542657959364418,0.9660580017951008,0.20804808816162965,0.007309672733721114,-inf,0.0,0.0,0.00761478572331989,1.059284705839241,0.9197601882018657,0.5908888517838259,0.05154910037304627,1.2142963371569768,0.9424604080423482,0.3356152947069628,0.02049016271388877
1.4836251518261807,0.9682061808926798,0.17517343904856295,0.005752320883122439,0.3539788080931896,0.6931880557723652,0.019601365488382337,0.008675759781097487,1.0580626810282228,0.9195522792473622,0.6345942076863782,0.05551795016263789,1.2361888828412362,0.945133856162676,0.3250743310208127,0.018870951333839377
1.5485953147866218,0.9725023644789726,0.20434094999181981,0.005777767921321125,1.2328624696303911,0.9447353172401067,0.03697442329715875,0.0021629124437910195,1.0628959730219283,0.9203717271164082,0.6372361891258111,0.055132090289201484,1.1975664982066598,0.940335457575065,0.33808692806893165,0.021451708218154116
1.4998055239680024,0.969333261403953,0.24612718015382948,0.007786710923575938,0.3804613642565549,0.7060019086807783,0.065729606759831,0.027371567545281132,1.0665123742817038,0.9209798660199439,0.6344653883652909,0.05443717267240232,1.228764497223067,0.94424059018317,0.3417289567760806,0.020179819788788075
1.4547693858348947,0.9660960031096066,0.21168608084169843,0.007428872703639854,0.8026287803500066,0.8639063435118177,0.10896988566213968,0.017166340192126244,1.059110965314891,0.919730658826879,0.6172634065167213,0.053871561740228925,1.2066371896140273,0.9414965416602291,0.3350421386011058,0.02081911396419264
1.5325862638311332,0.971499255280955,0.21202632416940878,0.006220188132951463,0.9034347930417851,0.8889672790289942,0.06119307929094576,0.007643064327057884,1.0619170003731655,0.9202063679190042,0.6275342320348158,0.054415223992042336,1.220125194200081,0.9431839289638592,0.31830485086508864,0.019174235758836845
1.6934317461133737,0.9801455067384021,0.20405290555614575,0.0041334342814625296,0.6619548916584974,0.8211572159380894,0.044034845426537766,0.009590507394885584,1.0612784371045063,0.9200983386534749,0.6525815361733772,0.05667040870938687,1.1939624084942866,0.939868155378979,0.31785828110060554,0.020336261699322518
1.4575867445476538,0.9663078471850073,0.19786306836081066,0.0068988705360057455,0.41152817234719413,0.7206279613421657,0.0406647065000525,0.01576483645622511,1.072036295699316,0.9219005826731831,0.6401869158878505,0.05423385780505321,1.2107911859794658,0.9420211662695326,0.33088312506563056,0.02036495397271006
1.5236983691208912,0.9709271065353043,0.1803432625593406,0.005400096901376078,0.3592710230805745,0.6957735879555723,0.03299598309770985,0.014427465663349993,1.0562703831038711,0.9192464577172593,0.6671970368824665,0.05861162006824887,1.2086467436693307,0.9417508898029079,0.3347853304815066,0.020707118855675718
1.4385204051807077,0.964848901505444,0.17976212164588917,0.0065490420662818695,0.5431502149579008,0.7774122877494668,0.06857871587330505,0.019635372010273162,1.0676559010477054,0.9211712777440049,0.6590583764932463,0.05639855580203073,1.2360466287267404,0.9451168681879418,0.340785467037972,0.01978948248266747
1.8503810995757264,0.9860834188447931,0.22371708129488915,0.003157315961456584,1.0899440296600644,0.924818261020815,0.0430155095243052,0.0034968825178076537,1.082624311368658,0.923637969736782,0.6573071718538566,0.05434305625573019,1.243919439648226,0.9460496237641863,0.3380087436244405,0.019275626173790163
1.518957800817648,0.9706173967941304,0.1909109404404659,0.005779270420197717,0.3700360776039499,0.7009948108304856,0.023625451401251208,0.01007729651675629,1.07695202762318,0.9227116597632014,0.6397182238950206,0.053584193091011256,1.2263616176542682,0.9439485677687581,0.3289761456690911,0.019534522074918164
1.427640798035077,0.963989311846417,0.17502967246647644,0.006538390908859209,1.0178493492399743,0.9124309461746973,0.11275537261041946,0.010821510750604663,1.0623782662503383,0.920284319811029,0.6657743882421273,0.05766984948957419,1.2248225644253232,0.9437607711716939,0.3306901689436602,0.019706010941103507
1.6579577942226864,0.9784920263007317,0.1580895136853609,0.003474923669362484,1.0233680728321544,0.9134409639869694,0.07567930058119318,0.007171484050656084,1.086311389642009,0.9242346140523868,0.6883662013809547,0.05642975293063882,1.2159236020025117,0.9426632621995311,0.3336148229099399,0.020291854360489824
1.3765558139758405,0.9596755354139591,0.19025643584114948,0.007994357078232128,0.5977731001039721,0.7984159730225412,0.03287766912791858,0.008300952341106515,1.0749864188981288,0.9223882719212156,0.666857912592297,0.056110855433469484,1.2319250686316003,0.9446225154842843,0.33606066653362604,0.01970119709433982
1.5116105831045386,0.9701310589505643,0.18774846855856983,0.005780505518052395,-inf,0.0,0.0,0.01985099983854067,1.090626993215176,0.9249275287338068,0.6848106013251657,0.055583191756814795,1.2346989838813218,0.9449556865857629,0.3357919739967496,0.019560111570358682
1.6066321590152544,0.9758590186190348,0.20984481812284816,0.0051911800275869285,0.7808657824236658,0.8579065100775871,0.10348784990768924,0.01714050375561381,1.081377287266194,0.9234352023563743,0.645526670325832,0.053522563100195465,1.2144071824082596,0.9424742473265939,0.34010278928197196,0.02075883664223938
1.3302423075753418,0.9553403010399614,0.18777022853613343,0.008777774653652579,0.6274181845794987,0.8091789106496157,0.04076590487955528,0.009613441817491077,1.0958419170360156,0.9257570672455078,0.7187152563310686,0.05763880215808757,1.2169878973036803,0.942795573308388,0.32790611488573196,0.019895809698054753
1.5935978501402777,0.9751417863195244,0.18208064437866953,0.004641580976779665,0.7718775028821985,0.8553648367930218,0.05456354020088311,0.009226246161455055,1.0782265412263394,0.9229206862995504,0.6587655878499684,0.05501794482962552,1.2147441294564643,0.9425162967514636,0.3287883934203503,0.020052676546899267
1.5013419714880432,0.9694382526683373,0.1831208641494745,0.005772924233067834,0.774856600106377,0.8562114139999372,0.03921759439470611,0.006586039793600787,1.0927552827758098,0.9252670996806714,0.7061599844297392,0.057035837266989735,1.2107688001195627,0.9420183509382799,0.33811794472557416,0.02081131009074448
1.409448571598621,0.9625065734578889,0.16781037065674384,0.006536875673086863,0.6917442901451369,0.831009691575061,0.07959213260522882,0.01618548998106524,1.1014530909070137,0.926640214476639,0.7327598704876045,0.0580107641555974,1.2442680197365081,0.9460905753929687,0.32742956555356884,0.018657346281027422
1.536507329509,0.9717481815285826,0.1963841591735221,0.0057095137619962615,0.36025367622097665,0.696252315337991,0.02967763535488808,0.012947192887846405,1.089334901718926,0.9247206830577438,0.7062607614310312,0.05749501301067556,1.213651645678891,0.942379854846491,0.3322651616606084,0.020315764121949558
1.280040579974036,0.9501405729289458,0.1958292758235755,0.010276306237722469,-inf,0.0,0.0,0.019878391478893937,1.084698147524256,0.9239740870498947,0.6934422725221481,0.057057424645984886,1.2268881180905875,0.9440126762872602,0.33479799539225236,0.019856135640172835
1.4907503073207238,0.9687073538440587,0.19119003144728441,0.006176108789596589,0.6285012632250766,0.8095636899025598,0.05816565389071478,0.013682496682485553,1.0848228715060488,0.9239942583649173,0.7250372402052349,0.05963997357772411,1.230757876369057,0.9444817589339978,0.3332702811339938,0.01959019285773673
1.8480371833412728,0.9860091607560078,0.16389968209113387,0.002325631642732696,0.3655032288741267,0.6988025686557168,0.030001177440244907,0.012931088103595367,1.0876496931302733,0.9244501182039023,0.7043212056988107,0.05756003789627238,1.2459989149285509,0.94629348931661,0.3451548333922053,0.019589125315011127
1.488938050164974,0.9685806120015122,0.20250292397660818,0.006568909041139668,-inf,0.0,0.0,0.010708284382485878,1.1054942907361043,0.9272702591803973,0.7294502923976608,0.0572138814780471,1.237915670861008,0.9453396744359459,0.3359766081871345,0.019426446685814797
1.40718231957278,0.9623178042443992,0.21587316347405616,0.00845310641508643,0.969327697404115,0.9030829985423329,0.09033847870559791,0.00969493887773976,1.0906832173486805,0.9249365175600736,0.7172214989771248,0.058206311862381906,1.228071388269263,0.9441565037451146,0.33736284173330855,0.019953811168108484
1.3610154718170455,0.9582677868112247,0.15933497367029228,0.0069389800858937105,0.9273942135488054,0.8942969462471002,0.11476993124382,0.013565440721218892,1.0950050080207683,0.9256245103202582,0.7092234460873365,0.05698729939297847,1.2504298000566954,0.9468096468045133,0.3484029710028284,0.019572759048813965
1.607110202656751,0.9758849363973122,0.17212589779953338,0.004253397934831469,0.5245352332257359,0.769907151545932,0.028043368864083443,0.00838098283569473,1.0937593079663444,0.9254268023932102,0.7164554645683701,0.0577337665145989,1.2460997713205755,0.9463052905362849,0.3469966604144746,0.019689084539806063
1.3819775394203409,0.9601558829023562,0.2075220731567481,0.00861165768021874,0.6056346605934775,0.8013137054841234,0.0608875128998968,0.015097101469217075,1.1179798331966497,0.9291854397420841,0.7495470702901044,0.05712406146822113,1.243875272923558,0.9460444329082223,0.3527118449719069,0.020116145662359856
1.510423516163004,0.9700517541825587,0.18488150061776928,0.005707815695116363,0.8361400002222931,0.8727264550304654,0.1312591261372571,0.01914209681257896,1.1154106084951914,0.9287951873783747,0.7324946647197574,0.05615570155453731,1.2403784188071365,0.9456319545146287,0.3443333707738964,0.01979705981274221
1.2655773218534976,0.9485390394641873,0.18442884492661135,0.010005793241567688,0.663192140668804,0.8215752128527,0.09959886954143496,0.021630286332930515,1.1054889111908923,0.9272694238045404,0.7355273953869997,0.057691249059581264,1.2387396255218768,0.9454376261832549,0.3446075303126994,0.019887726454142954
1.403630504373103,0.9620201147406149,0.20618117388476462,0.008139889391917808,0.2545175935538598,0.6424579562617259,0.031376858725637516,0.01746191495569448,1.0967908168334466,0.9259070993538449,0.7123152488393478,0.057000862179182474,1.2306591607061945,0.94446983897105,0.34364276582860476,0.020204497100389785
1.3925280226371441,0.961074945179252,0.18090833947680005,0.00732707378023631,0.9331043271365342,0.8955333998652835,0.2203158858878985,0.02570049487583515,1.106938015785246,0.9274941321852663,0.7354288139758283,0.05749136573796301,1.2160184701522465,0.9426750676805319,0.327480285056855,0.01991437539876291
1.3511172191379455,0.9573467575267011,0.18091411574063798,0.008060374764796428,0.6636464143034041,0.8217284943159447,0.055939088548025484,0.012135815675166242,1.105513123192106,0.9272731835548025,0.7404825856289817,0.05807667259334852,1.243712051956368,0.9460252456802168,0.34751048857910277,0.019826947885643677
2.0079762831746946,0.9902774406615643,0.20427816979541116,0.0020056062531890978,0.885899243820673,0.8849188478114587,0.09599254426840634,0.012483554422237175,1.1113423499306254,0.9281731760212181,0.7306395065015755,0.05654065058246531,1.2478805245142754,0.9465132542407391,0.3462699152354325,0.019567450151699386
1.4558469815516584,0.9661771815184699,0.1770342272019646,0.00619741041933886,0.5816484285867118,0.7923739807103107,0.0629947157234635,0.01650652643871971,1.0950411813249399,0.9256302442604266,0.7244940469664745,0.05820946932294964,1.2417125502725967,0.9457896741301016,0.35362992523077597,0.020269193044151465
1.500971900078234,0.9694129961611234,0.1928055355466789,0.006083417159947742,0.7806013796917667,0.8578322782078583,0.09394713290987275,0.015569768349826343,1.0955511633649315,0.9257110398031612,0.7251653460808067,0.05819502762177169,1.2461494703849971,0.9463111049306672,0.3493986423067688,0.01982310779872951
1.5779495462851165,0.9742532557244378,0.17620147270271447,0.004656504078378361,0.5410713991976963,0.7765828944585567,0.048233192453487866,0.013876329656340024,1.1122220791230537,0.9283081045258725,0.7710992985055117,0.05955088621882157,1.2634534900223535,0.9482998061190805,0.3535357936473356,0.01927435707301708
1.6860389043894615,0.9798115193178466,0.18119111343212133,0.0037333438331577894,0.8941810812141668,0.8868466424907383,0.09717779663598582,0.012398980204549706,1.1044803805432277,0.927112655345501,0.72049959744979,0.05664392798432901,1.2382468673061904,0.9453790669740288,0.34712883782666404,0.02005597718913137
1.2840738526805535,0.950578693414122,0.18565455130266967,0.00965232080474961,0.563700915207903,0.7854930252737916,0.0302991315535542,0.008274261944106878,1.1181502762734248,0.929211259184628,0.7458346735284658,0.05681883088873964,1.2375701607977487,0.9452985509082642,0.33998070119009327,0.019673612109585552
1.5656946802220142,0.9735358903909521,0.18600150521449307,0.00505617129273735,1.2071913736595452,0.9415667882613207,0.13250188151811634,0.008223007220569728,1.1225102992433669,0.9298687839788714,0.7779808622728739,0.058675745279779846,1.2236815799414387,0.9436211654960476,0.35290828943124397,0.021085324039396384
1.4464422156802084,0.9654623237002431,0.16175618548958176,0.005786536291246469,0.8941187660296643,0.8868322429164943,0.11632797579451085,0.014844494222983198,1.1043822898394846,0.9270973912851956,0.7573013454646896,0.0595506407272627,1.2738685709141893,0.9494629981516949,0.3632325486577541,0.019333753941560842
1.4627841633194745,0.9666953060958249,0.20044653399454712,0.006905806221199821,0.8781648671491411,0.8830927482385061,0.1317489963719113,0.017441444422342012,1.114394265640675,0.9286402625390118,0.7441446083166956,0.05718249146047396,1.2212811109754254,0.9433263904948932,0.3545866340353363,0.02130302367826913
1.49945103762882,0.9693089884697492,0.1707153063797596,0.005405320180475153,0.89132825541108,0.8861857811322303,0.12492645204673447,0.016044498634874168,1.1108079627242484,0.9280911000116769,0.7682398924098512,0.05952355926012545,1.2405386806025551,0.9456509233267737,0.3770698495419013,0.0216712083268734
1.5859125660246738,0.9747092038568771,0.19497466216216217,0.005059010845804607,1.0209345016647138,0.9129968864542521,0.12138935810810811,0.011567675929039851,1.1190303746913002,0.9293444418944823,0.7859163851351352,0.05975110875231209,1.2681209167854708,0.9488241781174718,0.34919763513513513,0.01883433874222297
1.695678776295393,0.9802459441299516,0.19368831332117936,0.003903234474607295,0.9447201587491805,0.8980092782612316,0.14825758052010646,0.016838242105657358,1.1068564700080885,0.9274815041335774,0.7758429203076214,0.060662084751631165,1.25123647380644,0.9469031117499523,0.35787179648372835,0.020067395016395425
1.3432700173318473,0.9566028075719275,0.17922535211267607,0.00813072785492326,0.60992630518048,0.8028823162266395,0.06091549295774648,0.014955517932162217,1.1114545299984235,0.9281903946685568,0.7449875724937862,0.057636088312152646,1.2616997867682926,0.9481014726829391,0.35921706710853357,0.0196633348931852
1.377487322105179,0.9597584569282646,0.1470395778364116,0.006165196526313093,1.1101109769549717,0.9279839206328723,0.14112928759894458,0.010952321210286012,1.1194250088618607,0.929404085512785,0.7496358839050132,0.056941035209144404,1.2387607106341496,0.9454401306101172,0.3519155672823219,0.020308496292408718
1.508082498583932,0.9698947586119068,0.19577026746838067,0.006076650179223719,0.8367788173024419,0.8728897490850929,0.14719054530375286,0.021433894905366985,1.1243316881135643,0.9301417876683238,0.7681526021148662,0.057692029637964146,1.2460850299171897,0.9463035657953808,0.35459257723408666,0.020120770629129803
1.4197024302339418,0.9633493746182745,0.17046065974090477,0.00648517552104215,0.6954268032751032,0.8321971216518494,0.05262613302429535,0.010611448138970863,1.1275762842460202,0.9306256786703887,0.7844253135217913,0.05847568469966546,1.2598719987003912,0.9478939954020538,0.3543106659492571,0.01947655885426594
1.5259208661405914,0.9710712136551413,0.19831180510137345,0.0059078260778084035,0.8344526116753095,0.8722942638397091,0.11181736429038587,0.016370300039977276,1.1256874584823184,0.9303443624203313,0.7990721059516024,0.0598271771834957,1.2714362861039172,0.9491935897741918,0.3590786461739699,0.019219996002272394
1.5872489751458165,0.974784949630003,0.16516173742891502,0.0042722874722748464,-inf,0.0,0.0,0.010752723525725457,1.118269173303355,0.9292292650630627,0.7677177391410693,0.058469906906612676,1.2345667676386227,0.9449398492095699,0.3424308513890871,0.01995290422829547
1.7493350901352598,0.982501606483768,0.17539288167090858,0.003123754346221698,0.546087422094516,0.7785804068997108,0.029087383347473034,0.008272127744384938,1.1256544467567515,0.9303394363781844,0.7740677897628571,0.057959489201373955,1.2430863824029266,0.9459516362951387,0.3591483860542157,0.020520481014756432
1.3921542194477954,0.961042733190534,0.1840795012953368,0.007461930670146489,0.7755462632360952,0.8564068085452631,0.06140705958549223,0.010296083094797103,1.12595742432514,0.9303846348964828,0.7748745142487047,0.05797943151203906,1.2687057131047557,0.9488895225260009,0.36896858808290156,0.019873926586967502
1.295841428522134,0.9518361952586927,0.1755634158665993,0.008883673602281629,1.011863639423604,0.9113234280758699,0.23666498231430017,0.023028749925180076,1.1034967118093935,0.9269594516119241,0.7849014653865589,0.06184697007268879,1.2801664160905954,0.9501542975227529,0.36226376958059625,0.01900458917449453
1.5700968150186294,0.973795789623129,0.17330112592829194,0.004663420411923406,0.7358577285850499,0.844798653622668,0.07803641300007985,0.014336382180693557,1.127745752487745,0.9306508673159241,0.7767707418350236,0.057882476804632495,1.251674988530207,0.9469538550276079,0.3642897069392318,0.02040665920905442
1.697044961440632,0.9803067661180609,0.17420828075235864,0.0034996437192942285,1.1811362180991059,0.9381772019319877,0.23347955852012098,0.015385536516634,1.1286330764911938,0.9307826151940154,0.7651783746970334,0.05690227249848507,1.2601824143705826,0.9479292867171056,0.3687478717224526,0.02025569308933862
1.4358456629255691,0.9646394229390065,0.17615192284795808,0.006457162639413767,1.1864175674727584,0.9388787877027256,0.14081041393816723,0.009166788425415856,1.1282926024570525,0.9307320897885072,0.8020200817557646,0.05968877147396535,1.2736071099252133,0.9494341028238775,0.3750049609080446,0.01997238379937317
1.373047015474456,0.9593617153612287,0.18275433508906908,0.007741420748192516,0.7804042369802526,0.8577769087406864,0.14669270679213273,0.02432228008539261,1.129856129744589,0.930963831664798,0.774062456846383,0.05740105496606217,1.27619419874021,0.9497193275148692,0.3733404351857332,0.019765637702825554
1.5041787383548435,0.9696311856512686,0.1730371489937157,0.0054195173700961104,1.0210635077937549,0.9130204791107709,0.1437236496698751,0.013691931862155381,1.1145368477137125,0.9286620155936249,0.7972714978919736,0.0612448239824996,1.25720135056549,0.947589432955945,0.3737371728581656,0.020671164613809207
1.412475106880338,0.9627572542008445,0.17019567900025465,0.0065837513884874225,0.926657249447372,0.8941364289346773,0.14165670969384758,0.016771808717626926,1.1369741292984508,0.9320097954840385,0.807376647797387,0.058898204365595404,1.2616926505914663,0.948100664156279,0.37327874953479717,0.020433399023795398
1.4836381431372814,0.9682071017092773,0.16162541414928863,0.005307273974930226,0.8215759221769652,0.8689547616160127,0.08333658156304814,0.012567814435732528,1.1359894045169672,0.9318659743153351,0.783356070941337,0.05727562131128324,1.2641086130776558,0.9483737126353058,0.36384720327421555,0.019806622666584128
1.396429720011515,0.9614096466265073,0.17126739813127592,0.006874561159684522,1.0489739600107733,0.9179904891206375,0.11229791028573644,0.010032235414693395,1.1344077467273812,0.931634379496797,0.8088434846663823,0.05935492284973185,1.276733698978702,0.9497786147328562,0.3782227736207498,0.019999262287199497
1.645794527361447,0.9778946426743599,0.1903322091716091,0.004302469111407076,0.7773007758772252,0.8569028987927455,0.10718300577586541,0.01789885113799386,1.1153635601807776,0.9287880224931816,0.8012753420940419,0.06143533320423291,1.2310703057265935,0.944519469055505,0.37452029305733225,0.021999106835867258
1.398318838840088,0.9615707077516609,0.18680132603500116,0.0074655380958529765,0.9869066094616715,0.9065683646374606,0.16820214324261815,0.017335042703510356,1.1241117500923719,0.9301088739285277,0.7979916737337137,0.059963449695238445,1.2566718210850691,0.9475288456108425,0.37369902089276075,0.02069427132606192
1.4627863256413598,0.9666954663945543,0.1572420730881585,0.005417294369742197,-inf,0.0,0.0,0.015387645486038149,1.1307204818789889,0.9310916353559995,0.7974502331160164,0.05901781238534195,1.2840163483784157,0.9505724726428265,0.37076086746242093,0.01927869094348795
1.6645170048513818,0.9788075911446208,0.19222371193257998,0.00416188383889635,1.0801077943350141,0.9232282744268372,0.2095000957670944,0.017421134409870438,1.1278611002724095,0.930668007011055,0.806569622677648,0.060087033188321946,1.2909941019435283,0.9513219240877062,0.3814020302624018,0.01951591413182286
1.3804402394897068,0.9600202429053897,0.18661724170706206,0.007771619450997141,0.872738615920831,0.8817966395345802,0.16426195228590437,0.022019039182381604,1.128210086765372,0.9307198395498804,0.7981750784145993,0.05941390217553934,1.287387093354254,0.9509358663607309,0.38021100655831197,0.01961722582648019
1.9161028598203624,0.9880143826910502,0.20481836576464135,0.002484654669918011,1.344358429853716,0.9567067291153413,0.19222405022597908,0.008698598665313917,1.1316004068012135,0.9312215165774735,0.7755148351960062,0.05727824506513566,1.281749427948819,0.9503266467018054,0.37977723568011196,0.019850867981048327
1.3808532236343094,0.9600567249891958,0.17697610908465902,0.007363112211510391,0.9967233232904174,0.9084654421245336,0.19347630960792928,0.01949415755201726,1.1269925595116557,0.9305388528414058,0.8127112655882971,0.06066577085319972,1.265545924024334,0.9485355103761517,0.36869545289612893,0.020004230840454478
1.3462802493671975,0.9568896443950189,0.18769335244850222,0.008456071414443756,0.720994556417109,0.8402583146161261,0.11633215121104655,0.022115929798652408,1.1296375475990175,0.9309314772116962,0.7919716290651173,0.05875868616411081,1.2593947186818342,0.9478396890954817,0.37416056741869763,0.020590329513838525
1.7756956690957315,0.9835151356153408,0.16304205301114547,0.0027327755675092503,1.2086533609613734,0.9417517256337685,0.1904654865598951,0.011780478459938525,1.124856335357382,0.9302202432851736,0.7844338297274516,0.058843700932533285,1.2520521146152377,0.9469974580258227,0.37085323592769504,0.020756300913936692
1.463618258057369,0.9667570845303843,0.20465560150446285,0.00703728885990117,0.6961796748597543,0.832439064100464,0.10420837933421905,0.020976014128654907,1.1360644380775342,0.9318769430452832,0.8157968600886959,0.05963724757658352,1.2931804067948123,0.9515545193118686,0.38431167081454315,0.019566050340587372
1.5098378938028292,0.9700125551879644,0.1632599433151266,0.005047098116405047,0.9645080273689974,0.9021073278976187,0.13940349494153198,0.015127446810615128,1.1332828023303771,0.931469215415708,0.8059387728288004,0.059295160285259295,1.258960890013573,0.9477902804110026,0.37305028436285825,0.02054974728242055
1.3697419215856437,0.9590639761515432,0.17251190121987503,0.0073633787506200464,0.962944113893061,0.9017888600069998,0.13874218982445702,0.015109998839062385,1.129022527310226,0.9308403667905304,0.8159216007140732,0.060621391858661125,1.2706845445187667,0.9491100496201861,0.3774174352871169,0.020236593809036318
1.553631471369146,0.9728107706005171,0.1822663764395081,0.005094189405167802,0.8594680405790295,0.8785743396001789,0.10647243772208889,0.01471530123525683,1.1168880911339703,0.9290198515844664,0.8187568603374821,0.06255569605307508,1.2520064192896134,0.9469921765730236,0.3687001172071217,0.020637964276691727
1.6267336082098107,0.9769257315717451,0.18200658746900558,0.004298861949529936,1.0358016723478927,0.9156779628791948,0.16890566596350987,0.015554016163615372,1.1263435895954015,0.9304422041157735,0.8139410088449724,0.06084842487217549,1.2937459701063,0.9516145161680575,0.3980052551719033,0.020236846445653968
1.3441942176459407,0.95669106537936,0.1619234543670265,0.007330195245367912,-inf,0.0,0.0,0.01232892527634196,1.1310167396271784,0.9311353897891902,0.8068583702112689,0.059673370563767286,1.2872563164447839,0.9509218149123005,0.3855611309645046,0.019899260119344103
1.2539916313965145,0.9472211693286033,0.18109553670232387,0.01009057966233211,0.8680099094813701,0.8806570166437093,0.16196975285872373,0.021949468583478713,1.1355758684228139,0.931805492445303,0.8213389893028403,0.06010997827882806,1.2816972832508275,0.9503209784946606,0.3867945407598672,0.020220088521033644
1.5975588153477398,0.9753619133874264,0.16965118618646083,0.004285466309291469,1.0157506216842898,0.9120440557207469,0.20941632675458652,0.020195746742339392,1.1468678764624256,0.933439253557277,0.8102650399663441,0.057777563640131716,1.2945309611094793,0.951697673783532,0.38290867187357097,0.01943409140260085
1.3550629435520927,0.9577162111750044,0.17704199061237064,0.007816518146879763,1.0561450999121502,0.9192250409178403,0.13648308233204662,0.011993162609854795,1.121457668711491,0.9297105582134335,0.8010293771181065,0.06056068447847734,1.2881154265641903,0.9510140530376345,0.39014842603164246,0.020096222599436293
1.2950355408805028,0.9517510545336052,0.18266270989622693,0.009260071829230393,0.9818181077146808,0.9055711953311043,0.23108399535509558,0.02409637759239452,1.1344795946500872,0.9316449156520031,0.836562033435939,0.06137882297981114,1.2940995064323972,0.9516519846607889,0.39761856487198866,0.02020073386432154
1.5692768691132069,0.9737475694914804,0.17018388474625354,0.004588191794208142,1.1339795230930663,0.9315715513241549,0.23850720335915443,0.017519510874588983,1.1324760399197111,0.9313505392075591,0.8214725258814161,0.06055039814068958,1.2723663811215193,0.9492967704946561,0.38047491493520597,0.020321681830786906
1.2712332985483823,0.9491710448078203,0.16649019220760575,0.008915698140972253,0.6391467930646164,0.8133141032818288,0.13323522549846556,0.030582449568084983,1.1176574536935713,0.9291365805331269,0.8050645178657957,0.06140068728613123,1.2801964183639098,0.9501575692583865,0.3816873351160245,0.020022178616458542
1.733094130353117,0.981846947489845,0.16851549755301795,0.0031156288499704877,1.139633294378187,0.9323967671704659,0.2123799166213522,0.015398561489269269,1.121966435838465,0.9297870745151946,0.8120355265542868,0.061320910431777696,1.3047538224900046,0.9527683104355974,0.4005618995831068,0.019857099659188894
1.3995016384393841,0.9616712212983552,0.16547608443929812,0.0065952854576697365,0.8107812004007333,0.8660983280498838,0.13686648258662154,0.021160011812451567,1.1478355867314636,0.933577561098761,0.8234434844571124,0.05858658863930204,1.261750703274415,0.9481072411620387,0.3843591342299813,0.02103713060488605
1.3886548471358746,0.9607399365693049,0.18851945354604216,0.007703734821898608,1.0174866479981972,0.9123641940667697,0.10445650033123847,0.010033416097456902,1.1446564522212757,0.9331221868551982,0.8403430556301588,0.06022823874906618,1.2770352511852843,0.9498117243108944,0.37848919446384127,0.019999458367267946
1.629361066341012,0.9770617157444308,0.16645710590602097,0.0039078804850342114,1.158468699794245,0.9350797823323964,0.21791924127029746,0.01512958021821256,1.132121297333582,0.931298295698647,0.82871102169852,0.061133859931841596,1.2888684231505634,0.9510947630753951,0.3889747090099152,0.020001056719414576
1.352108196060751,0.9574398355989544,0.16043045771531736,0.00713146288824247,0.9819988241237212,0.9056067721469359,0.18536939360685334,0.01932142729700904,1.1310485864376219,0.9311400917264326,0.8261885376473503,0.06109850432235904,1.2633832329548105,0.9482918742591295,0.3776947856561294,0.020594808411319943
1.2397755731864744,0.9455605449608083,0.15472066791011635,0.008907847190975602,1.0196147725075664,0.9127552014840601,0.2441069366728839,0.023332718862343303,1.1416783643526747,0.932692982753291,0.831814548361311,0.06002720851115,1.2561279311760274,0.9474665463108457,0.3925393018918199,0.021764826755520494
1.340833064408601,0.9563692633546524,0.1765453230047114,0.008054213774047152,1.1084047877787504,0.9277209283086457,0.24088157964390958,0.018767170636056204,1.1303006535868794,0.9310295866473305,0.8253251221965379,0.06113985596657505,1.2859183436545631,0.9507778357403721,0.39263468087734466,0.02032686083928516
1.3471006101583378,0.956967499888548,0.1636565077466894,0.007359234967404287,1.0425244452803462,0.9168655180940458,0.13242354430824965,0.012007172841554363,1.1228126481273477,0.9299141705243068,0.8218876949861948,0.061944083298026545,1.2785538521869848,0.9499781483975055,0.38738722895380123,0.020398181276186787
1.4310502487914185,0.9642608447435677,0.1653094176699779,0.006126992478916774,0.9541435984636596,0.8999795005481518,0.1867913931692934,0.020759326658796123,1.1426846369336687,0.9328382925847446,0.8404647407771421,0.060511074064623936,1.3067430311349233,0.9529740019312848,0.39085260977921304,0.019287235575556547
1.4320018211981942,0.964336276568892,0.16600720695258955,0.00613938857241042,1.1936425143418499,0.9398265131309884,0.24349961138981135,0.015590346158421338,1.1243779435949233,0.9301487079794645,0.8464283190842931,0.06356414967155262,1.2991206973182012,0.9521811757059973,0.4080936903836642,0.020494587557329597
1.5140758489688049,0.970295106998952,0.1912843877160644,0.005856035167951036,1.2608840412293567,0.9480089718135419,0.13306437589121134,0.007297561440097971,1.1199638113023422,0.9294854430943825,0.8103850033040031,0.061479111755316125,1.2883756551296328,0.9510419599465488,0.4007581817549473,0.020630356956290015
1.2736461881487793,0.9494384225427435,0.1528260183138617,0.008138626349001114,0.8550763888887372,0.8774914240054917,0.10451531417745501,0.01459162102240502,1.1476429635725787,0.9335500522174125,0.830684489351998,0.05912799298777223,1.2905196411283117,0.9512713077064379,0.39573027400624494,0.020271208221123146
1.4689676271748764,0.9671506704544159,0.1604376987968469,0.0054492758991073744,0.7795433313437057,0.8575349041056886,0.1360634766975522,0.022604673188954087,1.1346519183770192,0.9316701799728002,0.841896003319043,0.06174567312016847,1.249561008177337,0.9467088108988828,0.40284884524961967,0.022676765806140968
1.5448002438244288,0.9722677170911419,0.14985397697990036,0.004274329808108326,1.1754809499963599,0.9374176082324542,0.16148428105136575,0.01078075817256358,1.1413864331965484,0.9326507721549163,0.8252362137089847,0.059592532856305516,1.2804092719345996,0.9501807750110711,0.40709500085895894,0.021344525139886557
1.3157243780946961,0.9538921474599777,0.16884206920178144,0.008161242599635308,1.0603374734294952,0.9199389072349773,0.14760191846522783,0.01284560397826668,1.1207063002224629,0.9295974147662773,0.8404590613223707,0.06365173758048764,1.2802930849538796,0.9501681093265375,0.40097636176772866,0.02102934209864683
1.5064416891805,0.9697842460297119,0.14961575408261288,0.004661606778979237,0.977535996223985,0.9047246749834839,0.16112597776862905,0.016967957573159307,1.141520997616289,0.932670232000411,0.8346027171675586,0.0602502421442068,1.3266082034523445,0.9549819222357985,0.4118464388637299,0.01941454029650095
1.3794181983270881,0.959929820754921,0.16782764199948905,0.00700559931757283,1.0786437159648663,0.9229889923982313,0.22753981095120498,0.018985134443843695,1.1366982014858114,0.9319695240405683,0.8353061398279826,0.06097439111309351,1.3162601286107978,0.9539463736755239,0.40975900536489823,0.019781917135923584
1.4212693941350614,0.9634765531988897,0.16122814498933902,0.006111832775596609,0.9820274233763229,0.905612401250919,0.18374413646055437,0.01915076229165936,1.1328699190908433,0.9314085033090586,0.8575522388059702,0.06315251722675257,1.3213327279664997,0.954456799370594,0.4023027718550107,0.019196422367613902
1.26030685629239,0.9479434282381985,0.16918661268002666,0.009290928953938404,1.1130552985917488,0.9284356838924025,0.2268976474809082,0.01748939129560188,1.1363213209894216,0.931914482906137,0.8192472622281448,0.05985406869371828,1.2841656499966456,0.9505886224392441,0.4123485896844515,0.021433784678867092
1.464465784022651,0.9668197444196819,0.15775075987841947,0.005413843232894559,0.8982468154185479,0.8877826891731853,0.1867612293144208,0.023606951538887255,1.1394712995909697,0.9323732516281559,0.8390577507598784,0.06085840330682682,1.2945854721613113,0.951703443343383,0.39540695710908474,0.02006590880805417
1.3530308890244562,0.957526325550248,0.1664166652621644,0.0073818620697417145,1.0717660125998307,0.9218557617811121,0.17454030640621576,0.014795502559155859,1.133795958401146,0.9315446026767433,0.8494429743987326,0.06242208494239168,1.3088080857471551,0.9531866351327192,0.41806414642778894,0.02053216936043944
1.7018463702049134,0.9805190705012199,0.1647020692243394,0.003272296781767252,1.4248597608152287,0.9637663569917423,0.2833114412923696,0.010651342568114395,1.1495093378711494,0.9338161477630101,0.851026082803091,0.06031613894125814,1.3102022187072602,0.9533296680415521,0.41592603333276473,0.020361693018195823
1.4677607658000504,0.9670622693691834,0.16893696129795505,0.005753921232445973,1.244940056864811,0.9461694444405173,0.16097684637485213,0.009158479090070183,1.1259819565190634,0.9303882934478258,0.8334629034983945,0.062359743205116835,1.2887652185038478,0.9510837085359589,0.40708129119486225,0.02093707095487819
1.1560118345991333,0.9347355158516778,0.1556009647594801,0.010864267512886666,1.0169620940994595,0.9122675729764023,0.239380946000268,0.02302117492490504,1.1424433422467495,0.9328034752129793,0.839675733619188,0.06048786560783213,1.300738424389657,0.9523504956185831,0.4164377596140962,0.020835871816741805
1.3896255276697151,0.9608241539380246,0.17822844213525518,0.007266938476035459,0.7865706092863081,0.8595002926586798,0.18290455040643594,0.02989880983519929,1.1370638610781154,0.932022887002712,0.847766697393782,0.06183188566259659,1.3088541321227414,0.9531913659707103,0.4119165339813961,0.020228100020726735
1.3110661265170738,0.9534180931265146,0.15718667689127463,0.0076797946226203895,1.2676728531006898,0.9487740585731582,0.29715266895608977,0.016043783108558318,1.1351582041862358,0.9317443563080358,0.8361784416363818,0.06125488970106093,1.3231251789243876,0.954635871645635,0.42781649051445336,0.02032976422136354
1.5666831061328297,0.9735944638771642,0.17289796999701956,0.004689286722256158,1.085084170522331,0.9240365017146533,0.20260290757360003,0.016655646820785505,1.1284223537831761,0.9307513485510915,0.8521873033745074,0.06340342308655504,1.3250496132090854,0.9548273829209241,0.4219624466006557,0.019962925616702817
1.4278276334048086,0.9640042429440834,0.1597302377733074,0.005964300339397249,0.9940910884393679,0.9079601890085508,0.20776308412755995,0.021060917896611728,1.1470942836260392,0.93347163617582,0.8384889357913136,0.05975896301616941,1.3181489388346253,0.9541370665877642,0.4180819839725621,0.020096133839933313
1.3250838981497082,0.954830787815066,0.16441666666666666,0.007777892583879104,0.9727991556108571,0.9037803567611599,0.27515,0.02929343909624637,1.1472440450614227,0.9334930482497794,0.8617166666666667,0.06139322502702359,1.3067179445786967,0.9529714131987963,0.4359166666666667,0.021512234797905937
1.2908837384971659,0.9513101547598314,0.14396835860250495,0.007368571716347097,1.1326242273122122,0.9313723521033973,0.3669578114700066,0.027039079935750294,1.138446668552899,0.9322243379620883,0.8491100856954515,0.061732992647331675,1.312354184771912,0.9535496361717442,0.41804548450889917,0.02036429370384703
1.2143391215400299,0.9424657501412598,0.15251461605227387,0.009310485846033317,1.0503438533541511,0.9182276441081574,0.15539688518415407,0.013838800738900094,1.135564159353387,0.9318037792069443,0.8411804202217382,0.0615637400752554,1.3107536630284007,0.9533861294078713,0.40682573735322536,0.019890914803122363
1.3073581190689891,0.9530374317352052,0.15547122698076324,0.007661113684697456,1.2726084175789785,0.949323588431172,0.23125195078277727,0.012344599014261203,1.1400481682279788,0.9324569566499682,0.8382205575542523,0.06071697685561651,1.3043603409850213,0.9527275218204418,0.41174248024575755,0.020429857401225646
1.4937348697233168,0.9689150043035633,0.16515035199189848,0.00529839868113424,1.4907363859704414,0.9687063821300566,0.19120265259787989,0.006176714489029007,1.1407488284611618,0.9325584948785819,0.8434901915946621,0.06100019289803781,1.3274633495836397,0.9550664986132177,0.4328601995981902,0.020364994905768315
1.4756891876195615,0.9676388382806546,0.15666183393878183,0.00523930907150268,1.2353740362030758,0.9450364801325758,0.3759753693778813,0.021866806328539087,1.1406557941929845,0.9325450207026382,0.848616156515223,0.06138404473599597,1.2996817169749366,0.9522399596313891,0.43489663935360906,0.021812444270603717
1.272524936766084,0.9493143401719323,0.1605985932731694,0.008574657858887714,0.9270664761006423,0.8942255886424587,0.13642965549880054,0.016137724848609394,1.1456208291720729,0.9332606280756864,0.8579401733113566,0.06135305250527837,1.330169821693273,0.9553331794656077,0.4261957994027123,0.019926881734686097
1.4102384086905329,0.962572149738367,0.15046041112768302,0.005850376763467868,1.2662033079317898,0.9486093519898182,0.276959989624538,0.01500423046625308,1.136188907160863,0.9318951348639951,0.8510310615394592,0.06219514782760916,1.3378499677286317,0.9560817467097577,0.43440762596459376,0.019954804297835433
1.737767765081967,0.9820377629618672,0.16941176470588235,0.003098673380458991,1.1924606486161429,0.9396724294813467,0.20588235294117646,0.013217778638520384,1.136594650051089,0.9319544050860415,0.8566478646253022,0.06254717319010812,1.305618673173081,0.9528578440388183,0.41850120870265917,0.020705133902219345
1.2921918808408295,0.951449483565481,0.15576132353417296,0.007948180989882083,1.0173641379038154,0.9123416367260265,0.18085278596173146,0.017376450413721854,1.1349495042488558,0.9317137885595701,0.846521190144721,0.06204236288956763,1.3177348202609909,0.9540953219142001,0.41867128565415873,0.020143658762693813
1.3044643025486853,0.9527383018141411,0.15363664200873503,0.0076213253850291466,1.0281687058063822,0.9143109703499985,0.20677206723718353,0.01937863415714747,1.133150860926155,0.9314498196053218,0.8472497542264984,0.0623534647483026,1.3288444334066256,0.9552027720484663,0.43249689761317667,0.020283297617697447
1.4932154670557627,0.9688789630465439,0.15827338129496402,0.005083846317130121,1.185203021801545,0.9387181068572981,0.20352646454265158,0.01328672256421142,1.1311252168978796,0.9311514044076846,0.8495953237410072,0.06281840373593717,1.3221087185849896,0.9545344060957044,0.43690583247687564,0.020810337507960092
1.2828511384632129,0.9504462611082662,0.15688706548357345,0.008179674113713795,0.9673116925307959,0.9026759487863749,0.2280475781573005,0.024587465973325475,1.1461290912949038,0.9333334845734442,0.8544827147536813,0.06103433127215632,1.304799830302202,0.9527730774583519,0.4306363896574754,0.021345724285390066
1.354499997733765,0.9576636880321685,0.15862656528798083,0.007012549226145426,0.9366049528634853,0.8962850848271813,0.22702502853284895,0.0262705270621916,1.1350436010796616,0.9317275722529551,0.8438168110723528,0.061830758240176496,1.3202988116583534,0.954353201502594,0.43287948689096434,0.02070466435347175
1.403815661816271,0.9620356890615626,0.14791977878778248,0.005837280819926921,1.1801110165098454,0.9380401428740676,0.3163398277341639,0.02089502318056151,1.1374093858417944,0.9320732759039793,0.8519530877538696,0.06208780342777659,1.3119642993099854,0.9535098564268011,0.4227028573244764,0.020609662703916606
1.44146622508456,0.9650782264105582,0.1782320215599439,0.0064494028908460965,0.9952209073660485,0.9081773621621224,0.249026808088131,0.025178229896152333,1.1427599547757694,0.9328491570674002,0.8638476934957684,0.06218379503711311,1.3140017847291965,0.9537173823905011,0.4354541299585507,0.021132001319754293
1.6159072875006488,0.9763570651355552,0.17027391822151647,0.004123261152482352,1.262273939155504,0.9481664849713853,0.2732195315601429,0.014936120311889234,1.1494270569628053,0.9338044375746072,0.8530051607780865,0.06046786039711524,1.3471621417585944,0.9569733340648406,0.4370146883684002,0.01964870319355303
1.452183913932606,0.9659004646620161,0.1548648266988844,0.005467249291030431,1.1398767076705005,0.9324320873541266,0.22972400483266125,0.01664675819473208,1.1444444986168583,0.9330917241212601,0.86804324290399,0.06224390943515493,1.3064341848037386,0.9529421220193177,0.4229833838043086,0.020887627908335597
1.4816695260032786,0.968067272697381,0.1538749123763533,0.005075727435694944,1.1450894498522937,0.9331843788163421,0.2308902562504868,0.016531648243188583,1.1428377701571093,0.9328603801032116,0.8630267154762832,0.06211356691066733,1.3351278169024647,0.9558178039007053,0.43403691876314354,0.02006313774535948
1.752489753982785,0.9826260518853737,0.1555205544180186,0.0027497805884875676,1.2699992303372611,0.9490337782045092,0.22650811151362418,0.012164227359453815,1.1342249567216824,0.9316075674294957,0.8588596629390455,0.06305176518387415,1.3158419509421666,0.9539040528473138,0.43280831627027877,0.020914796634406645
1.7457829323423812,0.9823604326305648,0.15403499444904853,0.002765899940166246,1.2247695136210057,0.9437542873288244,0.22797992275577378,0.013587109910156398,1.1375642194738023,0.932095844514291,0.8710146513846105,0.06345432679057987,1.3296824166465089,0.955285264900098,0.4289712757806514,0.0200791718105322
1.1837499725544927,0.9385253539522012,0.15414042453930488,0.010096400699574291,1.0562266595267538,0.9192389838866275,0.26144156752974107,0.02296931159153151,1.1387917063327908,0.9322745175873846,0.8684083663789752,0.06308589845013607,1.3260840888866727,0.9549300108657479,0.42698079465049377,0.020152282948972658
1.3733668337731364,0.9593904158862598,0.14610015269078558,0.006184204408844256,1.282070789294674,0.9503615656375376,0.2780530366769499,0.014523017248822736,1.147285357877753,0.9334989538047074,0.8746065875167492,0.06230564355975319,1.3371340460303598,0.9560124762862089,0.44018572185347915,0.020253584925711172
1.4095265240073664,0.9625130503701189,0.16699087001537352,0.006503785408945012,1.1831874088574676,0.9384505755560882,0.22997521413108274,0.015083204629871862,1.1427895250706157,0.9328534220909769,0.8540300567878769,0.061472889938288734,1.3342501858192661,0.955732385747783,0.4626486367772096,0.021428960337200854
1.3654891347310303,0.9586777908345664,0.14454295607347484,0.006230283335403673,1.0178517426444358,0.912431386507928,0.2684036457928978,0.025759454865154456,1.1440160326116973,0.933030104105503,0.8669161374470133,0.06222444829874538,1.3318930948591237,0.9555021944427194,0.4313463658525224,0.020087831118734096
1.3154240953167535,0.9538617276439728,0.1531091577135947,0.007405886842991612,1.13004127403767,0.9309912256815251,0.25206579538936175,0.018684119793607738,1.1427120255557923,0.9328422435400048,0.8673550067438723,0.06244315875556122,1.3398275529698407,0.9562725514820293,0.43286358774010514,0.01979354130668596
1.138197124397185,0.9321880247088795,0.15770881427885286,0.011472520493287158,1.025699348052342,0.913864449261948,0.35082038331035126,0.03306629002909153,1.1388563580412792,0.9322839161982421,0.8640286320747409,0.06275838748273542,1.340218870688244,0.9563102134047967,0.4505988255891421,0.020585962853986284
1.422257764243664,0.963556553231765,0.15833989288635766,0.005988700339733993,1.0666642617727726,0.9210053144885608,0.25302897007300396,0.021702311161255042,1.1321247858005217,0.9312988096300018,0.8686237286042815,0.06407769828724366,1.3179894598841173,0.9541209948039902,0.4566374959485114,0.021957460493381733
1.4451296500688806,0.9653614039412582,0.15216287336688056,0.005459829121170859,0.9908798900063942,0.9073404120977395,0.22435098410353477,0.022911213316773094,1.1410046978413422,0.932595539628343,0.8638413123432283,0.062435166190526505,1.316458000488867,0.9539663860092841,0.43399042826585416,0.020942192663653658
1.230669594743769,0.944471098999856,0.15222677049028963,0.008949967105481755,1.029910889959772,0.9146247372414653,0.25014619433073776,0.023349791668051116,1.1521720979352812,0.9341940732428246,0.8709642670277923,0.061351931473076333,1.342050014634124,0.9564860387515324,0.4592810316703087,0.020894332174826058
1.5647391943910272,0.9734791487735905,0.14328146882743126,0.0039034698617438023,1.408521771811991,0.9624294850372025,0.2454560844606553,0.00958190873961251,1.1418703242144514,0.9327207250308616,0.8641057604998692,0.0623299209537385,1.3489447281439921,0.9571420240752161,0.445480708558413,0.019947302492332945
1.6941205946605968,0.9801763498427681,0.15283346390770697,0.003090991862138174,1.224168372859219,0.9436807670748003,0.27145644192512713,0.016200625375906746,1.1152037491749625,0.928763680252549,0.8751555371215264,0.06712456677266822,1.3562513270575587,0.9578268835335181,0.44599597523695406,0.019637202223706466
1.5560303024820152,0.9729564864575333,0.14088883499560434,0.003916032392217675,1.2827750063260457,0.9504380041137059,0.2912056264589081,0.015185348226979594,1.1434868580405997,0.932953927942988,0.8749355806832995,0.06287662469793552,1.3327911456162118,0.9555900315103175,0.445296632006548,0.02069465852915712
1.4233501916659284,0.963644779640388,0.1522246115637399,0.005742945340939167,1.0822694582024526,0.9235803204486316,0.2820971014931702,0.02334152170761519,1.1453238447699978,0.9332180228311345,0.8677045158554684,0.06209376774720401,1.3770765152864723,0.9597219076516383,0.461428960838356,0.0193654830098992
1.350220739552846,0.9572623876418433,0.13972717859447453,0.006238212293476055,1.196979528304083,0.9402595842489531,0.28814322373456186,0.018307493239220173,1.1547427905600427,0.9345570275422929,0.8705824091720816,0.060963107597020935,1.3505621595452977,0.9572945382931287,0.4551825562375257,0.02030595647155483
1.3381342141296504,0.9561092206603847,0.14721876234164719,0.006758167448825033,1.1104380756293697,0.9280342387529597,0.2688580368806392,0.020848986474356332,1.1466550654374306,0.9334088022250305,0.8745025366831728,0.06238871032302764,1.3401990228115876,0.9563083039142383,0.4561169000820245,0.020839012791580618
1.6518674783168876,0.9781949081933208,0.14047266910144576,0.0031312976794610017,1.2772311021463887,0.9498332171160914,0.2245027315806948,0.011857428850771186,1.1432604264915773,0.9329213079247946,0.86745042407413,0.062371219729569743,1.356414284897424,0.9578420379444735,0.45132957049289185,0.019864585342494
1.417715791324905,0.9631875216900709,0.1601623571858088,0.006121314040306744,1.1395191861516951,0.9323802037430748,0.26614552014431747,0.019301896130573842,1.1500378501085413,0.9338913195522357,0.8780216476247745,0.06215375527515978,1.35033314505232,0.957272975133984,0.4521797955502105,0.020182641597794676
1.215629947673389,0.9426267051067345,0.1438899532990061,0.008757910929191528,1.1419387396336402,0.9327306099473791,0.2666596814752724,0.019231741655267122,1.1436615264619245,0.9329790808391597,0.87712549395282,0.06300865478275218,1.3371961384100068,0.9560184882831667,0.45322416477068617,0.020850521362835533
1.2826682247802605,0.9504264208065677,0.14875353302726227,0.007758880528144156,1.0626628006996313,0.9203323701812106,0.22533610492156306,0.01950598932879462,1.1395464876125572,0.932384167040564,0.881679103919604,0.06393873804579477,1.3402269604199035,0.9563109916650138,0.44086198387892744,0.020140752387181514
1.5363021915290596,0.971735210969894,0.16908660898721672,0.004918209484319881,1.2155132383197549,0.9426121698554988,0.2656048857887016,0.016170476637839607,1.1387546462398295,0.9322691295061604,0.8701913001826184,0.06322081509741274,1.3485108002390687,0.957101018804324,0.45314792084543304,0.020310901099544507
1.4040395469873597,0.9620545127308022,0.13854534089386972,0.005464524514491871,1.033121341569301,0.9152002112920024,0.26028783616853446,0.02411751356481195,1.1285965026873774,0.9307771893784792,0.8705779047789138,0.06474573090261486,1.367661119915424,0.9588754571840374,0.4670565998422408,0.020031265785128587
1.3680445037627185,0.9589102537885943,0.14608870728963108,0.0062599684205761515,1.173620047637135,0.9371657601615668,0.2637679872090958,0.017684876757703808,1.137571549649723,0.9320969127912048,0.8661692426126606,0.0631002686647442,1.3590846287625222,0.9580896285364886,0.45412151359033576,0.01986494870340637
1.2554327666922553,0.947386817702435,0.14743465489734148,0.008187792177544128,1.065721692092659,0.9208472675810103,0.2261768082663605,0.019441348217405046,1.1428206868166353,0.9328579163828854,0.8765413690786825,0.0630887221547522,1.342896069558818,0.956567048134545,0.46466965869950944,0.021098338019265
1.3908977490916854,0.9609342709717938,0.15377383435672945,0.00625150660776524,1.104767780770663,0.9271573612291586,0.2008843317566178,0.015782590339864077,1.1363764908428655,0.9319225427103424,0.8787495960278521,0.06419314411893579,1.3789474619776247,0.95988810782368,0.4802567793871375,0.020069014288967704
1.5142210564676617,0.9703047423663332,0.15390055248618784,0.0047099806447360275,1.1401300156099254,0.9324688251136211,0.22481031307550645,0.016281192635811435,1.143361777613939,0.9329359105175239,0.8826077348066298,0.06344624902707673,1.3635354280585739,0.958499212996755,0.4631896869244935,0.020055036330236625
1.5164405166375627,0.9704516399941753,0.16515598807280926,0.005028677773909848,1.01908369707115,0.9126577732189395,0.2654690026554318,0.025405638908320982,1.140296330981838,0.9324929360890829,0.8651960420715334,0.06263516027537586,1.358687680656627,0.9580529122358448,0.45729798691569373,0.02002219141191028
1.272981166043856,0.949364863157276,0.14971527533168957,0.007985184356470457,1.1121985526326497,0.9283044991950966,0.27913291064928963,0.021558199747478784,1.1519250654232391,0.9341590965146062,0.8820007044734062,0.0621647035006686,1.3367716300859145,0.9559773702876015,0.46401315017024775,0.021367743344680806
1.4668063035468701,0.966992193513993,0.15707997282046737,0.0053618481932555485,1.1401847312361533,0.9324767581971437,0.26474932789742683,0.019171236953213315,1.134830250749441,0.931696316107992,0.8711483352536264,0.06386484467683115,1.358552017038162,0.9580403567784888,0.4716682915300304,0.02065782833830639
1.5494968749478186,0.9725578232807258,0.15313136642776531,0.0043208310274027795,1.188261735538392,0.9391220128126309,0.2821820633454982,0.018292272785091268,1.1550392697947425,0.9345987673034231,0.8685602896129212,0.06078000057273654,1.3540929580801482,0.9576256721784874,0.45806035556728075,0.020268879827220036
1.2779822986217944,0.949915573059231,0.1425040222319731,0.007513543827118559,1.2293103749470085,0.9443067309771684,0.28284335234752084,0.016681519253081412,1.1427614714587644,0.9328493758298316,0.8654965628199502,0.062302270780633294,1.3794257561860412,0.9599304901334287,0.4795085563843791,0.02001569179084894
1.2447004144084493,0.9461413329317397,0.14411627363997198,0.008203753636935276,1.2955824426068494,0.9518088493814759,0.24242645342049965,0.012274323503394472,1.1459058400989437,0.9333014918782082,0.8711037823955171,0.06225354101610377,1.391705501179873,0.9610040317164337,0.4836271305159935,0.019624796171759263
1.489560915945272,0.9686242286020929,0.15394651011089366,0.004986650515356072,1.296638885326217,0.9519203048585522,0.2420091324200913,0.012223423797996678,1.1383092272677104,0.9322043399646843,0.8802638254693049,0.06401822486169108,1.358235194689786,0.9580110213652441,0.4626223091976517,0.020276424616889447
1.3345018192005036,0.9557568928344747,0.14349788802926278,0.006642685483833356,0.977838072743876,0.9047846136772287,0.24715137967572903,0.026009078558917022,1.1619480619945644,0.9355644348590925,0.8738043052269462,0.060181930962709684,1.3556534273504814,0.9577712366945531,0.4798745881294181,0.021157985980402413
1.361891944807598,0.9583484194572092,0.1439118152430323,0.006254671518161797,1.1767383210437568,0.9375872428395738,0.27710632845035965,0.018446251393961034,1.1502970427045187,0.933928156246339,0.8758045257302618,0.061959819281362294,1.335046715998181,0.9558099171017974,0.47980312782130063,0.022182799753250576
1.5306454643478682,0.971375258513494,0.15468740946752418,0.00455836924856539,1.1804830175147378,0.9380899084100892,0.2640651254417985,0.017427216682791874,1.1445105246876879,0.9331012150065281,0.8877397299959442,0.06364658878591857,1.352062714996925,0.9574355680167254,0.4690741062633988,0.020853489841120076
1.3151720134061446,0.9538361760183415,0.1560977012320476,0.007554826483619544,1.1892863354018166,0.93925675462822,0.22437067812935782,0.014510412715891464,1.1369413135994269,0.9320050072171445,0.8865567360082808,0.06467928648416613,1.3576591053024414,0.9579576294805542,0.47773832286260587,0.020966743165894898
1.46886817949175,0.9671433947095213,0.13632738293768762,0.00463142801364309,1.1906383214585228,0.9394341230927136,0.23963514552125176,0.015449420421859062,1.149820155567568,0.9338603658563449,0.8680665322873011,0.06147985818542103,1.3437638283442148,0.9566499860884405,0.47490537855827375,0.02152004919934463
1.314440430500908,0.9537619447558656,0.15221128978660078,0.0073791516474640785,1.038398006266758,0.9161384112046603,0.2148584803432881,0.019667741585081493,1.15445757753528,0.9345168505139726,0.8934448730729776,0.06260516773858624,1.3868135767240921,0.9605797084892674,0.4836085706442431,0.019846339313025173
1.5243638509972934,0.9709703293891807,0.15295653795933595,0.004573031513253459,1.3722225218703628,0.9592876356115021,0.2627523567646679,0.011151264016574906,1.1420551400282455,0.9327474248164856,0.8701591264545937,0.06273985916929482,1.3695047447906763,0.9590425299687928,0.4629733258720388,0.01977202837946029
1.1708567074768372,0.9367900343185218,0.15055807589832218,0.01015891551144161,0.8594757363375414,0.8785762299979456,0.2447468855764384,0.03382528291599932,1.1492077676770358,0.9337732190020449,0.8917116727874991,0.06324361468637131,1.354430945601334,0.9576572411396529,0.48340174263699864,0.02137357975468505
1.2618316148028261,0.9481164066176975,0.14994556809717527,0.008205442739236523,1.027634821939411,0.9142146090085349,0.2440697874290953,0.02290230536407152,1.1442298100449237,0.9330608551772308,0.891193491090357,0.0639355191402552,1.369532999706921,0.9590450854208165,0.4924368303443534,0.021028947052627367
1.4679067875109124,0.9670729774843667,0.1401522209640661,0.0047719204679922,1.1629722477566375,0.9357064542669715,0.28383046425960695,0.01950234162763954,1.1478612757019824,0.9335812289902043,0.8851749394412831,0.06297495041749304,1.3656037281182092,0.9586882423407691,0.4682156320323362,0.020176330394493427
1.3917657752476655,0.9610092324346393,0.15159767869619153,0.00615073159965032,1.1441292657190065,0.9330463938908348,0.27598990489498526,0.019804502223505476,1.1402000103720957,0.9324789733269269,0.8871572583519883,0.06423927039413627,1.3852511502971867,0.9604432538662075,0.5053683715226783,0.020814065064124577
1.4229586623122703,0.9636131826797152,0.15671695043457165,0.005917759479583897,0.9713550115601869,0.9034907985049934,0.24347428962879447,0.026007469379345387,1.1409069825684317,0.9325813946469796,0.8768785054731765,0.06339170633510322,1.3833483190398648,0.9602764582735996,0.49599680315117955,0.02051778895169308
1.355426339482367,0.957750083121621,0.14570112516578013,0.006427418316975279,1.2302119379776653,0.9444158064332216,0.2654763772228798,0.015624781201718512,1.143043068258887,0.9328899811646755,0.8907348516178715,0.0640774730957298,1.3853462828862388,0.9604515752101495,0.48654507080415843,0.020034420928884973
1.3489253035433075,0.9571401892922082,0.14467939388750964,0.0064786031395486846,1.0989807871564965,0.926252294982585,0.30819279171303826,0.02453814280932396,1.1411989065759491,0.932623644551647,0.8828867391490455,0.06378316816762752,1.369011143952908,0.958997862724275,0.5021973004594356,0.021471541755517416
1.2977083707384793,0.9520328870186382,0.14444317434915555,0.007277607903955578,1.0187201841206963,0.9125910283629459,0.3061612322464493,0.02932445929673571,1.1344360590056946,0.9316385315370338,0.8847340896750778,0.06491972961836398,1.3563894109285812,0.9578397251040717,0.4724802103277798,0.020796689705201873
1.435677044575547,0.9646261769856063,0.13876034216799887,0.0050884828780058755,1.4259841571612497,0.9638566590170162,0.32978544383676905,0.012366514913092048,1.147087861920651,0.9334707178922401,0.886944327583789,0.0632133051981939,1.3505173262598948,0.9572903177751092,0.4875473285654186,0.02175201303719364
1.6182831149678016,0.9764830183617961,0.14132354177761583,0.0034035442240519793,1.3876288874123055,0.9606507343627535,0.3343891022227205,0.01369692973616526,1.1523233964530575,0.9342154866998991,0.8791238052526839,0.06190513054260503,1.3815304208671157,0.9601164780150685,0.47834739468004595,0.019870692013950527
1.1473755152591631,0.9335118398664616,0.1544510364848297,0.011000573113312975,1.1362565655860521,0.9319050216135751,0.3106354194557574,0.022698356252305964,1.152674216527578,0.934265113757338,0.8838516931835797,0.06218779835751996,1.3637376432760924,0.958517730605483,0.4879158974648046,0.021115789572006452
1.3396511121785568,0.956255560009436,0.15051601473524368,0.0068854384220675665,1.0976554074397749,0.9260435582927942,0.2570934450662242,0.020532205221963473,1.1521537425807695,0.9341914749472554,0.8791653778015242,0.06193224659197822,1.3738425302353163,0.9594330690263305,0.4911701020781193,0.02076774740269706
1.4906798097190297,0.9687024327919881,0.14649395169787993,0.004733036837346483,1.2241569559102703,0.9436793698938741,0.3054216952105315,0.0182281640047644,1.1528675026554538,0.9342924411681787,0.9004453685881675,0.06332713872475586,1.376048484679378,0.9596303048623571,0.5002880143866698,0.021046099231623865
1.3738932675957016,0.9594376158392371,0.14299113830129775,0.006045272134018438,1.157024581894009,0.9348776315926305,0.2923240609819266,0.020362916546813485,1.1459587359057088,0.9333090733250515,0.8989094370791393,0.06423285176269271,1.3552421789894327,0.9577329208600889,0.49635312399378423,0.02190526849003678
1.2438488988864973,0.9460413329784104,0.13711308781555684,0.007820418825094249,1.052697569816659,0.9186336593817057,0.23950453071743288,0.021213687335488757,1.1516500604865616,0.9341201389135929,0.8885055560174024,0.06266284192631232,1.3874353534860009,0.9606338857518718,0.4903427827195389,0.02009390912769478
1.2070593027664753,0.941550054560081,0.14502176504838218,0.00900272291804938,1.1870491002679526,0.9389621819185192,0.22052014306706963,0.01433504845565543,1.1521992405537067,0.9341979152463795,0.8836055119638451,0.06223850839110131,1.382987711780435,0.9602447727867265,0.4840435855491169,0.020039955717526967
1.2069989211678613,0.9415424025685594,0.14227282310773773,0.008833300970809003,1.172577990896289,0.9370243191295521,0.2854311617119966,0.01918330333961233,1.1485768416337798,0.933683322479511,0.8895354557593647,0.06318098925230559,1.3982174210506784,0.9615620775637518,0.5292149834844332,0.021155081883859242
1.2185494168342927,0.9429891793609071,0.14390424034669677,0.008700098596222103,1.2418374308150726,0.9458044152806494,0.28162144837869096,0.016137204286432373,1.152757442190123,0.9342768817626563,0.8851775984838984,0.06226915500300728,1.378365713043639,0.9598365003497201,0.4945306076947731,0.020693190852780555
1.22995572838317,0.9443848294229316,0.1492134644917611,0.00878723590379516,1.036059204010548,0.9157237373279614,0.27796455401983977,0.025581747871303955,1.1414893718524886,0.9326656589537899,0.8894699705308596,0.06421580313493105,1.385646870294894,0.9604778568666809,0.4884267906307503,0.020097989132648597
1.4741186325435827,0.9675254049054182,0.1477412659979246,0.00495887525817737,1.2038001339517184,0.9411356834215977,0.28154963680387407,0.017609816783382092,1.1421412377714903,0.9327598597416434,0.8967692839847804,0.06464567681034673,1.3766527905690444,0.959684175758646,0.496630923555863,0.020863202220742737
1.590995717823865,0.9749961332669206,0.15235255317979443,0.003907095429586779,1.1840977558101335,0.9385715403291226,0.25993513988896827,0.017012464763329814,1.153938042871117,0.9344436064104834,0.8950695322376738,0.06279408424737144,1.3985405194168583,0.9615895652736983,0.5104848018468642,0.020391177138581983
1.2010959792801796,0.9407897880927788,0.14096083565537618,0.00887161091182114,1.1261646338275397,0.9304155310071683,0.24190318831650728,0.01809159923250188,1.146960966982666,0.9334525699023601,0.8805606508254337,0.06277667473095853,1.4024521655222357,0.9619208561332047,0.5143173194057438,0.020360056728122133
1.1390821550691417,0.9323167314944005,0.13876432486297957,0.010073854454638941,1.0305891919889214,0.9147466172745808,0.2867325471959254,0.026723159314609293,1.1489298427515884,0.9337336332586416,0.897926700990976,0.06372517595523325,1.3771979397934881,0.9597327140386945,0.4857720201516913,0.020381425537882126
1.4744036720681857,0.9675460203942673,0.15215205564355072,0.005103570896621464,1.2163421881317258,0.9427153342640574,0.31416569106810827,0.019090467657012784,1.142645319008845,0.932832620386661,0.8845396322567316,0.06369010684704049,1.3776968194238137,0.9597770835637055,0.5294125748915364,0.022186941243812562
1.6361527701272816,0.9774096046117459,0.14050104100044905,0.0032473325959613848,1.1675215050811765,0.9363337633991881,0.27995427762733543,0.019035557590197184,1.1489296507928064,0.933733605909738,0.8881298733109257,0.06302993039520687,1.3842382754541247,0.9603545525286473,0.5249908147019201,0.021672720468086385
1.448007999993444,0.9655823419804792,0.14805868547822626,0.0052774714097996635,1.2810967602431638,0.950255656545907,0.2626024182369653,0.013746810970994616,1.1441846984510278,0.9330543671371168,0.8876658935262067,0.06368905940094687,1.3897347949927528,0.9608336232393437,0.4927466615428956,0.02008578897195525
1.4841270259681667,0.9682417346982632,0.1430283877295265,0.004691321723091728,1.2709145065390384,0.9491356188194273,0.30416008282024737,0.016300004009676686,1.1421357305400157,0.9327590644070698,0.885100528523947,0.06380531683128617,1.3956803836903104,0.9613455809399886,0.5150792785920558,0.02071064836472019
1.261881944414973,0.9481221070583399,0.14650650868277304,0.00801631869578759,1.1764040007664467,0.9375421809122719,0.28312090659564637,0.01886114003627862,1.1508144164413188,0.9340016288560888,0.8939859227654429,0.063170783546028,1.3993187938867824,0.9616556997968412,0.49577411202000166,0.01976810555822157
1.2831797125053093,0.9504818820119767,0.14290590821579258,0.007445098910497777,1.3497615334689708,0.9572191089066044,0.3000805603724893,0.013411468338951793,1.1421630943510237,0.9327630161042291,0.8931824077993364,0.06438386828415929,1.3910018864506104,0.960943271414335,0.49360296025233147,0.02006207590098593
1.3867985219492984,0.9605783958356925,0.1432970642578526,0.005880831975370258,1.2235067537133422,0.9435997457853255,0.25871484294805996,0.015463741884792617,1.139973079640477,0.9324460665588186,0.8864572640799289,0.0642221326935373,1.3646675249327271,0.9586027816602551,0.5080134127147061,0.021938536553426244
1.414036929955984,0.9628859852784506,0.1380648323372044,0.005321647939874667,1.2288630728729169,0.9442525394808517,0.2598875440770037,0.015343427734720895,1.137975996994337,0.9321558315392319,0.8902942097452724,0.06479739578077456,1.3738560694382975,0.9594342823855769,0.5221712434139767,0.02207785524823553
1.3829284026965616,0.9602395591544947,0.14207020067025766,0.005882671418612128,1.1109044204863832,0.9281059212616233,0.25874116386035845,0.020042925253778352,1.152916666650067,0.9342993904458877,0.8952145774256136,0.0629521372057411,1.385971718396274,0.9605062409115908,0.5216069902174946,0.0214472534722199
1.2481560501752196,0.9465453633008947,0.14425894378194207,0.008146793306945859,1.0681832813727175,0.9212594115191997,0.31336286201022145,0.026783309732514398,1.1435080878031276,0.9329569855746752,0.8990391822827939,0.06460565470721062,1.3979904167116886,0.9615427537937515,0.5281226575809199,0.021122454502989475
1.255996249788373,0.9474514525020256,0.14136910793174726,0.007840761933796105,1.1477617240733091,0.933567013882045,0.32361961118091304,0.02302889542731417,1.153352354776849,0.9343609446419666,0.9081316959159135,0.06379644504881422,1.369143886440491,0.9590098795246789,0.5182182953025575,0.022149751332588567
1.4878147403826416,0.9685018031205913,0.14814462287369295,0.004818048332864383,1.1905349573892237,0.9394205797755257,0.2472974994221068,0.015947211994794985,1.1412034098202226,0.9326242961097992,0.8882014603701236,0.06416645892495167,1.4048526497001699,0.9621228008657757,0.5335382021402445,0.021004525316307646
1.2225248854022297,0.943479305049782,0.1426779089376054,0.008547357132302846,1.381244581634218,0.9600912672238535,0.2742259696458685,0.011398927702489925,1.1594853112025096,0.9352217394007712,0.8995480607082631,0.06230731840710532,1.3965041146482813,0.9614160015484595,0.5176526138279932,0.02077467778589753
1.2454448965771139,0.9462286199145467,0.14327627700711176,0.008141968004385524,1.2374728530072499,0.9452869638162703,0.27646629350206864,0.016001818388453232,1.1464468762185906,0.9333789997127845,0.899935101809037,0.06423390358530047,1.383868284221574,0.9603221034492959,0.519888591438847,0.021480382128985245
1.2990040170269523,0.9521689412562946,0.14842993870308635,0.007456199010298248,1.2394756821516928,0.9455249887145235,0.276454457468545,0.0159275110338371,1.1506980164054266,0.9339851054273468,0.8925959780621572,0.06308947438812358,1.3936943314097274,0.9611752860893021,0.5267233035810303,0.021275912799251038
1.6713487034667802,0.97913144892877,0.14811239811239812,0.003156768325307651,1.2729937083579117,0.9493662514238462,0.3178490990990991,0.016952247191011235,1.145415834380081,0.933231222316708,0.8909534534534534,0.06374398073836277,1.3941871384168385,0.9612176090621043,0.521838803088803,0.021054708400214017
1.1543184252201308,0.9344972402569719,0.14971993675126632,0.010494486899782366,1.1094880552905542,0.9278880058258702,0.2937984080615335,0.022832916211310315,1.148063979167134,0.9336101645521128,0.891579342320371,0.06340098691382763,1.3831248666830027,0.9602568270338994,0.5049446573580254,0.020898682821840518
1.3024282707235733,0.9525267556424486,0.1415062478892266,0.007052569016431035,1.1136296995092265,0.9285235119090518,0.29637284701114486,0.02281438218653039,1.1531632039321007,0.9343342279222762,0.8850523471800068,0.06220220127867509,1.4043689580911771,0.962082192440959,0.5147450185748058,0.020287250621253177
1.287239583478987,0.9509200167476244,0.15044271640543927,0.007764823404259587,1.2563418735819567,0.9474910604514003,0.23793479872238918,0.01318609165206263,1.149759815663792,0.9338517838226916,0.8939636932116818,0.06332279346425594,1.4017574372687478,0.9618622182745777,0.5568119028045444,0.02207755997461873
1.4396982958652687,0.9649407710200796,0.15313880816846462,0.005563998021986993,1.2963963924159616,0.9518947433417907,0.3251197537253029,0.01643035567430771,1.1523314460741623,0.9342166257907415,0.893329617982299,0.06290429321165475,1.4037232259931003,0.9620279146877972,0.5529238485729071,0.021824389114504603
1.5316384066114073,0.9714387624007407,0.14174155890566886,0.004167338692136934,1.3452141503836916,0.9567882663709121,0.27763291993699785,0.012538824110466933,1.1559160728440536,0.9347220629777897,0.894312601749765,0.06245587218644407,1.4026026844296828,0.9619335491173062,0.5322224134051593,0.02106155708691849
1.3935729629310674,0.9611648559903279,0.1504857585918965,0.006080264035766889,1.3187764991770625,0.9542002581069365,0.31744622195125183,0.015236796371381938,1.1455068343858696,0.9332442774217578,0.8959827168020782,0.06409037282605132,1.3927629098598204,0.9610951731944942,0.5055998091425996,0.020466519400164487
1.2468985828091625,0.9463986732017514,0.15002735777294382,0.008497122471082558,1.1749937961260626,0.9373517696902371,0.2672120427581973,0.017859209463902615,1.1486726967099452,0.9336969875411847,0.899777134239921,0.06389432046768291,1.3983933444620797,0.961577046652458,0.538187447453058,0.021505038267823254
1.3016271840219438,0.952443275371772,0.14097898341502718,0.00703926298394933,1.086407184120356,0.9242500583654244,0.26084737796280133,0.021378601469778852,1.1566559455928427,0.9348259353404461,0.8920969583025582,0.06219509177591256,1.3938258924446219,0.9611865890744735,0.5293762170147049,0.021376595219640922
1.3809639558304447,0.9600665013950883,0.14385673624288425,0.005983650890552539,1.0184643622089264,0.9125440290851337,0.25592979127134724,0.02452768049352569,1.1500165817570358,0.933888296027169,0.8953984819734345,0.06338693784875066,1.4097229890734098,0.9625293694959461,0.5212813620071685,0.02029313797941501
1.2541552658396218,0.947240002713897,0.14712695408156512,0.00819477394938581,1.1394550626775157,0.932370894221546,0.26670814195136805,0.01934555578235162,1.1501263018500472,0.9339038925409514,0.8914582974836857,0.06309206321587156,1.3955616072405073,0.96133541659232,0.5412657021456841,0.021769522400944957
1.7651235688159872,0.9831157763359164,0.13801599536213552,0.0023703138440117947,1.1709456230606596,0.9368021565494332,0.26443732953871696,0.01783927250576513,1.1610322701663003,0.9354371986541382,0.8955558190705825,0.061810234320350495,1.4089717709429856,0.962466933616758,0.5409304715601407,0.021094521368637018
1.2969162772654945,0.9519495293165652,0.16927727397636713,0.008544415896095617,1.2242791004628921,0.9436943159829151,0.31048561221685705,0.018525177567827997,1.153393501597375,0.9343667551097536,0.8905638650073935,0.06255637406059973,1.3973865509551635,0.9614913042411247,0.5390805951399521,0.02159072113932688
1.091699279199212,0.9250987899842424,0.1393754359183566,0.011284620528945249,1.1911153479308303,0.9394965889773995,0.271328744949927,0.017473522278372716,1.1589936051050214,0.9351531149050787,0.8967745331561147,0.06218557600968803,1.4182973204931029,0.9632349703287603,0.5382357972864493,0.0205435388735998
1.2153541465222546,0.9425923506271697,0.14337766202333505,0.00873227386563786,1.0531098645178092,0.9187045906918865,0.2468331952172369,0.021842065272475196,1.153104299506263,0.934325905868575,0.9025163437380793,0.06343818890337127,1.4219637717677225,0.9635327747103494,0.5249463978006655,0.01986786444222634
1.3419635373867083,0.9564777504741303,0.1294302348400602,0.005889415591851111,1.2117382446615852,0.9421401545324377,0.236174527376202,0.014504234419499155,1.1470459648198796,0.9334647264502675,0.888558906260221,0.06333448733290165,1.4171130289285174,0.96313827841204,0.5299143062733042,0.020281151794246118
1.476924447873975,0.9677277858300853,0.15736000733185823,0.005247711115411477,1.2722025443528862,0.9492786095556196,0.29915290852197596,0.015984191914761692,1.1493403655633856,0.9337920976041626,0.9027612301810707,0.06400774601533535,1.4067796339471628,0.9622841668214709,0.53636470757669,0.02102231599698141
1.3363835240246502,0.9559397461388759,0.14514091734428042,0.0066896953387022276,1.4581096203063795,0.9663470226950626,0.2554538038472672,0.008896163450016401,1.1551939695624749,0.9346205368436373,0.9051340754190679,0.0633167982112613,1.4054213670084286,0.9621704942015223,0.536393779111076,0.02108930974233326
1.4861257550665148,0.9683829476555985,0.1486669092043033,0.004853874659371341,1.1766885080074554,0.9375805306292126,0.317914869289538,0.021165197866063606,1.16180421468605,0.9355444647963119,0.8850241671430799,0.06097487453343587,1.4031402887082853,0.9619788511346891,0.5258432513902603,0.020783372230424403
1.5290212730368256,0.9712710874124721,0.14982587486467802,0.00443165097584057,1.3646546868575808,0.9586016085702499,0.31444260392075024,0.013579591232604413,1.1452233480906542,0.9332035999067021,0.893294551904942,0.06393980937940143,1.4213500047379073,0.9634830842548269,0.5326663971096531,0.02018855780803055
1.2216765943797336,0.9433750549077174,0.13669354315168986,0.008204864369867355,1.2485938117391058,0.9465963415197438,0.3042496007478674,0.017164699522298432,1.1541224675542445,0.9344696153571586,0.8967267817032161,0.06288364004440058,1.4007789310653795,0.961779481315775,0.5481115049533232,0.021781610465891332
1.1518205217088622,0.9341442892228792,0.1446581224553916,0.010198171293118745,1.0938536231309142,0.925441788262163,0.3087698168536531,0.0248760383151255,1.147123310104496,0.9334757867236719,0.9000484375613651,0.0641420110418808,1.3842451920437315,0.9603551588870998,0.540065717988663,0.022294688982559988
1.310727337731711,0.9533834354866338,0.13613976878013376,0.006656679860327635,1.1858428924462172,0.9388028090265259,0.29458499663020377,0.01920294030158726,1.1431307292196384,0.9329026169359849,0.8981025454922494,0.06459444901503113,1.4052769839392771,0.9621583915259594,0.5380268546840168,0.021160550864376848
1.410160668525624,0.9625657002497239,0.14185864244324242,0.0055169002406899375,1.1939583519243122,0.9398676274835439,0.32353432436946716,0.020699602737605072,1.1550614259658922,0.9346018855604443,0.8885148591178322,0.062173206940395895,1.4295673959221322,0.9641429916139489,0.5354421759967108,0.019913389156955175
1.1678592477179026,0.9363801074589674,0.1270405544147844,0.00863143754960211,1.1879802325345699,0.9390849443440741,0.2808136550308008,0.01821536968318998,1.1568531146607564,0.9348535903809411,0.8958290554414784,0.062426937431629526,1.4157003453951833,0.9630226194721191,0.5403105749486653,0.02074641792325347
1.4616787965444302,0.9666132646901383,0.1531930696239003,0.005291274860042328,1.134245709786655,0.9316106120280431,0.2739496228758756,0.02011059857169768,1.1539576375797802,0.9344463702583721,0.899629918940723,0.06311117308361394,1.414503437160834,0.9629243534336173,0.5566966743926957,0.021434590444063522
1.2810030619337558,0.9502454571652884,0.1460241211451764,0.007645775452683931,1.1501080446478733,0.9339012975496603,0.2546720269211503,0.018024913954026146,1.1646310597358611,0.9359358562526321,0.8980053174409495,0.06146782534091633,1.414609389165925,0.9629330622017059,0.5321936370525451,0.020486147184696383
1.4247702122547174,0.9637591558793247,0.13091026053393373,0.004922701192372729,1.101169778978933,0.9265958566132688,0.28614988742360886,0.022668553087763485,1.1658749669130966,0.9361073793268474,0.9008941781923449,0.061489195860507606,1.3999878534033265,0.9617124662835,0.5385011257639112,0.021438715553658113
1.5592504561299076,0.9731508999960549,0.1524872991721897,0.004207103692574509,1.2873944402523325,0.9509366556419216,0.362766588441602,0.018716853477796436,1.1582406772538199,0.9350479021122081,0.8910952368672151,0.061898973220089554,1.4252516883311992,0.9637978579273186,0.5808597880186709,0.02181823542893292
1.4020373982313352,0.9618858585298856,0.1489048666905481,0.005900264677251969,1.1148441638731725,0.9287088805125213,0.32736298040018424,0.02512958995138198,1.148980871734727,0.9337409031284281,0.8997492451768078,0.06384701815734217,1.4162182372130887,0.9630650606655928,0.5360268154137454,0.020557404393052422
1.2736297211450478,0.9494366023176738,0.1449674801983386,0.0077204189667639984,1.259049481091376,0.9478003736281192,0.3215532230021251,0.017709381180272453,1.1451139244080484,0.9331878925219752,0.8974821302079979,0.064255733516872,1.4305279547725132,0.9642193768426376,0.5567518835726705,0.020660162839184076
1.2569409821498017,0.9475596505624441,0.138226393804175,0.007649798498998528,1.1721302837810832,0.9369634595309227,0.3143432322921475,0.02114822054371754,1.1507286476873186,0.9339894540272486,0.904228855721393,0.06390718888004054,1.4121979953556516,0.9627343688798389,0.5562394214494537,0.02153097860040595
1.2467630363273765,0.9463828383460732,0.12926345427785244,0.007323399414208494,1.1145897407213023,0.9286700836661749,0.31517245792538556,0.024207978107567623,1.1446398779836344,0.9331198052103041,0.9018109681960709,0.06463617306123325,1.4042527075689715,0.9620724263736433,0.5538619056760734,0.021834778370630782
1.476132407090913,0.9676707804685765,0.1409688827824848,0.004709674044686579,1.2355298516308633,0.9450551130093988,0.3391598605704399,0.019718532765194953,1.1539909432018756,0.9344510677919643,0.8941302190672468,0.06272054592787217,1.4158237118412513,0.9630327335956198,0.5582525506958756,0.021429251615827937
1.4113771087322582,0.9626664964005757,0.1458929666734819,0.0056579257892534944,1.1908779605820239,0.9394655110062706,0.2545491719484768,0.016401883695733793,1.155377030379225,0.9346462886793584,0.8965574524637089,0.06269040774074511,1.4264131763955756,0.9638910570973253,0.5582063995093028,0.020911328992394417
1.515501932471065,0.9703896048485422,0.1360919016135978,0.004152698012795488,1.2284561206928577,0.944203193349144,0.2517035235706867,0.014874184854424157,1.1654714111572972,0.9360517797350172,0.8963320414418522,0.06123468814183701,1.4151831704959243,0.9629801902337386,0.553651493274565,0.021284002688420876
1.3154006828732654,0.9538593550697432,0.1433222270264771,0.006932866939653611,1.3416564569435108,0.9564483066487212,0.2550677823842104,0.011614463390197416,1.144180742895158,0.9330537982132854,0.8982246865223694,0.0644472282615256,1.3839675373383702,0.9603308106733566,0.5528397385354935,0.022836614228673287
1.4026557130768795,0.9619380199580524,0.1394714579729542,0.005518609036806157,1.2925722736994831,0.9514899277339167,0.2709377643657117,0.013813294440534741,1.1423165521638228,0.9327851734545474,0.8973976944153336,0.0646648682772561,1.419512247549195,0.9633339099718503,0.5610171845604112,0.021353246660892677
1.4717943685064863,0.9673568294861683,0.15335842574582564,0.005175034784230433,1.4056147133970704,0.9621866953237632,0.30523909364185214,0.011995695744986308,1.1522779295802021,0.9342090524008092,0.89986611766489,0.06337237306942489,1.3996755752130463,0.9616859810279043,0.5453557986207593,0.021727229914035653
1.2720673382092937,0.9492636176200919,0.13961055339756848,0.007461925528346193,1.2871851636339,0.9509141682283675,0.32894869595923926,0.01698020798389802,1.1487187236356007,0.933703548191841,0.9069641325732735,0.06439785306943979,1.435621754899716,0.9646218326190347,0.5617842909751299,0.020603824220060383
1.3367993024469718,0.9559800517572153,0.1385928857766276,0.0063817771589387805,1.0893015453402612,0.9247153362447781,0.30335667529304305,0.024697444069742797,1.1388263127541882,0.9322795485760844,0.895671588775562,0.06506126237789779,1.4079131674251288,0.9623787803285901,0.5634419241893743,0.022026018066163906
1.6126864111139423,0.9761852605262119,0.14603665046409686,0.003562668814065462,1.2734089183574042,0.9494121892868543,0.3525628948591381,0.018785713087389064,1.1482036829645446,0.93363010020609,0.8946456158860545,0.06359857063767678,1.398279417190213,0.9615673533714121,0.5498448823743672,0.021976613484993374
1.5385868274749028,0.9718793391739409,0.1333048386488491,0.003857083902311365,1.3070966853059893,0.9530104818076018,0.3358391894100343,0.016559022174206253,1.1510310505997783,0.9340323706677472,0.8990785321885175,0.06349895486983684,1.3828677053018072,0.9602342228026098,0.5419437565213019,0.022443289526218844
1.305621526585756,0.9528581391709785,0.13696930192912743,0.00677644184790086,1.038615464382406,0.9161768725963865,0.3242914624515838,0.02967017110566001,1.147868033087031,0.9335821937837105,0.9053235895057473,0.06440740529457757,1.410675970626071,0.962608430885096,0.569938704137784,0.022138703301644615
1.200071861068543,0.940658293939754,0.14127444699853037,0.008912340178810494,1.2237362885682554,0.943627866825977,0.2909020110286267,0.017378425842229903,1.1494124040839138,0.9338023519803842,0.8929419301352828,0.06330103524336976,1.4136517164138729,0.9628542743940571,0.5484669204004472,0.02115917462375376
1.6132013543932646,0.9762128096616296,0.13596876647668785,0.0033131248599119274,1.2257713653411266,0.9438766145069428,0.41649300760752217,0.02476488691621022,1.1472175181468798,0.9334892560425889,0.909801903135906,0.06482302933830111,1.416247238666761,0.9630674359468593,0.5565668231690477,0.02134371808172956
1.4810805260137654,0.968025321125426,0.13122268281381108,0.004334394000307394,1.3419533427880423,0.9564767732893769,0.3322521258876129,0.01511869917171328,1.1364867572578587,0.9319386489612708,0.903104609951283,0.0659555432657491,1.4339604065208638,0.9644910527568886,0.5630753046375033,0.0207303232405535
1.5434900402507186,0.9721862570107489,0.13329252907303546,0.003813429905318731,1.2574385868640006,0.9476165554556568,0.2876700350999913,0.01590215709505382,1.158149053425031,0.9350350879260496,0.9035437250958692,0.06277693683775974,1.4138788844883217,0.9628729780821564,0.5763893226076421,0.022224758094560444
1.5426271552556208,0.9721324814421428,0.1376657329598506,0.003946378133923074,1.4516949863469857,0.9658633650924122,0.3162278244631186,0.01117648125134696,1.1514566541633307,0.9340927278599198,0.8929225023342671,0.06300240287297403,1.4206868042717364,0.96342931845612,0.5717522564581388,0.021703065593262558
1.4521694064205368,0.9658993643997362,0.14090613754498202,0.0049746267855225006,1.1157764184604368,0.9288508730767001,0.2887719912035186,0.022119670282461604,1.1493072907171313,0.9337873890464982,0.9090238904438225,0.06445669101063259,1.4214731275452692,0.9634930574729443,0.5577768892443022,0.021134276662012674
1.264838193409229,0.9484559013340791,0.13030446246455402,0.007081432104998832,1.1578861564529117,0.934998307021337,0.3428809511964579,0.023837307672681666,1.1515173202524838,0.9341013270724148,0.9012984428635391,0.06358450585072527,1.4035878086389226,0.9620165225638276,0.5743992836177305,0.022679113837361386
1.4119734955472127,0.9627158185982375,0.1303732161107212,0.005049110594734979,1.3893995109818145,0.9608045599585681,0.2797827933951461,0.011413569585490592,1.1447904636612143,0.933141440816686,0.906923768362208,0.06498009175193255,1.431586680480145,0.9643033869392456,0.5407385517097016,0.020017076688573464
1.4869502397017247,0.9684410215076285,0.14894827309038297,0.004853837500209883,1.1094607572282962,0.9278837998937848,0.29706802527607057,0.023088469869200934,1.154649070728463,0.9345438280648063,0.9028775643958599,0.06323824235606226,1.421790374563773,0.9635187431047932,0.5571493934485019,0.021095085380391895
1.4398600661296024,0.9649533701974334,0.14724344133414222,0.005347809063807696,1.1867027002647266,0.9389164528097382,0.2892993772517364,0.01882109117332798,1.149744203975865,0.9338495632325221,0.903839249235493,0.06402461751714718,1.4273893996239753,0.9639692117330758,0.5700560844857684,0.02130728848014904
1.6109907454171242,0.9760943233103306,0.1592738694399446,0.003900800913410682,1.6043915281086538,0.9757371773028478,0.3170390888743245,0.00788354013801904,1.1598137992048398,0.9352675468505682,0.9113111652466396,0.06307436573366691,1.4302083965240215,0.9641939824502188,0.5781097357389293,0.021468509159292777
1.28883876619048,0.9510915866778108,0.155941820704693,0.00801906685756805,1.0267612120027507,0.9140567182860059,0.34924921948560383,0.03283781351657001,1.1443527924002144,0.9330785397823117,0.9055205907131176,0.06494497258702712,1.427441485351106,0.9639733770416546,0.569366668318549,0.021278967628247315
1.2139516213196397,0.9424173494978636,0.13273776288851666,0.008110411181327925,1.2007490835414592,0.9407452781766789,0.3348718903157764,0.021092575394659002,1.1581280793697628,0.9350321542376427,0.9018549537812519,0.06266262959165242,1.4042126092192837,0.9620690571988426,0.5427011601215956,0.02139676617667105
1.396965408473481,0.9614553836665898,0.13214377438330868,0.005297626047949464,1.1828743881752075,0.9384089306995309,0.3775483997211589,0.024779825607768688,1.1459922576544679,0.9333138775138927,0.9012070884342094,0.06439206330538802,1.4204920970800186,0.9634135190475801,0.5664754729903262,0.021512407385628603
1.3387678120706,0.9561704023229043,0.1335148170246619,0.006120144170856431,1.1644318298644523,0.935908344509532,0.3329107000795545,0.02279795668428516,1.1557061505943977,0.9346925634995717,0.8989036396181385,0.06280684650423274,1.3977694084716497,0.9615239314827833,0.5627113166268894,0.02251729620557776
1.3733987079242798,0.9593932752117194,0.12099287486403579,0.005121074430986129,1.4418768105130157,0.965110074771466,0.32727961575596104,0.011831563695211392,1.1674639965946791,0.9363258691181638,0.8974860369333806,0.06103285753937078,1.4268570010306445,0.9639266090896552,0.5674076971022818,0.021234313349270045
1.3427352476054701,0.9565516605939549,0.1567767457860337,0.007121088742512074,1.1447884034105715,0.9331411448511586,0.2733058135534916,0.019582154211647974,1.1538594685140038,0.934432522351908,0.9003513686176224,0.06317606335948228,1.4139208706138675,0.9628764339821619,0.5700280112044818,0.0219773501138138
1.564805470179703,0.9734830883844532,0.13873115932253277,0.003778927373235599,1.2747996661771483,0.9495657711119598,0.3200309054562847,0.016997781963147395,1.1461689945399258,0.933339201349962,0.8977667128613301,0.06412014623857637,1.3979466071976583,0.9615390234304803,0.6109101166313052,0.02443603338948418
1.211371122743387,0.9420940566357947,0.141988603497717,0.008727349434579814,1.16840278354272,0.9364546238465137,0.38450272605319186,0.026091355349104055,1.1586338046598725,0.9351028568357411,0.8962869063296125,0.062203274485922104,1.4549272538665667,0.9661079075089581,0.5698251141496314,0.019990070800966587
1.3545156889524577,0.9576651528756605,0.13397773303902782,0.00592266182938915,1.136404262497415,0.9319265995569921,0.3300506949329323,0.024108844122855733,1.1471958149051646,0.9334861532636589,0.8964634826691246,0.06387586412772349,1.4392309864515302,0.9649043509715824,0.5881582458097848,0.021392581914803494
1.1871927941763134,0.9389811419071161,0.1208029197080292,0.007850270773168987,1.1380910024773012,0.9321725765557219,0.34345498783454986,0.024990723262830132,1.1602698400232665,0.9353310914785301,0.9017883211678832,0.06234975719148799,1.440908754789843,0.9650349396073173,0.5844525547445255,0.021175833158554227
1.2552136849715219,0.9473616674842822,0.14228210981027417,0.007905632309484743,1.162830337386822,0.9356867935815287,0.34318778685909235,0.023588563104630363,1.1581093718983364,0.9350295374774176,0.9041062268365118,0.06282175842871023,1.4148833854888623,0.9629555743216032,0.5821736249171637,0.022395932019356236
1.4362074487978196,0.9646678272036475,0.15377132504043095,0.005632068235551943,1.2134194807663814,0.9423508202816133,0.3236177482702854,0.019797613933755637,1.1557651571534326,0.9347008566921972,0.8987706562579798,0.06278902331547179,1.4472429398207085,0.9655237500044143,0.5945232797091404,0.021228823443601674
1.2851197328725443,0.9506917064963666,0.13192949162439327,0.006842615803155307,1.220694582572891,0.9432541455224889,0.29931997615658795,0.01800698983388557,1.1567830440571594,0.9348437634907341,0.892254540588543,0.06218787581785023,1.436584873589489,0.964697435872575,0.6062917411773293,0.022186907808541205
1.4525679840357728,0.965929580419743,0.13414057670630158,0.004731427449540741,1.1953436429689008,0.9400476481894844,0.31610971722240405,0.020160170619160096,1.1585211189210578,0.9350871090811465,0.8936887143497813,0.06203905226220324,1.4357046652229835,0.9646283470756356,0.597044955940996,0.021892853372814564
1.2776491041633196,0.9498790597589211,0.14194886814326682,0.007490017454751732,1.3063933033208226,0.9529379005881734,0.31562633473671364,0.015587624265129411,1.1505757102955785,0.9339677394669806,0.9128073707974861,0.06453620567168533,1.4350958774854539,0.9645804862880515,0.5945939349563731,0.021833562187509873
1.393166167486012,0.9611298774097857,0.13608006877072332,0.005503365444696922,0.988768446437416,0.9069308536783846,0.2992754513078718,0.030711614513135917,1.147749541307247,0.9335652740947786,0.906336730934545,0.06449707799581016,1.4271171928772934,0.9639474357485043,0.5639690531745057,0.021092986786816648
1.207989088890632,0.9416677652088594,0.13042266154349644,0.008079118343350428,1.1654343954334416,0.9360466776650309,0.2918146446709737,0.019937591231305778,1.1535770635320173,0.9343926706243317,0.9028860256239318,0.06339512576893157,1.4082477567521918,0.9624066641299992,0.6175440297693361,0.024122380892508594
1.365116224319745,0.9586437619707987,0.12777960546356204,0.005512458317117255,1.1607122438474407,0.9353926804393169,0.3159703183828636,0.021823984470206444,1.1511441943895453,0.9340484212247133,0.9082258044863594,0.06412828749476548,1.4261081435455347,0.9638666032873023,0.6057559917632294,0.022708558930068207
1.21677718228314,0.9427694004195376,0.14495390733265048,0.008799393599841809,1.1159723487387645,0.9288806821715447,0.2848466590347653,0.021809152095732667,1.1552073743382827,0.9346224228627414,0.904163403024643,0.06324694462697579,1.440762406627372,0.9650235673064486,0.5896487316984997,0.021371301049833636
1.328590404801963,0.955177736295143,0.13421330133449694,0.006298036225642763,1.1436015494528973,0.9329704449164323,0.35775668763560114,0.02570314175657858,1.1492003709072003,0.9337721657409015,0.9086699877580209,0.06444746111885451,1.4319277670477604,0.9643304117491733,0.5906209471170746,0.021846460237384933
1.3282773673740078,0.9551468665939958,0.13014261542180325,0.006111420447973574,1.181730918820313,0.9382565775486366,0.28456611070824267,0.018726312193521142,1.1627194603636233,0.9356714284523255,0.9061034566110708,0.0622957368000581,1.4422852039922023,0.9651417253343004,0.593763596809282,0.02144511422599882
1.3763856291061836,0.9596603681271325,0.1291193752052845,0.005427574417396203,1.0859177021353743,0.9241711120515569,0.331654562485554,0.027212489471218192,1.1569780894967874,0.9348711137660279,0.9081906986363029,0.06327016400363272,1.4396224145342533,0.9649348596394094,0.5735313796333467,0.02084177820621153
1.2314673831972047,0.9445673613842892,0.1375974395965425,0.008075008152329213,1.141381582427639,0.9326500705703159,0.3321493083758653,0.023985665347726257,1.1471536674930032,0.933480127323439,0.9078885157661207,0.06469621227656734,1.434902025836855,0.964565233251345,0.590299077430383,0.021685531884852133
1.461255070495644,0.9665817636217594,0.12545145782008657,0.004337311781796748,1.1913186690818838,0.9395231952451993,0.35180224353608075,0.022645396837786155,1.1640078501557556,0.9358497603247478,0.9130330790021287,0.06258621130500197,1.4560776474810906,0.9661945338638622,0.6007079815350762,0.021017727399348932
1.2723323324022076,0.9492929967770877,0.13645156251877305,0.00728863464062356,1.1630945635630314,0.9357233957716745,0.3655008350254112,0.025106941457498214,1.1465353892366794,0.9333916719604801,0.9185039228172196,0.06554591436207462,1.3985252473887493,0.9615882664254372,0.5831360911198953,0.02329403233368829
1.3415775691476208,0.9564407395732133,0.13181379643029426,0.006003206731984999,1.215405843105213,0.942598791553352,0.35013265798359866,0.021321942978279232,1.148809424983418,0.9337164749429451,0.9094428364688857,0.06456036565353306,1.4517748023417971,0.9658694241466177,0.6080197780993729,0.021485373320635534
1.2636745809012344,0.9483247592609204,0.1452747829405591,0.007916179882956557,1.3179589112339838,0.9541179155959582,0.31586919187100465,0.01518967067399579,1.1584553539598799,0.9350779168297904,0.9110533346054766,0.0632540661020873,1.4447360381602716,0.9653310847710311,0.6062637152943422,0.02177336427213946
1.3677541689175297,0.9588839050691088,0.13070950788342092,0.00560470825101341,1.2156763898761347,0.942632488163741,0.3755613951266125,0.02285622769287087,1.1511022179329258,0.9340424668759207,0.9077639751552795,0.06410187393342988,1.4484056066046884,0.965612754668461,0.6114309603440038,0.021774180524227627
1.3130909329411784,0.9536247176909151,0.1463973969527057,0.007119384058580361,1.2960688141632097,0.9518601923712732,0.3685329042947879,0.018638349686008457,1.160220992832207,0.9353242878992426,0.9054594354461081,0.06261062021318461,1.4444069326271585,0.9653057147652522,0.5891795838486198,0.021175845355380574
1.3413506001271178,0.9564189612501172,0.13114812867453754,0.005976012510530863,1.3288277825775112,0.955201131436606,0.3350580756178003,0.015714201121318234,1.154533774650969,0.9345275863979116,0.9126953778500072,0.06394286283365677,1.4096432930752039,0.9625227504704159,0.5742794321495148,0.022360420642375926
1.1197070953659807,0.9294466905565261,0.13974211760202862,0.010607675475780991,1.0464637148910436,0.917554291251578,0.3227357542701306,0.028999023003819166,1.1530623132668976,0.9343199734281783,0.9097890053107507,0.06395556955109313,1.4423642667779581,0.9651478495151256,0.6150303813214679,0.02220916869198244
1.2949926299913566,0.9517465170634675,0.14302910399733035,0.0072515657324989935,1.2040619995256514,0.9411690785353224,0.317128691631111,0.019823189665963605,1.152304946693075,0.934212875830495,0.9152980716516101,0.06445514662632261,1.4297950731245235,0.9641611110661904,0.5883369484899769,0.02186910705128119
1.353948983261511,0.9576122177046441,0.1440612571971271,0.006376732767574721,1.2968190235094161,0.9519392851272448,0.32273995370095565,0.01629422499439604,1.1438821817706386,0.9330108434956013,0.9108921469697869,0.0654010583235783,1.4543984211076189,0.9660680137859591,0.6403988840743159,0.022493246640822265
1.4337198208321205,0.9644720755089596,0.13064169847328244,0.004812403092428289,1.180110358917886,0.9380400548696844,0.33373091603053434,0.022043780687397707,1.1539853151728956,0.9344502740183748,0.9129055343511451,0.0640384077009217,1.4049955944010533,0.9621347938166884,0.5987833969465649,0.023565364157119476
1.1595135998898363,0.9352256854277319,0.12826881283882216,0.008883978019522948,1.307711868434966,0.9530738746327859,0.342404413345115,0.01685883209537255,1.1559956423067455,0.9347332412952287,0.903995414706374,0.06312052251410791,1.446999412823174,0.9655050793665122,0.593210421990304,0.0211938257631325
1.1762740273898133,0.9375246540331537,0.13335608298130214,0.008886664884170288,1.1960553768608102,0.9401399427797283,0.36434345692667947,0.023198269945831417,1.1444258524906201,0.9330890436166355,0.914324041278844,0.06556533533942749,1.4466705347687383,0.9654798495903867,0.6220185213513291,0.022239897522172886
1.4470151021751714,0.9655062825257361,0.1444569532499852,0.005160875100225056,1.2275869090708538,0.944097656978334,0.35242045387213367,0.02086768138294757,1.142273894379138,0.9327790148947186,0.9129229128399597,0.06579004946119145,1.4287181790433612,0.9640753297424237,0.5960301001362801,0.02221007441058242
1.420371569891077,0.9634037356445126,0.12886683799733487,0.004895190557727307,1.1888181539046228,0.9391952202365014,0.3628997715591091,0.023494626261320928,1.159410545600913,0.9352113091695413,0.9003188654102418,0.06237144487879473,1.4143709899824366,0.9629134641172011,0.5954216638111556,0.022932618270711507
1.4465407533654584,0.9654698885555387,0.1576176295413937,0.00563720772464367,1.2294274660379103,0.9443209085965445,0.43572364502680166,0.025691156933240547,1.158123330729729,0.9350314900175387,0.9070875521143538,0.0630268898038957,1.4376059370716576,0.9647774177107831,0.5755092316855271,0.021010982325173202
1.5480105264430466,0.9724663334429982,0.13802730624698134,0.003907999377737132,1.2741867244651672,0.9494981377657489,0.3421291333388307,0.018197148231231267,1.1501858028681964,0.9339123490737484,0.9122736750344568,0.06455640536789271,1.4328498766034845,0.9644033732997449,0.5939403220676412,0.02192264410537254
1.4703124662865377,0.9672489082326918,0.1511804533411834,0.005118976985817585,1.4755224531958455,0.9676268140768196,0.347094495142773,0.011612487852447392,1.1662207447614756,0.9361549827774058,0.9072475713865176,0.0618735550052631,1.4428835264626119,0.9651880454565589,0.632110685899323,0.02279867489815586
1.4781433749680826,0.9678153255910253,0.15535809820660137,0.005166429664175332,1.2854880490687353,0.9507314467094861,0.3298713684259496,0.017094506709080002,1.1624943401729524,0.9356402212028861,0.9099346374822638,0.06259157169718495,1.4568115169909037,0.9662496836640686,0.6282477727896536,0.02194418422843895
1.3998347651748997,0.9616994846062371,0.13772666337402104,0.0054850837243071915,1.0840221369572598,0.9238646719586786,0.38295820691925964,0.031559436782120136,1.1554256483390715,0.9346531263602528,0.9076412897763353,0.06345832373578383,1.4345480851232388,0.9645373674312433,0.5906300712622592,0.02171538180735664
1.572606328404634,0.9739428364298784,0.13096384693086519,0.0035038466875110296,1.141192577671401,0.9326227288354214,0.37638892151565695,0.027192194275568585,1.1473264981950693,0.9335048342173793,0.9101458808052808,0.06483126708310488,1.4467969041209094,0.9654895460796247,0.6198524748056097,0.022156004025180278
1.2942463467951753,0.951667539002173,0.12386326155585921,0.006290659303656812,1.3480281369425753,0.9570553641186115,0.3391721245818216,0.015219206680584551,1.1498119523508632,0.9338591991886717,0.9164349997644066,0.06490672772577277,1.4283619208338687,0.9640469080675236,0.6100103661122367,0.022749680113138934
1.1014161617769203,0.9266344339192331,0.13248389708211608,0.010489310293494567,1.0676853543175648,0.9211762022387189,0.363169195030094,0.031075895265866835,1.155561097254675,0.9346721725289197,0.9069257212581981,0.06338852143970028,1.4384152101780043,0.9648406855531946,0.618727488179461,0.022546763045456598
1.4144043253282188,0.9629162051154019,0.12290214908941852,0.0047332032252609966,1.162456660568198,0.9356349964967596,0.3862153774082099,0.026568858810285857,1.1531914708132918,0.9343382211365859,0.9073842009720677,0.063767551621624,1.4417761132424063,0.9651022664603025,0.6311061661884406,0.022820560668334225
1.3570409077325347,0.9579002628152301,0.13182180165831264,0.005793571022444025,1.1581100884261988,0.9350296377055755,0.3964959947533611,0.0275504512248687,1.1577017384441417,0.9349724942441798,0.910233288049843,0.06330688949908515,1.4395721261856929,0.9649309414987639,0.6240572445776924,0.022680483210770114
1.3176311963905691,0.9540848705912851,0.1304776434690764,0.006279208558368618,1.1369516646397668,0.9320065176116453,0.36214059382701563,0.026419557828398835,1.152079878105069,0.934181018083811,0.9145757540194813,0.06443766662939467,1.4383582292393795,0.964836234448783,0.6130735829128037,0.022343663064754927
1.3705643444397273,0.9591382586639522,0.13301574391448323,0.0056668106733920726,1.145218774086983,0.9332029433932312,0.36449195375588217,0.0260897051816136,1.1521011088493025,0.934184023840955,0.9092546331261256,0.06405962822001622,1.4217629000866483,0.9635165193452764,0.6429907627955614,0.024346796951191157
1.5854215424558107,0.9746813176975189,0.1411738576455048,0.0036671843260378174,1.2389575851000343,0.9454635095461058,0.3548458741978094,0.020468318909613977,1.160889891373396,0.9354173961553709,0.9201608472535565,0.06352926908967185,1.433374659927578,0.9644448323724478,0.6127041275556127,0.022587915067930158
1.3749130421322155,0.9595288991951625,0.12946780399610588,0.005460705301218463,1.2992673551146452,0.9521965492152838,0.33421028232348987,0.016778473725790492,1.151823654070342,0.9341447329271491,0.9110263780075101,0.06422547097824885,1.4294303400032975,0.9641320799093493,0.6288651430160864,0.023395222674903002
1.4397462755366057,0.964944508283133,0.1459566761858327,0.005302463519024029,1.2556283393202137,0.9474092595275352,0.41590629425831765,0.023086981430930475,1.1630678722977303,0.9357196992190465,0.9013257180005108,0.061917568159606376,1.4625111752143216,0.9666750627695146,0.6198602307817325,0.021368921241532706
1.1806569365574067,0.9381131621357296,0.1436164583308835,0.009474303133248426,1.12494999139043,0.930234240008953,0.38062536012888204,0.028546162223615647,1.151509320170911,0.9341001931476646,0.9231411470031398,0.06512665743056252,1.427362343880814,0.9639670478956105,0.6427403897035477,0.024025544989638006
1.4703338224240206,0.9672504659636396,0.12862327269343507,0.004354975670903479,1.288116355786858,0.9510141527143015,0.3452170474107849,0.01778180641856829,1.1545578027946335,0.9345309715325354,0.9147978411575862,0.06408661427936004,1.4299737977780413,0.9641753285042564,0.6084073884520541,0.02260584167890984
1.5373375346017668,0.9718006151220034,0.14440533530937386,0.004190305671203917,1.3029618930759908,0.9525822864938414,0.3645215820674324,0.018145183036003192,1.145591209945973,0.933256380048493,0.9186735828084476,0.06570070323791445,1.449714656960364,0.9657127001145854,0.62807984438681,0.022299760553961646
1.2747460164045896,0.9495598547037717,0.15151131908435564,0.008048205608926265,1.0930472359827892,0.9253135708648466,0.3956218310587857,0.031932506752359535,1.1604221851549135,0.9353523062741018,0.9170125435459949,0.06338012496501587,1.4492951832536993,0.9656807040160513,0.6189452383963576,0.021996675242697168
1.2750745807410313,0.9495960779259597,0.1236076964807184,0.006561013515107996,1.2708438332115475,0.949127762031923,0.3374655170423722,0.018087792577309858,1.14948896777324,0.933813248877501,0.9182104643512587,0.06508085803574137,1.4561462880457823,0.9661996958405838,0.6345787596523426,0.022199298117863607
1.1998523375015555,0.9406300720888562,0.142716637932032,0.009007873293833159,1.3026792920836634,0.9525528856101045,0.34972171759832454,0.01741980586084784,1.1588555260561944,0.9351338318693516,0.9215718038022286,0.06392542920878082,1.4492361206755386,0.9656761966013423,0.6525230552052116,0.023193150187175274
1.3060112896518037,0.9528984363681633,0.1313895552684997,0.0064945573020616446,1.0720478836984826,0.9219025037783419,0.3520368149105001,0.029822235767533685,1.146576006056755,0.9333974862473954,0.9122647167374054,0.06509458643047479,1.4321159942336297,0.9643453168390675,0.6219666912714523,0.02299593820461092
1.055810473109645,0.9191678120320343,0.12871932734656524,0.011319657550002462,1.0065425762984384,0.9103282878497445,0.38026654464336784,0.03745808252556536,1.1620497390628972,0.9355785470279244,0.9184350511925871,0.06324099739809778,1.451190472313799,0.9658250420138114,0.6413773379854716,0.022694631662525794
1.1716089094760587,0.9368925167568821,0.12899911260566999,0.008689160380231622,1.2970441964789767,0.9519630004837657,0.378333566858157,0.01909108795079736,1.1567389201435603,0.9348375747266533,0.9056676474709262,0.06312914884499389,1.4656199776135628,0.9669048936768079,0.6342417448974826,0.021708751418322163
1.529529644380844,0.9713037324246916,0.12472938454313238,0.0036850139393763606,1.243686983580093,0.9460222982300234,0.3397555583555744,0.01938561515719151,1.1504511410838116,0.9339500478102213,0.9201727357074948,0.06507560585528006,1.4573142224679492,0.9662874115218792,0.627678949840208,0.021898952506288403
1.2276459350550335,0.944104829628398,0.13708043648418436,0.008115766503294859,1.1681464586821022,0.9364194929698221,0.3611814540264285,0.024523304084654828,1.1535862845044123,0.9343939722022975,0.9127146737879276,0.0640838725861748,1.456000735987042,0.9661887489846214,0.6230604539803858,0.021803662513588094
1.288499696886828,0.951055256875644,0.13565807109390216,0.00698145496219559,1.2775372821567228,0.9498668000319037,0.35278888341562326,0.018619911379366867,1.160480534753049,0.9353604300215422,0.9225825667579302,0.06375653541756184,1.4306001836187154,0.9642251142619526,0.6114465077383067,0.02268601867522339
1.4157723678292546,0.9630285245110637,0.1536098485713633,0.0058972113564328245,1.2911806592929358,0.9513418127129561,0.4003494507000434,0.020476634467348435,1.1554642955787662,0.9346585612739099,0.9194321997122171,0.06427697260741615,1.4354503737251911,0.9646083631383381,0.6213142087111436,0.02279611881049179
1.0988360720467587,0.9262295299089494,0.14202650217043636,0.011311841711126043,1.210865271785865,0.9420304826687433,0.3528444139821796,0.021712907117008445,1.1598611364938605,0.9352741455203804,0.9238291066940827,0.06393379803164374,1.4403251610042054,0.9649895689492399,0.6311057802147589,0.02289691631382518
1.2571027279884783,0.9475781538352099,0.13727891156462585,0.007594533447804794,1.1158322610935667,0.9288593702249935,0.37065759637188206,0.02838838222668589,1.1516477630627937,0.9341198133669616,0.9122562358276644,0.06433822536838751,1.4461579842197136,0.9654404939591773,0.6431859410430839,0.02302388241837159
1.4811935482591103,0.9680333752739149,0.13194318593693366,0.004357058772706655,1.262572865588418,0.9482003024562483,0.34510918811163466,0.01885313843229583,1.143373250334921,0.9329375633125462,0.9219486226893802,0.06627251765773161,1.4654490614193985,0.9668922978626393,0.6362472816237768,0.02178596885327343
1.419703512985924,0.9633494626439535,0.1379456076025997,0.005248127331348503,1.2132549931151966,0.9423302411286602,0.38002718477652514,0.02325732015600681,1.1512360663146195,0.9340614514887395,0.9245336897051937,0.06526595166919325,1.4412364146763548,0.965060388208646,0.6412865937931901,0.02321751561653521
1.5983635863479555,0.9754064050120349,0.12569819717542347,0.0031693154116735553,1.2185776080885362,0.9429926690087335,0.328720312429045,0.019872336519746132,1.1700215624862884,0.9366760696614469,0.9190204804504791,0.062130325273265716,1.4347767121064867,0.9645553696900702,0.6417624086099633,0.023582919171658653
1.7248780188658366,0.9815066651098991,0.131646988833974,0.0024804639013912724,1.3090543491322701,0.953211931125932,0.3646119348343401,0.017896847240660988,1.151730788601936,0.9341315771973716,0.9242174629324547,0.06516934883269113,1.4266044026066291,0.9639063791562479,0.6377448288486179,0.023880452028624162
1.2516850676982834,0.9469550208127486,0.12895988512967782,0.007223864145968522,1.1723717566748373,0.9369962912472586,0.3466189536031589,0.023306687342298776,1.1645306476308814,0.9359219916749543,0.9142398815399803,0.06259354012567471,1.427048168693579,0.9639419119414063,0.6536614915193395,0.024451456389364655
1.5077062430059514,0.9698694515241388,0.1310254362951979,0.004070515112790985,1.2650211367608015,0.9484764908611839,0.33335234401733776,0.018108495791844394,1.1442301192656907,0.9330608996479688,0.9151363066043117,0.0656531648541753,1.454191715248492,0.9660524081381294,0.6252766054522642,0.021972550167934892
1.6335108135141263,0.9772748934467832,0.11924843139037919,0.0027729488681455727,1.17956536881017,0.9379670796431137,0.3014572156042557,0.019937023220156887,1.1609140436427225,0.9354207557285743,0.9207624806765482,0.06356727151009302,1.4616700875105826,0.9666126175230314,0.6440051832317905,0.02224432723091126
1.3977577137758104,0.9615229352500564,0.13491982200371017,0.005399058656814616,1.3326715025323759,0.9555783389431921,0.3725516974518306,0.01731869021711625,1.1584470995036618,0.9350767629834,0.9260928448678116,0.06429947534456872,1.4586392161438662,0.9663866568769611,0.6360066919321247,0.022121902255512256
1.3460309367145609,0.9568659569958048,0.13546402479021058,0.0061065095148409914,1.386302932305702,0.9605351610521146,0.2816606726832689,0.011572395822785665,1.1612599451371892,0.9354688526720419,0.9222139286602882,0.06361678716323403,1.43102015580073,0.9642584567462996,0.6553572640293139,0.024291702950647035
1.4310036225806018,0.9642571447048072,0.1302923500971488,0.004829645951981681,1.241807657372762,0.9458009011067038,0.390662419230943,0.022386900952427246,1.1453878844263359,0.9332272120655121,0.9224955944150739,0.06600493631132247,1.4494686396189893,0.9656939381973737,0.6405720482580995,0.022756179165417736
1.3083390757972913,0.953138422804251,0.1302703190984847,0.006404812216873814,1.3164475060083465,0.9539653248280962,0.4086967322327861,0.019722122830350453,1.1611632145331132,0.9354554058260605,0.9199430907161085,0.0634742747581402,1.4667953443230366,0.966991388060932,0.6867166504821481,0.023441329165625864
1.244865546045344,0.9461607053536968,0.1314910791577196,0.0074822246517692965,1.1318133664478842,0.9312529163695271,0.4005891016200295,0.029572344941361104,1.151905482668296,0.9341563231012104,0.9175707427851915,0.06467464815648924,1.4630888438400296,0.9667178855399747,0.6356901145600288,0.02188550710642519
1.1888707799634364,0.9392021399325124,0.1362253954256125,0.008818349295200369,1.1322780811132844,0.9313213900366526,0.4253976868025642,0.03137018232779309,1.1549380338052757,0.9345845176022847,0.9217402118735091,0.06451645567569428,1.4686899577683188,0.9671303518401297,0.6370903006252191,0.021652648981363532
1.203380989771832,0.9410821939410747,0.12250854053075723,0.007669823611608017,1.280836177516774,0.9502272863189072,0.3377412275740368,0.017690817407974943,1.1492452177958952,0.9337785514632514,0.922976855727246,0.06545541687199184,1.4388579013731644,0.9648752481854249,0.6292504694463926,0.022906864498882806
1.4465887476386095,0.9654735725543486,0.14822732540477287,0.005300776884561234,1.4486085742950054,0.9656282695504709,0.36296229620711773,0.012919715176090458,1.1655640477735267,0.9360645466601948,0.9212057112638815,0.06292055924884278,1.423025800720527,0.9636186027186516,0.643923624784815,0.0243113210413832
1.4763729715778933,0.9676881048425662,0.1185540207537359,0.00395861545669218,1.2585880742825004,0.9477477851522482,0.3981755702755861,0.021952628928406038,1.156137677481538,0.9347531906835705,0.9146677819727352,0.06384482551443774,1.458712162955412,0.9663921125786451,0.6705740058327493,0.023320322467843
1.3188617601395123,0.9542088369703722,0.13512296696493895,0.006484364396565171,1.0963761866546506,0.9258415758360194,0.37156846192807697,0.02976203739904264,1.1658494088878713,0.9361038594254332,0.9216725758343182,0.06291109675093032,1.4569300147275666,0.966258580543554,0.6505374528673532,0.022716545561725032
1.2035593752837723,0.9411049643436508,0.13182119614697255,0.00824946668170335,1.1327574008770591,0.9313919495154022,0.3892367004237431,0.028671893940059007,1.1547599396869432,0.9345594425530808,0.9275590374175274,0.06495036881517913,1.4605570616711079,0.9665298089706912,0.6582517506097629,0.022794756699484005
1.6278186476861964,0.9769819829692373,0.14641593618315793,0.0034496076400470483,1.3461199536571118,0.9568744159946275,0.3755549045676815,0.016925966788158036,1.1487473049487331,0.9337076218517193,0.9200937422538702,0.06532580527981051,1.4365810872370108,0.964697138955028,0.6681952362710413,0.024452444839362663
1.1519529621847988,0.934163047214097,0.14178937224052535,0.00999288104317708,1.2236377918608288,0.943615801298167,0.4337950200587194,0.025920702655897725,1.1501348205685655,0.933905103318418,0.924819023286044,0.06545185113140081,1.4572833213834668,0.966285093581613,0.6270422914005245,0.021878296907779114
1.3860173770748956,0.9605102288336803,0.12398891843478455,0.005097596953334419,1.453131811967684,0.9659722798950037,0.39478632383537865,0.013906898581200382,1.160125509727914,0.9353109868097265,0.9212608061949955,0.06371725905509311,1.4668730461676849,0.9669970983829578,0.6482493129652088,0.022124273521484033
1.2079854337689617,0.9416673029071914,0.15121495119046294,0.009367189363446002,1.0543908128985295,0.9189246060023942,0.3815380847961353,0.03366255550007331,1.1557976101578196,0.9347054174458451,0.9293959193668674,0.0649236833872427,1.4396860859231841,0.9649398198942251,0.6472801344627611,0.023518314432958345
2.0681839281084144,0.991525386316583,0.13188698284561048,0.0011272441885125104,1.3799574687974396,0.9599775555525167,0.40244422020405873,0.016778310443995078,1.1607529352897121,0.935398342529024,0.9265836977239601,0.06399288937877971,1.455102901316418,0.9661211478657518,0.6695481556228277,0.023478963286555063
1.4662080926474026,0.9669481999623999,0.12509782001117942,0.004276038915331727,1.2253978086797812,0.9438310321183879,0.3815539407490218,0.02270691502369047,1.152951429288564,0.9343043036950395,0.9218334264952488,0.06481880538416122,1.4790758178809789,0.9678821358872419,0.6389044158747904,0.02120118188904996
1.1678252987065867,0.9363754504964272,0.12586149213783873,0.008551997740726777,1.0666733700601039,0.9210068403271253,0.3882234861157578,0.03329725522625838,1.1559337759419375,0.9347245501518419,0.9166945466711275,0.06401634459862092,1.4463485526723732,0.9654551315983522,0.6537749526039924,0.023392666280212037
1.391880854824537,0.9610191601710487,0.12858669278543286,0.005215730844233506,1.3898348427743665,0.9608422916332223,0.3889210426730183,0.015849902631582504,1.1538496069717876,0.9344311311145425,0.9226120250205908,0.06473952427993994,1.4591062175158733,0.9664215691952601,0.6633684304253946,0.02304881394321144
1.1667464958103517,0.9362272999264645,0.12859716230040474,0.008759612395767167,1.126047126453211,0.930398011549547,0.3725703865142552,0.02787155541740435,1.154134859531592,0.9344713626223192,0.9270782368900947,0.06501020366791453,1.4584649355681352,0.9663736189485451,0.6829159809633946,0.02376305866771181
1.229799229071355,0.9443658998880436,0.13455926884325276,0.007927100962354385,1.0469001579554635,0.9176302820267364,0.34479986786323846,0.030950447505268843,1.1478580732447181,0.9335807717510988,0.9212685129108628,0.065543277549279,1.4698259511249687,0.9672134020947857,0.6947530694268568,0.02355073811154602
1.2162014531511947,0.9426978318075575,0.12614739629302735,0.007667907016993521,1.1797704201766441,0.9379945458302734,0.3967343336275375,0.026225837506895843,1.154718537099712,0.9345536119284691,0.9200904677846425,0.06443354029876577,1.4823852522300691,0.9681181787232318,0.6640997352162401,0.02186996333034063
1.3642650047871312,0.958565985901769,0.1402599420624438,0.006062735901655409,1.4301860177124304,0.9641922034191455,0.3382021598943361,0.012560020815100409,1.1553278776508302,0.9346393751115953,0.9209185655460226,0.06440110968814519,1.4469194684133553,0.9654989480926176,0.671731578187953,0.024003595335525225
1.2805355720760696,0.9501945396833165,0.12912317444049595,0.006768128916741271,1.3184788486651609,0.9541702968465002,0.36306214978778395,0.017438218949004238,1.1614712238186458,0.935498214161376,0.9202379493577818,0.06344960389182615,1.4327313052922883,0.9643939994509935,0.6634286541824946,0.02449418084153984
1.2188474978595134,0.9430260670949596,0.1270620450143592,0.007676589948065953,1.0996905928416898,0.9263638606124243,0.3715465615886373,0.029534026057566654,1.1549342911107738,0.9345839907354941,0.9231282976023509,0.0646141704404326,1.4644242989112226,0.9668166799695828,0.6492130278946548,0.022282449319370738
1.1907291309943653,0.9394460191098353,0.12897794614472913,0.008313546416962879,1.201740256077265,0.9408723716170049,0.38241451500348916,0.02403223222776684,1.1543622295925442,0.9345034140453594,0.9242902557626912,0.06478077583637319,1.4743699031575463,0.9675435787177972,0.6565314192669391,0.02202346312604215
1.4440208161684362,0.965275927097866,0.12638876544307173,0.004546609505171025,1.2274583175922682,0.9440820279522126,0.3550239978668563,0.02102806896141599,1.156615452316272,0.9348202543798639,0.9227735312416674,0.06433979553772713,1.439515267390365,0.9649265109235092,0.6541085236867834,0.023775767274142712
1.18945476183919,0.9392788771325098,0.12229223452035445,0.007905768966848368,1.2691102164076125,0.9489346750237295,0.3568125889714078,0.01920126989878804,1.152396223820154,0.9342257917332999,0.9205574989792428,0.06481189150964763,1.4535525093782247,0.9660041062586143,0.6640991403568788,0.023371167537536177
1.186425066107834,0.9388797785257803,0.146460269223596,0.009534430602154276,1.248317941095374,0.9465642211737904,0.3745652817851697,0.02114509201354487,1.1541660209728402,0.9344757561849321,0.9224693091683032,0.06468236711953747,1.466252308065771,0.9669514535844831,0.626509857269805,0.02141290549903594
1.411977561682947,0.9627161546594573,0.14187970255643068,0.005494683829157662,1.24362701339837,0.9460152465343032,0.3597923175078101,0.020531698226500524,1.1579982953472068,0.9350139983121322,0.9248690984291812,0.06428090370847206,1.452799422987436,0.965947113864889,0.6360716328595943,0.022423665412567854
1.4199155162163666,0.9633666941860033,0.1550176444640494,0.00589475306805705,1.2999633162946154,0.9522694398724421,0.36850463167181297,0.018470541784530177,1.167916999207521,0.9363880288014036,0.9264336127040141,0.06293573441362114,1.4558627541963571,0.9661783683236342,0.675452139391266,0.023644592160701826
1.1902447852723073,0.9393825447195678,0.12887939147668767,0.00831646361040234,1.20732959093351,0.9415842959118602,0.42332008370517177,0.026262694536913433,1.1553152084509362,0.9346375930174119,0.9282194935615665,0.06491356731272918,1.4406157006501814,0.9650121636230165,0.6773254204634787,0.02455735987427973
1.3098775024741023,0.9532963905259374,0.12124463519313304,0.005939980628439399,1.2223853032670136,0.9434621636098854,0.4024590522904441,0.024117728224580238,1.1626203153723802,0.9356576862310182,0.922878164141193,0.0634635051702587,1.4566414355454231,0.9662369098926178,0.6829070684067619,0.02386273247225484
1.2755447947471281,0.9496478747457898,0.12765254908866777,0.0067683794295358285,1.0831503539228309,0.92372335697435,0.4167914061812098,0.03441663466167569,1.1562990426273139,0.9347758481583385,0.9224266971911597,0.0643624876262394,1.4767791942145283,0.967717338803843,0.6508540987936955,0.02171223095522727
1.2803805608536818,0.9501776454648989,0.13828867761452032,0.007251136202988524,1.2005758530741537,0.9407230393777656,0.39237224161132567,0.024724209933921316,1.1481513589003554,0.933622634242723,0.9279564128092076,0.06597451685584782,1.446637591026146,0.9654773213413366,0.6650219358226754,0.023779262426871412
1.2392323465888098,0.9454961218225165,0.1321286236829175,0.007616659912989182,1.2191176371616752,0.9430594776494624,0.374613746792597,0.02261861836671048,1.1585724948504732,0.9350942892729935,0.9255227384397008,0.06424134103004518,1.4507903032170435,0.9657946155063174,0.6723917672107877,0.02381398545670532
1.2201149812936494,0.9431826687705832,0.1264879480331058,0.007619634963494321,1.389371347104201,0.960802117699587,0.33964234290676076,0.013856402204203241,1.1546702301748883,0.9345468083722812,0.9230388762488871,0.06464720643814524,1.4536833138419103,0.9660139959498869,0.6817797122476121,0.023986161855707053
1.1470151663393386,0.9334603218328889,0.12507996735126073,0.008916052003542623,1.2322416860482994,0.9446606397278502,0.395237254858706,0.023153475353755247,1.1439675689916853,0.9330231309747931,0.9249189296507908,0.06639511063936233,1.4704400173129941,0.9672582108269588,0.6605523813725707,0.022359765537849952
1.3522157847151872,0.957449929237296,0.1414932841717145,0.006288108725173535,1.3565369289400013,0.957853439904057,0.35894565885348084,0.01579398700448513,1.1638965172480185,0.9358343684265552,0.9252370292336055,0.0634390233345777,1.4632059599005875,0.9667265609128141,0.6688065139144939,0.02301942834883381
1.4893752496417174,0.9686112333254329,0.13811768814387987,0.004475834821670185,1.158057969785887,0.9350223469572869,0.40865636458878996,0.028398820154787032,1.1576415451021955,0.9349640669867975,0.9257682905535184,0.06439627645180494,1.4623870717378549,0.9666658559970882,0.6600641697223677,0.022761406072414354
1.2198674558256577,0.9431521180173316,0.138555001084834,0.008351312793886352,1.3647721541118731,0.9586123410544122,0.40437188110219136,0.017458575052178786,1.1564676651098083,0.9347995168241974,0.9205359080060751,0.06420562366845965,1.4541356224720685,0.9660481721139785,0.6601865914515079,0.023202302092836278
1.37261230062146,0.9593226728611334,0.1322988130240662,0.005609751806880015,1.2351801884679834,0.9450132909307176,0.42036371556136337,0.024459356871150948,1.1559974015920742,0.9347334884283405,0.9260372427311336,0.06465930788477647,1.4830758105376005,0.968167220286659,0.6448872917347273,0.021203522147389447
1.228232598800807,0.9441760720896709,0.1336668737669359,0.007902985624969132,1.179992278468379,0.9380242504767503,0.4810176253229129,0.03178108438894786,1.1567420628963794,0.9348380155432595,0.9235146005689807,0.06437269671032557,1.4671349123716584,0.9670163359501788,0.6688575695148403,0.022813857997941882
1.5321389482821328,0.9714707228164619,0.1423956667863086,0.004181747686336444,1.3842664578572845,0.9603570231469916,0.36656116422488333,0.01513143070580187,1.1545264447402124,0.9345265537125097,0.9223958843171164,0.06462356489253653,1.4636187086463601,0.9667571178739872,0.6879738092907408,0.0236566473886745
1.3449694151591878,0.9567649617793323,0.13279645089383277,0.006000909167164995,1.2381604341798584,0.9453687891896423,0.409261768433935,0.023650522635827138,1.1540641258886613,0.9344613886173506,0.9267341229948861,0.06499665826949771,1.460721531215012,0.9665420578933437,0.6663971327418157,0.02306808742075228
1.5488136876118859,0.9725158075074961,0.1265726516155668,0.0035770597191676534,1.3598865272048004,0.958163707585452,0.4028486995067469,0.01758957875148029,1.1708949799814519,0.9367952524338368,0.9297060037808826,0.06272644222635763,1.474195820814599,0.9675309887977648,0.6575150474783251,0.022065301979360515
1.3002936348059837,0.9523039984287395,0.12658846529814272,0.006340164117472705,1.4506257874152786,0.9657820991131871,0.37201042684913654,0.013180422298646159,1.158553599821141,0.9350916486293621,0.9316063864450961,0.06466642575531799,1.4635437612911257,0.9667515713227253,0.6717606169219072,0.023103127651885807
1.3995053369181005,0.961671535196469,0.13554452859754504,0.005402274584950497,1.159880893588903,0.9352768994123489,0.39701401584399754,0.027474193042000248,1.1588504637515578,0.9351331248062391,0.9282123269783233,0.06438680394290261,1.4685724017754578,0.9671217459569627,0.6549033690258553,0.02226408353497134
1.3354958468290528,0.955853576746487,0.14597863993025284,0.006742073243339792,1.1945113736992408,0.9399395541120951,0.37636224934612034,0.02404887038981565,1.1534867256304038,0.9343799177901649,0.9257519616390584,0.06501415395607131,1.4733913349988024,0.9674727457372999,0.6537380122057541,0.021979226430821525
1.42635505561042,0.9638863989110803,0.13870771371423601,0.005196914332115306,1.1930475593176408,0.9397489930203631,0.42531959300808764,0.02726891324942482,1.154199899028771,0.9344805324619404,0.9255370032176711,0.06489240763296793,1.4616745000915223,0.9666129454228276,0.6763631620140882,0.02336175395858709
1.1272771370056924,0.930581194725783,0.13286926256254078,0.00991168263127837,1.112859244461882,0.9284056837006588,0.3630411137698499,0.027996037492252268,1.1499923101320817,0.9338848453974681,0.9284424624755275,0.06572985657562462,1.4576216071682744,0.9663104605720295,0.6536763106373722,0.02278983281140466
1.306047736217856,0.9529022028661276,0.13443506415897954,0.006644538506044642,1.3475546264324465,0.9570105300935972,0.38338928909025716,0.01722206996423629,1.159147281653683,0.9351745698922577,0.9279202929256712,0.06432257038548339,1.4665548110946733,0.9669737051822375,0.6752501711268294,0.023062686304563342
1.1089053602292571,0.9277981783022597,0.12382639886772476,0.00963624609490027,1.1231318883541765,0.9299620632041852,0.3782317923009605,0.028485650556614214,1.168328494526238,0.9364444439487937,0.9260563760709617,0.06285052818271974,1.4626192443203407,0.9666830780120892,0.6721047570686172,0.023164222347832268
1.396467955282486,0.9614129128767116,0.11869404385353563,0.004763881730574517,1.2955615779665763,0.9518066456785362,0.40317375221144053,0.020414120432609765,1.1566495701575286,0.9348250409361748,0.92716453117461,0.06464087686848936,1.473383294864254,0.9674721631394092,0.6827748887578405,0.02295589582852193
1.3007448658152234,0.9523511686726728,0.1297573931914618,0.006492130576445683,1.199074948282998,0.9405300301401399,0.4520778673922197,0.028585006630909175,1.1524466608314632,0.9342329276638383,0.9289886524363251,0.06539789178383304,1.4579614350704584,0.9663359246537487,0.6643993133158423,0.023145562503511775
1.517862388259251,0.9705453777518802,0.13133256656383355,0.003985749894532697,1.2443208671691568,0.9460967814165393,0.5010372886457203,0.02854625765442072,1.1514228347238418,0.9340879336162572,0.9282497232105428,0.06550010462085605,1.4685254118503304,0.9671183053719965,0.6665090131246574,0.022661080567539366
1.2074533863367483,0.9415999726016314,0.13284113013293786,0.00823908864181329,1.1993803159768885,0.940569346621394,0.4261856401328304,0.026928892744225292,1.157279381012755,0.9349133414208558,0.928813231453719,0.06466198202663839,1.4695475439121457,0.9671930670603767,0.6839797530386562,0.023200412259157158
1.4106831087742635,0.9626090224757412,0.14788481664095288,0.005744344511730716,1.0884336096846523,0.9245760890574583,0.41639064809520215,0.03396779511273742,1.1581682217521005,0.9350377689353737,0.9291810070452167,0.064555329512797,1.4598846414260527,0.9664796852104738,0.6797932827688888,0.023577199995938
1.2119679726007142,0.9421689829443317,0.13051161587862592,0.008010897854281822,1.193389209071285,0.9397935199493314,0.4237640618938839,0.02714781704387578,1.1599886734179468,0.9352919206524248,0.9239687944485151,0.06392468997716975,1.4642813684019476,0.9668061197895219,0.6666307486746261,0.022887795973968644
1.1204459889491578,0.9295581770240311,0.12577567441709353,0.009531267661306317,1.4203725932428046,0.9634038187223578,0.4091012464938975,0.015540257456582374,1.150746694705128,0.9339920159651619,0.9275495727699022,0.06555267747941897,1.47037749084333,0.9672536509445182,0.6888963493215218,0.023322569313541614
1.3571993956764352,0.9579149770955886,0.12533800754571786,0.005506598231033261,1.2330734639081584,0.944760677305161,0.36362664728578603,0.02126092902930372,1.160051707509587,0.9353007041895548,0.9274178895503564,0.06415400320681953,1.4653189482118325,0.966882705955584,0.6871199085108429,0.023534966458455972
1.3784977693891052,0.9598482207663203,0.13197010052410002,0.005520491914294228,1.1908607392238806,0.9394632558617575,0.40946387146662083,0.02638486334209172,1.156759263920998,0.9348404281869781,0.9316844230604003,0.06493959422488285,1.4699918843167261,0.967225516165133,0.6948406220465676,0.023544708399924154
1.2483852538398021,0.9465720602548522,0.14890647312081942,0.008404818193576961,1.1691764706486596,0.9365605526527673,0.4232705955614726,0.028670919979169106,1.1560646627935247,0.9347429361974628,0.9278068263563062,0.06477283424067808,1.455616641682848,0.9661598451249136,0.6809499779898861,0.023850559339262507
1.2896923406360885,0.9511829302512764,0.12758410700740377,0.006547933160410814,1.3080391485414984,0.9531075667482793,0.4215873762032457,0.020741895865778886,1.1550406668366848,0.9345989639270326,0.9231525304216835,0.06460004159353362,1.4701529413234469,0.9672372701105449,0.6819692097306652,0.023099991803228716
1.3321448677810976,0.9555268366900094,0.14023069453781065,0.006526768626255441,1.2517922083885176,0.9469674115137264,0.41056585251341804,0.022992734109039174,1.1562653672279481,0.9347711203592982,0.9299486752670273,0.06489236658028895,1.4501980496120221,0.9657495360627391,0.715750610881697,0.025384211506867874
1.2656495947018795,0.9485471619982488,0.1280143250806858,0.00694398823185999,1.1660515552727686,0.9361316944862581,0.3612365032220709,0.024645638521153326,1.1588866628568155,0.9351381806563706,0.9237103674554754,0.06406917845839805,1.4660994067341,0.9669402009195153,0.6988730793562291,0.023894552697576545
1.369342218428205,0.9590278276748583,0.13426292264590775,0.005736062546654618,1.2882599720279564,0.951029555954098,0.3582518873371971,0.018447117540510774,1.1590817573114678,0.9351654227597862,0.9257896875467825,0.06418456194446288,1.4575554389316652,0.9663055002729906,0.6885626296541842,0.024009770543950513
1.2481028936479315,0.9465391699905769,0.12190601968218805,0.00688529033132326,1.1048481605071365,0.9271698599927257,0.4007902696715375,0.031482485263229214,1.1554869702064163,0.9346617497831378,0.931272099859413,0.06510129412561827,1.4675443275175655,0.9670463912530732,0.6830294380777915,0.02327528965377058
1.2651842631653303,0.9484948435119439,0.12072890515297222,0.006555819670575991,1.2598514388328228,0.9478916571422931,0.41349304284924043,0.02273090714926534,1.1592364232104906,0.9351870120357835,0.9290349346836305,0.0643866192163102,1.4712012889862511,0.9673136790835114,0.6726947789455768,0.02273090714926534
1.2811491104237849,0.9502613541788717,0.13902978006945174,0.0072771064076779845,1.0706730050372735,0.9216742687729734,0.39223403135851836,0.033332836077956986,1.1580461960115251,0.9350206998475653,0.923224244975271,0.06415950505912141,1.4531817930813622,0.9659760625422573,0.7048090076817847,0.024825022613818366
1.3700441401063477,0.9590912880108581,0.12315671282681923,0.005253079198551491,1.1719576366965547,0.9369399758914918,0.399679195850933,0.026900100726354202,1.1576531616796997,0.9349656934233477,0.9271881516334278,0.06449331663366699,1.4626134996261548,0.9666826519878865,0.6932470726621398,0.023893212452676563
1.1446540878747695,0.9331218471138414,0.12000938907026866,0.008601241407904525,1.2298543383738743,0.9443725663818358,0.4525318481531272,0.02665598963731974,1.1499984172027578,0.9338857136385492,0.9361436527751105,0.06627413679334122,1.4669524700761178,0.9670029342736494,0.6776348078441414,0.02312294978679815
1.1549657199658816,0.9345884149173942,0.12409161211042607,0.008685137664922049,1.0848343262972202,0.9239961106749612,0.48721371215491854,0.040076074594311756,1.1536737620392619,0.9344063188198841,0.926290811246001,0.06502398681301401,1.4479977418409213,0.9655815569974876,0.6921544947986186,0.024672053702265294
1.2268353703023833,0.944006256643966,0.1417940724291083,0.008410517245116954,1.037173384353818,0.9159215152177135,0.4179300478305432,0.0383645591710204,1.161394681193301,0.935487578436884,0.9284677143833276,0.06402832274707884,1.4835283205216834,0.9681993167333035,0.6859625896822685,0.022530566454941576
1.2846109207690435,0.9506367572009197,0.1297241218691114,0.0067361200544962824,1.2049269331055854,0.9412792553444057,0.4008172598505219,0.025004575247571728,1.1599027363611782,0.9352799438947014,0.9270182718976943,0.06414836002792595,1.4687391078052965,0.9671339493057048,0.6970633693972179,0.023688259575823715
1.1806038083675525,0.9381060595332888,0.13703460544707527,0.009041207681400286,1.168786806758951,0.9365072226975759,0.42044347494599515,0.02850498455965882,1.154537057353096,0.9345280488813829,0.9233978567495447,0.06469218276809123,1.4949110022896481,0.9689964666725658,0.6799313821000466,0.02175474936218784
1.4887225798466697,0.9685655098924273,0.12724595304686837,0.004129727531516877,1.2287480890390947,0.9442386009562467,0.43754767353165525,0.02583909448285211,1.153989353727737,0.9344508436144592,0.9310958555809814,0.06531381320319914,1.4965975737443145,0.9691129229751722,0.6713068904144419,0.0213955537481361
1.406234556326733,0.9622385890503601,0.15630081087601885,0.0061337585276809254,1.264222675523982,0.9483865701677947,0.4124558109284688,0.022446816230722644,1.1476156554113275,0.9335461514303964,0.9323290918817988,0.06636721301246623,1.4430285102574607,0.9651992606830889,0.6690618804351247,0.02412335880927497
1.2041759338249238,0.9411836027684631,0.11295475845616426,0.007058762948066802,1.1399118425917085,0.9324371841494326,0.43035912072931753,0.031183091491541408,1.150565019501745,0.9339662213042592,0.9286764079407004,0.06565977548553556,1.4624617753818676,0.9666713982750178,0.7088267870835818,0.02443871383891548
1.3678795401518051,0.9588952848512879,0.14086927009312092,0.006038606417052862,1.1040958581327196,0.9270528023046021,0.4552319538425641,0.03582093193792502,1.1574284937130126,0.9349342309574864,0.9294911227541734,0.06468696162536784,1.454011454914831,0.9660387933925012,0.6999978787943066,0.024608507183298475
1.2597027302726356,0.9478747416661685,0.13915126553684187,0.007652166836767563,1.1466063897015562,0.9334018353498493,0.46628912447334964,0.03326970090498198,1.1620450475209891,0.9355778959333102,0.9314435210187335,0.06413741891951459,1.4895962772505724,0.9686267030433351,0.7003477730964414,0.022683886980669532
1.1511875523103754,0.9340545710093099,0.13472475812713802,0.009511737585910828,1.126361210101682,0.9304448299161118,0.40917962601523644,0.030588120399269173,1.1566855744324878,0.9348300917947358,0.9271967932170665,0.0646377672611757,1.4459175276014455,0.9654220158562272,0.7135616697097525,0.025557242009801327
1.2704267242792877,0.9490813684353806,0.14446544932250469,0.007750634700580636,1.263122323279359,0.9482624080908292,0.3733986714121263,0.02037278702194081,1.1588809447379926,0.935137382043568,0.9286068837327194,0.06440965219425059,1.4601937194125136,0.9665027335906191,0.711713329179296,0.024666718640367975
1.2633446980589011,0.9482875232701903,0.1301235899225052,0.00709596293396511,1.287187804541825,0.9509144520628989,0.4104580967786271,0.021187563762324557,1.143348050422034,0.9329339328868949,0.9321682683666889,0.06701102558627445,1.470094324935651,0.9672329927561727,0.6974002769936672,0.0236258689470277
1.3456283807692908,0.9568276835885715,0.12662857865665977,0.005713514730250508,1.213400716066308,0.9423484729666805,0.41646287473120547,0.025478600931302223,1.1555069762294634,0.9346645629126525,0.9255491841295274,0.06469824885892425,1.4496000965962248,0.965703964677185,0.7075726272294135,0.02512875239673366
1.380781031711537,0.9600503500202291,0.1307171654438468,0.005439407428703554,1.2626126267128899,0.9482047990519322,0.4124885525110791,0.022531975673874233,1.1622539720908938,0.9356068846547712,0.9339466731228749,0.0642788513371029,1.4658689465688655,0.9669232333749597,0.6851124748681565,0.023436509394877788
1.2437129233914652,0.946025348137715,0.1332329222755656,0.007601488279964862,1.2831321945107372,0.9504767320600923,0.40645559425565075,0.021177803328618863,1.156976570898563,0.9348709008616318,0.9247021661593816,0.0644206799010979,1.4565521259598917,0.9662302005307875,0.7061721422071605,0.024680755807446147
1.4614401350389252,0.9665955254041563,0.12343434976547892,0.004265754902260077,1.338317247118136,0.956126903107869,0.3860770733439886,0.017715636691733403,1.1561126733068479,0.9347496791621759,0.9291109091478893,0.0648567057762039,1.4600156990645474,0.9664894602317309,0.6979535554232348,0.024199746958241324
1.6223951903989837,0.97669947199453,0.11669774252335956,0.0027839873940833826,1.1089986270361745,0.9278125631267924,0.3787883576146383,0.029471211902393647,1.1455203015985727,0.933246209262897,0.9273246320934593,0.06633022863818537,1.4625070920251269,0.9666747598920556,0.6794235691938185,0.02342251449795676
1.4853084959318739,0.968325280727873,0.11394743471324209,0.003727314651547622,1.0950813555673322,0.925636611924974,0.4590435804853472,0.036878441798008844,1.1582438482516777,0.9350483455546946,0.9327294483163994,0.06479057591623037,1.475190202625108,0.9676028406489626,0.7129271979175413,0.023870140791579633
1.2820945629342488,0.9503641479428908,0.12499478580069244,0.006528258362168397,1.1534386626736897,0.9343731318923391,0.41000291995161225,0.028797069000610624,1.1474253555771117,0.9335189624742849,0.9362303424686105,0.06667412985955629,1.4391966938447407,0.9649016769206543,0.7118216326700871,0.02589253002238958
1.3923776260828695,0.961061988031573,0.1463452776880011,0.005929268085828174,1.0884051629592983,0.9245715212083201,0.5187297350834575,0.04231905690781104,1.1652255694965832,0.9360178869929471,0.9257483032204927,0.06328012891188195,1.4666486811512534,0.9669806071583511,0.6747500443091423,0.023040624204902042
1.1884783828481753,0.9391505266823781,0.1252325314048032,0.008114070494252109,1.2141413652630917,0.9424410542047881,0.35219363334239073,0.021509986391752018,1.1592554701648266,0.9351896702712643,0.9298225445728737,0.06443837824416969,1.4920980971854927,0.9688012918101581,0.669794954329787,0.021569683591274983
1.302388035738622,0.9525225661266195,0.1206722198475829,0.006014773341764645,1.271898216243627,0.9492448591238022,0.4278208108756164,0.02287513629076086,1.1645089372274289,0.9359189936054035,0.9301404280605915,0.06368535645249822,1.4511550685268304,0.9658223511708646,0.7050385212831393,0.02494926625193114
1.300929310297631,0.9523704371455862,0.1411956147579459,0.0070614176433672,1.204769201988275,0.9412591777020192,0.4103706176265034,0.02560985124751938,1.1535059805582657,0.9343826361659103,0.9322081633930341,0.06546466068490595,1.470331045493489,0.9672502634165187,0.700470443426831,0.023716946248961108
1.4368996460731682,0.9647221112358966,0.14076169521714077,0.0051473635446743545,1.0775900017826854,0.9228163555230368,0.41645974121221646,0.034832369855943006,1.160404371933801,0.9353498260315155,0.9343705799151344,0.06458248973952536,1.4680539200799454,0.967083763660187,0.6882183456440882,0.02342460763985683
1.3315439466249692,0.955468000052389,0.12743906871449787,0.00593961974760688,1.2430017525223924,0.9459416724116446,0.38824677819662085,0.022187384415963407,1.1609424222174278,0.9354247029716555,0.9312231949074218,0.06428525376740335,1.4922206597450236,0.9688098205992591,0.6912364871179788,0.022253892955184783
1.2706527525728941,0.9491065137551753,0.12353971962616822,0.006624511506730352,1.3155563223718332,0.9538751251127723,0.4472317256341789,0.021626004125054277,1.1465440750124674,0.9333929153665778,0.936050150200267,0.06679670538428137,1.4747574629103362,0.967571590731729,0.7041263351134847,0.02359897416413374
1.0881293688626847,0.924527222240076,0.13513457059603756,0.011031564208099764,1.2467748085202872,0.9463842137760335,0.41700696613019456,0.02362481962873539,1.1541388418556227,0.9344719241196381,0.9378270269141192,0.06576334611676864,1.4785586920936327,0.967845099980287,0.7013336953910746,0.023300541436036805
1.0628847251390379,0.9203698290046998,0.12546267816367598,0.010855000023746796,1.2397715623849836,0.9455600695689333,0.41352740618711487,0.023808538398231067,1.1599667100368523,0.9352888598863531,0.9362729253771804,0.06477922603083149,1.4704897914666912,0.9672618402797238,0.7216945229331971,0.024426633593032824
1.3408232283352222,0.9563683182931051,0.1277570131843759,0.005828563356252768,1.2022383433379027,0.9409361425415469,0.45535384236250875,0.02858318776640107,1.1666937455224715,0.936220047561691,0.9275680782026533,0.06319053737968655,1.467889441726176,0.9670717056532342,0.6861728344354541,0.023363832209094788
1.20823408735756,0.9416987449060741,0.14045611985143763,0.008695740667869791,1.069377839253309,0.921458708298002,0.44297458581980553,0.037757303553740316,1.1554262730022689,0.9346532142092108,0.9314776947794516,0.06512476762961858,1.43923484219316,0.9649046516203056,0.6961774402203397,0.02532124781198692
1.1494579981687365,0.933808841341402,0.11904343420766948,0.008438154033308646,1.3009983608890598,0.9523776487908616,0.42502662296709093,0.021252879189122588,1.1626318874394164,0.935659290345102,0.9267997642704273,0.06373148341118656,1.4938969626766239,0.9689262436306564,0.6945751181232618,0.02227523316934486
1.4871643646909285,0.9684560868447756,0.13350282779017278,0.004348366088038295,1.2741467012414887,0.9494937185291328,0.4946297929746277,0.026310770740593188,1.153154154942876,0.9343329495392257,0.9325792559539252,0.06554379687626194,1.4834013056311641,0.9681903107524509,0.7059824625123229,0.023194905482253277
1.1391943996135205,0.9323330386121274,0.14097370476438428,0.010231603774545094,1.2641853006721147,0.9483823574725497,0.4506638896120802,0.024528300606540925,1.1487601150582147,0.9337094475856097,0.9342462900286383,0.06632866660740809,1.460121723191787,0.9664973660983303,0.6797084092684197,0.023561390640447235
1.2575136706120948,0.9476251367878894,0.13126029355403404,0.00725470405246628,1.2391304083088828,0.9454840246030285,0.4376275364870884,0.025233310549254675,1.159949701860693,0.9352864895736144,0.9334790399933707,0.06458845098357306,1.4753418602268848,0.9676137855798949,0.7123709097689065,0.02384318761704557
1.2950532417711689,0.9517529261377761,0.1227972027972028,0.00622494089666028,1.1963650898034834,0.9401800634667654,0.4542760942760943,0.028903790012265257,1.1559746135011466,0.9347302872361983,0.9364827764827764,0.0653920843947499,1.4781634822968979,0.9678167677139385,0.704004144004144,0.023410556267126053
1.613955535143994,0.9762531017400767,0.15819401093976945,0.0038479950295882094,1.3549057364230879,0.9577015499379243,0.4466763497017831,0.0197281890929338,1.148266054918357,0.933638998853475,0.940748065968252,0.06686629795989041,1.4637465295467054,0.966766575321694,0.7020921536512253,0.024135015939947647
1.315515217680923,0.9538709607125911,0.13247317189723773,0.006406380320468317,1.0580650893842736,0.9195526894755902,0.4253435970953969,0.03721129721736428,1.1497135627516772,0.9338452046554415,0.9335660340116974,0.06613501853710577,1.4793440466231602,0.967901329849529,0.6965853253134706,0.023100973104739568
1.2552380574963804,0.9473644659709276,0.12708254206144717,0.0070607012479836995,1.0999297563265928,0.9264014167747184,0.4794235092437665,0.038088122930639276,1.1537977868802964,0.9344238200373886,0.9374749786998162,0.06579030477969268,1.470368221532,0.9672529749070705,0.6948684521182135,0.02352525681297224
1.2679144243769442,0.948801086038812,0.12938446557689517,0.006981804952017908,1.1771533782667511,0.9376431448084339,0.46837383719725695,0.031148651492135117,1.1530560778538996,0.9343190923537967,0.9361157726811279,0.06580721095694034,1.4636899593065242,0.9667623900193106,0.6964903557295875,0.02394556825756249
1.2091567945244588,0.9418152813999477,0.14283066085828158,0.008823982763526089,1.0827636204412916,0.9236605909200448,0.43769889084561436,0.03617527369964236,1.1475907755650412,0.9335425973266701,0.9369934398203932,0.06670306262481403,1.4748780030899116,0.967580298360715,0.7039165405093666,0.02358539571437593
1.4847720753735671,0.9682873748652614,0.13636597011860144,0.00446615643636576,1.2624678063503878,0.9481884195044133,0.43346511269702725,0.023685706465671516,1.1493205016742927,0.9337892698046825,0.9326384966884017,0.06612913413207082,1.4670566688064322,0.9670105890511023,0.7241156235559891,0.0247030882086271
1.2654087236838194,0.9485200864945657,0.13198837760422033,0.007163528068128887,1.1207417967386015,0.9296027637303939,0.44797741463515156,0.0339245677099389,1.1601373717412178,0.9353126393630955,0.9424547159313372,0.06518131534597464,1.4822923674899224,0.968111576730548,0.7145712696024893,0.023537112507452107
1.7007925582689218,0.9804726669753919,0.12020663415237721,0.002394064675052909,1.2348933856633924,0.9449789649968575,0.396285947021643,0.023073596101055874,1.1563567932783343,0.9347839552183513,0.9371023787674129,0.06537779168921429,1.4853414930779272,0.9683276110215638,0.7067424187744243,0.023116371505062773
1.1929956227760043,0.9397422214759089,0.13706188797895624,0.008788628095222248,1.2900676507202,0.9512230420696277,0.40549316180474926,0.02079293921578082,1.1494715608516892,0.9338107715905952,0.9388723913646593,0.0665479999266539,1.455886021326431,0.9661801189744295,0.7100625764223549,0.024854818872493925
1.3133844759419118,0.9536546002873313,0.1350051988428714,0.00656093925596966,1.1539966232446972,0.9344518688924903,0.43121570565284084,0.03024808933524824,1.1366039242738555,0.9319557592894013,0.9309634845630398,0.06797179244290075,1.4709330451715579,0.9672941445010373,0.7133738946024687,0.024120381216238697
1.2779194875250455,0.9499086917980515,0.1231624787880027,0.00649469758215181,1.1053655857844387,0.9272502704915689,0.4818547974893173,0.03780511831083514,1.1713190306433585,0.936853041090362,0.9314060231849686,0.06277981208856159,1.4736696637215796,0.9674929075582208,0.703072928380119,0.023622764050897777
1.1428922336246488,0.9328682341399513,0.1405856197364916,0.01011692815989284,1.1822044655286879,0.938319714455125,0.4206196340388911,0.027649359523864513,1.1508915427947568,0.9340125751187471,0.937053050017417,0.06620223259832657,1.4784963715923243,0.9678406338765895,0.7147101612605783,0.023748357884126055
1.4768175038772682,0.9677200944531696,0.15885379448335002,0.005298831254068054,1.0432419285720294,0.9169913570844501,0.41426938075501746,0.03750083229494631,1.1444899499955299,0.9330982576415146,0.9391984319810531,0.06733911568831812,1.4907251521128473,0.9687055979824805,0.7023826537904,0.022690738221837516
1.3961886947988282,0.9613890509240599,0.12674164675969118,0.005090150823057147,1.1476411260460593,0.9335497897457921,0.4618144909111414,0.0328720228493026,1.1541475805443335,0.9344731562363118,0.932979279657976,0.06542209060251111,1.4713353504993196,0.9673234377511567,0.7089207172662682,0.02394761777001946
1.2278461835046883,0.9441291567331255,0.12647836513825406,0.007484625238925214,1.1053384377968491,0.9272460535917724,0.46043003259064913,0.036126443230554174,1.1505746306722475,0.9339675861548712,0.9390103921126529,0.06638894511546524,1.4822258885383,0.9681068507772028,0.7103019246930535,0.023400067109626426
1.3702816210881128,0.959112737218515,0.13824173126879258,0.005893286341026648,1.1666761698231025,0.9362176309988196,0.4363865082124813,0.029730016154737658,1.1436656008929258,0.9329796674676862,0.934739921045634,0.06714677985399595,1.4399121092660716,0.9649574225529727,0.699410910429749,0.025399214953118653
1.1961451675443984,0.9401515769945478,0.12488143199551227,0.007949735926079686,1.1182041150788855,0.9292194131083928,0.444632566678566,0.03386859290353573,1.159147533719358,0.9351746050780539,0.9348258452751288,0.0648012192312945,1.4827839950615795,0.9681465052564497,0.7110918455811107,0.02339600488399161
1.057259332538393,0.9194153340225538,0.12335653518948182,0.010811920158964448,1.0851633878310767,0.9240493042583191,0.49017991614767775,0.04028952297074326,1.1541102810144341,0.9344678970163793,0.9377620385069402,0.06576311361554416,1.468173583542238,0.9670925335800511,0.7314486913339032,0.02488916252810012
1.2942390577607392,0.9516667670095541,0.13130525484318512,0.006668728692867995,1.2005024234293054,0.9407136103440932,0.43924372385996535,0.02768236185840678,1.1615831256676354,0.9355137601705729,0.935896786737825,0.06451264237327886,1.485609566416434,0.9683465365017705,0.7186952515013114,0.02349282312913609
1.4671596382988867,0.9670181518397614,0.11790588259203935,0.004021386681781698,1.3095010033259231,0.9532577779519463,0.42458514973223993,0.02081918847777907,1.1680066653879144,0.9364003258230126,0.9355749982217073,0.06354361848682498,1.4456643732850096,0.9654025516937158,0.7219360017884543,0.02587225759710422
1.3638888352271084,0.9585315706566391,0.12615900772671818,0.0054579484474987635,1.1573081617300276,0.934917373862753,0.5118950793005287,0.03563467424930272,1.1556852491207814,0.9346896256259833,0.9441846278975193,0.06597382685710247,1.4686195165570568,0.9671251953347172,0.724308662057747,0.024620913504667562
1.2253118223840127,0.943820534910729,0.12234630638306505,0.007282475633886011,1.1159953619106728,0.9288841826693823,0.44237186704399073,0.03386820173694589,1.1605621538101376,0.9353717918749156,0.9413017679457141,0.06503793154309773,1.4722018771913872,0.9673864464920273,0.7345951373885524,0.024765447052514166
1.3502009287782903,0.9572605214020139,0.13149437871921982,0.005870921300289773,1.2257708885142633,0.9438765563454289,0.45184148900580884,0.02686675516891899,1.1532088997246328,0.9343406831767785,0.9380391918331762,0.06591922368162573,1.4877616992540958,0.968498077150011,0.7166347333313058,0.02330967155604225
1.5870615337013032,0.9747743390539354,0.1239699614369799,0.0032081519685274854,1.172545882676285,0.9370199562855458,0.42595900142074283,0.028630037546253123,1.1515905431408862,0.9341117047797045,0.9446316216764765,0.06663032573617572,1.4390516168675787,0.9648903620117212,0.7416683580271971,0.02698721904881013
1.486030113184263,0.968376204283691,0.13132674150018236,0.00428867420215297,1.2187699969682673,0.9430164784636912,0.46072253515419215,0.027840014574286715,1.1470495097465694,0.9334652334074363,0.9374113547027596,0.06681603497828811,1.4740231441829585,0.9675184958783848,0.7080175872269725,0.023769546810379284
1.2899344399253339,0.9512088085504744,0.12415171280469868,0.006368223184845681,1.1851487482491234,0.9387109174164205,0.48007222487091833,0.03134424633856055,1.1645252333944427,0.9359212440153389,0.9325123502500482,0.06384536276577595,1.4791652735505272,0.9678885384056471,0.7285582414461205,0.02417124396160714
1.340214224651768,0.9563097664340078,0.12338480292563998,0.005636992371641864,1.1446499935924612,0.9331212587880682,0.435361641609102,0.031203274267476443,1.149415912917111,0.9338028514101386,0.9375965054855749,0.06646608017659948,1.4829893937919492,0.9681610872015387,0.697338480292564,0.0229326496990523
0.971726292100418,0.9035653163905627,0.13042592422806965,0.013919948573995212,1.1151626674004593,0.9287574214796135,0.44274319244521865,0.03396168463654902,1.145870397249398,0.9332964114799633,0.9427380988763587,0.06737839496231728,1.4759047525956601,0.9676543775459175,0.6974725711316891,0.023314300003601452
1.1497545000472789,0.9338510277427328,0.15007695992986964,0.010630642751287805,1.3048320953753105,0.9527764202773118,0.4233713545966994,0.020984053016635987,1.149011717818795,0.9337452972720048,0.9414798731944997,0.06680351623203,1.4817031064726687,0.968069662864589,0.7097642273936576,0.02341051675999481
1.0712001469320247,0.9217618483542451,0.12015519581822234,0.010198643443787481,1.0164035077197469,0.9121645773696169,0.4276090524140446,0.04117592676934874,1.1523141267132697,0.9342141749290205,0.9403529387928764,0.06621810672173739,1.4530185555844328,0.9659637069770347,0.7336649310128249,0.025851110546143714
1.5369498191609052,0.9717761397937759,0.12781141649903463,0.00371210138251981,1.3428694916277435,0.95656450550109,0.4087963852133391,0.01856254652874329,1.1546585824094868,0.9345451678004432,0.9434734703367129,0.06608016371318917,1.4546515770472506,0.9660871168402886,0.7292144712768001,0.025597862482280836
1.23999519020375,0.9455865697330869,0.15193306578328447,0.008742932212510877,1.1157911299178036,0.9288531116980743,0.47268287312723306,0.036205849076756974,1.1534638792320722,0.9343766922413177,0.9349973478517599,0.06566689775239085,1.4796186257866335,0.9679209667492057,0.7238863479418329,0.02399118835436803
1.6558910271603207,0.9783916449013395,0.11601126165042129,0.0025621769669125767,1.213019546945548,0.9423007723098001,0.47095652880970046,0.02883774351725052,1.156189946629611,0.9347605306592559,0.9395448585687134,0.06557338054444561,1.4832295673150822,0.9681781297380816,0.6985882281195687,0.022961047434255016
1.2261084411919188,0.9439177155457796,0.15371763586103546,0.009133037804046545,1.215695534722656,0.9426348719511491,0.44665296327423326,0.02718157920318579,1.1520191598698222,0.9341724211538056,0.9434380664040746,0.06648049363950367,1.4778359291685923,0.9677932674097697,0.7223544183314938,0.024038889678205725
1.1944532434160477,0.9399319974121291,0.12708432226071323,0.008121546472991523,1.1733234440910871,0.9371255316028272,0.46083847575570885,0.030918989188722438,1.148277974858856,0.9336406993530233,0.946077787765243,0.06724327720208134,1.4595365742181035,0.9664537110218572,0.7105531596861018,0.02466380061178464
1.164404972975422,0.9359046349878865,0.12557928672174087,0.008600288875046581,1.1504221435059234,0.9339459288637112,0.4367116663308483,0.030886781110509666,1.1476148110693214,0.9335460308184347,0.9385452347370542,0.06680983480808306,1.473123316126347,0.9674533193293585,0.707787628450534,0.02381111053686693
1.1846457400072397,0.9386442480294233,0.12894194974996703,0.008428465101736332,1.0517270657969537,0.9184664708588282,0.5402030693702009,0.04795456785424193,1.1685434869549218,0.9364739004094879,0.9383184395508536,0.06365122467637073,1.4754972642694977,0.9676249971791812,0.6967348636229929,0.023311503155576552
1.2634381989809569,0.9482980798939243,0.13673430302297218,0.0074548564006840816,1.2096886106754254,0.9418823496426169,0.40583829770076707,0.025041735091817202,1.1528784999935824,0.9342939956894127,0.9395707964155755,0.06607710536963181,1.490539495534737,0.9686926359973931,0.7295049744473676,0.023577011869426113
1.2294704206148839,0.9443261087695781,0.1289318976140932,0.007601336421007973,1.2557073753587107,0.9474183262934285,0.4526455079900604,0.02512180495705041,1.1476680258579355,0.9335536320090161,0.9390088688660377,0.06683464849598245,1.493520155776675,0.968900110242785,0.7131154164730601,0.02288967727635549
1.6360606140563376,0.9774049188082667,0.13649129566354723,0.0031553267720843985,1.3075011121656843,0.9530521659764948,0.4778513418974135,0.023539199939095805,1.1484652062356062,0.9336674044835392,0.9371685812489228,0.06658133735011008,1.4992423887011357,0.969294692842632,0.7167060398057367,0.022703806444289314
1.318637906211946,0.9541863097714312,0.12382287108547922,0.005945152011750226,1.166900153689679,0.9362484211756544,0.4687947409812264,0.031921447562576075,1.150750692861843,0.9339925835272782,0.9394849871952572,0.06639557734545529,1.463088961963948,0.966717894291105,0.7328648343449417,0.025231026580806604
1.3259584153241994,0.9549175549465022,0.14183526665794743,0.0066961598754076285,1.2695166508525175,0.9489800050693591,0.49743956055011723,0.02674383413980597,1.146978924943881,0.9334551384550466,0.9444047607070636,0.06732544656367846,1.4779272200766735,0.967799818744279,0.7311186454319547,0.024325436362338013
1.1750928769766307,0.9373651656394743,0.12378788940147505,0.008271519182399992,1.3241584133329927,0.9547387905544785,0.46827247345615386,0.02219934783037603,1.1468903629100047,0.9334424704089538,0.9370352950594922,0.06681370984914921,1.4667535084667356,0.9669883131413891,0.7360626044491589,0.02512819221927486
1.336479664040114,0.9559490690932094,0.12512711104021693,0.005765961703616094,1.232966430049438,0.9447478139390658,0.4264450780611329,0.02494001303857267,1.1461721356114254,0.9333396513392437,0.9417582198472674,0.06726161392486897,1.487700780485897,0.9684937972741854,0.7139353578051163,0.02322512769771199
1.3935901588166468,0.961166333924559,0.12069790628115654,0.004876515149453009,1.2566090355392108,0.9475216574709495,0.39857427716849453,0.022074975569788744,1.162031905160302,0.9355760719970685,0.9376370887337986,0.06456584996719955,1.4744773516721714,0.9675513472153906,0.7426620139581256,0.024906566350820555
1.2121359954460538,0.9421900594865598,0.11956305067176973,0.007336028200835681,1.2448673547466456,0.9461609175051455,0.4571721883347287,0.026014318184911463,1.155393062414899,0.9346485435152141,0.9403679783120041,0.06575136444680359,1.4906203170189,0.9686982793492764,0.7040425786389188,0.02274985368774924
1.2363066981345445,0.9451479219055031,0.1356766291819512,0.00787405324288546,1.0775969297957115,0.9228174917419639,0.4509992583238118,0.037720626550151085,1.146073082159969,0.9333254596032673,0.9403552027582336,0.06717672844822309,1.4941779594623206,0.9689457182848278,0.7100948142802734,0.022758224729221004
1.405921346549542,0.962212375444506,0.14754782608695652,0.005794439978572892,1.2877105423214026,0.9509706032536273,0.4370782608695652,0.022534538279174527,1.1632986375218217,0.9357516520378014,0.9376,0.06437525482126946,1.4798099178003574,0.9679346403907149,0.7549416149068323,0.02500941009429153
1.37975951544828,0.9599600395786516,0.11600869939966124,0.004838726135447597,1.0636096282956709,0.9204920739695696,0.4635938142056787,0.04004312881161077,1.1509969447015342,0.9340275316993167,0.9443759583872035,0.06670340098570422,1.4831178181870874,0.9681702011999406,0.7179810978482015,0.02360452104230229
1.378753015675903,0.9598708653900861,0.1300206461136434,0.00543574786785716,1.3864631240438239,0.9605491410025514,0.4508632469255244,0.018517472581388212,1.1469451031275923,0.9334503007960526,0.944943696950958,0.06736911300271992,1.4877536562023417,0.9684975121139751,0.71734772244442,0.023333294772277687
1.2488893349657626,0.9466307298559354,0.11829670384734875,0.0066693469223657815,1.1479154409165024,0.9335889621256616,0.4801118426986561,0.03415285212539515,1.1532981677472751,0.934353291996929,0.9433069761382199,0.06627578470608003,1.4664186368900858,0.9669636902354825,0.7303448483208562,0.02495222818363697
1.0927906343317237,0.9252727281220214,0.13350931925445964,0.010782536753699863,1.2566272139247523,0.9475237387586551,0.46357291416686663,0.025673840509898054,1.1516764294719,0.9341238753110698,0.9391148708103352,0.06622809882268416,1.474717247090214,0.9675686851026305,0.7487301015918727,0.02509620461237842
1.3052080651060052,0.9528153560010374,0.14193877346983663,0.0070289909305537605,1.1705679140991698,0.9367506469578587,0.5158265181660034,0.03482857862114481,1.1619573787019306,0.9355657280821258,0.9402131531063166,0.06475434931996163,1.4757120687979959,0.9676404880406628,0.7155825718341965,0.023930274804901445
1.2750255135155328,0.9495906699781163,0.14079720976581964,0.007474265741689703,1.0795466434181202,0.923136643250118,0.4615346287992028,0.03842887300077172,1.150717722736252,0.9339879030864244,0.9444643746885899,0.06675254960726588,1.485160593135575,0.9683148336366594,0.7452316890881914,0.02438544699280407
1.1724624127510284,0.9370086131273307,0.12007312686915655,0.008072041901922547,1.1543144948496553,0.9344966862840891,0.42446371973332536,0.029752679279444846,1.1556545923631367,0.934685316344819,0.9428895049032758,0.06588798246599213,1.4715950971265337,0.9673423373373237,0.7470168012956173,0.025219430348944454
1.1240173881693822,0.9300947482641534,0.11654,0.008759062506803684,1.1655016138999066,0.9360559424553647,0.4546,0.031054734275326033,1.1610542535704225,0.9354402556726034,0.94005,0.06487788748339901,1.4674651795140436,0.9670405830350652,0.72429,0.02468580588273715
1.2425079998915263,0.9458835060004284,0.1423838424037409,0.00814615574137572,1.241775104562671,0.9457970586367968,0.4552780817829072,0.026091655652216526,1.1528430456029986,0.9342889839356303,0.9432593771764004,0.06634192755373032,1.482839543430086,0.968150449458561,0.7436573475276091,0.024464330196653877
1.2379583547050257,0.9453447527587471,0.135132992428747,0.007812734021202491,1.1911398846069416,0.9394998003870083,0.46600864153486343,0.030009177035082418,1.1525451923151122,0.9342468660215252,0.941223688904745,0.06624416904262011,1.4964074689152775,0.9690998176072932,0.7209834700915686,0.022988881354824478
1.3287425087612543,0.9551927284808087,0.13495641719266607,0.006330689763548125,1.2185662301196232,0.9429912606136616,0.4209498046287947,0.025448610935372,1.1446146879848926,0.933116185367748,0.9392946598537221,0.06732667474839828,1.492397996844353,0.9688221570025642,0.7200180342651037,0.0231710320262425
1.3485719478142744,0.9571067993885696,0.1225498449927201,0.005492130125426445,1.1781381376120867,0.937775590135951,0.4238186266255955,0.028121721452939723,1.1658828553170302,0.9361084656968377,0.9352931271852064,0.06383588559321746,1.4462480651774747,0.9654474138587883,0.7602884224914077,0.02721011091148119
1.2749291011023554,0.9495800422764975,0.11427580053534252,0.006067714963762541,1.2256150482220183,0.9438575445064399,0.4715574501834044,0.028049140798490323,1.1571466990521526,0.934894748457719,0.9421235253296322,0.06560865723299127,1.4835283491938667,0.968199318766024,0.7285218598195697,0.02392843187044649
1.1272559118593066,0.9305780374906343,0.12468384445147013,0.009301527466062363,1.0839551102616116,0.9238538155422842,0.48347099272842237,0.03984880591811387,1.1456529654290941,0.9332652368147196,0.9444060227631995,0.06753140457150328,1.4677300031125742,0.9670600130400909,0.7277307935504268,0.02478795785849694
1.2391460875079683,0.9454858854495737,0.12892561983471074,0.007433496487165678,1.1657502008312235,0.936090194585176,0.46415598554956206,0.031689380884652806,1.1538358602837095,0.9344291917264282,0.9435245212055229,0.0662090461526311,1.4602850022258034,0.9665095377515329,0.7427426139456624,0.025736728403677394
1.4146218719094334,0.962934088096355,0.13340325740634462,0.005135048647470945,1.2057962282924652,0.9413897927909671,0.46112287506679067,0.02870915689064702,1.1487444699233211,0.9337072177893767,0.9449347925036117,0.06708993484166594,1.477127359240614,0.9677423742794962,0.7331539055233421,0.024438120008442667
1.1432949961295638,0.9329262890235582,0.12427602838561742,0.008934954998386233,1.1868152753577776,0.9389313176344074,0.47504398189329694,0.03089715881776968,1.1677663259741466,0.9363673601445084,0.9436438751507245,0.06412712938866169,1.4847132524302047,0.9682832155058455,0.733430192334302,0.024024011755301257
1.2236362563218826,0.9436156131803963,0.11104549302151617,0.00663536290163289,1.1113055788859247,0.9281675311624771,0.4341522470914782,0.03359978313492631,1.1518636563838522,0.9341503990777823,0.9403826846985177,0.06628892367085004,1.4626917282164968,0.9666884529367309,0.7384003622118546,0.025444866277889708
1.4284180002681666,0.9640513834246881,0.15287674459690243,0.005700637506761332,1.1367298327757474,0.9319741417239148,0.46936772471193294,0.03425968692818205,1.1514016048231863,0.9340849238999908,0.9464695836523173,0.0667890178253921,1.4765896555582596,0.9677037017677649,0.7245745244685237,0.024182066154099787
1.2231155397320976,0.9435517865245558,0.11765173023089599,0.007038543171319775,1.0920960519881042,0.9251620698938827,0.446832377057317,0.0361450293862581,1.1668766707548304,0.9362451937195128,0.9387917171275983,0.0639282150281746,1.4650843988683904,0.9668654082676792,0.7393436439079593,0.025337393996408573
1.2340276895708546,0.9448752319136244,0.1280058390704831,0.007467961857960264,1.2036342424461535,0.9411145184658295,0.4713964452685775,0.029495248589286614,1.1500393548936065,0.933891533468761,0.9407117353480756,0.06659125609674708,1.4939483352510978,0.9689298049211855,0.7274673031779536,0.023327335900289157
1.2705377748844757,0.9490937241229878,0.13646268745418888,0.007319411179207453,1.1405335994188797,0.932527319409364,0.5185225539333188,0.03751751389197146,1.1442003698903835,0.9330566211011928,0.943184294459082,0.06767000219221506,1.490289752377168,0.9686751914846006,0.7345232671011708,0.02375285430484316
1.2230921729287632,0.9435489207547719,0.16030354031948504,0.009590714014729692,1.1736346926718897,0.9371677458562432,0.5021505693841596,0.033666600598968394,1.1593770998734132,0.9352066427922925,0.9428352083148788,0.06532188250711249,1.4634026364889883,0.9667411248200912,0.7356915778388008,0.025310058432451907
1.2441879817473152,0.9460811750223789,0.1168193846518425,0.006657741556782493,1.1835442031501375,0.9384980120470887,0.5558770093605593,0.036427931326590925,1.1430068928538388,0.9328847660658712,0.9376950116513291,0.06746130106856173,1.4719052285225975,0.967364889167139,0.758205300367313,0.025578883716622768
1.395879917562826,0.9613626503673967,0.127211747464912,0.005112664572830949,1.257515125656488,0.9476253030720013,0.44722787760762445,0.024718023538963803,1.1467135765473833,0.9334171759247866,0.9464656300099338,0.06751360073672502,1.4841321457484227,0.968242097195903,0.7471501775299244,0.024506187849895
1.5416962963338734,0.9720743564573376,0.1298009862281684,0.003728908235069721,1.1417303216466637,0.9327004927333832,0.44982416848391976,0.03245730556747662,1.1532244721331368,0.9343428828913508,0.9417103789709436,0.06617483770325411,1.4600374743641018,0.9664910840903489,0.7339050313353372,0.025444996219320296
1.362789243935892,0.9584308136524448,0.12732793721840463,0.00552248391233491,1.2289709807447966,0.9442656172639025,0.44708225296014037,0.026388606071667663,1.1449748489216207,0.9331679237761457,0.9392099062416815,0.06726479387562051,1.474776985302193,0.9675730011513474,0.7447427315120624,0.024959121088070305
1.4148778377786213,0.9629551186403685,0.1256474898075749,0.0048336586648286455,1.2550144569413386,0.9473387865797246,0.48463750418529533,0.026940308367943793,1.149150142395746,0.9337650130532277,0.9433163295452307,0.06691249286563695,1.4943379147096392,0.9689567988039611,0.726626356528076,0.02327947768970595
1.33012117968187,0.9553283998907992,0.12010479867622725,0.005616156222586674,1.2464225339589405,0.9463430405978048,0.46776258766054685,0.02652179716999123,1.1611691115384837,0.9354562256632362,0.9458179024505555,0.06525870007028708,1.4611683965831976,0.9665753164883912,0.749271137026239,0.025910190537941406
1.0847828770961179,0.9239877906984822,0.13114738009480534,0.010788889426316116,1.0571109854787202,0.9193900223406805,0.4862551892671724,0.04263372343737546,1.1483769099185381,0.9336548118734135,0.9431167989950242,0.06701755366002701,1.4619458254572204,0.9666331016943644,0.7340052800486785,0.02533689306961855
1.478973280528561,0.9678747955689083,0.1229777222690174,0.004081813563540527,1.2476744501337083,0.9464892269621711,0.4892871319720778,0.027662367329126053,1.1583307954325632,0.9350605034290808,0.9437489713129436,0.06554290643400466,1.4662740041467406,0.9669530499924403,0.7370337022084096,0.025189140166586545
1.14889018337341,0.9337279826535937,0.13613527994887675,0.0096622997295101,1.1851337214584383,0.938708926727004,0.4965934227989972,0.03242404860235533,1.1498697006559404,0.9338674117897249,0.9448065673696112,0.06690725350237078,1.472611445569024,0.9674161870292707,0.7534778547903456,0.025378096652968474
1.0296659458918473,0.9145806858966082,0.1294327457301598,0.012088661539960443,1.0599257182168518,0.9198690505119574,0.45722320754901863,0.03982928844978569,1.154560846651576,0.9345314003457877,0.9435195437664743,0.06609826406466,1.4666880554637054,0.9669835018155035,0.7365976502405612,0.025150248102694006
1.1897620946004541,0.9393192253073979,0.12416322876936249,0.00802104407859219,1.2030645958777288,0.9410417868613857,0.4679497158869775,0.029318016981409883,1.1354745754424866,0.9317906702189581,0.9468650268545186,0.06931280913091609,1.4744267050391817,0.9675476857018914,0.7328948392620845,0.024581872317684335
1.2167625959786192,0.9427675882401042,0.12481756086169654,0.007577275807113478,1.1121115172925566,0.9282911599591281,0.43239535291026915,0.033401771484739794,1.1411201866773144,0.9326122539094983,0.944772024052776,0.06826637437304792,1.4728629152693664,0.967434434348496,0.7462977017533617,0.02512170948141059
1.670966195540625,0.9791134447753024,0.12217432856780636,0.0026062361560742885,1.3131537425507414,0.9536311132329305,0.4970646174250551,0.02416902368376214,1.1603255794764489,0.9353388542183358,0.9412435879932125,0.06506934741864032,1.4739779557933774,0.9675152257930384,0.7255661094965965,0.02436121996933038
1.282965404965262,0.9504586515601606,0.11428041144464741,0.005956709083487288,1.1343236772865044,0.9316220492036539,0.4447939357825947,0.032646391185624304,1.1519992492744175,0.9341696018394392,0.9485987242480781,0.06684721017349486,1.4826831686163584,0.9681393448856007,0.7405222182063279,0.02436996608335304
1.26504029483554,0.9484786465743037,0.11829074102842939,0.006425552222525225,1.2463568196029986,0.9463353567292456,0.539546760913469,0.030596536678483773,1.1530779432270333,0.9343221819196347,0.9471221065713842,0.06657758385601309,1.4707094557166456,0.9672778532077095,0.7536798974677645,0.0254963185164985
1.3244612238744582,0.9547689108831025,0.11890645908012072,0.005633057995419136,1.1726670732002495,0.9370364220988817,0.4649111668929412,0.03123941586837753,1.1402338990149785,0.9324838861745545,0.9461336354668255,0.06850441833190338,1.4688467057541248,0.9671418234536152,0.7371047927878652,0.02504277948411111
1.3890705981235378,0.9607760288457636,0.12560038891589695,0.005127673759426072,1.3258664572029357,0.9549084385973153,0.42072921730675744,0.019867179479488625,1.1538589554395882,0.9344324499695555,0.9414876033057851,0.06606259824860151,1.4564287799291475,0.9662209320732377,0.7425473991249393,0.025959444886028214
1.4669653929700575,0.9670038837246301,0.14810852489036672,0.005053760580394628,1.1959485219592587,0.9401260947878283,0.4977205917787095,0.031698381418750005,1.1468410531705355,0.9334354160992845,0.9441279938316226,0.06732708656057111,1.4936317831615762,0.9689078543606245,0.756021396559202,0.024260642807787253
1.3034419573122487,0.9526321911299569,0.12967940477581708,0.006448059720211463,1.095198747575049,0.9256552158227878,0.49788672042382454,0.03998819446148477,1.1439057193783309,0.9330142308373696,0.9482295196914806,0.06807815102909942,1.452210681533381,0.9659024946501539,0.7500194772311168,0.026476578411405296
1.3561454965050386,0.9578170389369736,0.12543685927306616,0.005524330780810263,1.160039496186245,0.93529900267938,0.45697421559490525,0.031612016493225994,1.147281060488045,0.933498339527213,0.9484700217458838,0.06756823090516395,1.4988519854646916,0.969267926957945,0.7534851662006834,0.023890361498352858
1.1916023836442862,0.939560303366175,0.12987539843523616,0.008354577831247077,1.0918653244902954,0.9251252779504665,0.462571235390708,0.0374380567729369,1.1498154300772654,0.9338596937958813,0.9448082681348401,0.06691573538699086,1.5115115753690151,0.9701244522960275,0.7277697285810876,0.02241209279105644
1.45107590082122,0.9658163333388469,0.13885354002776493,0.004914519420707418,1.2501535996660476,0.9467776092810376,0.43923530772790376,0.024691282235973326,1.146302455175892,0.933358318408283,0.9485577664661422,0.0677269205164304,1.4724306026449125,0.967403058472263,0.7342183402745642,0.02473971122679501
1.434151746178663,0.9645061385382089,0.13073555850855936,0.004811073373639134,1.2242738633340584,0.9436936752237187,0.504348080981787,0.03009237806041509,1.1647023535303878,0.9359456985719535,0.9432209020558118,0.06455220219046943,1.4482107268832483,0.9655978516767364,0.7603767685452982,0.02709056811553118
1.3334199420123205,0.9556514347596262,0.12610362453531598,0.005852044601553636,1.0922380973102181,0.9251847122605457,0.4632318773234201,0.03745935890721829,1.152743098154243,0.9342748536734962,0.9405107651796778,0.06616383542812254,1.471606763887364,0.9673431859818721,0.7415388785625775,0.02503382211748276
1.4426800661674621,0.9651723009030033,0.11562427656454974,0.004172236924671923,1.3016427982870398,0.952444903847269,0.44904120688324717,0.022420402149892233,1.148103587738914,0.9336158172380974,0.9451539470638166,0.06720459443974572,1.4923998031169752,0.9688222826310917,0.7585847673431592,0.024412053583608435
1.28224673993683,0.950380674474021,0.11701993500509289,0.006109604713143116,1.2164082029370964,0.9427235424420405,0.4375515351409031,0.02658404166612691,1.155247625108748,0.9346280857434184,0.9412814667507396,0.06583728038388036,1.4918296610582849,0.9687826041975739,0.7418829121598681,0.02390593349591977
1.1314055848952145,0.9311927794677469,0.1380112199517484,0.010197854468516272,1.1813845083265473,0.938210353193093,0.47936710945750854,0.031570664599276,1.146542500541129,0.9333926899758449,0.9454020482709842,0.06746430307728918,1.465042532632592,0.9668623197734348,0.7572692303965739,0.025954207842311006
1.3505215723996449,0.9572907175155042,0.13837627669452182,0.006173622476813966,1.2942814977182795,0.9516712617250825,0.4465529247910863,0.022677304964539007,1.1454863862992508,0.9332413440908345,0.9483809192200557,0.06784165302782325,1.4976812427799426,0.9691875257975312,0.7466341689879294,0.023737043098745227
1.4485848795379839,0.9656264586676442,0.13131010486637992,0.004674264335308564,1.244487283000011,0.9461163196975992,0.4622626008795245,0.026327006186205395,1.1526540567428551,0.934262262894115,0.9396994152611995,0.06612031286336541,1.4694019971071053,0.9671824313826166,0.7551539167834533,0.02562320682903609
1.1731441745311284,0.9371012054908414,0.146812602252179,0.009854149846683652,1.0791070042436572,0.92306478387442,0.49472354837783794,0.041234010636940197,1.1502883525992824,0.9339269215095443,0.9502587996670525,0.06722851950253571,1.4630018654242536,0.9667114412000533,0.7629758613101674,0.026272955651207183
1.2811056528720077,0.9502566244359403,0.16479807692307694,0.008626735580491639,1.236786580967044,0.9452051791127521,0.5191826923076923,0.030097721914159718,1.1419681059839226,0.9327348524945047,0.945451923076923,0.06818225232502292,1.482717076258603,0.9681417530713337,0.7317211538461539,0.02407845042134218
1.5870767466280231,0.9747752003805785,0.12761965244500895,0.003302484674588264,1.2062563507663016,0.9414482218362573,0.5268460250562901,0.03276629651004935,1.1513487262332496,0.9340774268634308,0.9483189962088409,0.06692767278864507,1.4512244576861195,0.9658276248587893,0.7458480072359178,0.026389178819892133
1.3494277120419074,0.9571876210050295,0.12726156443659944,0.00569206100098939,1.0946489184602362,0.92556804378025,0.44175092573051167,0.03552454709835898,1.1524864711947376,0.9342385596064653,0.9432858156980871,0.06639828050902391,1.4838638011568284,0.968223092104349,0.7506379386427735,0.024635802258537752
1.305647907055565,0.9528608676538837,0.12588544828981987,0.00622769914142334,1.2520125371702227,0.9469928837047364,0.4651362265205617,0.026035602248519984,1.1512547852847625,0.9340641061208738,0.951031697844084,0.067133641785201,1.466159654726833,0.966944635269481,0.7495687204248225,0.02562428761738326
1.3960594408507239,0.961378001776025,0.14016391068894615,0.005630886394002451,1.2028688638621061,0.9410167766647772,0.477966657978821,0.029959098321578448,1.1478283401933556,0.933576526398321,0.9472937360632475,0.06739944577782415,1.4713975568646531,0.9673279649494355,0.7303871883235353,0.024669229756670137
1.5839273371792777,0.9745962745907126,0.14001370696062626,0.003649582763547823,1.1686770724206266,0.9364921967595345,0.4832475843895093,0.032771220744853176,1.1443950397072378,0.9330846138556727,0.9484154946571812,0.06801482749566054,1.4643749963963861,0.9668130377028552,0.7729567458517138,0.026532623559622014
1.4965978161283398,0.9691129396811061,0.12345950283738082,0.003934836647969652,1.128846645064351,0.9308142907673129,0.503133538414506,0.037396987819411136,1.1530543930239416,0.9343188542825941,0.9448860270936431,0.06642400134323652,1.4965650086017335,0.9691106783948797,0.7304010547031736,0.023280718686139956
1.3507725795857153,0.9573143415020524,0.11747792947078972,0.005238219632819901,1.2633077268003778,0.948283348506746,0.47075112161705823,0.02567341473944973,1.1507439081338535,0.9339916203921204,0.9495585894157943,0.06710855050687278,1.4593212527314285,0.9664376331323221,0.7381928698924213,0.02563590144780844
1.3338688681387056,0.9556952237685259,0.11875893979974848,0.005505508578945609,1.157119410325136,0.9348909238264205,0.47571734393149595,0.0331306209031927,1.1572279756647001,0.934906138482745,0.9465963962407242,0.06590780848826745,1.4628132011871426,0.966697458688782,0.7502807937102209,0.025847028874410403
1.4090331974259092,0.962472042697848,0.12333859845128482,0.004809122188539418,1.2213216997258904,0.9433313867687413,0.4625919790422622,0.027789222654853736,1.1528788324864472,0.9342940426881826,0.946170589821628,0.06654119746460349,1.4868218323785585,0.9684319837279887,0.7410525099202527,0.024156118431284807
1.4230475382751664,0.9636203574104563,0.12821867794004613,0.004840650823627016,1.1759288179498375,0.9374780803311625,0.49768447348193695,0.03319137729649481,1.1543016466778728,0.934494875345837,0.9445234435049962,0.06620809545122097,1.4841092874834454,0.9682404787230068,0.7559089162182936,0.024794775508421844
1.130639277293119,0.9310796377217114,0.14024378502243362,0.01038112324599401,1.0963677617006204,0.9258402438980845,0.46449134428376115,0.037205732879469,1.1523607599393184,0.9342207738006366,0.9461689549594654,0.06662050711834808,1.4877075734841465,0.9684942745472396,0.754116038589667,0.02453186714236014
1.2457342156656397,0.9462625051837634,0.124588811846055,0.007075299500996574,1.348802058146095,0.9571285461945676,0.4674358162864075,0.020937263949134814,1.150532315541739,0.9339615769264272,0.9487777042514218,0.06708603970874522,1.4628460255000753,0.9666998918112363,0.7507264723652789,0.02586042779325578
1.1436340753707577,0.9329751283610582,0.12250679529880174,0.0088008800880088,1.2502034050421076,0.9467833877397955,0.4750870946747827,0.02670360088117993,1.1536847380236184,0.9344078678225719,0.9442594081390452,0.06628367551395338,1.494261207920431,0.9689514856013225,0.7624995214578308,0.024433088470137337
1.2435656846662113,0.946008034192718,0.1300999742678243,0.007425257617596161,1.2138715645406344,0.9424073452568865,0.4685257369409208,0.028632672635362302,1.146498567110755,0.9333864004756622,0.9451237527042611,0.06745126684028904,1.476356652206111,0.9676869298784828,0.7533904524097707,0.025157267051912634
1.1859202549626509,0.9388130423852493,0.11940682079934514,0.007782316343410496,1.1516468299335956,0.9341196811414434,0.4708693044992909,0.03320882810563851,1.1478148829682708,0.9335746048622275,0.9466881145239432,0.0673584432909524,1.4681102251721354,0.9670878904402856,0.7729699888636126,0.026305854112461606
1.2007428610266717,0.940744479484596,0.12144614152508437,0.007649637587667741,1.1183948811934046,0.9292482977828282,0.48571782697404803,0.036981895084053175,1.1530748713050718,0.9343217478668193,0.9454169288560914,0.06645818912612823,1.47728924408961,0.9677540085278601,0.7577751082127262,0.02524940166809338
1.124356048838154,0.9301454323704144,0.13317819402586503,0.010001774816716043,1.1403924099373524,0.9325068611524064,0.4874012894365391,0.03527721271860964,1.1496830200543375,0.9338408598278138,0.9433010338381719,0.06682935819897061,1.4948324473842503,0.9689910321771641,0.7321462633044673,0.023429628517208895
1.3002930210465644,0.9523039342380978,0.12798225231169377,0.006409980787802473,1.1948163526903657,0.9399791855582926,0.48338544804306877,0.030865777377381477,1.1532228013839378,0.934342646889305,0.9475888579706819,0.06658817989168825,1.4688852087251252,0.967144640704785,0.7759832467942281,0.026361318987315856
1.3221781647482862,0.9545413452546614,0.13753727264882692,0.00655001422729416,1.1612392192283039,0.9354659717134428,0.5117882242399256,0.035306207535621116,1.1439913258460253,0.93302654928592,0.9471135868992032,0.06798463042812214,1.462798630629953,0.9666963785822282,0.7515700054650571,0.02589231064222074
1.3411095782409554,0.9563958231373068,0.13905752010927303,0.006339936409427139,1.1792232059279988,0.9379212223656924,0.49641447867658217,0.032856495088666234,1.1535655956868063,0.9343910518575812,0.9506848535437851,0.06675302929318314,1.4607676813078254,0.9665454941588969,0.7732015480346032,0.026762398522775694
1.2645584985347336,0.9484244077764292,0.13945971790580922,0.007583859592128674,1.1345040146660221,0.9316484963882512,0.46263447286636383,0.03394173013280627,1.1460194680036908,0.9333177769445604,0.9495672961989003,0.06784319319254417,1.4688404895497926,0.9671413685938767,0.7481807315323931,0.025419442990355694
1.2575191849873268,0.9476257669742644,0.1411906753878917,0.007803453210688457,1.1028721420738532,0.9268620226534499,0.4973475053240036,0.03924531342174834,1.133640308881383,0.9315217444785794,0.9465793276543961,0.06958517227817955,1.5194676986132407,0.9706508622861201,0.7335716458777001,0.022180679062247372
1.2446930162247085,0.9461404648597981,0.1303522000572683,0.007420366383576492,1.100948596146011,0.926561209074433,0.52877732175241,0.04191063342393493,1.140389578385344,0.9325064508036534,0.9460628042378544,0.0684747396284834,1.4551584184723991,0.9661253317272307,0.7643791161592058,0.02680096271591826
1.2430952331687006,0.9459526782384057,0.1238526426154506,0.007076362042683447,1.2605866451183863,0.9479752100544245,0.46642520135347665,0.025597370973808722,1.1499176751019524,0.9338742336934018,0.9495877615212315,0.06723840977774925,1.4953474915319196,0.9690266465809886,0.7372539674974979,0.02356511843656498
1.1178139412771606,0.9291603013741532,0.14247166756610902,0.01086211924700052,1.1702096495330052,0.9367017528967883,0.5138750816598971,0.03472545215005624,1.1473743494929678,0.9335116732600168,0.9438653298113064,0.06722575436885446,1.4733961129388415,0.9674730919478471,0.7779608221849822,0.026155414907138578
1.1011278224359122,0.9265892854204092,0.1291413309086776,0.010231455870401104,1.0446572526977722,0.917239082173628,0.5306965202401924,0.0478838417986491,1.1515449708204015,0.9341052461007114,0.9450379799587051,0.06666598370452326,1.482250444992758,0.9681085965613844,0.755753821674149,0.024896019013666074
1.2056458429355166,0.9413706841253477,0.12181209009197126,0.0075865539768634,1.1784425451968406,0.9378164782998664,0.5076737630387532,0.03366217505341658,1.145083798578812,0.9331835674631822,0.9508157822302793,0.06807890835565711,1.4711187929841256,0.9673076725969079,0.7546199185641473,0.025504068810249428
1.1526370224755291,0.934259853931269,0.11813215724166962,0.008312489549671903,1.2420559264386732,0.945830197854484,0.4586566150372631,0.026268285941450864,1.1443621918251623,0.9330798912215125,0.9479560304992969,0.0679870194128707,1.4659512081349553,0.9669292908174179,0.7639078898275087,0.026127014567330825
1.2624697552254887,0.9481886399595943,0.13198545042278803,0.0072120097243957605,1.1384789326431273,0.9322290316625687,0.45119750578676365,0.03280105085771548,1.1509928309796538,0.9340269480193176,0.9475270442628372,0.06692660321719297,1.48048991065495,0.9679832009881261,0.7752184798526147,0.02564095558104221
1.3536850859934488,0.9575875458542692,0.13778176988275315,0.006102484334272264,1.2319530976385165,0.9446258914844123,0.4904014295133348,0.028747403833487697,1.154582100567254,0.9345343944875332,0.9466321392055499,0.0663130715746812,1.4838719201793904,0.9682236672829326,0.7357215889002494,0.024145798936757622
1.3235830076867596,0.9546815027464715,0.11664948404854011,0.005537322454945648,1.150822619750906,0.9340027932021574,0.4913692812621185,0.034720452985352424,1.1494436644959838,0.9338068013076317,0.9505329764393201,0.06737883905427697,1.4506726360025355,0.9657856638123332,0.7653674085143813,0.02711423331614375
1.275372243599673,0.9496288730861185,0.13094660771169114,0.0069457957555063505,1.2074027126976685,0.9415935560802146,0.47669852137117863,0.029569303310672274,1.1552853881826013,0.9346333982152915,0.9445062520800647,0.06605709166907342,1.4693048970535103,0.9671753340473126,0.7869633433176437,0.02670850667098176
1.2084854541889287,0.9417305138317644,0.14267233238904628,0.00882783702622871,1.2720001037234598,0.9492561609605104,0.48203021718602457,0.025767611271869783,1.1493104233468447,0.9337878350231379,0.9496600566572238,0.06733761780240619,1.5022185647265012,0.9694979975464595,0.7473654390934844,0.023513346613001505
1.2878738011936295,0.9509881276270475,0.15171746676023748,0.007819190273337039,1.2397900123223848,0.9455622563688597,0.46781290897710676,0.02693284237468467,1.1485106627811192,0.9336738865218328,0.9520987045501963,0.06763497151629465,1.4682604286223782,0.9670988968862514,0.7427688105760294,0.025269301107798292
1.3568593023514846,0.9578833962272011,0.14028834488531097,0.006168254569134402,1.2402088275157512,0.9456118746550164,0.5027508440624089,0.028916383832572237,1.148998882468462,0.9337434688597638,0.9482088948660315,0.06728296825128924,1.4601790441998113,0.9665016395854013,0.7915001269620336,0.02743291416716947
1.4316322512945965,0.9643069987253631,0.1309641329384666,0.004847525705074459,1.248130516822839,0.9465423884736925,0.5190711230197903,0.029315435617902362,1.1639659328802259,0.9358439656185346,0.9465425656936022,0.0648894683506591,1.4848824157278142,0.9682951755882431,0.7503408075964838,0.024568359064032576
1.3082918866967779,0.9531335693420725,0.12770216925448324,0.0062792299555281,1.1496405074235867,0.9338348117852651,0.5114947930373323,0.03624104480263715,1.1450171701816156,0.933174000936571,0.9512481672243317,0.0681203173987082,1.5064315643248927,0.9697835628769256,0.7469453738862363,0.023273263012882364
1.270818679743895,0.9491249654318068,0.1331486017458081,0.007137036705638389,1.2043077973719722,0.9412004084077568,0.47382706475378056,0.029601387381467746,1.137679714249751,0.9321126745504487,0.9501035568711639,0.06919763150650966,1.4567035576973288,0.9662415760461849,0.7808660948183735,0.027281799224481627
1.3577339903677483,0.9579645734868134,0.12378427008854585,0.005431646151440005,1.0442678606443017,0.9171709937791823,0.5205833609545907,0.04701348247537729,1.155950899641216,0.9347269558401624,0.9455087835598276,0.06602595142593518,1.4745899097406807,0.967559483205034,0.7646479473459917,0.025637260559883676
1.2784506797129283,0.9499668582572114,0.13349393976321489,0.007030899185503785,1.2445197215494024,0.9461201274125286,0.504082340479382,0.028706600242086565,1.1410302337426492,0.9325992356780505,0.9498682964782197,0.06864883300196226,1.4677340683470013,0.9670603112185279,0.7575436590144264,0.02580320180327835
1.3474586454124142,0.9570014367474992,0.13593770621618054,0.006107750557827554,1.1926624087905577,0.9396987597170474,0.525584946925847,0.03372721720226766,1.1416740891498993,0.9326923647748688,0.9482456305737288,0.06843003482920844,1.4828278379709796,0.968149618353781,0.7547936424140727,0.024831353666085042
1.1983498681468896,0.9404365775124104,0.12314553990610329,0.007799536934528447,1.123705163605912,0.9300479904672613,0.49619718309859157,0.03732064413664532,1.1415139055252415,0.9326692065178172,0.9504507042253522,0.0686144665589643,1.470650569229606,0.9672735612850762,0.7867323943661971,0.026618063927090423
1.3121171705015122,0.9535254576297304,0.13488288865239545,0.006574151191812578,1.0637946931123397,0.920523255125455,0.4721277818065379,0.04076288030084497,1.1505790706027128,0.933968216645895,0.9484559384447312,0.06705606885982683,1.483797214776668,0.968218374523587,0.7682730431998192,0.025218449437726283
1.2336940830375127,0.9448352079685796,0.11860161900027202,0.006924629386754767,1.24320530610207,0.9459656348288568,0.5035878771961092,0.028765369745274515,1.1572218790679598,0.9349052841759579,0.9488879925709837,0.06606829084263555,1.4465291808654068,0.9654690002037519,0.7816976052678479,0.02795822532109791
1.2249159528753426,0.9437721833537811,0.1260125175534042,0.00750754139303258,1.1973148502350108,0.9403029399318795,0.47801058319151113,0.03034748195092128,1.1455114600122567,0.9332449409632317,0.9477536292535037,0.06779286626277216,1.453402766117287,0.9659927812590737,0.7708711138390574,0.02713807297319292
1.1473257081416608,0.9335047212952323,0.11089808653810007,0.007899477103816622,1.1683962670930814,0.9364537309517642,0.49966166685462954,0.033906250427091104,1.1385642930934186,0.9322414482372713,0.9531220630803353,0.06927622749400705,1.458673054558015,0.9663891877627203,0.7813334085184768,0.027174611244591317
1.2977282909527474,0.9520349815951096,0.13260961115530392,0.006681080593354327,1.226455124601213,0.9439599585392117,0.48238266810163305,0.02863759683431344,1.1525192183969302,0.934243191992838,0.9449253661503907,0.0665086739893789,1.4760207544974469,0.9676627366999645,0.7488091338730055,0.02502363396373186
1.3151362718098705,0.9538325520748195,0.1316935377916252,0.006374236793294853,1.211691058266498,0.9421342314723982,0.4875842264306762,0.029947363169527227,1.1491118062405132,0.9337595533891144,0.9459918542014677,0.06710820005549352,1.4776477008631026,0.9677797554625774,0.7528012913155276,0.02506297694012031
1.2241811442429889,0.943682329969839,0.1409936500251392,0.008414308084710645,1.2159036429337018,0.9426607781836897,0.46397646226327255,0.028222293642598758,1.1414130380739094,0.9326546199958861,0.943865104932869,0.06815486976798255,1.453831806337931,0.9660252196103837,0.7749297033574793,0.027254015686649938
1.3524360766580623,0.9574705892169664,0.13236722193172482,0.005879553919611457,1.298021809324904,0.9520658344831996,0.49113879136475685,0.024727626246328696,1.147262698686205,0.9334957147951058,0.9479905878837679,0.06753693180264389,1.4734065597654527,0.967473848914711,0.7772185702547247,0.026129831489249987
1.413036891101037,0.9628036078324899,0.13945431733488137,0.00538759663429005,1.2264088236465605,0.9439543185508141,0.5186700623583828,0.030795152393386146,1.1444673068956055,0.9330950028274388,0.9461995093724836,0.06784461958044825,1.4671333906911301,0.9670162241937303,0.7788243665848954,0.02656477487884401
1.2450818692100811,0.9461860733679207,0.14405737704918034,0.0081932014616748,1.1876203657181683,0.9390375261478193,0.4618852459016393,0.029985667709678126,1.161088226478162,0.9354449796898279,0.9463114754098361,0.06530491674142798,1.4695633430042627,0.9671942213618352,0.7775055886736214,0.026371824467735935
1.0616672272044991,0.9201641283092337,0.12203166226912929,0.010587789538188811,1.2289277310955933,0.9442603760140357,0.481781188449961,0.02843950987445936,1.148205661777912,0.93363038254171,0.9467557322828793,0.06730266811475656,1.4391653226390628,0.964899230501255,0.7927459214389238,0.028838236138961918
1.2304611251755582,0.9444459188235278,0.11817926120382524,0.006951525904703062,1.168027112026119,0.9364031296107054,0.5215544721545097,0.035421957827455074,1.1427225370194258,0.9328437598175904,0.9504125257828614,0.06842103104846316,1.4651170473825983,0.9668678165728306,0.7560941308831802,0.025909487318984206
1.4052663886551433,0.9621575032470452,0.13808318129351752,0.005430932380720532,1.1565336768174133,0.9348087803698821,0.501982723312358,0.03500701603704686,1.1489121656728427,0.9337311147119042,0.9497617008601109,0.06740661011895807,1.457011163941084,0.9662646719682545,0.7734296459023718,0.027002852914869348
1.100778733688377,0.9265345904761721,0.13088858599249398,0.010378224052046999,1.229626460997092,0.9443449955067202,0.45918367346938777,0.027062005444807403,1.1497264798519247,0.9338470420877055,0.9471030864312788,0.06709200521235706,1.4793021924448044,0.9678983355708384,0.7701234199077618,0.02554219042058471
1.1838109726234614,0.9385334572408841,0.12337421377813236,0.008080038413185244,1.1205091026533154,0.9295676922566452,0.5664508228658367,0.04291934735888832,1.149603784247151,0.9338295869635993,0.9475944857784292,0.06714578268916921,1.4670518472410228,0.967010234881084,0.7728908844648125,0.026367341131793613
1.1636242297428587,0.9357967098812754,0.1126809290496316,0.007730831175436342,1.093990359522744,0.9254635095825,0.5404402139357445,0.043526855905346024,1.138600783253839,0.9322467554709724,0.9488536485020758,0.06896018987670592,1.4580420179119558,0.9663419601850021,0.7734038972210794,0.026937937333030727
1.3156190174009526,0.9538814761852118,0.11827967036047315,0.005718618015458385,1.264623724110337,0.9484317537828914,0.5133799263730309,0.027913555551605657,1.1460918370737816,0.933328146900952,0.9518528208098966,0.0679951543855955,1.4972385518139986,0.9691570708080383,0.7541064787995441,0.02399905384730025
1.2448752907344074,0.9461618483467639,0.13149325045228927,0.007482180317878095,1.191834501314159,0.9395906470844917,0.48622721157860554,0.03126113623258986,1.153437038756684,0.9343729026038542,0.9496497657373475,0.06670009103923578,1.4575438491245043,0.9663046313710498,0.7883378948833326,0.027489608462886977
1.2779142254933105,0.949908115276224,0.1365044889858356,0.007198345836395017,1.215965241042596,0.9426684440816318,0.5249632549126075,0.03192740819221108,1.134119799572082,0.9315921383172077,0.9526854339665035,0.06995676617850613,1.4651032637181118,0.966866799846716,0.7807652339983336,0.026755754541260102
1.1862342651552826,0.9388545626026632,0.12387083569787238,0.008067422507404427,1.2142277772933858,0.9424518466211945,0.48671051529895526,0.029719599453190554,1.1535979063885444,0.9343956126445746,0.9468885767180508,0.06648152466557843,1.4727964426930715,0.9674296118795558,0.7754230586746798,0.026106116319417137
1.2184027260547028,0.9429710180375785,0.1312735915000699,0.00793916158460496,1.145108976415102,0.9331871821739612,0.4958385758889044,0.03550024376118378,1.1528182080300287,0.93428547273988,0.9503518337294375,0.06684458156153483,1.475698705628611,0.9676395245502311,0.7728505522158535,0.02584620686401408
1.2952598304168559,0.9517747646984538,0.12196094061379036,0.00617960811407034,1.151271347844339,0.9340664548586597,0.48694467359366744,0.034372274532202846,1.1507610892812525,0.9339940593395952,0.9463698128597514,0.06688054285333178,1.4643807233024906,0.9668134608029069,0.7769888865201553,0.02667067969532904
1.3371089280377648,0.9560100440533864,0.12018578727357176,0.005530242616654197,1.1921689612712307,0.9396343444913299,0.46352995819786347,0.029778913402391832,1.136890637964143,0.931997612323021,0.952289828146772,0.06948299139208093,1.4410379822314987,0.9650449785427538,0.7876823037621923,0.028530744619879603
1.334374531507624,0.9557444976448538,0.1329500638782425,0.006156218403118403,1.1746403421616365,0.9373039601525297,0.47674461663796774,0.031889334466203394,1.1511287504896628,0.9340462305698668,0.9489807254346497,0.06700830634557736,1.4610202172053608,0.9665642915645556,0.7859801144253735,0.0271888814549992
1.1296050479510211,0.9309266654264771,0.15401551395791724,0.011427715544333094,1.2846784615174935,0.9506440546219854,0.4708718472757676,0.024446926335040184,1.153782196064142,0.9344216202468648,0.9506061591341911,0.06671422230459728,1.4783740397319975,0.9678318654063317,0.7789028751916021,0.025888641839705583
1.199671135126256,0.9406067673199912,0.12293766330720418,0.0077627181683430965,1.2097930633065361,0.9418955138169128,0.49705113848450916,0.030662531655262566,1.1460329409890384,0.9333197076378893,0.9491601343784994,0.06781199919050042,1.4755140823847743,0.9676262102943779,0.7805431131019037,0.0261145660699342
1.2996155635210973,0.9522330316100462,0.12598674411677094,0.0063198866495984595,1.210135094916412,0.9419386005124953,0.5320784927018171,0.0327974900982516,1.1454406437129228,0.933234781765195,0.9501787310098302,0.06797741744895949,1.4609528514775973,0.9665592782217577,0.7714663389931486,0.026690956038425348
1.3355375295741359,0.9558576266053864,0.12295596903235342,0.00567821832985529,1.1408137121098398,0.9325678905154523,0.5132296151216718,0.03711060175840717,1.1544030412021977,0.9345091655468303,0.9508416326379778,0.06663542129930553,1.4544380226171187,0.9660710027862479,0.7814064780769018,0.02744346755157196
1.2730252328565588,0.9493697406055062,0.1162030520779317,0.006197154193460118,1.1905009652216534,0.9394161253195896,0.5197144232906141,0.03351689697633055,1.1410909293258904,0.9326080199626435,0.9493018001333432,0.06859830346148584,1.4926877453958702,0.9688423031150808,0.7574172160900807,0.024358325352305376
1.3860278620074726,0.9605111445545534,0.1141119064903559,0.004691406867633741,1.1637816037116235,0.9358184778949578,0.51409169017579,0.03525810609260018,1.148120501226923,0.9336182308884016,0.952739770085368,0.06774134153428307,1.4540033647410846,0.9660381822324108,0.7909816858568501,0.027807571550115026
1.1214680716861425,0.929712123545983,0.11715169937461545,0.008856875115938884,1.132349921155782,0.9313319697124032,0.5392265802209508,0.0397577108342192,1.1513194510016689,0.9340732759300503,0.9489866198929224,0.06697930520864208,1.469231212303045,0.9671699472174743,0.7657884345182886,0.025994267913113774
1.0508673381200442,0.9183181043358907,0.11289097242810554,0.010041344701530109,1.2711500777682478,0.9491617990925256,0.5017325081529795,0.02687337193266642,1.147662261492035,0.9335528086670574,0.9490624073525051,0.0675511131055316,1.472314665768072,0.9673946391761304,0.7694003854135785,0.025932102751570606
1.3003128445763743,0.9523060074602789,0.13757107076911826,0.006889921486941195,1.28537484431301,0.9507192354895027,0.4921936415656593,0.02551297800456589,1.1497192417802615,0.9338460124919992,0.9499990859065065,0.06729827704030557,1.479091746100191,0.9678832759915605,0.7809831989615897,0.02591492432864008
1.4717565190126016,0.9673540773336983,0.13686101132909645,0.0046187369201941934,1.2378990233349896,0.9453376936711722,0.5081882656350741,0.029384994203481743,1.1413068338423675,0.9326392585493636,0.9505664548217739,0.06865554994381415,1.4927630677763073,0.9688475381894165,0.7734917564704799,0.024870964165609334
1.472951467828636,0.9674408576096755,0.12991973070947696,0.004372437837630742,1.210468472250091,0.9419805681501052,0.48331730413553303,0.02976897436879813,1.1267600215766218,0.9305042361082383,0.9500351409336392,0.0709544516630452,1.4510557722855832,0.9658148031309591,0.7785936228453059,0.02755846792952651
1.1741808786871721,0.937241760469148,0.12743026399564467,0.008532802707505513,1.2342658631139862,0.9449037896967367,0.49474500106114994,0.028847989522512024,1.1407775635240454,0.9325626560800937,0.9487603000747419,0.06860866048682822,1.4682693755320486,0.9670995523760084,0.7882406134369262,0.02681571814790967
1.5104858708907631,0.9700559250084512,0.13717186474216128,0.0042342760852000115,1.1269106325383822,0.9305266586127438,0.5053121156922394,0.03772672259915725,1.1572398223196538,0.9349077985065763,0.9459079603140113,0.06585807888793638,1.4620940119213954,0.9666441052381967,0.7753469750067037,0.026754823168174444
1.1664706366789903,0.9361893649780204,0.14292015880017644,0.009741433124158098,1.087089343237483,0.9243599548415765,0.5421445375680047,0.044363493993056696,1.1525846150899601,0.9342524420356625,0.9485829289810322,0.06675605896332315,1.4810379854196405,0.9680222891054456,0.7746471107190119,0.025589742747314126
1.2502276004452852,0.946786194695733,0.14119867163723485,0.007936024694719601,1.185731959633682,0.9387881322642779,0.5282739609446546,0.03444508373532263,1.1460443196115095,0.9333213381663286,0.9514444557505343,0.06797341979039317,1.4725064186988004,0.9674085630719135,0.7798395974209782,0.026272346579881218
1.388162510590485,0.9606971545326455,0.13872954781920135,0.005675530476975879,1.203412414636579,0.9410862058343165,0.5137145856160285,0.03215951436676396,1.1410451965957982,0.932601401304296,0.9508134834771239,0.06871477602083241,1.4611861561439072,0.9665766376094818,0.7700516541291077,0.026627702857612144
1.1981550001579573,0.9404114383284183,0.13633855661001987,0.008639004331137649,1.0826759509522796,0.9236463557547514,0.5088832487309645,0.042067064189540655,1.1322986077276207,0.9313244130859689,0.9495880232472597,0.07002234012845573,1.4935228458718397,0.9689002968893174,0.7689251820790113,0.02468091397407888
1.190836203996126,0.9394600428270045,0.14164865642015045,0.009128013116431586,1.1107788880017662,0.9280866319725593,0.5071561743453701,0.03929731057064275,1.1553433093775252,0.9346415457314617,0.9529723863499336,0.06664030977104385,1.4815421885203746,0.9680582075868561,0.7720691222439685,0.025474988423258
1.282993773501854,0.9504617272383601,0.12998157799727836,0.006774668227332773,1.157519753361857,0.9349470126515589,0.5457634022384122,0.03797385222972987,1.1509914063809343,0.9340267458874267,0.9481221591698065,0.06696885759651491,1.4921909434661034,0.9688077529329501,0.7805559927052572,0.025131193779591714
1.4571689090541784,0.9662765099888665,0.14308562764639535,0.004993753532025292,1.2201685445825339,0.9431892777717508,0.4762402233603905,0.02868517664573564,1.1285355277401983,0.9307681427168161,0.953210805613594,0.07090117444544637,1.4687762216869036,0.9671366655503244,0.7795055747647135,0.02648762405704332
1.5322744291928783,0.9714793675260359,0.1423038446359573,0.004177747658017504,1.2979739427595112,0.9520608043238221,0.49916021916903,0.025134255408721724,1.1483075475937978,0.9336449180266815,0.951696540837211,0.06763802893550606,1.4855700950734394,0.9683437505851196,0.7714786567177877,0.02522050744950662
1.238045107565367,0.945355072835758,0.114545504441131,0.006621142602430856,1.073679577629245,0.9221725810957779,0.5122439832051153,0.04323119975514782,1.1415280631210263,0.9326712536243413,0.9504477721164665,0.06861201816123955,1.467611307646671,0.9670513057681999,0.7975649246700025,0.0271740730571534
1.5328327632041296,0.9715149666477412,0.11515312282755845,0.0033763149894417404,1.2203447282212876,0.9432110114056856,0.4973839230178186,0.029946565073661318,1.1277387408301287,0.9306498253170981,0.9536789725952215,0.07106626095196882,1.4372364951381966,0.9647484988010884,0.8168105813910944,0.02984591240616022
1.1918340123999887,0.9395905831858837,0.12347697422501507,0.007938747084515163,1.1913991132229993,0.939533719009073,0.47071771733372303,0.030294335570763935,1.1450163809838665,0.9331738876156855,0.9500940759549166,0.06803779481834629,1.4411603914929874,0.9650544852510863,0.7864932502785744,0.02847964741636342
1.2837374111863724,0.9505422868965872,0.12646279531905497,0.006579992006000975,1.1888305728519386,0.9391968532456302,0.5285935085007728,0.03422088623882346,1.143243343937394,0.9329188463927747,0.9487193640980349,0.06821728346392024,1.4661259899811188,0.9669421575604236,0.7867354824464562,0.026896932165990463
1.1164218402819088,0.9289490248433092,0.14034652327772415,0.010734450515641031,1.1124070730106912,0.9283364481930119,0.5271290040902615,0.04069207534307052,1.1356859907247654,0.9318216032815088,0.9544188611608989,0.06983176556830713,1.4782519130548963,0.967823109337655,0.761303368720989,0.02531079803723074
1.2220347133872536,0.9434190877243268,0.1303736440337485,0.007819069819677924,1.292235348929554,0.9514541068029222,0.5077614229884218,0.025907431197937925,1.1352406987682413,0.9317564355821322,0.9536871324737938,0.06984980921414856,1.478863957900198,0.967866967728121,0.7974268600021914,0.026474447296264542
1.008459284919841,0.9106879036901026,0.11111926538175747,0.010897580270307088,1.2041962839953924,0.9411861966344417,0.5364969864873542,0.03352517108975118,1.138291015712133,0.9322016897343711,0.9489124751167335,0.06901367280424266,1.4263670749053232,0.9638873622647427,0.8168591584181123,0.030604134905732064
1.3196821464908814,0.9542913051916516,0.12035879513454817,0.005764951859433243,1.1541913864489943,0.9344793323515385,0.5399994524997946,0.037861858933312696,1.142962223492455,0.9328783259470761,0.9474764803036801,0.068172028135814,1.4551425395866935,0.966124135119971,0.8004088001533001,0.028065275855480368
1.3459119120647747,0.9568546439837299,0.15315249534518638,0.00690577087961606,1.1879040811165162,0.9390749130573504,0.5488390347194334,0.03560745308266928,1.1487697169076632,0.9337108160383633,0.9524113759994158,0.06761683791846204,1.4694452467441161,0.9671855921515728,0.7837154539812348,0.02658968325494375
1.4222493996173609,0.9635558768953613,0.1238178458625743,0.004683104452339806,1.1492778174310316,0.9337831929472495,0.5473544323384579,0.03881421630777935,1.1430771125616168,0.9328948886971787,0.9539517398942319,0.06861977534523939,1.4641788937773421,0.9667985466270467,0.7903843878284773,0.027143100794627683
1.438040209749725,0.9648113821687482,0.12934576702387598,0.004717501107483025,1.2100908375865012,0.9419330269798272,0.5274221445370768,0.03251378448346102,1.1436358179782404,0.9329753792725578,0.9522205851399705,0.06840718949907533,1.4665202029307665,0.9669711601989966,0.7911286411098808,0.027022585806826205
1.1023751489205975,0.9267844093301557,0.12480087887942873,0.009859218574767795,1.1989046012487057,0.9405080871557246,0.5097958436327016,0.03224717608701308,1.135968792953921,0.931862960941441,0.9536208001464799,0.06972795403413207,1.4675626775324935,0.9670477377142324,0.8041380573102628,0.027401096290332078
1.2418437788304848,0.9458051645122296,0.15401230348598768,0.008824937485745516,1.1730515549809037,0.937088633974643,0.5060013670539987,0.033970358894489086,1.1416590247959355,0.9326901871880825,0.9536750968329916,0.06882423888766748,1.447891345967175,0.9655734142645193,0.8124128503075871,0.028965794035479192
1.2963565976786537,0.9518905472905924,0.14401170871802424,0.0072784885929281975,1.3151374887174474,0.9538326754650397,0.5209643123429403,0.025215668426689843,1.154064106902436,0.9344613859399525,0.9502103334959544,0.06664316927362259,1.461798684029963,0.9666221722818953,0.8045509356848956,0.027781446869086443
1.2427874977316749,0.9459164394201672,0.13641903470268585,0.007799871976120466,1.1392297818793644,0.9323381782649294,0.5103503257672254,0.0370372398873116,1.1250863406831688,0.930254612520237,0.9542368066564645,0.07154344083003289,1.4685633884642797,0.9671210860326032,0.8010025016723634,0.027231432258594545
1.3497312565400288,0.9572162539300921,0.12002875158088201,0.0053648061319898485,1.1688497374972453,0.9365158383168969,0.5480178696534342,0.03714881651636944,1.1450791356756396,0.9331828980034299,0.9525143985369449,0.06820126242820496,1.4881058661448112,0.9685222461882637,0.7880298798074736,0.025611606393654295
1.1730045319319677,0.9370822505047759,0.12030258442484587,0.00807737833727321,1.270342906097313,0.9490720407961969,0.48185125339640184,0.025856520812357394,1.1496883265345077,0.9338416147160489,0.9510918134303433,0.06738048255909988,1.4798149955119428,0.9679350032710964,0.7847425956183031,0.0259963413622771
1.2165039234218529,0.9427354422157627,0.11727406764176458,0.0071235760557386415,1.198694847270909,0.9404810576090938,0.5526218193988404,0.03497302361025165,1.138637141877924,0.9322520431902495,0.9551436867384874,0.0694115220330597,1.4785852233502548,0.9678470011203582,0.791746944904254,0.02630275095443584
1.182519782209238,0.9383617214529931,0.1193810480189885,0.007841797169255718,1.182332457725379,0.9383367690064027,0.511530034690524,0.033615430761265865,1.1308002128995256,0.9311034133955616,0.9521270768668979,0.0704522233148799,1.486159506583157,0.9683853270239714,0.7702756983750229,0.02514702941684038
1.3164774421645904,0.9539683518517016,0.12613496041258082,0.006086365554623829,1.2322048015749212,0.9446561997006391,0.5492209631728046,0.032176759455652564,1.1414296151230106,0.9326570174173772,0.951741483257064,0.0687209863145837,1.4840718851882624,0.9682378302921573,0.7772118108520375,0.025495733241256844
1.220933134311721,0.9432835392998727,0.120944327502359,0.007271974874895175,1.1461808461047538,0.9333408991880385,0.5119492632648617,0.0365633581259215,1.1503390198428092,0.9339341202815201,0.9479567394933585,0.06705783049323913,1.4592139399660164,0.966429617393758,0.7986499237860202,0.02774230324422983
1.227540741513195,0.9440920462399051,0.12153487278711055,0.00719714362077591,1.1516870222296762,0.9341253762141429,0.5361205041500153,0.037807276639779605,1.1335267723859341,0.9315050664062723,0.954132836657565,0.07015878672414147,1.485135851786648,0.9683130857099196,0.8017124464295402,0.026235103036616206
1.369145683199568,0.9590100421570478,0.13530868228443937,0.005783356731228414,1.2100125399115365,0.9419231653574317,0.4899463989334204,0.03020897780317403,1.1490968275688453,0.9337574200799598,0.951931361612204,0.0675318749216359,1.4666374754549214,0.9669797833112491,0.7739594953699924,0.026429001605308
1.1072390533243153,0.9275407328357913,0.1509379274113928,0.011791235921334202,1.1366226573428053,0.9319584945782645,0.5168337816907149,0.037733599472107845,1.139241895432452,0.9323399378049673,0.9570844995154117,0.06945577909659453,1.46955072501517,0.9671932994789026,0.7844170901153048,0.026607025268793997
1.3285192661521465,0.9551707228457853,0.13350107771254385,0.006265640968696471,1.205832008804215,0.9413943383697075,0.5095731536845143,0.031723020421424504,1.1359256299148295,0.9318566501816182,0.9508851672483609,0.06953483733392556,1.4667999169588852,0.9669917241311584,0.8202429587944049,0.027999004735730606
1.3276535526310698,0.9550852896386085,0.13344763795515047,0.00627563011617044,1.126237862002234,0.930426446708591,0.4992555159500068,0.03733232257945122,1.1449551723880047,0.9331650981314,0.9533998104949691,0.06828414704275668,1.4773481770270176,0.9677582428795367,0.7802553805892704,0.02599492658211884
1.3533467238620673,0.9575558921770948,0.13964804152136892,0.0061899640324016856,1.263629702857751,0.9483196950787282,0.5396065922381712,0.029406784831229226,1.141150481876513,0.9326166377873352,0.9507023851359266,0.06869009256155519,1.4850184720161437,0.9683047917932786,0.7816613953991296,0.02558587015607895
1.233244334653397,0.9447812067667926,0.13436828407947116,0.007853304492662964,1.2584442153809794,0.9477313787134097,0.5142864915351064,0.028363570588271568,1.1410216205860222,0.9325979890363899,0.9513960046790414,0.06876060713402347,1.4273985125314765,0.9639699405280171,0.7955367749072806,0.029734575848245272
1.3542174408622087,0.9576373018275879,0.1298049185056974,0.005742139089044626,1.1803462560487015,0.938071617081093,0.5185165152170778,0.034230743921297664,1.1434380763542424,0.932946901635437,0.9499675465166595,0.06827641233178693,1.4895831726485045,0.9686257860582639,0.7910356267128227,0.025621990809287225
1.0980116547758978,0.926099717757841,0.10266607880363875,0.008192478687558059,1.1165628597786745,0.9289704535660418,0.5350423351359134,0.04090960508139348,1.1422505199267452,0.9327756400725787,0.9546055769005821,0.06879762520952522,1.4696838703584323,0.9672030259499889,0.80729190098707,0.027374533388635422
1.436247204375179,0.9646709471233803,0.15295360554783016,0.005601605432590885,1.192674364777582,0.939700319667359,0.5143571776858757,0.03300581338765193,1.1418705068665038,0.9327207514229097,0.9571542087298864,0.06904168888438061,1.4578750038220878,0.9663294499247397,0.7905206508587218,0.027544710721937486
1.19554567931245,0.940073860926834,0.14308476163041914,0.009121110245807237,1.2061513472411836,0.9414348926864177,0.5208303327092035,0.03239999341881561,1.1332350476115105,0.93146219590572,0.9538564021316434,0.07018558939990567,1.4767825591319943,0.9677175808545648,0.7822627106438139,0.02609576720157071
1.39538747580022,0.9613205105794043,0.12730432903161895,0.00512219014759887,1.2684787175919128,0.948864167710866,0.49268288289910933,0.02655148137002134,1.1402446473473549,0.9324854442945485,0.9521798254698715,0.06894048401680616,1.452241657947599,0.965904843678696,0.8004160625354598,0.028253622448245107
1.2493546825397552,0.9466848373193779,0.14849800941006153,0.008363074190418237,1.2160617604143371,0.9426804540025248,0.5158523344191097,0.031366325126501435,1.135939763702757,0.9318587167069979,0.9517010495837858,0.06959223503226267,1.482617829214546,0.9681347038595883,0.7775244299674267,0.02559152783031539
1.2180756610410564,0.9429305055765288,0.1437209512206128,0.008698501083285869,1.2117122151662134,0.9421368872571384,0.5128649429177383,0.031498567156527095,1.1502745304064639,0.9339249575340242,0.9556969450837056,0.06761540712837058,1.4851263000826722,0.9683124108762134,0.7848201795947837,0.025682888195713877
1.1820668705733781,0.938301375451851,0.12740476147304672,0.008377583950558072,1.2698693933102905,0.9490193159279222,0.5323022248010009,0.02859492014333774,1.143041034306004,0.9328896879570594,0.9534641257638121,0.06859039801574522,1.4434513988248128,0.9652319533512804,0.8235843411724175,0.02966584217774702
1.4600842963252814,0.9664945755069855,0.1337665146626773,0.004637277818525805,1.2068820793267416,0.9415275928598341,0.5215298931165624,0.032388969242475134,1.1432929821605424,0.9329259988425316,0.9523800940862638,0.06847268016149928,1.4613268376885293,0.9665871010283423,0.8067626755105352,0.027888102109224516
1.5196482619000466,0.9706627041087249,0.12434845342231039,0.0037583059040291944,1.2273168449925191,0.9440648286038841,0.5208765443232032,0.030861565752874423,1.1451609954452173,0.9331946498240281,0.9546667869059429,0.06834249319008405,1.4691143108500917,0.9671613992160554,0.7917034899449905,0.026881175020666226
1.1634712155508709,0.9357755383200964,0.14910288745478534,0.01023327955216031,1.1390972236545833,0.9323189209011905,0.5267966933840754,0.03824245960755057,1.1355980891597035,0.9318087436118254,0.9550860312530853,0.06989472558230748,1.4607985921608595,0.966547795543364,0.7877446976564674,0.02726383196686184
1.3863514448363583,0.9605393952473514,0.10870399628667578,0.004465746489655726,1.2353958456307619,0.9450390885275964,0.5459925554990226,0.031753446890886924,1.1358444413771613,0.9318447783409942,0.958198323648341,0.070082722637356,1.4639555115819656,0.9667820322724741,0.8041489257245892,0.027630005700515103
1.149539525265621,0.9338204435391763,0.12216437669958494,0.008657750342935528,1.1874294516162318,0.9390123561575585,0.5430263346214398,0.03526886145404664,1.1485870340553161,0.9336847756313859,0.9498443537999142,0.06746296296296296,1.449807455133467,0.9657197745718448,0.7875608272506083,0.027956104252400547
1.6133679490740906,0.9762217157117862,0.12813120461283217,0.0031209510712981443,1.3294608614995123,0.955263468631728,0.5361057470013871,0.025106698157097235,1.145246403336833,0.9332069089688807,0.9524301683574945,0.0681689712372327,1.461577690991011,0.9666057508044814,0.7712441410322662,0.026644905655464818
1.052145017887376,0.9185385097203786,0.1188138344138667,0.010537121650061407,1.1548814738214455,0.9345765551163886,0.5358728109111451,0.03751286624658071,1.1419484134427802,0.9327320075468791,0.9547431379406199,0.06885542007566485,1.4739580630508269,0.9675137861417453,0.7952097848797066,0.026700761791516404
1.016399571418238,0.9121638511824561,0.1253747737851927,0.012072871857272618,1.1216058452061284,0.9297328512480353,0.5172013289275843,0.0390889304015493,1.141030872523655,0.9325993281323862,0.954937110032683,0.06901506452552743,1.4591720719531884,0.9664264895569377,0.8053337174858419,0.02797717184527584
1.1804346441181794,0.9380834392280246,0.13818408297002355,0.009120599312545193,1.189272699764366,0.9392549632823685,0.5351891467410437,0.03461262984019931,1.1297041793790257,0.9309413415117229,0.9539205863503841,0.07076329416280273,1.4553170612487776,0.9661372845523354,0.7897135945553179,0.027679137494388297
1.284207113078867,0.9505931065689133,0.1307735661695637,0.006796930887352701,1.1196378740674109,0.9294362378914899,0.5040033637201313,0.0382644575383862,1.1365090564978995,0.9319419057081679,0.9545718860987109,0.06971072234708792,1.4435511641996783,0.9652396616954311,0.8184575196142457,0.029474400398899595
1.1467643663292804,0.9334244438093908,0.14340378357114758,0.010228130101375915,1.1580099247561038,0.9350156253819948,0.5478936451739799,0.03807907046929229,1.1335205011447207,0.931504145075513,0.9530808568465472,0.07008244509376244,1.4489168640213799,0.9656518223517023,0.789740013589386,0.02809100511680865
1.2180751522098605,0.9429304425282327,0.14028341713947673,0.008490459291261637,1.1654534344862741,0.9360493019641988,0.5309276040406213,0.036272865984330264,1.1386618687865537,0.932255639063461,0.9557396004194789,0.06945087349345952,1.4717979546322986,0.9673570902327179,0.8116737027974221,0.027389463217267568
1.4179806732988376,0.9632091414720726,0.13213277402231902,0.005046960194468516,1.2311834121352982,0.9445331150171784,0.519446745219583,0.030504057945360274,1.1482857434161955,0.9336418075941715,0.9536163732065087,0.06777787611894524,1.4756060989941822,0.9676328468089345,0.8015425584025793,0.026811461457237715
1.2496845739149323,0.946723163492465,0.152829570316306,0.00860048253305832,1.136927515164431,0.932002993740208,0.5435308289857126,0.03965488247265589,1.1505986527457206,0.9339709973356222,0.9528419710001151,0.06736312500214497,1.476802770388362,0.9677190346866509,0.7983737388947447,0.026631981028145475
1.3620223016404338,0.9583603991217796,0.12640329306104994,0.005492070287522401,1.215106669046398,0.9425615077719156,0.557690936954275,0.03398497210398777,1.1475861823533309,0.933541941163807,0.9483320859617235,0.06751095669737561,1.4759896643853634,0.9676604965360543,0.7979970775865142,0.02666930121381271
1.2278696670707363,0.9441320089723068,0.12653737834658302,0.0074877125772166075,1.2906668461833841,0.9512870171621639,0.5000980357206517,0.025608745406795336,1.1410304846285038,0.9325992719901728,0.9543331788528038,0.06897147890899212,1.465386529750065,0.9668876883814483,0.7830202131831308,0.026815533607576353
1.3290894805726483,0.955226910007421,0.15189422922931828,0.007119537696634687,1.2132305171956015,0.9423271783416449,0.48668968094382264,0.029786647161585238,1.139548380265429,0.9323844417851422,0.9560029894834244,0.06932835093776717,1.462802739179787,0.9666966831499559,0.8113600370126519,0.02795187038818497
1.2830520441223245,0.9504680442921704,0.13055523284390388,0.00680365431482283,1.2330010838199053,0.94475197894987,0.5213362049705538,0.030487148233786704,1.1390033930468848,0.9323052866103096,0.9547538405168947,0.06932470352762514,1.4676200802603865,0.9670519493864076,0.7938587476206221,0.027047252438965
1.0875209430933146,0.9244294103557926,0.1411317537565273,0.011537289629066394,1.2506562999894681,0.9468359058003344,0.5526890696600476,0.031033058191530537,1.1284848482981857,0.9307606227341875,0.9539359170189337,0.07096338976165052,1.503052637402897,0.9695547393712848,0.7815974565734788,0.02454316121186834
1.2224410339600962,0.9434690082259335,0.140360711457527,0.008410165204819806,1.1354046779054012,0.9317804403544185,0.5757591935153796,0.042153748825822374,1.1448685085683419,0.9331526514705228,0.9536164571265872,0.0683132942638378,1.4759617054155552,0.9676584818550641,0.7796759469343085,0.026058681092326556
1.146232018552247,0.9333482296180369,0.12686028802735994,0.009059279827047618,1.0682879517120323,0.9212768929035472,0.5326457726596664,0.0455145793067771,1.1408652087902202,0.932575346754981,0.9504902877601732,0.06871989302310583,1.478638501209418,0.967850818503248,0.7861525992821582,0.026113696569013887
1.2706935637643209,0.9491110526883539,0.1226990038669209,0.0065788119580833145,1.262161694668869,0.9481537813871239,0.49900208492970044,0.02728604968035577,1.1306618872049097,0.9310829784348925,0.9557798884473511,0.07074504067762655,1.462291331319416,0.9666587516957311,0.7913199208795909,0.0272935965498457
1.169780748395619,0.9366431723784736,0.13884187999749287,0.009391603245569096,1.1017235165179933,0.9266825317163857,0.5350149085341285,0.04232942485174311,1.1426484079106243,0.9328330660229825,0.9494363410069753,0.06836242233958868,1.4384866707939281,0.9648462669799931,0.8044519658670678,0.029309839923023693
1.48033272997284,0.9679719825047877,0.12021019386726382,0.003977485156461698,1.2201505651569986,0.9431870594290764,0.5025114420048712,0.030268812962842277,1.1345297731960842,0.9316522732040672,0.9558824841417827,0.0701252997005567,1.4570823841938898,0.9662700172060587,0.8091036427061122,0.028243711862139458
1.2110879646075836,0.9420584781612398,0.13835915860640868,0.008509811647397118,1.087809883451634,0.9244758755575248,0.4933497340778563,0.040303709047775624,1.1406928243324577,0.9325503840859976,0.9507358211728892,0.06876493438651719,1.4814028292363557,0.9680482837965496,0.7880498747820854,0.02601063022853687
1.3852146520727193,0.9604400608839708,0.1492942163213591,0.006149337526188192,1.1973154809815296,0.9403030214569177,0.5365651266127737,0.034064887721767856,1.1344038640521863,0.9316338100781405,0.9564662633617075,0.07018847266755299,1.466764543751657,0.9669891242575009,0.7831075896282813,0.026733565751400477
1.2894928335845082,0.9511615949042989,0.13133109339814847,0.006743334860661068,1.1487599537028352,0.9337094245890644,0.5422132465954177,0.03849551816193881,1.1516308316643231,0.9341174141292761,0.9539264395753655,0.06727970126566997,1.4677205730378082,0.9670593213491655,0.792597490796011,0.026998032765295457
1.2158249634533531,0.9426509851052695,0.14254863466000356,0.00867237599229488,1.2906848966030144,0.9512889431393511,0.5129841156523292,0.026267516937269676,1.128427075516964,0.9307520492963165,0.9520792432625379,0.07083469389435094,1.4614197575908694,0.9665940103630469,0.8112350526503659,0.028036703591606687
1.3245126890372674,0.9547740281839425,0.12563476649501987,0.005951098627418963,1.2347215403095704,0.9449583880541228,0.5450617393938314,0.031748569170372665,1.1435956776172695,0.9329695993916454,0.954198813320742,0.06855564078252076,1.4780569676552613,0.9678091276387751,0.7926518539636156,0.026364862584096833
1.3266674561449205,0.9549877873830213,0.15392886100045827,0.007255253638613386,1.1655067301162583,0.9360566475775102,0.5155726724715338,0.035219497858992914,1.1449957667653314,0.9331709275573608,0.9547273240032432,0.06837283461647271,1.4407770947039698,0.96502470883616,0.799220925723552,0.0289660817235725
1.346179123455351,0.9568800378371539,0.13143402861452505,0.005922822210377493,1.0993897129953807,0.9263165879907591,0.5430244285574031,0.04319461965726657,1.138150920686658,0.9321812992421855,0.9572834944350729,0.06964495308183634,1.4537149710999353,0.9660163890328531,0.7984220062298623,0.02808778728328775
1.2431695077987426,0.9459614213626973,0.15762310438686417,0.009004308557525697,1.0363213165499374,0.9157703028269244,0.5387871610873485,0.04955596319190244,1.1355343713776096,0.9317994205336355,0.9533122415072997,0.06977515316111918,1.460687239426984,0.9665395043584326,0.8010180635582735,0.027730332080217707
1.2817974848713822,0.9503318700188753,0.12669141950748344,0.006621398366305339,1.1495939116634533,0.9338281822678399,0.5188969330698544,0.036769454947791366,1.1545213034903623,0.9345258293708234,0.9510319098972964,0.06663060943358799,1.4763387603028513,0.9676856416476302,0.8066619996632668,0.02693722403690467
1.349554017223139,0.9571995374179961,0.12126707239402731,0.00542236659289484,1.090589235768663,0.9249214917116924,0.5453789540726063,0.044269960954018,1.1280855162716064,0.9307013420775518,0.9556913877291062,0.07115938009698342,1.4842295097289937,0.9682489901311158,0.8020752246833204,0.026301807318238484
1.4297772070739745,0.9641596895340361,0.1428143580709095,0.005308779227984978,1.231332325838777,0.9445510762078156,0.5399427438890112,0.03169679735927546,1.1371747251637243,0.9320390584156019,0.9562299053072011,0.06972485128070607,1.4678360021612846,0.967067787048357,0.8089936137414666,0.0275492062925274
1.0617431731897113,0.920176973837514,0.1267086116675344,0.010991651727568524,1.221856605621139,0.9433971923624643,0.5237418705823178,0.0314239437983232,1.1361449717100494,0.931888713978385,0.9586050492839053,0.07006396977896542,1.4776145666897977,0.9677773763625993,0.8007200656530449,0.02666036832915771
1.2495620738735262,0.946708934698829,0.13461266734960614,0.007577463551006621,1.179871303843604,0.9380080548105705,0.5463721784591473,0.03610915062654645,1.1344382983296142,0.9316388599274444,0.953150941396729,0.06993963843477354,1.4625858521606583,0.9666806015894305,0.7910470168497651,0.02726568700413853
1.2634482295948808,0.9482992122688658,0.15492208690102643,0.008446272891623323,1.192324213976577,0.9396546183033296,0.5772483114396639,0.037071354739343323,1.1279037111106516,0.930674337625793,0.9583931642113848,0.07139042975372244,1.4618179213610842,0.9666236013941847,0.7897409987767909,0.027268846252575543
1.2897832759216494,0.9511926519655041,0.1489913239754532,0.007645003762764561,1.159971194322612,0.9352894848170097,0.5126172674049517,0.03546680252901723,1.1309844191906828,0.931130617620715,0.9593179092896946,0.07095420413409724,1.4741529907844853,0.9675278905364832,0.80059250899344,0.02686943481628371
1.2459520036281528,0.9462879993856093,0.13382219760315828,0.0075958460474472534,1.1635247665479982,0.9357829485567098,0.5138789973006955,0.03526436772136294,1.1427743348118256,0.9328512311800079,0.953988727985721,0.06867029426692188,1.448286848955751,0.9656036736834978,0.8130006242691216,0.028960364930267248
1.4029451474097847,0.9619624132551956,0.12645656779661016,0.005000302091572194,1.2514394576170886,0.9469266059677897,0.5512976694915255,0.030899161833201513,1.1410965324152003,0.9326088308269285,0.95204802259887,0.06879586299323315,1.4403011891841349,0.9649877040819931,0.7966719632768362,0.028905357456718517
1.1716109189302029,0.9368927903237775,0.12433119669439,0.008374698770365183,1.1081197249542485,0.9276769024209404,0.5355547315074782,0.041752658716264,1.1291241494925754,0.9308554289871712,0.9566138687291413,0.07105792534310999,1.4610611202667927,0.9665673352074461,0.7926753898041708,0.02741790419696127
1.1669675604726328,0.9362576846078345,0.12356650871104691,0.008412657647202625,1.1560889180219767,0.9347463428687834,0.5319111455599204,0.037132156527208776,1.1326883141273683,0.9313817835690859,0.9573695985343598,0.07053283140762145,1.4600684501751833,0.9664933939317186,0.8106029911744499,0.02810216321558405
1.1588781429861834,0.9351369907376099,0.133281152435646,0.009244652612999928,1.181373745565125,0.938208916513072,0.5238024044254092,0.03449798603790301,1.1363147606628892,0.9319135244443999,0.9565725944752742,0.06988809032439727,1.4569051099513763,0.9662567108662489,0.7954743331545111,0.02777928486317763
1.4043857521915482,0.9620836030935381,0.1230274461430019,0.004848598877838792,1.2447135105617027,0.9461428695472445,0.547151856909996,0.03114543255942984,1.1340484581126382,0.9315816689532254,0.9556720560377109,0.07018760596224534,1.4711805456290956,0.9673121688719278,0.7917000748931671,0.026753471304273784
1.142986011812562,0.9328817556535067,0.16061458673275886,0.011555772221516531,1.1276428854919212,0.9306355788515447,0.5157659842825264,0.038442339580408054,1.143999000647037,0.9330276535581916,0.9547174471012639,0.06852923102275107,1.4306501098381916,0.9642290795787314,0.8207661165844925,0.030448738855339996
1.2823216244924935,0.9503888050754642,0.11987824454600479,0.006257757799357464,1.1952991052105673,0.9400418682973524,0.5420661584750743,0.03457428356916128,1.1383077849214167,0.9322041300712427,0.9588417442258266,0.06973312826754903,1.4645405688687874,0.9668252679866073,0.8069632189756051,0.027689376168177755
1.1873209843386223,0.938998051574293,0.1316718478318141,0.008554053181566544,1.2084866765352358,0.9417306682779706,0.5383054955477107,0.033307507703043714,1.1415664409631,0.9326768025480612,0.9501466533185802,0.0685842197156708,1.4349446893178999,0.9645685907306106,0.8102639759734444,0.029763352056915292
1.1795821393285488,0.937969326444348,0.11641052971858427,0.00769857111936427,1.2775546173719434,0.949868700783057,0.5373895873559502,0.028361854830674726,1.1442431153985,0.9330627686684612,0.9546030386957547,0.06848251433518743,1.4390504662298205,0.9648902722566151,0.8407786330237557,0.03059364338794848
1.3662571860418775,0.9587477927402576,0.1462064330123018,0.006290849504949136,1.1394556250994872,0.9323709758797976,0.523299107656116,0.037957217555341836,1.1332425657013818,0.9314633010408313,0.9571692623349518,0.07042813335996853,1.450319500494091,0.9657587849772229,0.8053116128518745,0.028552521110797622
1.3249336017702837,0.9548158598194831,0.1308394016667105,0.006191629312861731,1.2248674774214752,0.9437662598662632,0.5582603818887633,0.033263606230786405,1.1382308068390237,0.932192927175154,0.9543012872753402,0.06941521974341801,1.430305002431273,0.964201661278676,0.8051736375824812,0.029894035413124496
1.284298298503571,0.9506029666896941,0.12940443055201903,0.006724358318319721,1.2166067578705673,0.9427482237954155,0.5427031108691643,0.03295759807844077,1.1361351862247866,0.9318872838157918,0.9529901396949715,0.06965514825527286,1.4671178275608656,0.9670150811731767,0.7992817694111036,0.02726352959438863
1.300502369727589,0.9523258244197953,0.14696017139645967,0.007356941116996725,1.1828389304423415,0.9384042116767509,0.5464930457993818,0.03587118381431743,1.1335582084477516,0.9315096846189413,0.9568786878336611,0.07035560036925512,1.4652107667186156,0.9668747288047186,0.8109546220848552,0.027783425280787744
1.2441354377938574,0.9460750029544893,0.1453313319112703,0.008283689580066393,1.1243924382027572,0.9301508763962184,0.5231875279804071,0.03928845441875768,1.138201876648451,0.9321887164171118,0.9577243480016503,0.0696688516099962,1.4287777884373252,0.9640800831657418,0.8073631264319385,0.030080920519853036
1.2675074866252902,0.9487555492677164,0.1335742611692914,0.007214650444863382,1.176577981755099,0.9375656350240993,0.5432834770986661,0.036178329950929386,1.13406433975728,0.9315839997140992,0.9580662463619017,0.07036086987874854,1.4308004937369134,0.9642410210422787,0.8226366649959992,0.030507566626489888
1.2006169270657017,0.9407283130387014,0.12449984744802337,0.007844258413815901,1.2137325417838978,0.9423899684949865,0.550547007801944,0.03365595085345999,1.134871653327922,0.9317023826849373,0.9523253279867497,0.06980936404052844,1.4246079881509843,0.9637461070026041,0.8266312164930479,0.03109594887418329
1.3337086185050548,0.9556795974841625,0.148,0.006863617879477288,1.177160848935737,0.937644150566908,0.509719298245614,0.03389769967138163,1.1294743566760246,0.9309073125958772,0.9579912280701754,0.07110287733412465,1.4263181880680635,0.9638834438012429,0.8302368421052632,0.031108839724356227
1.1359977047294356,0.9318671877567631,0.13737202853305894,0.010043858986006633,1.1672288650757592,0.9362935827509709,0.5356750440378812,0.03644790319410522,1.1308186300065124,0.9311061337455661,0.9560842039171913,0.07074202916876844,1.4770714591753467,0.9677383559429518,0.8077593874810332,0.026928400308428593
1.2408392934438168,0.9456864874636688,0.1387381394208886,0.007968132964354318,1.2227706510703469,0.9435094745270199,0.5451664857673051,0.03264062744753179,1.137609914002868,0.9321025036378652,0.9577745877245194,0.06976753772462331,1.4814225092016695,0.968049685389859,0.8068257413956094,0.026629145861215158
1.0839298832312496,0.9238497291136899,0.16146280912823452,0.013308914064385197,1.1284430713890239,0.9307544231702245,0.543692438564968,0.040449226551280124,1.144929912435573,0.9331614705183073,0.9536383601121499,0.06830520511292193,1.4411168214295496,0.9650511017414392,0.8089633082471811,0.02929624794357719
1.160282128724407,0.935332802979791,0.12754260582737767,0.00881806218410591,1.155119952525644,0.9346101219168155,0.5505117935024477,0.038516487481059236,1.1448885497721837,0.9331555299801969,0.9573810832744313,0.06857981232755747,1.4687490305043338,0.9671346755371041,0.798755639327382,0.027143441257013665
1.2057104024577592,0.9413788880752202,0.13698053286778317,0.008529988563028702,1.2085034715763403,0.9417327903303133,0.5380350390834042,0.033289485885815755,1.1392700649781997,0.932344029375427,0.9559247984419276,0.06936711990960327,1.4721197100617274,0.9673804768219667,0.7698070832638809,0.025957459962014144
1.1822717334597588,0.9383286782413613,0.11101238697538285,0.007296250018900422,1.1257566223289057,0.9303546820726453,0.5429711319012527,0.04064621572322635,1.1291670838681507,0.9308617917050005,0.9538319482917821,0.07084427839564975,1.4692952933811616,0.9671746320054057,0.8045087893517309,0.02730457995015787
1.1560099631079779,0.9347352529641784,0.1240273684393556,0.00865979409789458,1.173840575639342,0.9371956549720362,0.5606096172069934,0.037568163742834774,1.131910459778212,0.9312672278690388,0.9552002642949671,0.07049916515955454,1.435672286864711,0.9646258031703826,0.8284777827043287,0.03038145575001942
1.272526667417336,0.9493145319149764,0.13968888229700138,0.007458219744319061,1.1680104495604813,0.9364008447442167,0.5800259991798916,0.03939462867988892,1.1261848930816174,0.9304185510958004,0.9572409460909622,0.07158736452641713,1.4605053429653216,0.9665259563086899,0.8166272607508354,0.028282547848262715
1.1896232497931305,0.9393010001764869,0.128601772376691,0.008310433990094287,1.158927284025862,0.9351438536898453,0.5629472291380121,0.03904275017561127,1.1310302495853315,0.9311373844671766,0.9594512248202378,0.07095657624690876,1.471394162970273,0.9673277179673082,0.7940613193586016,0.026820068210029704
1.0849332050221618,0.9240120982494956,0.11215385286293664,0.00922318654532185,1.2100286563622604,0.9419251953590638,0.5257860538136148,0.03241756618105374,1.1299737634770028,0.9309812379605331,0.9546029392525403,0.07076996873833873,1.4676343500828033,0.9670529962910404,0.7773756050760978,0.02648479146637052
1.1348477604234195,0.9316988818010288,0.13700309532918303,0.010043442994817086,1.0819305689995709,0.9235252273940399,0.5356919277988383,0.04435928456536384,1.1335572070618405,0.9315095375116705,0.9563349911313602,0.07031578657941406,1.4265652576764067,0.9639032431661845,0.8347563732480089,0.03126039676102228
1.0892278324956324,0.9247035193126139,0.13259803068786752,0.010797152653097136,1.1185835165088382,0.9292768491157345,0.538238057130928,0.04096291795318759,1.134237291523339,0.9316093770336888,0.953298423854424,0.06998284333268262,1.472346096358729,0.9673969218624071,0.793874604223931,0.026755052830987582
1.3269197109764084,0.9550127487629897,0.14345023680147925,0.006757430046201772,1.1792065138642087,0.9379189844560176,0.5314906718533313,0.03517945708279415,1.1462146249114875,0.9333457380708314,0.9538695018883064,0.06811995280175984,1.4518880502641927,0.9658780193312065,0.8163589264999608,0.02883985653604226
1.235255720449025,0.9450223276043234,0.14084950458683504,0.008194068747453525,1.250380981400488,0.9468039854693014,0.5002579821423887,0.028106906282142276,1.1413089808766916,0.9326395691299452,0.9546213784117045,0.06894807972555435,1.4573093358830138,0.9662870449814872,0.8116118199547001,0.028316464471641968
1.2142181867107487,0.9424506489006862,0.12337175440737963,0.007533513206670616,1.1443258359017288,0.9330746638654619,0.5545102620886881,0.03977257889159356,1.1461789930345996,0.9333406337225304,0.9516626850576316,0.06796793068233205,1.4518609655920853,0.9658759638741647,0.8030062601356653,0.028369910480256312
1.1304549142330185,0.9310523916777375,0.15230286113049546,0.011278546845965232,1.145979596650973,0.9333120630326094,0.5449581297976274,0.03893888748391921,1.1385273520932848,0.9322360750394671,0.9551639916259596,0.06943054746170847,1.453542803672818,0.9660033723318046,0.805486741102582,0.02834755406995283
1.282789061032525,0.9504395285304803,0.1284206869599201,0.006696470002687937,1.1721328308295553,0.9369638059220909,0.5373659299144556,0.03615241360962488,1.1492959444879065,0.9337857737179002,0.957088887923922,0.06786663706040022,1.486266295523742,0.968392854144032,0.7854183855139172,0.02563508535060396
1.2381448711596263,0.9453669383934884,0.13782825561792872,0.007965139539455865,1.1817988539689837,0.9382656388956506,0.5319348615721511,0.034999319453858285,1.1279014705633765,0.9306740047650854,0.9552998835572394,0.07116037929104965,1.4390943633229456,0.9648936962777235,0.8170197605102626,0.029726117986078365
1.1553881410628442,0.9346478513562204,0.11823810182623132,0.00826740680427798,1.1766999514778476,0.9375820726743436,0.5497630741560597,0.03659953897275648,1.129105403131081,0.9308526506747813,0.9582439817376868,0.07118208375511641,1.4632121508181282,0.9667270194442983,0.815561012728279,0.02807012235376964
1.0703087981352668,0.9216137068913591,0.12970328914729357,0.01103169360897217,1.1265208027477118,0.9304686081674208,0.5223294717693854,0.03903226272064246,1.1285821208756643,0.930775055692797,0.9567597677839381,0.07115751677607861,1.4445693317362545,0.9653182359836118,0.823740349716693,0.029595181521191505
1.157723014703002,0.9349754727443589,0.13423671758937236,0.00933573056839379,1.1608242297066345,0.9354082618153279,0.5171788992795253,0.035712196931071236,1.1434766948716168,0.9329524641395175,0.9524177551072983,0.06844642792021968,1.45774155850146,0.9663194509218118,0.8162403070819486,0.02844962056392822
1.168410903214899,0.9364557364011133,0.14731833310220496,0.009996452184244397,1.206648921100869,0.9414980295262843,0.5336205103314381,0.033157638529829156,1.1365266002954022,0.9319444678333297,0.957365483289419,0.06991190965995973,1.467839260635884,0.9670680259979741,0.8061728609069477,0.027452943311954765
1.2527050480416717,0.9470728696439801,0.1422428679975133,0.00794923712633496,1.1835909359951544,0.9385042227381742,0.5422566830144367,0.03553153559618591,1.1410014109029252,0.9325950638653603,0.9556883332182082,0.06907404248763391,1.4532491059626866,0.9659811562431545,0.8165883815707674,0.028757696138038042
1.298472554712827,0.9521131774395626,0.15854232795005058,0.00797393472410447,1.240484637527521,0.9456445274093696,0.506505284453591,0.02911383010014322,1.130736837504092,0.9310940515964663,0.9559890474031183,0.070748311474824,1.4320196006893975,0.9643376845017655,0.8268251421395932,0.03057694369383609
1.2487209946268865,0.9466111436221052,0.14145543744889616,0.007978084860626015,1.1122573276051704,0.9283135058870235,0.5317553901105995,0.04106336857211062,1.13898181005297,0.932302150079137,0.9534191160648965,0.06923122962396301,1.451021518399685,0.9658121989363572,0.8092352713345096,0.028645294085677904
1.275495701322486,0.9496424691757528,0.11789430166058017,0.006251685368524745,1.2578143301512708,0.9476594859043903,0.5352528767312065,0.029562739735073826,1.1476528852566106,0.9335514694105186,0.954161785984979,0.06791553620859497,1.4193540252965642,0.9633210393950153,0.8289981395989803,0.03156454479915911
1.4413752497591439,0.9650711658297599,0.11470422535211268,0.004151491628604451,1.1992863730623464,0.9405572539449468,0.5409144095341278,0.03418551900864745,1.1293457894530068,0.9308882693980024,0.9563163596966414,0.07099958265064284,1.4177701401851373,0.963191958663825,0.8232632719393282,0.03146071587447066
1.199100662024795,0.9405333417565406,0.1493898734616653,0.00944540310882254,1.1307136503417068,0.931090626099756,0.5450261234833625,0.04033700681301003,1.1328556924127418,0.9314064104701093,0.9600076374303519,0.07069993193864854,1.453919767304313,0.9660318663675409,0.8148964607453437,0.028653828966636187
1.245993585287857,0.9462928656265998,0.1535257828565479,0.00871340168479266,1.1604839797806872,0.9353609096272592,0.5304943124137752,0.036660362272359456,1.1371333674991044,0.9320330261137706,0.9578485219217187,0.06984952641417465,1.453339097214504,0.9659879649126167,0.8131209273672246,0.02862965017830367
1.5311425108997558,0.971407064369259,0.12542531362821746,0.0036918384172609435,1.2458986678652821,0.9462817569702203,0.5661324814074093,0.03213804133841348,1.1473835047596417,0.9335129816821296,0.9576461217457555,0.06820583804181975,1.4695228802600975,0.9671912650246294,0.8104897708284633,0.027493159887752708
1.0891930898561515,0.9246979491170599,0.14427817960039171,0.011749180185746584,1.1271194354825054,0.9305577334898115,0.5713488068445376,0.04263653364781908,1.1375250795660086,0.9320901401228017,0.9549281014310994,0.06957377915449388,1.4557312271799634,0.9661684704059235,0.8189736629614994,0.02867732964170367
1.1369593278783054,0.9320076357896797,0.13656955703221038,0.009963101915907045,1.2017078823017728,0.9408682245171971,0.5399169596575231,0.033932752330124674,1.133097766396371,0.9314420131039516,0.9591245519174066,0.07059553631568193,1.4562734931658783,0.9662092600369412,0.8270508643588443,0.028924024897778615
1.4039102754852975,0.962043645021067,0.14464494598499966,0.005706804409684575,1.2000683817851039,0.9406578467426845,0.5391780774788413,0.03401448062920012,1.1324335365145084,0.9313442816039551,0.9580265602422073,0.07062265054405557,1.4427897297893262,0.9651807879556369,0.8080059175669166,0.02914907727955705
1.157886055585372,0.9349982929056294,0.14020277582967522,0.009746990809980094,1.126103210846205,0.9304063738158641,0.541615799544577,0.04051241323115324,1.1386194951328992,0.9322494768308673,0.9590898464895192,0.06970112666274725,1.4646829148039917,0.9668357791242879,0.8059343532732451,0.02764501012518093
1.2010761468709765,0.9407872442567422,0.13214934131839576,0.008317424281512822,1.0710537169696024,0.9217375294104485,0.5556416014868737,0.04717816418141479,1.138344099021489,0.9322094143964879,0.956572618463736,0.06956228608774917,1.458469118412677,0.9663739319242726,0.8091931473020298,0.02815678585556301
1.444693772077205,0.9653278275749547,0.13519232092479186,0.0048557716122427635,1.2350895387306082,0.9450024437163176,0.546618041698204,0.03181225267074318,1.136784877270764,0.9319821766834776,0.9547495355398059,0.06967942826006791,1.4304639885289763,0.9642142950143627,0.8076962774375559,0.02997671871474096
1.1768597412344528,0.9376036011530307,0.13983211201706403,0.00930565989966454,1.236241913250838,0.9451401877823953,0.5472184952007431,0.0317628054301133,1.1367057955374198,0.9319706326821737,0.9559638077544982,0.06978075353416938,1.4671241159038526,0.9670155430196591,0.8202256854852582,0.027977522214975466
1.3615482744561946,0.9583168206856371,0.13340099427175614,0.005802441786387034,1.2360791896972219,0.9451207570535586,0.5354961897717303,0.031094043037413848,1.1370978580983808,0.9320278464256749,0.958354119002976,0.06989211063303993,1.475656017261282,0.967636446514268,0.8042850016341837,0.026900103610117743
1.2988542641569056,0.9521532346425762,0.13271129397385026,0.006668891006215538,1.1514966006639162,0.9340983902582356,0.5446689103695224,0.03842695624357206,1.141444093119857,0.9326591112029924,0.9560239978653262,0.06902790628880412,1.4308270598493673,0.9642431301660934,0.8239066252356319,0.030552794240565763
1.3492182765680045,0.9571678545804057,0.14794508794508796,0.0066203701792268595,1.292067752160571,0.9514362790200914,0.5266580866580867,0.026881964600527646,1.134441845846347,0.9316393801575753,0.9570484770484771,0.07022505542779524,1.4460324434772445,0.9654308478571462,0.8204290004290005,0.029377075531810945
1.246528538469866,0.9463554333387897,0.13716934361098848,0.007775503513783784,1.2284606220970429,0.9442037394042956,0.5163078542565113,0.0305104146292414,1.1330859748791122,0.9314402792826002,0.9578593500628204,0.07050432645819961,1.4350929856743886,0.9645802587950644,0.8402067981934871,0.030852702073559432
1.3035648732491567,0.9526449607153943,0.13321119225178266,0.0066217966843546035,1.2065834948968917,0.9414897312821541,0.5427536792850446,0.03373022834706883,1.127757676883961,0.9306526393610284,0.9550486413955048,0.07116522294299475,1.4637486652503362,0.9667667333199895,0.8232566941054026,0.028300011076459908
1.3063777518913873,0.9529362946495479,0.14282889079965605,0.007054046393100203,1.186401965055441,0.9388767260481004,0.5758985382631127,0.03749246641880382,1.1429539942598885,0.9328771394508271,0.9544625967325882,0.06867598858473249,1.456567745171065,0.9662313740132206,0.8171023215821153,0.028556744722365173
1.2235958137102032,0.9436106583727037,0.12280090724521955,0.007338474029886927,1.1158544214237454,0.9288627419339841,0.5510240487941623,0.042200357695515306,1.130127523636774,0.931003983766867,0.9589446053738139,0.07106667502253675,1.4489011695198595,0.9656506236950827,0.8252533575718448,0.029355273460769535
1.1605184760461713,0.9353657119042286,0.13436128999153346,0.009284439461173506,1.1936621009911281,0.9398290636002378,0.5452018711889918,0.034905610378418855,1.126381054595985,0.9304477870243897,0.9587277967348266,0.07166618141721748,1.471083579810426,0.9673051084211776,0.8322087384867999,0.02812863721994052
1.2832891302861853,0.95049373866946,0.12425555185289619,0.006471823612863524,1.2214083504199347,0.943342051654045,0.5717447215742568,0.03433948782970885,1.1404927407310528,0.9325213996056801,0.9555595430348706,0.06914567385230448,1.4521532105022117,0.9658981360468051,0.8134970478412071,0.028721212534219373
1.2270568796612882,0.9440332106793493,0.15223549488054608,0.009025245905250752,1.264847748698277,0.9484569769353963,0.5121245733788395,0.02783093945168361,1.1317840231745095,0.931248590645309,0.9568941979522184,0.07064475090045931,1.4383505624407067,0.9648356355101977,0.8062542662116041,0.029384713670459427
1.2402180382214671,0.9456129653956643,0.14588140434547653,0.008390385153979704,1.147438730024526,0.9335208736766356,0.5413575110867123,0.0385518689302517,1.1370234242158808,0.9320169877106192,0.9609541863596984,0.0700937441293797,1.463789997388903,0.9667697909082581,0.8182722742127791,0.02812599133917924
1.3197737885148304,0.9543005085962821,0.1350266805296579,0.006466150411272761,1.2363381229674422,0.945151673082413,0.5469895254216899,0.031742482360509555,1.1275846954355704,0.9306269290539808,0.9582993203124329,0.07143589408393336,1.439362592686432,0.9649146114713072,0.817498302929273,0.02972516452630529
1.5249667270443352,0.9710094321905074,0.14491548435272555,0.004326613147614508,1.2213497974021317,0.9433348452108127,0.5354015341796212,0.03216101998424182,1.1393163668800685,0.9323507541359566,0.9543734301812504,0.06924716104753352,1.430319829855179,0.9642028397126594,0.8287709592016835,0.030769093022871407
1.1535502981124006,0.9343888924398953,0.12254316522213882,0.008604760672133767,1.214043943228914,0.942428884416769,0.5217361632430219,0.03187182975254859,1.1383029524519006,0.9322034268351359,0.9538319797993585,0.06936955791398407,1.464973589489285,0.9668572331956022,0.8024721899952229,0.02750783440086798
1.0769128731894653,0.9227052300266835,0.10509708944850464,0.008803955032911563,1.1241004777066974,0.9301071866289334,0.5571407860962111,0.04186628976082405,1.1476206250676795,0.9335468613281848,0.9560901563152913,0.06805784944741207,1.4358962090608796,0.9646433927013635,0.8331698830833255,0.030537772395594166
1.1959159122159275,0.9401218680908384,0.14511278839646,0.009242506721979479,1.1611703289451598,0.9354563949132316,0.5598296822391474,0.038626520832802845,1.1237864598064875,0.93006016792218,0.9574291270786391,0.0719979574266604,1.425190584486566,0.9637929484778919,0.8433385022660487,0.03168190911787396
1.1418405778040261,0.9327164267374711,0.1447767441463144,0.010443792338419623,1.2021219088046684,0.9409212410138685,0.5271435039252368,0.03309839619089314,1.13095632721198,0.9311264695426004,0.961114955195066,0.07109171772574238,1.4502685788275984,0.9657549074054209,0.8257348607160248,0.029280065311561895
1.5079518534819463,0.9698859737095722,0.14006960931981993,0.0043490265988835475,1.261719536734273,0.9481037102859935,0.521729510777531,0.028557873521547858,1.1264935498752222,0.9304645482018284,0.9539795597082876,0.07129277501086224,1.4624566391593787,0.9666710172461536,0.8059023257001353,0.027785983271809343
1.397078836177373,0.9614650614378052,0.13647064844669635,0.005469661108196713,1.3109669842281106,0.9534079535402199,0.5336762372690517,0.02608019783031039,1.1294899191878924,0.9309096173638236,0.9575890953136462,0.07107048393248325,1.4453566140189908,0.965378874917187,0.8357984884930992,0.02997401824918523
1.23845043748104,0.9454032663557468,0.11621017041767699,0.006711099852134142,1.2402860061656023,0.9456210135877571,0.5587923909702538,0.03213397693072333,1.1449486957250883,0.9331641680272323,0.9552098630511253,0.06841480641137548,1.468417116905518,0.9671103747316417,0.8145128240155732,0.027700066360655015
1.2031960605140868,0.9410585795360332,0.1459057114322541,0.009138527688534194,1.2075180602820526,0.941608160943603,0.5410709255576137,0.0335533693459017,1.136517707226579,0.9319431690860458,0.9581480311734428,0.06997048823487703,1.480986120486624,0.9680185921304504,0.7956056713130917,0.02628522807768747
1.2141787353647369,0.9424457217707202,0.1165546909813869,0.007117885899112243,1.2477006601852119,0.9464922834928605,0.5639118362869777,0.031879430183745096,1.1248994167505175,0.9302266820435858,0.9561495218181195,0.07171770697130274,1.449555594649785,0.9657005707434986,0.8258749528673773,0.02933314981763127
1.0997852996569268,0.9263787346596819,0.12796406471079594,0.010169573209773696,1.0721233028847126,0.9219150060179083,0.554005216412949,0.04692351649259537,1.1251539377739257,0.930264710440418,0.9610558974446395,0.07204348454701302,1.4678172859104948,0.967066414520655,0.8007023405669866,0.027268033074693453
1.4323433469667144,0.9643633121542704,0.1463191354100445,0.005407017551110092,1.2948187176764012,0.9517281231324809,0.5364187327823692,0.027207285766732307,1.138602065736993,0.932246941991992,0.9577029031574487,0.06960312491174851,1.4547991974685615,0.9660982514328714,0.8187836406018224,0.028732271353758772
1.1469270447777413,0.933447717709994,0.12652480346977502,0.009020874203716358,1.1035350738701608,0.9269654319536488,0.5427199105448631,0.0427602938259087,1.1346745194968033,0.9316734928730647,0.9565769856329629,0.07015286441686688,1.4454484835053982,0.965385944327541,0.8073580238547031,0.02894794123481826
1.2179337367121248,0.942912917468973,0.1450836365495556,0.008783845655480196,1.1257537502846007,0.9303542535749082,0.5579576150588396,0.041768363421802915,1.1381285043572806,0.9321780360719749,0.9557574156604433,0.06953751586125131,1.4328438181279297,0.9644028943946834,0.8175930738881835,0.03017820369736698
1.1567031758217936,0.9348325608725478,0.1413776697874365,0.009855476879468571,1.0680467258511603,0.921236599534407,0.5698604998895553,0.04872163218982898,1.1298571511518718,0.9309639828202049,0.9587106859463409,0.071093585366156,1.4458288583831804,0.9654151995874575,0.8206973306373507,0.029400462507041595
1.3246193278727532,0.9547846297760543,0.13158498746121478,0.006231419880908194,1.1982501476982443,0.9404237141948962,0.5571726101925447,0.03529714762246782,1.1324893205936224,0.9313524943588731,0.9565690483274536,0.07050615050576488,1.4153719165508447,0.9629956804586607,0.8388744846346751,0.03223480656705852
1.3752549265797949,0.9595594583268974,0.15352167775075265,0.0064701564378607445,1.1820428223832695,0.9382981697253983,0.5152569183406188,0.03388293396391421,1.1347598098975105,0.9316859935055024,0.9558876056673413,0.07008854115738401,1.4346713559365099,0.9645470749606907,0.8314765363223513,0.03056177980258999
1.3107081870873172,0.9533814756691417,0.13277864301191766,0.006492620800634865,1.218642149769528,0.9430006575299807,0.5219139355362947,0.031546903932633805,1.1455241249824453,0.9332467577091879,0.9537005687973997,0.06821626179349263,1.4370535083483054,0.9647341666228781,0.8217852789815818,0.030040340357993123
1.2871907417725097,0.9509147677432217,0.12688250149924404,0.006549542889308867,1.1909697331593907,0.939477527340752,0.529169798890137,0.03408986777584937,1.1271404058326537,0.9305608536691149,0.9583167923779278,0.07151031522000498,1.441355689957872,0.9650696476169419,0.8232750247058526,0.029798146477984344
1.3072783152378384,0.953029206707264,0.16046225092407698,0.00790850811958072,1.240522455964134,0.9456490032395073,0.534222713175001,0.030704348921945835,1.135060862714395,0.9317301005287854,0.959068700344139,0.07027305839032523,1.440173430378002,0.9649777635801383,0.8431405871606407,0.030600362094528846
1.3663037325870708,0.9587520314468558,0.13954339609792638,0.006003514386676178,1.1232044088507942,0.9299729385694818,0.5458051006162961,0.04109918227162684,1.140221149350128,0.9324820378903853,0.9541693622527154,0.06908827004591288,1.4552225731997848,0.9661301659089201,0.8196738057135075,0.028735481809743883
1.3291184189460907,0.9552297597146799,0.13828621893124327,0.006481275511714986,1.1121776321755652,0.9283012930868872,0.5893022426398784,0.04551561986709632,1.1380374547320238,0.9321647803792404,0.9566502212070005,0.06961706687676349,1.455251472730113,0.9661323433264464,0.8232891485441097,0.02886030513164682
1.0779550690185915,0.9228762069840425,0.10233905778798963,0.008552367317045275,1.2210504789870167,0.9432979929799354,0.5680218954055127,0.03414401571987535,1.1240084195948923,0.9300934055611457,0.9582703305429081,0.07202439557093063,1.442045549345237,0.965123155415743,0.8422128551034372,0.03043521097745573
1.158448658942603,0.9350769809705108,0.16755865226025785,0.011633709085595979,1.3126493682104414,0.953579731994777,0.5548150392137062,0.027008399979048296,1.1264542155370847,0.9304586880269136,0.9552240061934094,0.07139224070199233,1.4508463460456125,0.9657988782467417,0.8215776364064762,0.02909392152484293
1.4090327296664986,0.9624720037949919,0.15038510368176047,0.005863704687519375,1.2283257539946804,0.9441873766784026,0.5612103258569615,0.03317415726466994,1.1313445010853664,0.9311837670407702,0.9572323317816335,0.07074127091941401,1.4552142701682451,0.9661295402970814,0.8198815065594584,0.028743312745153418
1.3127632873244504,0.9535913418090374,0.13587488606056514,0.006612655618242303,1.1464550736883767,0.9333801734236775,0.5364774990716046,0.03829097614014393,1.1330090533801087,0.9314289677703738,0.9563654164275345,0.07040683300856883,1.4275540117546792,0.963982374223806,0.8315975152763242,0.031071281905701617
1.095399768432159,0.9256870630042043,0.14434717824548332,0.011588001162795503,1.1466390769943202,0.9334065139010445,0.547943581841887,0.03909279907196795,1.1305018963230868,0.9310593358597575,0.95970978174368,0.07106209796414346,1.4586520273255905,0.9663876150888148,0.8048307624578811,0.027993199575111215
1.1293730156726929,0.9308923025132047,0.126154104414974,0.009365443952098781,1.152068816465549,0.9341794519740666,0.5698841698841699,0.04015297948784409,1.1326329557276302,0.9313736367089277,0.9592160483464831,0.0706778745005694,1.454127178858367,0.9660475344235131,0.8373761960718482,0.029430214827539616
1.1929535376216838,0.9397367338439605,0.1379705842666307,0.008847752505485055,1.1368980836112275,0.931998698883441,0.5307650789367157,0.03872614414394549,1.1323696861141954,0.9313348801759862,0.9579257185265146,0.0706255994972492,1.4655659375771464,0.9669009116507985,0.8196346646876265,0.028057849417316236
1.2801431703004913,0.9501517624389362,0.1355445485671563,0.007111134372617656,1.2196487641360532,0.943125113220337,0.5803845271573367,0.03499992080375239,1.1168650489658796,0.9290163528513798,0.9584207709234259,0.07323035984708927,1.464311046000632,0.9668083127358675,0.823097117320714,0.02825790981131322
1.2940391600055996,0.9516455909746498,0.13367995475915156,0.006792460630531621,1.1372612003762503,0.9320516698204055,0.5416072317833841,0.03948419192249787,1.131762583528297,0.9312454298979561,0.9576795496172252,0.0707062215990326,1.4536405489778874,0.9660107629459251,0.8352338428555753,0.029387831035991498
1.056062102424815,0.9192108498844653,0.12055788751944077,0.010595794505302035,1.1448257771073727,0.9331465135844986,0.5644263090121578,0.04043723684627892,1.1233884968879708,0.9300005378853603,0.9541950265063465,0.07182053760934713,1.4697138274001467,0.9672052139737787,0.8289964379483921,0.028108575518653315
1.2131852782343788,0.9423215169755418,0.11821414727049029,0.007235760368155488,1.2041014359645215,0.9411741062344774,0.5578767296445486,0.03486878465412376,1.1309034292232352,0.9311186579664185,0.9547469367805437,0.07062929063361831,1.4509707684156774,0.9658083402534322,0.8312743330018708,0.02942887109734096
1.2610311189384666,0.9480256610899591,0.1443962973579052,0.007916349107687983,1.1874081541794634,0.9390095477150457,0.559653678193866,0.03635056857413377,1.1295030349534696,0.9309115597196728,0.9560522011836315,0.0709542756416529,1.452522082372543,0.9659261019482698,0.823770422701445,0.02905923066427596
1.0967458501912073,0.9258999959041269,0.1142573858098343,0.009144046650767174,1.1956293216036211,0.9400847097611287,0.5633549558027762,0.035904823612125894,1.1236904511465537,0.9300457864608893,0.9593234295701274,0.07215635726988241,1.435312221237926,0.964597501627073,0.8196064262427318,0.0300810598436703
1.1964753216724018,0.9401943369945103,0.14724275156338829,0.009366095958576771,1.2340626823250769,0.9448794285320979,0.5420396595759124,0.03162047441387,1.1192602500142161,0.9293791901001643,0.9584821769492503,0.07283226085944382,1.4219360712160551,0.9635305334817326,0.8344547868955393,0.03158397150293504
1.257673996621067,0.9476434560248168,0.11452883440751506,0.006327626616277202,1.1879545803985156,0.9390815654077307,0.5927039892160579,0.038448842496401,1.1249515582646403,0.930234474153365,0.9580437255149754,0.07185115812381943,1.43622136388342,0.9646689192554637,0.835275285395341,0.030592027962293353
1.3324418725581673,0.9555558892725786,0.12241678897380097,0.0056937593971491925,1.0995976878425062,0.926349266859168,0.5392226327243281,0.04287167232390552,1.1291860714967696,0.9308646054294324,0.9585505339339035,0.07119163086964371,1.4375723490139325,0.964774789473858,0.8338141268957606,0.030443662583256502
1.2872213410192759,0.9509180562979168,0.14154422574493644,0.007305851091328308,1.2342326999932536,0.9448998141656513,0.5391600930803028,0.03144018114705791,1.1223413685111718,0.9298434134214321,0.9603568638322538,0.07245882316449022,1.4179768068325755,0.9632088259772601,0.8542469988322958,0.032629217200698946
1.138846110921765,0.9322824266247147,0.12487197138875362,0.009070241638737197,1.1923511498506585,0.9396581350996039,0.5502375875211982,0.03533451255206187,1.134495127728511,0.9316471933060547,0.9554376479674933,0.07009825750442207,1.4538471566473783,0.966026379644582,0.8254529274476552,0.02902987430704815
1.2103601672126834,0.9419669371528563,0.11813628441376042,0.007278185833819005,1.2373021330700371,0.9452666294596495,0.5775166252094015,0.03343969886979729,1.1245582643715633,0.9301756798287689,0.9570113542142579,0.0718387597668225,1.4288094437249192,0.9640826072026145,0.8367599032099768,0.031173920052245868
1.1486459817913748,0.9336931793359282,0.14197079985559447,0.010082147512585451,1.3053098733250197,0.9528258940899748,0.5505629297534191,0.027258194933007417,1.1283346695834202,0.9307383342815815,0.9529170759556372,0.07091211518987953,1.4565170797066465,0.9662275673376616,0.8311714480014105,0.02905183282633077
1.241374527577346,0.9457497542869374,0.13298700861321366,0.007628421642415927,1.0454256201335401,0.9173732881639229,0.5524833503127868,0.04976151275550113,1.129133165177341,0.9308567651237231,0.9582894814390718,0.07118091330173719,1.4430495874709732,0.9652008908216826,0.836685722945837,0.030165655769282457
1.061465619583014,0.9201300191736287,0.13151595632205296,0.011415970233465581,1.1620465830294107,0.9355781090326383,0.5567500359471872,0.03833660681623877,1.1268433860590588,0.9305166479876041,0.9599336880122474,0.07167997530937341,1.4417114770136379,0.9650972535224723,0.8260663627367228,0.029874693692247597
1.2846501587519021,0.9506409967821852,0.15895159939708592,0.008253055078283365,1.222129751679502,0.9434307678300917,0.5772483671076871,0.034612499413943454,1.1286703674782312,0.930788147000165,0.9565566906715793,0.07112795889606252,1.4552652671767867,0.9661333826130114,0.8196533244012728,0.02873193911630947
1.3363331981631816,0.9559348651550742,0.1568980988401835,0.007232434064619672,1.1954982687758795,0.9400677107203278,0.5516717962479978,0.03517082153033093,1.1332323832412445,0.9314618042478697,0.9574985533742023,0.07045401430768626,1.4661140802228005,0.9669412809649995,0.8231845894517917,0.028143826923461394
1.2969963839926701,0.9519579657725126,0.16649546096092335,0.008402451496600469,1.148442175887371,0.9336641201642617,0.576754440908977,0.04097781253512803,1.136714904355952,0.9319719624397196,0.9559291458923158,0.06977675988394907,1.4678909162473999,0.9670718137702226,0.8181127285178597,0.027856223186324913
1.2247203805964402,0.9437482816880304,0.12166825023753564,0.00725198474282837,1.161563372536115,0.9355110162124396,0.5417145905219116,0.03734282423214076,1.1192121298786453,0.9293719175147516,0.958485439482589,0.07284057911036619,1.4173312481675089,0.9631561133630494,0.842859762297678,0.03224215586870004
1.3493229806063256,0.9571777375893269,0.12978196896736222,0.005806191800167703,1.2537089512847297,0.947188619513477,0.5360152487961477,0.029886027626991482,1.1314099719609951,0.9311934267020968,0.9541449304440878,0.07050247694072995,1.4555481763249356,0.966154690467422,0.8303571428571429,0.02908819343307295
1.2311411532304386,0.9445280169720248,0.12599068482536152,0.007399413256920281,1.2474240341783074,0.9464600159641039,0.5583630222940934,0.031585853385901766,1.1447069199706514,0.9331294383634758,0.9557739764678138,0.06849333005297503,1.4520393875873405,0.9658895021298324,0.8186067665563332,0.028909191274522572
1.155380275128316,0.9346467450449987,0.1347874813910309,0.009424737937397343,1.1776532117477894,0.9377104028284632,0.5734489737885352,0.03809268348519472,1.1377019360164018,0.9321159122890399,0.9576300955121021,0.06974223327950264,1.454966952485006,0.9661109004392215,0.8327367311777596,0.029210619586188636
1.244119488635908,0.9460731293571543,0.14993077680105418,0.008546165571181262,1.2795592509440181,0.9500880426669029,0.5480475721839502,0.0287911496734235,1.1267229598026534,0.930498717436849,0.9577738486430585,0.07153853050921104,1.4316455689261214,0.9643080541686115,0.8316625243949225,0.030782335211636744
1.3253225155902078,0.9548544785358242,0.12677624690455216,0.005993981181879522,1.3424391853078155,0.9565233195673172,0.5394056740181821,0.024517507971967376,1.1267351572761786,0.9305005337424399,0.95928966743672,0.07164973845323826,1.4429985181956912,0.9651969409318583,0.8245192707208031,0.02973050541790219
1.3166227291876675,0.9539830400000837,0.14522647263928215,0.007005240661689543,1.2204359753626097,0.9432222643847489,0.5660261634501474,0.034072227801630994,1.1351673885913423,0.9317457012331157,0.9577973634904765,0.0701626928026546,1.4282835132259053,0.964040649935947,0.8352811688693592,0.031156536765623244
1.2365931593697166,0.945182107796513,0.137196364271399,0.007957001561183851,1.1947649391365494,0.9399725061797809,0.5817498399181712,0.037151070580273345,1.1276442661728712,0.930635784073984,0.9580211391173462,0.07140536211117864,1.4047969001311602,0.9621181225306312,0.849082336113629,0.03343127238208509
1.279119198881672,0.9500399713219337,0.12202053538687202,0.006416729433771738,1.161077534940012,0.9354434930395891,0.5732739940660733,0.039562589149981654,1.1284472548579847,0.9307550440072134,0.9573207320732073,0.07122135129989984,1.4639653684403433,0.9667827611444183,0.8183985065173184,0.028118973323290598
1.175712376143876,0.9374488627032719,0.1268915787624537,0.00846682190437642,1.2427343203943146,0.9459101749544293,0.5422567611654384,0.031007778664215592,1.130341873883796,0.9310356811089799,0.9578227081468593,0.07094850608412762,1.4450857316309762,0.9653580222556905,0.8264808478957363,0.029658355220379396
1.326697513806211,0.9549907623721184,0.145774806392184,0.006870446458316234,1.1910904441641526,0.9394933293591545,0.5365499879125368,0.034555704001771236,1.1440588193517294,0.9330362598649384,0.9580690069106945,0.06876033308663826,1.4369849144435203,0.9647287926570071,0.8210805358497487,0.030019319466448896
1.078375009930017,0.9229450021819661,0.12354832797374077,0.010314824956992822,1.164217055016745,0.9358786738267199,0.575045403802256,0.03939898934856714,1.1421628804936734,0.9327629852212275,0.9551793658463436,0.06885287061702712,1.427213997680701,0.9639551813865072,0.8301564556708932,0.03104173248224876
1.2038547355077038,0.9411426480983958,0.12471368243946726,0.007799367193821207,1.1949335008535633,0.9399944022328035,0.5713524183942895,0.03647292294512162,1.117852415749438,0.929166132322574,0.9605527282419477,0.07322658724054705,1.4293059154685397,0.9641221710835921,0.8409448687728533,0.03129403828153184
1.2966277297753133,0.9519191292193799,0.14512766631643903,0.007330312372833427,1.301954888808655,0.9524774419326781,0.5346058271209619,0.026673425893355956,1.1279979577857824,0.9306883377827244,0.9583896199196145,0.07137467497085946,1.4361927427932264,0.9646666730453993,0.8295058454662197,0.030382723968355785
1.2619903612091787,0.9481343845675386,0.11705913656622098,0.006403463748199414,1.232803742013853,0.9447282566334999,0.5695636266879531,0.03332257120938678,1.1260297427829606,0.9303954194297644,0.9582002926894166,0.07168471392066934,1.4559584231555491,0.9661855660280075,0.8377818798642985,0.029320578836697187
1.2893629680501155,0.9511477022904009,0.1375831705783045,0.007066467166704855,1.154738849488187,0.9345564725325856,0.567446787381244,0.039736196268209664,1.1274148988648034,0.9306016835375936,0.9574299049952001,0.07139899348220374,1.4303066882133577,0.964201795260871,0.816271640901718,0.03030595822095357
1.360772079361853,0.9582453690288616,0.1434774274737272,0.006251892501108773,1.2248956962965494,0.9437697081602092,0.5433324165979115,0.03237202898880605,1.1343021021832533,0.9316188844950787,0.9595469660224517,0.07043104536415687,1.4322042924530058,0.9643523068167835,0.8224283487928261,0.030401413711261063
1.3148581961047674,0.9538043479292894,0.13503047866493453,0.006539937697798454,1.1946302575560082,0.9399550057581392,0.5601329069651244,0.0357816884503638,1.129325190655938,0.9308852178813146,0.9578628293527864,0.07111776992332249,1.454412183890629,0.9660690525873485,0.8180856733619799,0.02873337251363723
1.1616571569345049,0.9355240430764948,0.14596286216052004,0.010059704272425318,1.2620964088529716,0.9481463911282578,0.5739635613040692,0.03138975404323127,1.1298542991625509,0.9309635607609573,0.9568861478022755,0.07095875197030997,1.4591760187109546,0.966426784419679,0.827919132396148,0.028761524373208613
1.2816378453650301,0.950314516759444,0.13683381029405667,0.007154109369275004,1.2289202888104176,0.9442594740668602,0.544033843473933,0.03211483007955221,1.1265615804278208,0.9304746825661826,0.9569905852100701,0.07150659277951088,1.4460190563439965,0.9654298190845078,0.8228443449048153,0.029464469924518902
1.1348157694441428,0.9316941940944279,0.17789365134806978,0.013042014534205882,1.1318386101683418,0.9312566375444857,0.5962111005771502,0.04401102138186715,1.1285315867283228,0.9307675579635951,0.9570463882374466,0.07118711651786146,1.4369802991355902,0.9647284310439679,0.8395372819054272,0.030694438120625354
1.1736949991705503,0.93717592209214,0.17490903628534232,0.011725118692602024,1.0686562209926602,0.9213383707216736,0.5944937744099876,0.05075643257349838,1.1229402984237395,0.9299333243583997,0.9579230229996328,0.07217558504900812,1.3902670611167347,0.960879718983818,0.8421821277163934,0.03428774783373932
1.2965602770256,0.9519120200606807,0.1354420113544201,0.006842158295823619,1.1173310357493054,0.9290870775400892,0.5854478044259066,0.044684525017288285,1.1320583548277752,0.9312890222091706,0.9584222983597331,0.07071288470749325,1.4527194505003664,0.9659410562615759,0.8130741347633944,0.028668877910884925
1.0914882625389646,0.9250651156448919,0.1524652844302648,0.012350447837378297,1.0586619944360283,0.9196543046723363,0.5775987738135897,0.050461977796095174,1.1163839897693368,0.9289432722242501,0.9596741276333436,0.073407392334514,1.4010948647717272,0.961806213709491,0.850441910251818,0.03377145635956668
1.2380163801512882,0.945351655640245,0.12300202704947995,0.007110430379048171,1.2207677317203758,0.9432631603079746,0.5514903798225501,0.033171889445433346,1.1364427003846473,0.9319322141431132,0.9570415046688598,0.06990175380497027,1.4517302259923168,0.9658660403598395,0.8443491841956601,0.02983952201570283
1.0726216085129845,0.9219975641212375,0.10544346849821688,0.008920682342806022,1.1599282186970195,0.9352834954970823,0.5803724739136178,0.040158602180227744,1.125516304718128,0.9303188191910615,0.9555705983357549,0.0715725472437901,1.4445721619059535,0.9653184541553733,0.8336745476159028,0.029951900244088312
0.9779977474545373,0.9048162830551786,0.13041425411893343,0.01371915347026263,1.117192265597956,0.9290660226441658,0.5250366541586938,0.0400864279064696,1.1320032080988036,0.9312808963396819,0.9543086238744896,0.07041831686413828,1.462283435119477,0.9666581657025625,0.8125874936838879,0.028027650857205558
1.242521232352097,0.9458850656165012,0.12646880275423905,0.007235393824665877,1.1988589859419982,0.9405022100047217,0.5951551338450408,0.03765053903270069,1.128799396589259,0.9308072842325628,0.957946295664901,0.071210127895658,1.437792444969049,0.9647920083579028,0.8390699453642797,0.030620037653298526
1.5538427783456852,0.972823636936517,0.14517522006311245,0.004055549575954275,1.266475354375161,0.9486398806818194,0.5637684769971766,0.03052287473471269,1.132837340980561,0.9314037107650425,0.96020594585617,0.07071752455546264,1.4408064171741564,0.9650269876160511,0.8270968277694735,0.029974361309587878
1.2768757749193609,0.9497942168452258,0.14108556320446602,0.007457732492876263,1.2500881116412024,0.9467700104078488,0.5852726186285986,0.03290562127622831,1.1350004557555422,0.9317212524673445,0.9556263147985954,0.07003056730852258,1.4585446913915576,0.966379586086685,0.8216948930562263,0.028586823244970208
1.436888847353583,0.964721264987634,0.13424105224891766,0.0049090392032888905,1.1623631912554038,0.935622034207398,0.5609240226048449,0.03859587121640911,1.128370421800276,0.9307436409725593,0.9576489639446115,0.07125837615167771,1.4503493482998357,0.9657610576244675,0.8284064245348491,0.02936933479481707
1.372808291115579,0.95934027955417,0.15364279990416946,0.006511843008949125,1.199068575638946,0.940529209394579,0.5602369327616545,0.03542445357878716,1.133972303965848,0.9315704916888706,0.9537948069758028,0.07006201919592475,1.4208127392765717,0.96343953388732,0.8358075788743216,0.031717106875261004
1.382830154506766,0.9602309210938459,0.14852722157868609,0.006151427396178703,1.1503326769789752,0.9339332191310911,0.5229273539632633,0.03699207416221051,1.12893922191837,0.9308280171993301,0.9576452093331127,0.07116483037161164,1.4238460506466537,0.9636847582547575,0.8318136687075955,0.03134584645794282
1.2355456445135986,0.9450570012376506,0.14844152605768432,0.00862997953751754,1.1895667771212883,0.93929358596188,0.5567367633613166,0.035981819712145445,1.124001163442403,0.9300923192107641,0.9565372786967002,0.0718953391625422,1.4651364851841755,0.9668692503145407,0.8232067159837088,0.028208008102204786
1.2806379267832513,0.9502056920468719,0.13319933771015757,0.0069801400860952986,1.2918739253504998,0.95141565331985,0.561999060932313,0.028698663002841077,1.1322545019389074,0.9313179172706006,0.9570747217806042,0.07058157477759865,1.4580591739891338,0.966343245014021,0.8293203291679366,0.02888438582016646
1.1212706613298584,0.9296824137706095,0.15193774113331626,0.011491983773586728,1.1782861020725228,0.937795467923262,0.5701775402129822,0.037820215924221516,1.1312138284758937,0.9311644836727966,0.9580149203175731,0.0708204112651674,1.403745816119729,0.9620298147859628,0.8428409738687904,0.033265941857423195
1.114747800382723,0.9286941883895001,0.1254690277137779,0.009633602713317462,1.0867973572857843,0.9243129335606147,0.5739829504311763,0.047000408765252744,1.126155914826748,0.9304142312104765,0.9579027055493384,0.0716416343981484,1.4549656377822526,0.9661108013261613,0.8228391810940688,0.028863522120276413
1.1511685988229912,0.9340518827572085,0.14633019576139053,0.01033154697761176,1.161117817954128,0.9354490941958413,0.5492043326541218,0.03789798650119808,1.1242442112924664,0.9301286984734809,0.957737648388454,0.07194528684436338,1.4250281652309418,0.9637798956251238,0.8331119708956517,0.031309433490752624
1.3533435298260552,0.9575555932684328,0.13856445280279786,0.006141978632514034,1.2039607575357612,0.9411561694839989,0.5514533636873535,0.03447847373522322,1.1221535094145692,0.9298151901768998,0.9580240192682041,0.07231408381864422,1.4298424691025118,0.9641648819167925,0.8449717905572602,0.03140506821966151
1.2983271640666048,0.9520979115369802,0.15624382695726607,0.007860962123764755,1.2526332446068411,0.9470645815483459,0.5654013300849411,0.03160265581069063,1.1177130681112548,0.9291450115679039,0.956796931586225,0.07296367593364893,1.4473376270972307,0.9655310068221855,0.8312207809310594,0.02967418262565111
1.2411669132150254,0.9457252216871058,0.13428380595845738,0.00770649194107913,1.2652652229143462,0.9485039496497281,0.5375062874671196,0.029182219908748176,1.1343472771614869,0.9316255107571272,0.9558681652140213,0.07015372252624923,1.4420598158418292,0.9651242611386619,0.8295745961590791,0.029977514965285234
1.3283708385561188,0.9551560862310433,0.12072724860925725,0.005668060335101468,1.1353458707824315,0.9317718325277197,0.5872623715998309,0.04300176721481838,1.1254076490430738,0.9303025987683586,0.9568144322204628,0.0716836430157062,1.4233279012404585,0.9636429814812012,0.8359876967973536,0.03154074772301168
1.209781186138898,0.9418940170774239,0.132644363946303,0.008182907000678283,1.1607836419764301,0.935402614964711,0.5576964054483765,0.03851360778685071,1.1303502725810428,0.93103692280352,0.9578095035158747,0.07094615596080604,1.418396026536844,0.9632430181972778,0.845899785277582,0.032279209324107216
1.5213436400052949,0.9707736657605983,0.13852509230590923,0.004170468144193436,1.3305006206260055,0.9553656709139468,0.5453002632581089,0.025476225640062994,1.1279831401933775,0.9306861368320952,0.9588224580691094,0.07140934632069885,1.4382123573807473,0.964824837095931,0.8195440170869414,0.0298785781622887
1.4872036539254059,0.9684588503885742,0.12760350598652928,0.004155841284994967,1.2704639327854246,0.9490855086359857,0.5610642355001596,0.030098763402346365,1.126734669639971,0.9305004611301824,0.9578528696876202,0.07154250377003056,1.463916996341629,0.9667791840893525,0.8209197076707777,0.028208739839223652
1.3006712506809228,0.9523434762087183,0.12034395731772482,0.006022170370590319,1.2305377870711782,0.9444551797456909,0.5647673931093445,0.03321481422146478,1.1175981373935364,0.9291275872791026,0.9598908280788866,0.07321898506300112,1.4422068578287848,0.9651356556396369,0.8234916929046472,0.029747629560217904
1.2532581998847157,0.9471366775523227,0.1295699850023357,0.007231796697410436,1.0958690970691,0.9257613686100715,0.5689933534941279,0.04562870007936327,1.1295361494444789,0.9309164635260592,0.9569657184536834,0.07101665799818066,1.4249772427240415,0.9637758022962252,0.8358452372171548,0.031415836598693306
1.352018245600611,0.9574313949659997,0.14501125529661016,0.0064473829505300355,1.2059318698113213,0.9414070230261176,0.5645855402542372,0.03513968639575972,1.123621980492374,0.930035528339843,0.9585788532838984,0.0721117215106007,1.4243070871807442,0.963721891353835,0.8555432335805084,0.032205857994699646
1.3685060479911726,0.9589521069856447,0.15843073150796894,0.00678161888352003,1.1082471884343414,0.9276965912872308,0.5562811606048222,0.043355795948991395,1.1263314884669111,0.9304404007576393,0.9561912545974662,0.0714847296126546,1.4147605507539487,0.9629454835850683,0.8370657948508378,0.03221061707481198
1.203289394914357,0.941070498912054,0.12382958416297783,0.007754164670009543,1.089259160057768,0.9247085416533345,0.5853231088219323,0.04765807655286987,1.1280705688402384,0.9306991222263792,0.9585808553703369,0.07137698221444581,1.4399057642316626,0.9649569285190014,0.8304316345505109,0.030157693332799357
1.2902527234171577,0.9512428104736251,0.1366644876613826,0.0070049163610637465,1.2033373273500416,0.9410766193002494,0.55930707631966,0.0350197455872965,1.1252828001895065,0.930283956670224,0.9581549272756986,0.07180471075270897,1.4440191493053005,0.9652757984511985,0.829008007844419,0.029822192989971064
1.0206925624658136,0.912952624973531,0.1458253268681979,0.013904020393852828,1.1461442079996886,0.9333356503361583,0.5796380941478532,0.0414011792786849,1.12842468998867,0.9307516952645641,0.954749503258461,0.07103375141192197,1.4542474606857303,0.9660566174266446,0.8327105325559907,0.02925813215244267
1.3376917974332194,0.9560664515914661,0.148686087113326,0.006832482611428453,1.171586451767547,0.9368894592913364,0.5639743610760479,0.0379903162751504,1.1266905318062936,0.9304938884239838,0.956631858494123,0.07145856788622659,1.4515059406236128,0.965849009966093,0.8320683267487419,0.02942070327879043
1.339301517614683,0.9562218749976017,0.13974114709940214,0.006397684016287023,1.2135174958571755,0.9423630797326547,0.5775244727678864,0.03532261896211665,1.1186796561492875,0.9292913964571334,0.9574026016687471,0.07284754948813003,1.433078166442371,0.9644214144332218,0.836328099336443,0.030853079783208014
1.4251847630801733,0.963792480717751,0.15184873881005034,0.005704616137236923,1.2606177970194932,0.9479787475312617,0.6130256318190349,0.03364037563681163,1.125644701771159,0.9303379821602428,0.9560072790775483,0.07158408815621914,1.4269858987958624,0.9639369279614213,0.8242331263311654,0.03083643519532575
1.2597557258584762,0.947880770465406,0.15366049879324215,0.008449023396764316,1.2176556300271835,0.9428784380665128,0.5685717569409099,0.034445274721024766,1.1255917129970465,0.9303300742967071,0.9574843614034512,0.07170343748316618,1.437495380869309,0.9647687660694373,0.8316285484427077,0.030369245941581986
1.1309496661332075,0.9311254859298534,0.14268401529605398,0.010554208178803304,1.217076849104273,0.9428066186262192,0.5674688633590724,0.034424305556035255,1.126154211671226,0.9304139773076691,0.9568795394806875,0.07156539236524372,1.437855347293559,0.9647969279386939,0.8350515463917526,0.03046898151442077
1.2397449328133445,0.9455569131225272,0.14183476955216084,0.008166534001083435,1.1270076091513763,0.9305410926544779,0.587617508813161,0.04386186748919328,1.1343555308079265,0.9316267213370162,0.9573377725551638,0.07026024565243828,1.4278521325833762,0.9640062003734587,0.8398697610654132,0.03135882723624424
1.348234608019774,0.9570748997086193,0.16221277291683703,0.00727529219303324,1.2650567409707023,0.9484804970653544,0.5813394390383515,0.03157715844261355,1.1254589269079784,0.9303102541064701,0.9580505356120697,0.07176777648666462,1.4565360007581458,0.9662289889916361,0.8259383432823616,0.028867663049861072
1.2827409884753902,0.9504343142488269,0.15657069905232662,0.008165250297389192,1.1347045030323344,0.9316778876673069,0.5831055534641636,0.04276049013607369,1.1192927860923958,0.9293841070135624,0.9557916100626872,0.07262237168053562,1.4271255900504132,0.9639481076945642,0.8303762868880632,0.0310562739102983
1.1669294147794702,0.9362524425588934,0.12151332647831693,0.008273599520194796,1.0080256665760896,0.9106066615662364,0.5561621701023356,0.054597879846937716,1.1216789160810734,0.9297438422960089,0.9588535801139239,0.07245583705417294,1.4439953473503273,0.965273961392309,0.8260376373043464,0.02971696744317169
1.2203009335763957,0.943205609722553,0.14248664264668467,0.008579722075846594,1.251591000832317,0.9469441398319998,0.563947046609161,0.03159710735668176,1.117512609776286,0.9291146181343658,0.954638346068301,0.0728326757365073,1.3976358305890009,0.9615125509477099,0.8364945052239358,0.03348322351132533
1.1988524816503785,0.9405013719368084,0.1523605324497072,0.009638734107390594,1.2875328337501377,0.9509515210797659,0.5434056964646834,0.028027951222917846,1.135963300959469,0.9318621580007683,0.9579871516864427,0.07004810380855804,1.4419675024722949,0.9651171058051695,0.8298694864735359,0.029994546069125983
1.283343078069603,0.9504995835330696,0.15875474390995492,0.008267679519051819,1.0646469632809414,0.9206667080548359,0.5746780628628888,0.04951966019484596,1.1225571991448684,0.9298758260514435,0.954912582308865,0.0720122559931862,1.4460698557077334,0.9654337227507505,0.834165882772714,0.0298663787024465
1.3047176427856857,0.9527645614146395,0.1534168443932374,0.007605983917513523,1.134267321559869,0.9316137824707287,0.5823956724601443,0.04275144689179937,1.1241201473908804,0.9301101308481159,0.9569533988674528,0.07190691253982105,1.43360006510796,0.9644626256116511,0.8388122145139281,0.030907557138149237
1.2582000228083154,0.9477035185423421,0.1330546676501926,0.007342265617337417,1.2612518094457035,0.9480506938960598,0.5452995656093763,0.029880189144498272,1.120030049850605,0.9294954389372311,0.9553725104499631,0.07246740186022481,1.4017326103715724,0.961860121180587,0.8368904188181296,0.0331845540281617
1.451228737231591,0.9658279500854416,0.14496958966540435,0.005129182742848775,1.2575126424013454,0.9476250192825063,0.5550418859325563,0.030677016205344132,1.128929497793136,0.9308265755152823,0.9570566730602141,0.07112268734364142,1.4404963118654168,0.9650028807029097,0.8307021426580764,0.030126523524755592
1.4030287171305171,0.9619694536512818,0.12279636734495654,0.004854637454485613,1.2753330919091215,0.9496245606826199,0.5832240622925874,0.030938719968801986,1.1198079256070415,0.9294619137255206,0.9574652356207405,0.07266329517938165,1.416545259980762,0.9630918360225148,0.8505900636200282,0.03259680579929002
1.3332817590215709,0.9556379478536061,0.14149243998858865,0.0065682772593871775,1.1687296875352022,0.9364994017680219,0.5607042425724417,0.03801930334107982,1.1292485598885524,0.930873864663769,0.9560092920894975,0.07099267711371723,1.4278242679289919,0.9640039740421146,0.826017850592982,0.030843607279903974
1.3290083933347434,0.955218924018085,0.14081104821393714,0.006601282795609743,1.153118665188351,0.9343279355514259,0.5823166764265729,0.04092988858477786,1.1293419261784325,0.9308876970999672,0.9544456373218817,0.07086132537115368,1.418255885521354,0.9632315914773609,0.8453217515778515,0.03226756241187692
1.343900141905145,0.9566630008080415,0.13643174747951856,0.006180381728240122,1.244301148008801,0.9460944658185333,0.5690913236803101,0.032425062094073386,1.124831102102765,0.9302164717770124,0.957994690294314,0.07186741101231653,1.4352142399176042,0.9645897964159529,0.836360082740199,0.030702875885108342
1.1693113076059027,0.9365789969036467,0.14011681824837707,0.009488093576046434,1.0836195402463018,0.9237994413931438,0.5978068106015001,0.04931071709474132,1.1264129427604028,0.930452538564975,0.9559653775442136,0.07145444014856939,1.435063275574307,0.9645779214794558,0.824138099344321,0.030264723892882962
1.1639846189718852,0.935846548871729,0.14445400526025262,0.009902502689056576,1.2197366375120113,0.9431359655734428,0.5995226807805956,0.03614672709324736,1.1182564679598324,0.9292273411557797,0.9584618631684905,0.07299924512859082,1.430897505907658,0.9642487224051663,0.8427444231580998,0.031246284401259778
1.232323394896449,0.9446704743663149,0.14019258779737823,0.008211105978929784,1.1811077259592946,0.9381733966506391,0.5656255057452663,0.037275309567338676,1.1220081693593031,0.9297933476316627,0.9589901278524033,0.07241123708004082,1.439295483411226,0.9649093797498878,0.8323757889626153,0.030270804003838993
1.0628490860147808,0.9203638145298123,0.13414773004538283,0.011607381061321309,1.1626512712320116,0.935661977233197,0.5775899930055143,0.039716264018501035,1.1249099877315647,0.9302282618526562,0.9574637669372286,0.07181453625077583,1.4143152778881232,0.9629088827564369,0.8544821640613562,0.03291453500668354
1.2686100328534216,0.9488788367384434,0.13915852365184866,0.007497211795023201,1.1101593563684777,0.9279913649610035,0.5648108418811376,0.04382719421187316,1.1219793114774093,0.9297890099543278,0.9585576541640692,0.07238339149440182,1.4342403257986314,0.9645131203253168,0.836108839792424,0.030762561096779235
1.2192881091129009,0.9430805519720477,0.1361007394391976,0.00821433434172322,1.2557369722711589,0.9474217211782253,0.574728912967437,0.03189525462363005,1.1277311161742394,0.9306486922044691,0.9554058780942154,0.0711961964556374,1.4262414887344146,0.9638772952370338,0.8363390845270924,0.03134302465820835
1.2826412245661172,0.9504234915066755,0.15865743293652082,0.008275975543320456,1.1030086910121317,0.9268833336501812,0.5903451295857797,0.0465690408966343,1.1217039465887244,0.9297476069259769,0.9565425411138863,0.07227703743442684,1.4149001957628302,0.9629569550613133,0.8408235752051639,0.0323448159527016
1.2351038258785207,0.9450041534607424,0.14048604598518902,0.008175783140861629,1.216492340671409,0.9427340023955628,0.5852844161303884,0.035552866330129315,1.115219369788819,0.9287660599063884,0.9583804934838146,0.07350529009058848,1.4113481622250443,0.962664100880278,0.844015781133784,0.03273425074337874
1.3648422125100272,0.9586187407252932,0.14167520033809594,0.006115776740971142,1.2089836438033628,0.9417934294012519,0.5827441036394077,0.03601589770174529,1.1308222566992934,0.931106669424587,0.9562507111392857,0.07075375842405392,1.4527307452413862,0.9659419118571003,0.8312933794964321,0.029310523587350958
1.170868160646684,0.9367915958983984,0.1344043981910666,0.009068705943872381,1.1147513582660409,0.9286947308942185,0.586347550604187,0.0450198202859295,1.1214706297972188,0.9297125084592712,0.9578963490822323,0.07241822705450009,1.4248219585603807,0.9637633172639876,0.8507388090382182,0.031987057156157295
1.2399808741779437,0.945584873631187,0.16980917487834796,0.009771928429973147,1.1758086745313507,0.9374618636618663,0.595684703932671,0.03973816181019496,1.1134508439827835,0.9284961749118559,0.9593978732219307,0.07388357601291219,1.425038475816956,0.9637807243718326,0.8534895245213124,0.0320744870204155
1.123183399475558,0.9299697881087312,0.16117880557679481,0.01213736838685866,1.070899690940958,0.9217119414547833,0.5701491808879272,0.048427139158477635,1.120571725484872,0.9295771323095542,0.9574338284338447,0.07253323417566665,1.410202542802633,0.9625691743610939,0.8355593876588199,0.03249187547603283
1.2140383847755847,0.9424281899917732,0.1680387526686938,0.010265286252468647,1.0592350441824692,0.9197517485944057,0.5890696771689202,0.05139627254974636,1.1304620610548175,0.9310534480546168,0.9554247266610597,0.07075129863304697,1.4260894189193962,0.9638651016562113,0.8336433331176814,0.03125293886605409
1.1251514282344508,0.9302643355796809,0.1582428382689395,0.01186240194789923,1.1922897656309952,0.939650120385734,0.570594206167628,0.03664692943015647,1.1141330313322233,0.9286003914010068,0.9586971933103471,0.0737137362865404,1.4035344642325878,0.9620120340096183,0.8459301388844134,0.03340411991754631
1.1099659076644284,0.9279615940021672,0.12867694595293508,0.009989294961163115,1.1213726548625151,0.9296977649967215,0.5812645461598138,0.04395428090907079,1.1231270867160221,0.9299613430827165,0.9545028445823636,0.07188696364159419,1.4399601772672659,0.9649611649821941,0.8386588440651668,0.030452654407045962
1.2599583171064037,0.9479038112536785,0.12313660605281758,0.006767509313022733,1.1629511697940456,0.9357035344172187,0.5844792135192444,0.04016223756095671,1.1195253820050577,0.9294192481330379,0.9572945447535822,0.07269762151211386,1.4463323860163857,0.9654538900631201,0.8280858446314978,0.02963077255190661
1.237317340331301,0.945268441076887,0.1437271225421917,0.00832187888057039,1.1958564974665018,0.940114166356999,0.5525412199151307,0.03519720557446961,1.1206099438349653,0.9295828929443442,0.9560266917171455,0.07242025903196277,1.4279854287048654,0.9640168486390367,0.8323750445401833,0.0310694540858517
1.290373755805848,0.9512557343480715,0.12672571506862562,0.006493681664341401,1.1153274687690677,0.9287825257596212,0.5468773926288897,0.041933634130702294,1.1306725130718394,0.9310845484013295,0.9559151830688513,0.07075332379248163,1.4301440957908418,0.9641888705555237,0.8428823572079078,0.03130566025206939
1.14391432131426,0.9330154687186166,0.13606735030569664,0.00976876374348265,1.1727804195701397,0.9370518185149578,0.5607268786594637,0.03766786064972962,1.1151638859330357,0.9287576071293072,0.9609630252644519,0.07371278022874687,1.4392077814604625,0.9649025415264215,0.8410700999579465,0.030593165253709875
1.1914246027796438,0.9395370532148208,0.1475791247141883,0.009497303734498981,1.1758051632163453,0.9374613896539862,0.6129247061655101,0.040888573965139875,1.1266118269558318,0.9304821668053588,0.9552809980344178,0.07137059413333038,1.4256557104925154,0.9638303033716363,0.8378434754703358,0.03144178412299925
1.0308948001958553,0.9148014786112032,0.11722730267915978,0.01091777078216349,1.295502948640485,0.951800452794214,0.5673486443483712,0.02873075725602795,1.1177062612305189,0.9291439797081299,0.9544044615162084,0.07278237105199432,1.416133026998623,0.9630580809163121,0.8387843332636891,0.032174905732175595
1.3108883798325484,0.9533999129353934,0.14708588957055216,0.007189234199591677,1.1329474036042195,0.9314199007578392,0.5983451727478205,0.0440559314813073,1.1196855994947217,0.929443444755839,0.9554488214401033,0.07253069343085887,1.4181523156374944,0.963223144473249,0.8462060058120762,0.03230902018933379
1.387248003942711,0.9606175689485237,0.12357197105967942,0.005066079142691217,1.3753003492126636,0.9595635167373983,0.5527041611704041,0.02329122790988069,1.124479739465518,0.930163935489459,0.9570691929487948,0.07185609261947232,1.418596680177221,0.9632593730070101,0.8210656753407682,0.03131707674981848
1.2345210521805525,0.9449343722357412,0.14308313155770783,0.008338105473991142,1.1078492244230933,0.9276351027116598,0.6020258272800646,0.04696408860412811,1.1124605841622386,0.9283446449261495,0.9553430185633576,0.07373925576737406,1.434545615167483,0.964537172897009,0.8291848264729621,0.030486371042927136
1.4101998715542576,0.9625689527494621,0.1325819392078205,0.005155662684611399,1.260887424321269,0.9480093557583715,0.573506121825534,0.031452171404336926,1.1168899843045144,0.9290201390372459,0.9568618308398518,0.07310704780195945,1.4090634600815422,0.9624745595156555,0.8462750520536052,0.032994995852362076
1.3123604197245227,0.9535502720565422,0.13217561038562983,0.006438591989420485,1.2066527017506317,0.9414985090061506,0.5899628162834029,0.036658267701286405,1.121939473137888,0.9297830213786106,0.9586542882262319,0.07239732939183698,1.4094756253412934,0.9625088214219713,0.851329660668339,0.033160581624317946
1.055153078392101,0.9190552747028613,0.11340725403512698,0.009988212110032304,1.3932011944566642,0.9611328904165273,0.5219084012183326,0.021105375983852738,1.110362260808384,0.9280225789240734,0.9573663551551296,0.0742533240396123,1.452116090483257,0.9658953205786617,0.8266674128020849,0.02918869829992739
1.3861029291524587,0.9605177000870252,0.17166580844490217,0.00705636234835739,1.2467033766910063,0.9463758673699056,0.6004441297631308,0.03402273532276631,1.1270121892347156,0.9305417742874669,0.9539054454170958,0.07120215509607722,1.442101952074637,0.9651275267045082,0.8329364057672503,0.030096077215974498
1.12364964867979,0.9300396736935914,0.11297446124778968,0.008498272059510035,1.0695060136357628,0.9214800651294707,0.5862205391962924,0.049952245631045805,1.122295753103311,0.9298365612987789,0.9582562918345431,0.07230792957665631,1.4322522226406678,0.964356100575591,0.8494884982761544,0.031398238240702765
1.217227044526495,0.9428252641365363,0.14026703019125136,0.008506062264763298,1.2677072038390131,0.9487779026237904,0.5646365422396856,0.0304832857814097,1.1252657584412273,0.9302814116840336,0.9555591195220721,0.07161298939095016,1.450910998271665,0.9658037952002739,0.8357082715207891,0.029589913963657552
1.2314712454097467,0.9445678270225175,0.1541632583641768,0.00904710509922085,1.198370898439334,0.940439289957122,0.5647955423452901,0.03577011710417965,1.122777699103339,0.9299089256045369,0.9564277210402274,0.07208990547728406,1.410318083763878,0.9625787586429365,0.8583576976343006,0.03336954019134091
1.5283234053911212,0.9712262152171268,0.14330205533469603,0.004245501649913872,1.2422874019758527,0.9458574994493404,0.5755178574302683,0.03294362621322283,1.1404354766241807,0.9325131020949781,0.9523828684553605,0.06892489259994604,1.390412966978627,0.9608923457511488,0.8439104472807455,0.034346571845620635
1.2373962633066555,0.9452778421401159,0.1214196913926334,0.007028988963332995,1.1242147743670976,0.9301242933034625,0.5946989087422503,0.04467683170862701,1.1161047356893166,0.9289008171700956,0.9579179159658403,0.07332018637983913,1.458923786108404,0.9664079350662123,0.8242774378600622,0.02865164927909489
1.2376249179406407,0.9453050701923827,0.16294906986291446,0.009428160516006567,1.144818776287407,0.9331455079468384,0.5742700979642434,0.04114313938583099,1.126602369018703,0.9304807580990353,0.956226001980214,0.07144275275446314,1.4146087586935199,0.9629330103855882,0.8480145537676388,0.03264333688673548
1.1556464450602175,0.9346841710709762,0.1501440529023249,0.01049208232856001,1.1784254726533872,0.9378141857723147,0.5722471450239554,0.03794531495967644,1.12818600248064,0.9307162636308901,0.9570329114736732,0.07124278206596388,1.439361773615836,0.964914547622531,0.8434277368045134,0.030668045959513834
1.3155590110146071,0.953875397492196,0.15294306078321454,0.00739555491576708,1.1567998660738006,0.9348461227814474,0.5488588131656923,0.03825258387649991,1.1175332864239411,0.9291177536785106,0.9551053095219028,0.07286483284218802,1.4119076004073525,0.9627103720383415,0.846864739328902,0.03280246269348795
1.3750761081401834,0.9595434775082333,0.1481520209129298,0.00624642416603077,1.1972080977599764,0.9402891404944047,0.5728775387090288,0.03637924629202881,1.1263463813802614,0.9304426201524785,0.9568550170922984,0.07153189937923177,1.4252666899110347,0.9637990631462745,0.8399839131309069,0.03155035708182892
1.3166871498967652,0.9539895513423188,0.13823675722515524,0.006667091072394852,1.2397231005124831,0.9455543251757573,0.5731903012019193,0.033004695680333915,1.126149065767773,0.9304132101621058,0.955477638525603,0.07146139038084418,1.4549737082061003,0.9661114097363921,0.8287064524928992,0.029068793861986027
1.458933138801508,0.9664086341757043,0.1269280772996485,0.0044118888502933185,1.2690244742356116,0.9489251072459705,0.5770990160987433,0.03106174568533047,1.1261123136238358,0.9304077309658527,0.9561738600067412,0.07151951375117113,1.4265758523344692,0.963904091954405,0.8431455949151726,0.03157379050170705
1.2368028297786708,0.9452071168534593,0.15421998377392743,0.008940006268590418,1.277144384108493,0.9498237017008468,0.5815520800700452,0.030721628228306767,1.1277674440283074,0.930654090792843,0.9551614172912098,0.0711720257579563,1.438388250529449,0.964838579649754,0.8450410069804243,0.030795661249801945
1.2501556607794408,0.9467778484247742,0.11620454563662146,0.006532320070534385,1.2368075687996891,0.9452076819899493,0.5711607636413161,0.033109360823657806,1.12396545328829,0.9300869726596354,0.9531576712625077,0.07164721180869624,1.4340080160793112,0.9644948070115453,0.8385954511588409,0.030870558468728396
1.378498884763732,0.9598483197453735,0.1666094947867223,0.006969487808069431,1.3177626982817816,0.9540981332561932,0.5874610101074565,0.028262875760070173,1.1228092242327838,0.9299136567047543,0.9568418785350171,0.07211588720603639,1.4434225092001443,0.9652297208947519,0.8448142445733249,0.03043257624586431
1.2628370933278787,0.9482301771173408,0.15509689034632973,0.008467710411084198,1.1787129377792902,0.9378527765137851,0.5304334546974336,0.035149404340609654,1.1263813434460082,0.9304478300662398,0.9571608837878459,0.07154900499732594,1.4353539170054062,0.9646007800753281,0.8295196071339587,0.030441968958877744
1.249890646047045,0.9467470913784145,0.14343779406764248,0.008068131193563786,1.2318664379950373,0.9446154529936641,0.5533334914873596,0.03244296361269367,1.1265346117535218,0.9304706652645836,0.953344562269194,0.07123858458165926,1.405880350028205,0.9622089430106651,0.8601918408337881,0.03378430341438878
1.2877788042723743,0.9509779312837036,0.16719772061479193,0.008618894171521252,1.242052027774909,0.9458297379118865,0.5632569525261848,0.03225926984348847,1.1209247989487718,0.9296303343433591,0.9565231349572615,0.07240535373378162,1.4147290859224728,0.9629428983590644,0.8524740158112284,0.0328059081218685
1.1634779411379592,0.9357764690316809,0.1456822623748554,0.009998359222312915,1.149376391922123,0.9337972259871767,0.5641019504606917,0.039992744577991284,1.1314353790109513,0.9311971749543106,0.9543376809859998,0.07051259418029308,1.4353939982953563,0.9646039313050044,0.8441705556220335,0.03097677503414825
1.2905752557944317,0.9512772433673121,0.1524781900105455,0.007809666209799117,1.2076481518677824,0.9416246285248466,0.5765746333045729,0.03574434799462835,1.1262363513429865,0.9304262215393398,0.9554053622215831,0.07144162478714125,1.4217103256307504,0.9635122636524367,0.8460518326782347,0.03203956749871938
1.2451634274727896,0.9461956347021276,0.14081391448786953,0.008007227064109043,1.167113920106469,0.9362777938814444,0.5538563511204102,0.03769495420782655,1.1181613918167677,0.9292129427123219,0.9562936225263932,0.07285005226468776,1.4458856554047288,0.9654195658939964,0.8435897845426522,0.030216604249015278
1.2522451985325644,0.9470197691264666,0.13054508495194192,0.0073032358622656226,1.228787344778531,0.9442433599685152,0.5776972141525214,0.034112451283499406,1.129601728798908,0.9309261739868552,0.9533824718094004,0.07074006169545534,1.420192310818847,0.9633891802163145,0.8354501292485975,0.03174886613664221
1.3285978012989805,0.9551784654443134,0.14762678932550855,0.006927353869960248,1.251871545487191,0.9469765849996993,0.5644395098933344,0.03160427707476015,1.1223500123799552,0.9298447117912413,0.9560648717237004,0.07213355711066796,1.3862737465871233,0.9605326134997346,0.8603989055870573,0.03535298611827828
1.2117289936689895,0.9421389933488314,0.14170169405171315,0.008702540410587075,1.1492647964059262,0.9337813390707402,0.5429483505285951,0.038502924851264664,1.1272703607059256,0.9305801867673487,0.954774869443383,0.07122469837471333,1.403222195680345,0.961985748599299,0.8447013119347854,0.03337958808344689
1.3488961674145563,0.9571374370499648,0.13812295467031874,0.006185427097751629,1.202523913387737,0.9409726754617648,0.5726923107547516,0.035925054753458835,1.119804592111697,0.9294614104888915,0.955976144787445,0.07255084299207659,1.437093647921027,0.9647373109780104,0.8437547276476818,0.030840582439701954
1.4581672322922494,0.9663513364778458,0.16609567212696794,0.005783504583598748,1.1918126551962627,0.9395877918457094,0.6097424947415386,0.0392043094136871,1.119791631508444,0.9294594538773736,0.9568806169927975,0.0726216523111862,1.411447492220863,0.9626723204965095,0.8348444770221174,0.032371146869028165
1.1574506729914062,0.934937337569967,0.1601283255584391,0.011143394078552861,1.201860553076358,0.9408877793457038,0.57225875272652,0.03595273145756675,1.1172796150796431,0.9290792764142336,0.9551417790444044,0.07291018949240188,1.4173831780735118,0.9631603563460971,0.8580537821012912,0.03281945250364568
1.0880140026583556,0.9245086846486141,0.1557048899056334,0.012714176882055544,1.1127640085575277,0.9283911065200287,0.5710450227178852,0.044045986564166494,1.122339847928433,0.9298431850169256,0.9549534521653481,0.07205138860031858,1.3969213414115016,0.9614516231891901,0.8656864614113685,0.034708774845903456
1.3630855845529732,0.95845799076507,0.1368251204179281,0.005930349030148768,1.274739066345448,0.9495590882146641,0.5899959261596466,0.031340790514764266,1.1277639093865193,0.9306535655359555,0.9568971714767271,0.0713019424713918,1.4411691947346803,0.9650551688439115,0.8380528640695268,0.030346053552429284
1.3476495608937946,0.9570195224808233,0.13511076353421858,0.006067927558706247,1.2116928226096055,0.9421344529513518,0.6002856869254342,0.03686932321665928,1.1163035030251247,0.9289310382103164,0.9571389811031665,0.07322704364200266,1.4395679187081645,0.9649306136603882,0.8366397471910112,0.03040678998670802
1.3100301433319161,0.9533120362508842,0.1399881913637379,0.006855849244700442,1.3344714162293305,0.9557539325146659,0.546923371525229,0.025319496559267823,1.121579025338858,0.9297288167050551,0.9575288034979096,0.07237237445135206,1.4089666423578868,0.9624665070220225,0.8509159671911404,0.03318333494870055
1.2375576809863589,0.9452970649825743,0.14212029836533885,0.008224290261897308,1.125909063231281,0.9303774221568913,0.5988176479923821,0.04481109205608642,1.1081659926312313,0.9276840498089318,0.9571496587843199,0.07461288901571717,1.392231789606814,0.961049419797348,0.8451515632439295,0.03425333085833497
1.2011100463336464,0.9407915923640594,0.14813903267807807,0.009323081014741287,1.1843461941088258,0.9386045136193937,0.5935406014798819,0.03882435401250558,1.1183286940564974,0.9292382773527543,0.9580488424529201,0.07295565424327971,1.4415538053931176,0.9650850222050655,0.8452713646035124,0.030580342919833
1.1191971607451268,0.9293696550295922,0.13910899384770067,0.01057202176849273,1.1632485200841263,0.9357447138036202,0.5618701074856965,0.03858223725884804,1.1034989344892085,0.9269597981224308,0.9536462946560378,0.07514297601962792,1.4259944716453783,0.9638574863858611,0.8332575267916278,0.03124530538127054
1.259740547189756,0.9478790438012669,0.16485433967052926,0.009064833612821403,1.1122140122575042,0.9283068683331932,0.5801191297657855,0.04480259553331657,1.1150291723421009,0.9287370801169693,0.9548068305295802,0.0732632777612694,1.440590712867148,0.9650102209267344,0.8408166178885003,0.030486710983015298
1.3119910882141637,0.9535125907167286,0.136495207364525,0.006654666788605382,1.2584156274100833,0.9477281178085764,0.5781848090854449,0.031889745231226285,1.1304461958527026,0.9310511029873689,0.9548495776786562,0.07071129069358187,1.4498054869936734,0.9657196245455647,0.8431954066622378,0.029931104626188556
1.2831282225586274,0.9504763015609738,0.16255547528124678,0.008469804375153671,1.2624583987974012,0.9481873553171287,0.5701628333478885,0.03115591463013433,1.126488178069384,0.9304637479173029,0.9551910572655747,0.07138419556251234,1.3995338003377755,0.9616739508676052,0.8578800701826814,0.03418950226307023
1.3272509111019273,0.9550455019913782,0.1564729948304843,0.007365266806495676,1.1560562062954514,0.9347417484348788,0.5765040753544132,0.04024817340274911,1.120564497733754,0.9295760428248919,0.9566141257809775,0.07247234128622371,1.4080825237034145,0.962392896521817,0.8387142811835971,0.03277415583084199
1.430914085280639,0.9642500384077196,0.12948750275790336,0.00480080172765101,1.1614558646001067,0.9354960801034717,0.5881347117596999,0.04055280951206057,1.1144386706021512,0.9286470378448698,0.9572761370441579,0.07355269030635865,1.4150846738672294,0.962972104225248,0.8443202950168626,0.03246553430490601
1.22805096987786,0.9441540248230551,0.14904947184075187,0.008816160166361988,1.2106658560025194,0.9420054026413114,0.586530156189329,0.0361097506994671,1.1135501309204494,0.9285113515176809,0.9571767055224933,0.07369567310589714,1.4330017234956263,0.9644153743331436,0.8403397969776454,0.031006532977648226
1.2784024327457697,0.9499615777742516,0.15026099925428785,0.007914870980745814,1.135456341633546,0.9317880017441843,0.5846462627128056,0.04279931677354201,1.1313037520069265,0.9311777542326853,0.9534326558459073,0.0704670792068921,1.4255309504226488,0.9638202873648722,0.8622971107620544,0.0323687538874782
1.1746073486816853,0.9372994955910963,0.14411590072437952,0.00964061083065404,1.158500157392666,0.9350841793297128,0.5981158215572181,0.04152265675171825,1.1196287750609977,0.9294348638023864,0.9567984799904999,0.07264265381436628,1.4222638376375687,0.9635570442990218,0.8497248941139215,0.03213767867447836
1.1682991398705078,0.93644042103217,0.15912575773224544,0.010800437419446881,1.1572135775497037,0.9349041208801147,0.5777911956081323,0.04023067712059438,1.1216568487404284,0.9297405231766036,0.953721726556976,0.07207171019507273,1.4138757899253453,0.9628727233548169,0.8470791060547077,0.03266240651336671
1.3691810281972667,0.9590132412587675,0.1267875814681164,0.005418707260180439,1.21158706583977,0.9421211758407104,0.5520098744467243,0.033912497963738956,1.118665611257231,0.9292892714308773,0.9568386046840728,0.0728069901808893,1.4154852624534437,0.9630049796631422,0.8521977719600305,0.032738225212204396
1.1051200115544009,0.9272121172226081,0.11985959873957959,0.009409202339735136,1.1758395922851628,0.9374660372409052,0.5689681305093535,0.0379531956049312,1.1205904296773161,0.9295799516385215,0.9558055123449404,0.07240675778867475,1.4044356997219278,0.9620877982339603,0.8618802600614256,0.03396340581139918
1.299507698979855,0.9522217332843171,0.1439194373907334,0.007221239575690687,1.2564950123859921,0.9475086009034225,0.5772836224695636,0.031981160899305174,1.1165421046141757,0.92896730007418,0.9563645568819169,0.07312760802587813,1.4574592254476082,0.9662982863756142,0.8388194065389879,0.02925561580760728
1.1449689277917263,0.9331670734851158,0.11442825467215711,0.00819529037514063,1.1843065111109614,0.9385992479128772,0.5821191004117834,0.03808073642616064,1.1153180785573573,0.92878109556315,0.9543633196072221,0.07318054855103387,1.4225578039302966,0.9635808054778405,0.8414634146341463,0.03180368434761886
1.1939137286348642,0.9398618202147381,0.1599674840379774,0.010235710301195008,1.222087260012329,0.94342554592924,0.5696370366278106,0.034159456996642606,1.1207195553548068,0.929599412223912,0.9545881443014198,0.07229303887158414,1.4336120729652122,0.9644635732581628,0.8449809402795425,0.031133994186066657
1.2657630593062272,0.9485599115072927,0.1368209891168712,0.007419756730650635,1.1932659862685662,0.9397774639756477,0.5757396262774644,0.036894373097076306,1.1209196899222036,0.9296295647668209,0.955124863763446,0.07230036017832915,1.422194264089407,0.9635514185142059,0.8455906743117092,0.03198644099741265
1.1915099236547406,0.9395482125085843,0.12493496665563071,0.008038482702604554,1.258542267135511,0.947742561588198,0.5658373929905879,0.031199625208082976,1.1127196339957894,0.928384313440334,0.956920336123855,0.07381695905703241,1.3873138484418155,0.960623304271831,0.8624446231219158,0.03535227529464272
1.0907148637730582,0.924941576593207,0.14629591529903302,0.011871820913969482,1.1152850305176567,0.9287760618991987,0.5715257885324513,0.043827914020747975,1.1101818499929743,0.9279948259005733,0.9554813490116638,0.07413791431172398,1.4239542405987122,0.9636934754421365,0.8432905502714166,0.03177042270499606
1.3138958555107498,0.9537066148347098,0.15770663285521833,0.007655157030815973,1.2699577589541924,0.9490291592153796,0.5733259370790078,0.0307924206256295,1.1160263876010217,0.9288889016871158,0.9560424756319835,0.07318984041307784,1.408112906949815,0.9623954284892148,0.852373405182661,0.03330557868442964
1.3618898309185612,0.9583482251657273,0.13226539583677385,0.005748524744026712,1.1039477536302993,0.9270297369421862,0.5628533905835909,0.0443044687102939,1.1245343671849193,0.9301721059119477,0.9511800001572809,0.0714049538655415,1.4272454963435646,0.9639577013420519,0.8457939148009217,0.03162416446062784
1.2533898164794124,0.9471518492646261,0.14368541453025163,0.008017202786929098,1.3294412202774928,0.9552615358686822,0.5649128342667824,0.02645697709390432,1.117083205520595,0.929049471456085,0.9555809734164235,0.07297671137376976,1.4155077890677787,0.9630068275398269,0.8600536404512108,0.033038304336316424
1.3046540945061718,0.9527579757167288,0.14087567762636605,0.006985249510339209,1.1284105151220283,0.9307495915648006,0.5671350231824708,0.04219645364255629,1.11948701494462,0.9294134526634218,0.9511246047996736,0.07223545317456191,1.4287437224233175,0.9640773667186409,0.8522833360791421,0.03175705891529302
1.2579205420165394,0.9476716150853771,0.13840803222963616,0.00764259335248256,1.2096192189358475,0.9418736026485252,0.5944778421251417,0.03668735929199614,1.1272263266679279,0.9305736364792125,0.9541656175248646,0.07118646652397165,1.428488169537309,0.9640569824501699,0.8423926727936548,0.03140699686144906
1.1376776965646953,0.932112380564177,0.13336377808922414,0.009713152193048727,1.161163268314614,0.9354554133031321,0.5980347385162905,0.04126322268167282,1.1261033304197032,0.9304063916434574,0.9545848227642788,0.07140213448148236,1.4286035767386887,0.9640661893259335,0.8452277845141174,0.03150432565882951
1.2860919969634435,0.9507965451562324,0.15673039684484244,0.008110754128301792,1.181522132266512,0.9382287213382058,0.5693826418911977,0.037487121250439105,1.112044683438566,0.928280915294853,0.9568536945851742,0.07392662074776081,1.4193558549154794,0.9633211882500571,0.8467235206247086,0.032239312283434345
1.2822043512458081,0.9503760715560156,0.18159676937823102,0.009482083313113947,1.2187915662746112,0.9430191472320404,0.566450872864977,0.03422714573902434,1.1150739701375183,0.9287439067966026,0.9553118272811553,0.07329446589625029,1.41850795497397,0.9632521420862581,0.8488238714036549,0.03238244448911966
1.2306311693224639,0.9444664585599082,0.15723305141523933,0.00924512257410825,1.1939108281125943,0.9398614427229961,0.5861400342085143,0.037505119815818305,1.1214303026072345,0.9297064402898538,0.9565614925631951,0.072324025606356,1.446425948837308,0.9654610747216983,0.8448872458993134,0.030225452085800835
1.1578027461426115,0.9349866333569966,0.14916128828644018,0.010371781989536052,1.1096609228131835,0.9279146350305658,0.5868220479399094,0.04558747098160147,1.117321283379709,0.9290855980507889,0.9540799419292736,0.07282214753473545,1.3978628708479064,0.9615318923459651,0.8551545659686608,0.03421225875749281
1.3482245479331292,0.957073948054234,0.16146891587519097,0.007242097734011453,1.2445804148497126,0.9461272510565281,0.5584983225440627,0.031801049892778974,1.1203580170433316,0.9295449121038593,0.9538266471357243,0.07229552804450193,1.423215186364311,0.963633887509235,0.8566995857550127,0.03233057067646973
1.0601079376012166,0.9198999719762371,0.1499040382280365,0.01305285142812368,1.2198351920613049,0.9431481347353071,0.5878500646273158,0.035434913603908644,1.124070117602686,0.9301026420094684,0.9532019897379657,0.0716332775596216,1.39484859133128,0.9612743459970654,0.8669382319533117,0.03492525328730904
1.3521598711929974,0.9574446838872563,0.16205287468667728,0.007202725572898402,1.2124633841187265,0.9422311059376701,0.5749609824539278,0.03525128800783962,1.1163005131528598,0.928930583711192,0.955653997130831,0.07311393654283033,1.42282939661529,0.9636027449579889,0.854074377689846,0.03226014362482899
1.318165630148439,0.9541387483756802,0.15495738849528864,0.007448119885004188,1.2648379315493739,0.948455871857246,0.558254152548397,0.03033849484091761,1.1015493671100993,0.9266552827248234,0.9590392468149973,0.07590790634313181,1.4281649248792847,0.9640311827716556,0.8455165114644299,0.031546934796210874
1.252297052793017,0.9470257594440165,0.14016465998730973,0.007840458764262708,1.0850730114693892,0.9240346981079424,0.5882325293560087,0.04835885683379157,1.1158668622951295,0.9288646347561722,0.9541192414047016,0.0730694421812105,1.420394742963083,0.963405616838766,0.8552057466492241,0.03248447614127665
1.3922317684953964,0.9610494179776775,0.1382210784006026,0.0056019923125135195,1.1294405378039585,0.9309023038625779,0.5677923545289059,0.04214528572934057,1.1205693816493114,0.9295767790100955,0.9578416295273366,0.07256451997581714,1.398100338112255,0.9615521120297092,0.8530067164647542,0.03410767472946814
1.5749799625104288,0.974081182070391,0.1545135496377123,0.0041113704221298255,1.3072099802029682,0.9530221626290027,0.5634257486106443,0.02777325043086857,1.1141903684636678,0.9286091442970217,0.955048187779923,0.0734234718470304,1.4269579985105263,0.9639346946534546,0.8439466299819443,0.031575990650932306
1.3831901466055923,0.9602625631140941,0.16860223159250273,0.006977071474079667,1.273669857749453,0.9494410388177945,0.5720870336780445,0.030464373190131438,1.115691093664188,0.9288378880421602,0.9532245019748259,0.07303047130589231,1.4477133453517017,0.965559787293886,0.8343658963667915,0.029760703918848563
1.3465632681487292,0.9569165191863561,0.14872635699660308,0.006696142264943428,1.1596257206822709,0.9352413231070126,0.5959723540625563,0.04126676202209907,1.1044635414446207,0.9271100351942679,0.9558951588229295,0.0751530690420939,1.4286654226923112,0.9640711222951583,0.8314805952819901,0.03098751111921532
1.1584892372014157,0.9350826529873942,0.12837652085804277,0.00891243477374714,1.1884748540834915,0.9391500623467942,0.603112015269454,0.03907717200735678,1.1301291715908819,0.9310042275118283,0.9518745139930722,0.07054244810496374,1.4179705867928767,0.9632083184307728,0.8373928821094468,0.03198590759380206
1.1470971189158956,0.9334720416095648,0.17778896607062786,0.012670906475817492,1.0468192869269575,0.9176162060757684,0.5825420675440736,0.052300760739598315,1.1093878051793222,0.9278725587416485,0.9561978334919798,0.0743292841423051,1.436553388518059,0.9646949668084034,0.8452449318344517,0.030933508933058382
1.3266777910173668,0.9549888103091846,0.1784871357465006,0.008412578490689344,1.262271363003484,0.9481661934411576,0.5637682175433677,0.030819758112352255,1.1259165156560824,0.9303785336821748,0.9535905405089617,0.07135845174145092,1.4173902712619493,0.9631609358654187,0.8413915048411345,0.03218161623351531
1.1552630576112868,0.9346302568211271,0.16063267247968305,0.011234941806664105,1.2217207227298417,0.9433804824847455,0.609189037420643,0.03656211890614009,1.1081832556961826,0.9276867164244164,0.9563867787674117,0.07455045665362998,1.4194284528586145,0.9633270942404969,0.8537646820259246,0.03250197353725858
1.4306675678789316,0.9642304660581491,0.1420196820115204,0.005268427015057205,1.1489993190922942,0.9337435310581631,0.5693265110730934,0.040398206835158344,1.1283321097920154,0.9307379543180625,0.9508969911948896,0.07076220598655265,1.415937020199951,0.9630420207691206,0.8590554517916281,0.03296736057283658
1.2473446380768531,0.9464507512755804,0.14731986589606166,0.008335212508716482,1.1698175911612216,0.9366482064504376,0.5684015650645239,0.03844480601706175,1.105110560705341,0.9272106485373394,0.9580341793912428,0.07520910885455877,1.403344616059606,0.9619960554962598,0.8632435417752437,0.03410269664558521
1.0944838518002098,0.9255418551318467,0.1625748222970445,0.013078846303264405,1.2528432579257263,0.947088819425764,0.6040341688489836,0.033745685014374034,1.1030616099898716,0.9268915911010802,0.9550286818805337,0.07532771691474366,1.3992118738200028,0.9616466206571729,0.8578921935403417,0.034215338594563396
1.3361395984187667,0.9559160835742276,0.15561426684280052,0.0071764524648498165,1.069598305568672,0.9214954398208327,0.5852513792835496,0.049859066186848676,1.1084257964387698,0.9277241719660362,0.958543787396068,0.0746768792215957,1.3943787930093643,0.9612340566730595,0.8563680161628721,0.03453676422626573
1.2840306964208488,0.9505740248725482,0.13177098277640345,0.006851554057664933,1.2652871650998396,0.9485064173862814,0.5750556412901024,0.031219267080822937,1.1163812371318709,0.9289428538544922,0.9523152205101163,0.07284495652192019,1.401555540773876,0.961845161142459,0.8511992927546123,0.03376569656193848
1.361839822572482,0.9583436285525648,0.17189533261213802,0.00747178320180055,1.2521819184389897,0.9470124580053159,0.572048978567957,0.03200746623622095,1.1171802927475634,0.9290642057933377,0.9557954313845382,0.07297677340444562,1.4277232319303308,0.9639959003517546,0.8363435398146841,0.03123643589839595
1.250056592303532,0.9467663527108354,0.1568749067669527,0.008820574824444701,1.2526584310448428,0.9470674888970656,0.5840353618227355,0.03264229702382727,1.1293285429253783,0.9308857144967794,0.9558448288044972,0.07096739306014949,1.4131795108631695,0.96281536676559,0.8557027220124206,0.03304786460005144
1.3004912472644858,0.9523246616588231,0.15811895273801946,0.007915761161542115,1.2709385397277437,0.949138290338801,0.5824864219072996,0.03121384478342397,1.105954204537344,0.9273416453365888,0.9558977261115958,0.07489575859666635,1.4122903374329234,0.9627419964736212,0.8655474073899408,0.033496584209377046
1.239848695445905,0.9455692113027807,0.14960130836587293,0.008611656457459402,1.2368993964411221,0.9452186315117546,0.5857519582449743,0.033948012446610575,1.120152221193508,0.9295138719804267,0.9555139952892568,0.07245774789025512,1.4374660282220508,0.9647664687166299,0.8424639847252979,0.030767011627608618
1.388689044064647,0.9607429064833326,0.14346596442567647,0.0058621892952954715,1.292410657731754,0.9514727482923835,0.6017405396140272,0.030690121898849832,1.110744302398951,0.9280813167189575,0.9554892443377925,0.07404257267553788,1.4081297866203095,0.9623968350744164,0.8472392112254676,0.03310367888800166
1.382598719863641,0.9602105660617016,0.1240445104549802,0.005140185943173468,1.2290027588373749,0.9442694680267119,0.5357351145809843,0.03161894347252589,1.118535301300353,0.9292695524045838,0.953343338595168,0.07256280040216681,1.4152803835686711,0.962988169204766,0.8397343680744018,0.032274650237685026
1.1556916644483253,0.9346905273659742,0.14746183058203519,0.01030357546909205,1.101621041729286,0.9266664987131178,0.5959001782531195,0.04715768461411392,1.1122952690811505,0.9283193194940197,0.9551887158025265,0.07375541553705608,1.385234279615021,0.9604417779953036,0.8710609935673874,0.035876848501001556
1.3772635819126249,0.9597385548175292,0.14221312113614776,0.005965901601128936,1.1833184406792912,0.9384680004610766,0.5658236915458523,0.03709904132075446,1.1067482446222772,0.9274647413884681,0.9559384586635937,0.07476213404303442,1.4371041424554638,0.964738133028497,0.8558792843016647,0.031282998394569564
1.1976648916142447,0.9403481673392019,0.1457927685421499,0.009248495540581712,1.1950066819801783,0.940003906083708,0.5816894088077637,0.0371265397676286,1.105971827312148,0.9273443793948952,0.9540140719422228,0.0747451389182883,1.416517094252228,0.9630895306566194,0.8590245832331335,0.032922173417272604
1.232240213940828,0.9446604625269944,0.15116978479084484,0.008855738439439664,1.1720662473283123,0.9369547501765509,0.5917119087606921,0.03981475637355846,1.1124391470319572,0.9283413613324969,0.9535835644260439,0.07360708348100989,1.4232744247340805,0.9636386672051127,0.8556497285474358,0.032286546393790444
1.366650304595451,0.9587835785182733,0.18691646907917753,0.008035210598151347,1.1809951661362383,0.9381583615301458,0.5849574377113538,0.038559296454168425,1.1171171457676785,0.9290546226820594,0.9554475842500098,0.07296082245029514,1.420173092884217,0.9633876194333219,0.8570839973568625,0.03257244006031265
1.3768446976887811,0.95970126892181,0.15201065037785347,0.006383065771581246,1.1671008141520982,0.9362759934127091,0.5999138572379498,0.04083081789921205,1.1107804739012133,0.9280868756912317,0.9548925173264419,0.07399016848381211,1.4209979836561744,0.9634545553100591,0.859140921727554,0.03258865388389269
1.2432233441256564,0.9459677577898171,0.12719148540044062,0.007264984551150544,1.2339667648918524,0.9448679246078179,0.5922751109318274,0.034558645942352056,1.1157671855765219,0.9288494680887736,0.9561237471685233,0.07323976114662943,1.411574574468836,0.9626828340918671,0.845292766934558,0.032766690448363646
1.1900417263575445,0.939355914965353,0.13972041906007254,0.0090202412520797,1.1887712007653206,0.9391890458396681,0.5792587057706378,0.03750605350395542,1.1152695832289197,0.9287737089552974,0.9535406840081571,0.07312563397011339,1.4107159375905016,0.9626117431244678,0.842603402917231,0.03272708098304741
1.3210549522150867,0.954428988403917,0.14171549933339533,0.006766473715626258,1.1932798307957122,0.9397792681221214,0.5804731342820822,0.03719651855245076,1.1074850717848137,0.9275787960212906,0.9539810250209283,0.07448257194019905,1.416928461941202,0.9631231873622466,0.8629817381328868,0.033042518635738975
1.1795704786772356,0.9379677642367784,0.12037841263879434,0.007961192653233888,1.118646569221373,0.9292863902304055,0.5999201859198573,0.045650643726226514,1.1219656252525745,0.9297869526679675,0.9536374093288574,0.07201411932773692,1.4345293609968515,0.9645358926894758,0.8366002331823126,0.030760162136484522
1.2494594611455467,0.9466970131237411,0.13327555118750048,0.007503968912327126,1.205011385842674,0.9412900027142179,0.5544841782682381,0.034584203069477314,1.1129046502167876,0.928412632719254,0.9538929430974842,0.07355208455536034,1.4617797661968848,0.966620766847018,0.8365358571749174,0.02888715655111758
1.1809690777566293,0.9381548763007694,0.16482556325282408,0.01086564447478094,1.1929632543101527,0.9397380008788216,0.5823347687698933,0.03734302251374853,1.1280903710835828,0.9307020630541634,0.9521625163826999,0.07089583298649842,1.4238199567785774,0.9636826554924666,0.8420083629782188,0.03173192712582061
1.2045837221878222,0.941235559686694,0.14976786215062474,0.009350501588711133,1.2562560361087918,0.9474812262433079,0.594459851057863,0.03295084014374714,1.1164698769341947,0.9289563249590032,0.9533153647212788,0.07290657823535125,1.4014509761322216,0.9618363241675153,0.852156233446546,0.03381179670047592
1.3422994116833,0.9565099333871441,0.15957827854172832,0.007255617240867344,1.198904102497753,0.9405080228987738,0.6276143460047031,0.0396998402903912,1.1175027912536393,0.9291131291435312,0.9547755127466401,0.07284478751406652,1.3966302018311796,0.9614267698455791,0.8534331054459378,0.034240435808809144
1.149896885737436,0.9338712775531581,0.14420926765637618,0.010211658570437196,1.1440562526025049,0.9330358905996681,0.5734051804459904,0.04115336571825121,1.1191111034334533,0.929356646739003,0.9532113795887943,0.07245662734212352,1.3931498445996042,0.961128473244726,0.8524986023976645,0.03447814018043026
1.3146423196797115,0.9537824411126344,0.15240530185997653,0.007385123388561494,1.299025558349072,0.9521712001838787,0.5671769758388432,0.028490038380146743,1.1125896001767268,0.9283644037885294,0.9545047271828462,0.07365266800339923,1.4358578017123431,0.9646403763270077,0.8528625718346413,0.0312623235818508
1.2436133357399937,0.9460136381019525,0.16294147228347067,0.00929861572455272,1.1865161175811487,0.9388918083037153,0.5865846582337241,0.03817812385242448,1.1046718947763416,0.9271424487124177,0.9544388998491354,0.07500258584125226,1.4531424528064822,0.9659730852439782,0.8381339213183242,0.029523712337829574
1.3620015313890954,0.958358490576892,0.13433752263700732,0.005837082125080926,1.1482630496685262,0.933638570117934,0.5761808162535655,0.04095394519998529,1.1260087365730678,0.9303922870254411,0.9520134306433184,0.07122530845565046,1.4064424992283682,0.9622559828576659,0.8434102020037152,0.03308234990434596
1.0881412248050353,0.9245291270724871,0.15339619010967867,0.01252198987823181,1.0329968622702574,0.9151779640904913,0.5942505291514335,0.055077309223699134,1.1211680875378072,0.9296669720836322,0.9535424283240331,0.07213930175495376,1.4063328186174455,0.962246809359225,0.8535847604387147,0.03348989871981232
1.2116882558765452,0.9421338796852217,0.16866773081638792,0.010359618112770475,1.1729518224501976,0.9370750943724055,0.5881663466506273,0.03949556666118098,1.1071319589120607,0.9275241577717175,0.956616620784849,0.07474909920138101,1.397117597899556,0.9614683680940155,0.8616682474687888,0.03453206037590158
1.3020339310666862,0.952485679401264,0.14866285180427422,0.0074159796357157574,1.2488393138097742,0.9466249106514828,0.6015025886566234,0.03391549710097568,1.1088913457695675,0.9277960165809015,0.9532484721086847,0.07418477299359558,1.429398098174674,0.9641295125122541,0.8392852972089221,0.031225652115694554
1.1932196898494825,0.939771430500669,0.1640396736970868,0.01051306154587931,1.1301563113225446,0.9310082415701223,0.5860752491293135,0.04343072403040005,1.1123802492553085,0.9283323390572592,0.9541321573546713,0.07365941815331144,1.423155879377267,0.9636291016712888,0.8546206767590984,0.03225652036671534
1.2896685166953665,0.9511803829765144,0.14379980947512722,0.00738056813646381,1.2036692327461727,0.9411189832310289,0.5966449034596528,0.03732902979506134,1.1067680482677982,0.9274678089899546,0.9558849725442815,0.0747545421417044,1.432774734689176,0.9643974331088049,0.8413609362051473,0.031060440418553804
1.3912540168439538,0.9609650544443291,0.1397368116389457,0.005676188545277932,1.233306838935053,0.9447887146207046,0.5792768108671323,0.03385160811455416,1.1074243681924116,0.9275694058699822,0.9513062941380774,0.07428412326667949,1.4336499943985055,0.9644665658149841,0.8570215721838459,0.03157488368153076
1.2683283411284387,0.9488473644940733,0.14982313516197096,0.008077008494808729,1.1408554567265583,0.9325739348057313,0.5512054735013032,0.03985272888790184,1.1038685160120525,0.9270173939482419,0.9524481817053494,0.07498473155293987,1.3900283313992479,0.9608590507581747,0.8756826362169542,0.03567125645438898
1.2893558627129076,0.9511469420752057,0.1460887770260389,0.007503449961836859,1.275363463298673,0.9496279060011821,0.5888193594569008,0.031233353543477158,1.1172592536816155,0.9290761871294165,0.953902756290361,0.07281902337084364,1.423022974862983,0.963618374604718,0.8515405515659517,0.03215010233555645
1.3864142504087218,0.9605448762985719,0.145499478704097,0.005976503620408705,1.221755313169659,0.9433847366023058,0.627485809167085,0.03765724946139955,1.113808967675453,0.9285509022952589,0.9526277174962351,0.07330173358874184,1.4306330542094305,0.9642277250080201,0.8574043325481716,0.03180919067948708
1.2648938854835232,0.9484621700732474,0.15781595377515803,0.008575451970598055,1.2299087169799683,0.9443791437474279,0.5900182262380269,0.03475015216638431,1.1141216035128894,0.9285986467496765,0.953744134641486,0.07333482781427997,1.4355454233015414,0.9646158340462978,0.8514445263117074,0.0312328010343844
1.0917966207062297,0.9251143191927548,0.1568307111000991,0.012695052199022656,1.196648428913233,0.9402167455913591,0.582004150148662,0.03700646934695691,1.1226457423020224,0.9298891191230934,0.9523662041625371,0.07180558640604176,1.4307021733865253,0.9642332141989416,0.8563320738354807,0.031764354731230564
1.1744618219507512,0.937279799886605,0.16044369155083194,0.010736452916426302,1.2895408907804105,0.9511667349645883,0.5747027746192344,0.029505460901775964,1.1252441133493611,0.9302781791183098,0.9520339730350637,0.07135235850006214,1.422572035396266,0.9635819554232039,0.8368876615691644,0.031629704140122304
1.1748437199902992,0.9373314739743209,0.17105008177724035,0.011436142708513357,1.315930234309766,0.953912990468531,0.5763008782333016,0.027843193596815065,1.1199309533615853,0.9294804841239735,0.9538481811346495,0.07236828863194526,1.4337442216720806,0.9644740006769268,0.8433287600089916,0.03106366468788152
1.1993298970768942,0.9405628568022547,0.15333456493626454,0.009689696363585854,1.1408461146141298,0.9325725821854082,0.628871851715007,0.04546906686668333,1.116824887331883,0.9290102543101949,0.9547154997228894,0.0729539961663472,1.4069310224444307,0.9622968160963341,0.8518997475213991,0.03337778148179015
1.392109057688162,0.9610388397051904,0.1459800526068142,0.00591812941837349,1.2769033224839508,0.9497972414579504,0.5789989278083323,0.03060373530275645,1.106578934523975,0.9274385102284132,0.9549910907814657,0.07471716507505116,1.3855687522208364,0.9604710282767737,0.8566811425397829,0.03525741397950632
1.177052052109803,0.9376295020122115,0.1576179582060219,0.010484642946953667,1.1447390043343026,0.9331340480573337,0.6004851909287722,0.04302920250581091,1.1097691319646363,0.9279312993853113,0.9553962136682583,0.0742017903015837,1.4261160647711388,0.9638672385160132,0.8439481644121666,0.03163732152210368
1.377613491900511,0.9597696758121608,0.18186678236884718,0.007623245241111246,1.217584468669598,0.9428696124061995,0.5938156151456221,0.03598049593086814,1.1156428780650618,0.9288305494511584,0.9535822479797315,0.07306599108087942,1.41863736820768,0.9632626885397032,0.8300185175141593,0.03165559006750074
1.2127562883802168,0.94226780570758,0.16875592298387407,0.010339576153072115,1.134851142261249,0.9316993773315335,0.5856030079127212,0.04292913685476607,1.1183471231071656,0.9292410675585105,0.9542572289295868,0.07266383842788998,1.4231204032560394,0.9636262385997356,0.8421616290805988,0.03178886681328694
1.2810943500704446,0.9502553942152137,0.14503992983427966,0.007592647383620385,1.185289713883842,0.9387295890401423,0.5736893935896844,0.03744441990423763,1.1104387572119019,0.92803434356804,0.9528689470525781,0.07389148876174284,1.4306906195239235,0.9642322966901126,0.8554524611857391,0.03173257101264469
1.4186858968002474,0.9632666425974902,0.16713996254566665,0.006373740882250781,1.3389680409497329,0.9561897199531358,0.583266816074663,0.02672386245224036,1.108942903157309,0.9278039689805773,0.9544331194547632,0.07426814866273011,1.4514758290766938,0.9658467229178769,0.8290225033002794,0.029315039944425147
1.3489313271969623,0.957140758274472,0.15625625625625625,0.00699690677689486,1.1909156680978539,0.9394704485478002,0.5665742665742666,0.03650406063661782,1.1125552288043754,0.9283591402883195,0.9554092554092554,0.07372829917176069,1.4012549961595426,0.961819756198762,0.8539000539000539,0.033896280492971144
1.2178989884025875,0.9429086104756859,0.15840748695918994,0.009591283228384529,1.1427474875720178,0.9328473588051214,0.579057993249463,0.04168449777412202,1.1085033525197667,0.9277361451683237,0.9555461798097576,0.07443005296533632,1.4139834726603309,0.9628815862150694,0.8594660938938324,0.03313181866180549
1.347964954698402,0.9570493843331799,0.14760898671186334,0.006624419764553003,1.3020546040021852,0.9524878336282532,0.5808858241817774,0.028975849293929733,1.1111320346507856,0.9281408842219828,0.9545479170052549,0.07390361792029455,1.4233130202275017,0.9636417809885467,0.8556646777027079,0.032284241266879496
1.3116021703203937,0.9534728796296658,0.1343215700784731,0.006554560693745981,1.1303639492530526,0.9310389447691163,0.5731541865161957,0.04245291535249079,1.1051673329701965,0.927219470676738,0.9532399056472873,0.074822959503245,1.4151756819846357,0.9629795755295386,0.8589565700013876,0.033021403185687324
1.266142931289866,0.9486025742760412,0.1232219864729267,0.006676444982383051,1.1704848114183521,0.9367393086796972,0.5846437845166331,0.039482671050464865,1.0950276264825358,0.9256280956888698,0.9524101322834404,0.0765237740222437,1.3900644708302454,0.9608621802324308,0.8660926979847265,0.035277671046990804
1.3211017210243323,0.9544336720388782,0.13488650215036452,0.0064397168442122095,1.2139507404327996,0.9424172394273167,0.5990049293561173,0.036599879528870345,1.1145413267887645,0.9286626988451743,0.952898967365056,0.07319906429920749,1.4206273691376028,0.9634244963208114,0.8405203805493587,0.03190956467125068
1.2843711720151572,0.9506108453537307,0.16206574495123482,0.00842015445056373,1.1923877687966753,0.9396629158276042,0.5865218256702341,0.03766139555826083,1.1173841843527716,0.9290951399809926,0.9544807312479905,0.07284218776708176,1.411147919960338,0.9626475254246452,0.8542097285379634,0.033144890860401094
1.2422157120948412,0.9458490453074386,0.1234124369953886,0.007065505132548571,1.1549041399266335,0.934579746147429,0.5857858532624516,0.04100480390426654,1.1161689392613239,0.9289105801253081,0.9517334885787385,0.07283605443405783,1.4246570684880975,0.9637500553717585,0.8449435448041304,0.03178122433552013
1.114271289964147,0.9286214958190049,0.14976673984632272,0.011511822539566025,1.1601258327354331,0.9353110318099573,0.5873353457738749,0.040621906732063215,1.1112055174952384,0.9281521682968624,0.9534851811196488,0.07380884855360181,1.4038463577857578,0.9620382704274459,0.8545630564703013,0.03372079120928008
1.1771812760469462,0.9376469005432054,0.15266928836933685,0.010152439384352964,1.2111128009774699,0.9420615996414717,0.5666417835787011,0.034849439282259066,1.1176730583503047,0.9291389462614843,0.9512009296526885,0.07254361736040743,1.4124732726064722,0.9627571027613302,0.8482080328764593,0.032811728435789535
1.448580503489677,0.9656261242160515,0.16029141116006995,0.0057059734800808705,1.1658824937125245,0.936108415898004,0.6116427005933608,0.04174604178496195,1.1002277718638964,0.9264481898782748,0.9521722197191272,0.07559407106960245,1.423398495605262,0.9636486760050655,0.8581737928506518,0.032372538212994746
1.128219419258257,0.9307212251477053,0.13508714188397922,0.010055289849584093,1.184397965278905,0.9386113827226521,0.5923811127524895,0.03874389132977057,1.1143716573266438,0.9286368127359029,0.9531875483164816,0.07324984383066867,1.4085290439374518,0.9624300905031966,0.8585752665538963,0.033515779877329774
1.3437867119803735,0.9566521711948134,0.17969032993965364,0.008142129286596701,1.1773454385951934,0.9376689966264727,0.5698144908324406,0.03787808819332227,1.121514862510521,0.9297191637492074,0.9520851477059907,0.07197156192080642,1.4577056171043918,0.9663167573578807,0.8422979399002705,0.029360275158832282
1.1447380836744059,0.9331339157864114,0.15787649871785986,0.01131304208326649,1.1633593741252723,0.9357600594490532,0.5923949453646591,0.0406679208934317,1.101585852021425,0.9266609922561752,0.9574776106760305,0.07577793658168343,1.4405096799964228,0.9650039202425942,0.837772695420488,0.030382011360266567
1.248621406104993,0.9465995534019932,0.16613455487692022,0.009372135655362053,1.2826013951622892,0.9504191700463068,0.5931272749706953,0.03094186595561481,1.110481396535962,0.9280409004458209,0.9546316861003147,0.07402091492375636,1.4282592505396572,0.9640387131884193,0.8401273983589364,0.03133905507874344
1.244297783117705,0.9460940706739264,0.16226003959059032,0.009245146437061728,1.2425843274468833,0.9458925016041121,0.5711633188577041,0.03267201960738,1.1135527888913965,0.9285117577636676,0.9535117467429834,0.07341304852242997,1.419243860191201,0.9633120754568671,0.8344637623336965,0.031780711906842715
1.337039371408845,0.9560033080559185,0.16270473374134,0.007487913470528331,1.1849549052526367,0.9386852332287299,0.5809522357801032,0.03794770555789195,1.1101345288499227,0.9279875447430292,0.9541259231595876,0.0740408109357459,1.4209638654349726,0.9634517891177669,0.8585136463755745,0.03256741867877115
1.2246272394668272,0.9437368951817986,0.17307603633513163,0.010318336841081637,1.1014160034141638,0.9266344091296332,0.5837444859439603,0.04621753596310266,1.1119030175384306,0.9282591954935717,0.9538279460813698,0.07371689345475005,1.3997853088856744,0.9616952898758541,0.8512165506217242,0.03390429751262442
1.2571588857969502,0.9475845766893044,0.17781793954802694,0.00983595850220503,1.1225884715423902,0.9298805212735295,0.6057143732338819,0.045675089580457046,1.1114486999221662,0.9281894998972886,0.9541058177557569,0.07381554729021289,1.434221909274627,0.9645116688559966,0.8477673204015836,0.031192828838618993
1.2844320331215073,0.9506174243927864,0.15404153133322046,0.008002133531870327,1.2204215159002885,0.9432204813231243,0.5931607222572849,0.035706794937862274,1.1087880341857368,0.9277800789939873,0.9537967766266952,0.07424510336378524,1.4107893661876614,0.9626178277425609,0.8547173006172745,0.033191977586803215
1.1921415100001804,0.9396307590797361,0.15980559005258882,0.010267163003197285,1.1833928315769753,0.9384778910776762,0.6130889410177391,0.040191170156446056,1.1043191358419422,0.9270875622263356,0.9533753430538308,0.07497988669854226,1.4625860497148957,0.9666806162409309,0.8292090213574966,0.028581036109455265
1.2287549338580583,0.9442394307879567,0.17864488947002194,0.010549591977278871,1.1931760058197192,0.939765736960612,0.5970606901719695,0.038268591041220615,1.1045278492997088,0.9271200409816294,0.9535858203534207,0.0749604068900003,1.41799778732767,0.9632105379064724,0.8593122749065217,0.032821107245035314
1.0894066978320853,0.9247321903295178,0.16923685853034753,0.013774893737129923,1.0751729256738538,0.922419009712039,0.5739164852562834,0.04826983052167179,1.1136846122839859,0.9285319030623985,0.9492456880147361,0.0730624145760539,1.4242954985087084,0.9637209584194582,0.8485515078628081,0.031943515566450274
1.298205009816259,0.9520850818648222,0.15521632390843804,0.007811463066671577,1.1623185677767855,0.9356158449828244,0.6099745321331059,0.041975234861598605,1.117693242158698,0.9291420060993346,0.9512898365620674,0.07254702617510714,1.4153166322418183,0.9629911439689226,0.8529593967251229,0.0327802095704147
1.3260845318837284,0.9549300547668399,0.13774022909769,0.006500941666718807,1.298990264047791,0.9521674989991549,0.5850211211325493,0.02938876131720716,1.1102904896466521,0.9280115393781788,0.9512349202724817,0.07378996348043357,1.3824728606790082,0.9601994923613782,0.8764166381245957,0.03632768750430163
1.2489808944897791,0.9466413798700705,0.14869301004672184,0.008381266663145223,1.1848182713392121,0.9386671231973641,0.5814044034568052,0.03798919102254372,1.1082053610882807,0.9276901308989461,0.9553699575533636,0.07446740487238011,1.405685374129452,0.9621926145528221,0.8647586038415733,0.03397891582175196
1.289415135690656,0.9511532834739621,0.15698546289211937,0.008062028000989513,1.2141103230902954,0.9424371767337495,0.5663733741392502,0.034593340801005075,1.1124467664926978,0.9283425284455185,0.952876817138485,0.07355123925364049,1.4248703887085845,0.9637672115500702,0.849663351185922,0.0319430585396903
1.2543905400541657,0.9472670703041725,0.18578665420016402,0.010342462945760779,1.1712358816914,0.9368417136260273,0.5955105262754535,0.040147042782335135,1.1134999800144618,0.9285036860215942,0.9553351777626204,0.07356238306020459,1.4165650534715795,0.9630934560376028,0.8602040112505077,0.03296373468101707
1.2931838237598914,0.9515548820069215,0.1516411294944786,0.007720282402912706,1.1725116872106414,0.9370153095179414,0.5850827251537962,0.03932833751581897,1.1084795845735773,0.9277324760382106,0.951923885216461,0.07415196078772038,1.4121418421306964,0.9627297298054873,0.8591035879408505,0.03325857907608186
1.213679457202007,0.9423833320371244,0.14671095330813577,0.00896980665500439,1.222742126429874,0.9435059737020411,0.5809949223074867,0.034788059996094044,1.1171706199366591,0.9290627379364992,0.9530256175314015,0.07276691360392876,1.414480227930715,0.9629224454788629,0.8477074027411904,0.032641172288259815
1.178450452577814,0.9378175400884801,0.14157105165111736,0.009386939215379534,1.2763400194844579,0.9497353587053927,0.5850194271463005,0.030962090003650206,1.1183260924540936,0.9292378834552596,0.9533748488788522,0.07260016339017225,1.4204889589419158,0.9634132643513186,0.8511143046146126,0.032322052458674456
1.399791889647828,0.961695848061307,0.14834305327744365,0.005908473935125693,1.2576560920640967,0.9476414105072095,0.5974272522932993,0.033008739284502375,1.1173042286065837,0.9290830106772884,0.9529418018346395,0.07273813298620962,1.4091231702808926,0.9624795248860823,0.8531832816961302,0.033259764245145
1.2465198319453057,0.946354415581022,0.1540202811214267,0.008730881218598639,1.275392825996803,0.9496311400153654,0.5752894571817501,0.03051360986219884,1.1242331889871202,0.9301270490402302,0.9528991603065111,0.0715836361993843,1.414648128273136,0.9629362458872869,0.8574662363683639,0.03300417642439699
1.2692847724232001,0.9489541480998892,0.14862479270631931,0.007994779486830228,1.291911007093289,0.9514195999437921,0.5944991708252773,0.030355699581427704,1.1053336690662379,0.9272453128410817,0.9541393777750605,0.07486488308399453,1.4125987173592358,0.962767458243591,0.8575806439286834,0.033164713723097365
1.2749882414297895,0.9495865616652774,0.17440735180937722,0.009259265695741363,1.1869521804577663,0.9389493905241352,0.5923967294811519,0.03851771112620338,1.104237465521656,0.9270748495438123,0.9516585005295924,0.07485893870185373,1.4222229884317772,0.9635537412937578,0.8509140231496651,0.032185680253642705
1.1401076281767255,0.9324655789657429,0.15343132793301173,0.011112362894903015,1.2312413609883321,0.9445401051549979,0.58325748611996,0.034246718240158895,1.1105276735310392,0.9280480160841909,0.9510178696034708,0.07373284708487372,1.42277358240757,0.9635982372789101,0.8572707138739722,0.03238503756742247
1.1448445222533907,0.9331492061749143,0.18911488159433718,0.013548187015602248,1.168841538128146,0.936514715832739,0.5606686616134765,0.03800710090770906,1.1174732802800917,0.9291086535947821,0.9495617699330123,0.07245192702169351,1.4228556036097233,0.9636048613076156,0.8569030729269516,0.032365036165120445
1.101239206306722,0.9266067290640424,0.1429213722890281,0.011320300910768084,1.19006591866893,0.9393590881916588,0.583756267812781,0.037684749952383134,1.1106908442877241,0.9280731003498519,0.9528142288875681,0.07384437001847673,1.4371133595765002,0.9647388550023069,0.8395287519241613,0.030684723537189117
1.0979799466931106,0.9260947208305307,0.16363193842315824,0.01305834470080942,1.1200864915897528,0.9295039553423191,0.5923424451238991,0.04492482170096377,1.1077584420346342,0.9276210693654444,0.9525471942073959,0.07432382636892917,1.439474441253384,0.9649233293191855,0.8498379957103089,0.030893115133413147
1.3367366656370068,0.955973981987156,0.1711062695948562,0.00788005515760458,1.1747657875683792,0.9373209322750051,0.6047703274096454,0.04044126083664045,1.1109182575410192,0.9281080471677677,0.9524181855447844,0.07377503457780998,1.3966907662147614,0.9614319412352448,0.8653771701421837,0.034714799998052936
1.2113794397452473,0.9420951013469104,0.16152019002375298,0.009927671017906257,1.1952153237809404,0.9400309941400329,0.5842473939815725,0.037271893811761006,1.10585824316081,0.9273267558923011,0.9534320770988093,0.07471908002097943,1.3928555265826266,0.9611031463874816,0.8563777478554246,0.034658506759191375
1.368816050683837,0.9589801953642713,0.16237532768855276,0.006945507583623048,1.2113926552131724,0.9420967613253322,0.5811688311688312,0.03571985269762095,1.1121347481515458,0.9282947205979277,0.9517657516497424,0.07351827779803541,1.3916965070692584,0.9610032556069726,0.864216410040076,0.035069211520315315
1.1973872065660902,0.9403122914281533,0.1517763726515944,0.009634228948726401,1.1489746094268696,0.9337400110054723,0.6091297821043533,0.04322502215045059,1.1034439532516505,0.9269512262334261,0.9514549121290694,0.07497979684176997,1.4014308253414878,0.9618346209564868,0.8594292559401963,0.03410195744609825
1.2415409958174712,0.9457694173341274,0.15531727735986411,0.008905919661733616,1.2468703962055194,0.9463953807404247,0.6022961659791313,0.034114554356292424,1.1043013395597212,0.9270847922570908,0.9524159791312788,0.07490750528541226,1.4215297342454236,0.9634976418606859,0.8508705411307935,0.03223545120729943
1.284460881073348,0.9506205425440659,0.140947852992227,0.007321458141130273,1.258879082856796,0.9477809584510742,0.5848313334842653,0.03222193000399365,1.1080684580736357,0.9276689819998839,0.953331824013282,0.07433196825675129,1.4267866799593822,0.9639209783593295,0.850554675118859,0.031835784487664914
1.1828577285765975,0.9384067135376555,0.16491416390121477,0.01082431017631243,1.2412122575379183,0.945730580658373,0.5764512007982644,0.033078841464899256,1.1054648129864302,0.9272656815472977,0.9527013236372432,0.07472947920181147,1.4042013279223156,0.9620681092610951,0.868339292598668,0.03423640265599076
1.2127872538523945,0.942271684281902,0.17782948439075041,0.010894731095224748,1.171479156677114,0.9368748498816113,0.5921131414799039,0.03989564982741605,1.0917648242924936,0.9251092469324769,0.9553436763401824,0.07733833338781279,1.40912826357955,0.962479948404503,0.8504710438756717,0.033153643875478055
1.1746306195509928,0.9373026445539488,0.17726984902004164,0.011857803665076126,1.1592610895804543,0.9351904545100735,0.5972062222968179,0.041386932088704156,1.104475399386576,0.9271118802902654,0.9530581261395973,0.07492797392117272,1.3944393085615645,0.9612392486682757,0.8555124087368493,0.034497450850237886
1.1855373364231419,0.9387623750469337,0.14176980757069294,0.009247970025693058,1.0837794221162158,0.9238253523231136,0.5948896317041588,0.04905202913921295,1.1100740405296339,0.9279782366038734,0.9530068961363568,0.07396427467911514,1.432578555356176,0.964381920051152,0.85127382780739,0.03144059280538691
1.2593764668095346,0.9478376112830251,0.14603308397429143,0.008036645097354198,1.1686796262379782,0.9364925464917677,0.5984090190706985,0.04058060376444585,1.1099715258069414,0.9279624587712069,0.9491548384183512,0.0736827014485169,1.4156157455305305,0.9630156820653543,0.8552237458042958,0.03284460212760923
1.4145798793436941,0.9629306368275209,0.12737552297312577,0.004903499109688221,1.26198594429882,0.9481338844343377,0.5749575967735856,0.03145211625613981,1.100962240868993,0.9265633469096343,0.9515887075496589,0.07542008869022229,1.380577015609199,0.9600323289332144,0.8639101428517583,0.03596595174990276
1.3780520863301622,0.9598086518523333,0.15575253670491765,0.00652203375694582,1.2251633818014755,0.9438024089413336,0.5714667460699207,0.03402730719376709,1.1151901738626728,0.9287616121215861,0.9509990303641097,0.07294405465608851,1.368396154485643,0.958942145458106,0.857249746138635,0.03670381529244552
1.2512139718927222,0.9469005066774566,0.13690588332818376,0.0076772934287573195,1.2321751172152267,0.9446526261550229,0.6031259184457824,0.03533726023679715,1.1010567534790723,0.926578153433874,0.9527193531127305,0.07549326940807671,1.4138382791837365,0.9628696355440298,0.8653398343594806,0.0333694014661522
1.1047357137757374,0.9271523743738193,0.15722390317700455,0.012353296345555624,1.2594656635813344,0.9478477647950915,0.5859379727685325,0.03223932798735663,1.112117982266337,0.9282921508745782,0.9489258698940999,0.07330174347102655,1.397824632090428,0.961528635466953,0.8621331316187595,0.0344944880049416
1.3587657469689676,0.9580601355234194,0.1492074249783501,0.006531676823264071,1.1883594935385215,0.9391348807036791,0.5790202944387967,0.03752617437614692,1.1209457343345997,0.9296334877751201,0.9501035430550849,0.07191594693656285,1.4182410777661827,0.9632303838934347,0.8446477653526112,0.03224293439721864
1.4157583521019015,0.9630273754482951,0.18041579288807086,0.006926537649611126,1.1311903015827542,0.9311610112756573,0.6162364407163224,0.04555720533861759,1.1164463622941816,0.9289527515327386,0.9495043978093931,0.0726190592154609,1.4051857829348533,0.9621507448335702,0.8639168414223858,0.033984912602471704
1.5085114326133786,0.9699235837485564,0.14834116431485825,0.00459991970492604,1.1389416904895717,0.9322963193778556,0.6112011946332009,0.044385641793516416,1.1060541615925397,0.9273571517639425,0.9521995882135558,0.07458883564488981,1.3868427815715343,0.9605822547942469,0.8744428438907031,0.035882991847336385
1.2308426851896133,0.9444919977158367,0.17818935036950484,0.01047222728328491,1.152991300399259,0.9343099385400622,0.6017997238197849,0.04231172035488326,1.1006415453448974,0.9265130856489247,0.9519416076116481,0.07550379208814502,1.4076813466721134,0.9623594493383046,0.8651421114129197,0.03383811059016936
1.166516192800486,0.936195631107001,0.14678381064233445,0.0100037300864879,1.091476366806581,0.9250632168927538,0.5717393922968049,0.04631500858754986,1.099064803343729,0.9262655085672709,0.9514183756436896,0.07573676167252624,1.4124856516206719,0.962758124773839,0.8495046225193483,0.03286094849975365
1.33014965815481,0.9553311982510113,0.16371701443896255,0.007654981721835136,1.1502637309189283,0.9339234230126053,0.5883764088172725,0.04162857266109764,1.1120519101386943,0.9282820231086965,0.9523680200365123,0.0735788326744288,1.425735809679569,0.9638367324998641,0.8448000120701882,0.03169699575712793
1.1138446490832392,0.9285563529019283,0.1417752676643361,0.010908268688906668,1.0879766130575173,0.9245026758122475,0.6077981305024086,0.049634396632692104,1.1002682280036242,0.9264545373003695,0.9510502710620498,0.07549796500504401,1.4311216628483112,0.9642665111151992,0.8553480013892873,0.031697220579538735
1.226887948915209,0.9440126556989618,0.1495785096099809,0.008871177168032294,1.1957751490638526,0.9401036199332354,0.6022554419092578,0.03837121789663568,1.1092945772703697,0.927858190938189,0.952957925892623,0.07409333603464925,1.3970439155323702,0.9614620822201144,0.8670338316286389,0.03475298624208664
1.2781573836724438,0.949934749751505,0.137285044686591,0.007235454981942676,1.192242737969336,0.9396439794814065,0.6125227954363913,0.03934409118426821,1.1086018347749809,0.9277513463430804,0.9513873189552531,0.0740893054714736,1.37380219794079,0.9594294543119644,0.8681406459586141,0.03671029650195882
1.3692952760966237,0.9590235802853184,0.15321689310606687,0.006546533211858927,1.2404670434147083,0.9456424450192651,0.5851083826437395,0.03363328417285465,1.105704194943493,0.9273028477664708,0.9521732919301359,0.07464690410783476,1.4096808077640124,0.9625258663337407,0.8662867196487244,0.0337272435587361
1.2396611045931105,0.9455469757012687,0.14830859780554664,0.008540931215000394,1.1638621038224246,0.9358296100363088,0.6032431301957679,0.041364738294696946,1.120488867748929,0.929564641704331,0.9505314341626644,0.07202406280620847,1.3985720359274625,0.9615922455417731,0.8707154754524473,0.034777969913135164
1.2422877350053474,0.9458575387194633,0.16583176159939644,0.009492486303628755,1.1802630842257547,0.9380604906961786,0.5751414560543191,0.037976207207971936,1.1134419917881229,0.9284948216562613,0.950184835910977,0.0731755682063285,1.4098887818443306,0.9625431355536923,0.858491135420596,0.0334077350926288
1.2274099107579586,0.9440761435139594,0.1606905111136184,0.009518758782250301,1.207296060829849,0.9415800491861309,0.5784948662980932,0.03589247846152026,1.1063091538521679,0.9273966951271878,0.9517920944751589,0.0745131527573917,1.4091309100957103,0.9624801684660352,0.859408025875362,0.033501827264837525
1.289031408255832,0.9511122160414094,0.1614114624655257,0.008296653720102376,1.240915395621101,0.9456954872858168,0.5761532358608183,0.03308435024039147,1.113354069508035,0.9284813794892999,0.9514375306962862,0.07328687596829657,1.4076128451309882,0.9623537353284272,0.8693717178586271,0.03400890606749327
1.2601602333387492,0.9479267656939342,0.1514680366840172,0.008320717221601567,1.1195291314699023,0.9294198144783467,0.5882511998918407,0.04467182448117328,1.1159326613012046,0.9288746450032509,0.9511405544664518,0.07283028980513763,1.39749780694346,0.9615007882491398,0.8629156432847368,0.034551788703620565
1.333095040457442,0.9556197175760691,0.16940501835158484,0.007867399992064381,1.1429517979432575,0.9328768227811375,0.5825295914614467,0.04191468374820143,1.111427625079592,0.9281862653488865,0.9517154416014291,0.07363418608746862,1.433488980614677,0.9644538577949349,0.8545083351472255,0.03149396370916376
1.1798485206239,0.9380050042293121,0.1476690678501602,0.009759802128511958,1.2327369807466995,0.9447202291389563,0.6093876610391251,0.035657974952535226,1.1118243147960536,0.9282471263970044,0.9498873748299471,0.07342565013673338,1.4164077064631861,0.9630805759488079,0.8558026123092248,0.03280695337130515
1.2723696443104755,0.9492971321493207,0.14787988531763996,0.007898406125021917,1.1775726606497463,0.9376995683834897,0.5839218349177607,0.03879556264315513,1.1117842724874294,0.9282409851741504,0.9521653840350083,0.07360852515773156,1.4327480119691975,0.9643953203685053,0.8622529047834616,0.03183366591244959
1.1988959195338138,0.9405069686312283,0.135264543931051,0.008556340381915818,1.2007146611822186,0.9407408597616876,0.5836650107732823,0.03676622139530738,1.1108062181001537,0.9280908319149235,0.9513331936796744,0.07371000356514183,1.4081381352159066,0.9623975307453186,0.8519047761551353,0.03328533389781412
1.3638029537474645,0.9585237096421885,0.16444991851479127,0.0071159142971894815,1.1529909496596396,0.934309888973214,0.6185140402394238,0.04348691633736798,1.1101584606200252,0.9279912271351622,0.9513266693202557,0.07381951903018086,1.3850465389752207,0.9604253506179204,0.854145231425503,0.03519534134880092
1.4337573191348423,0.964475033994001,0.15357346284138262,0.005656644137558446,1.2915161056736935,0.9513775548004554,0.6098719908864706,0.03116897945089128,1.1042469644218056,0.9270763282336479,0.9539302095512187,0.07503599366177376,1.4023952408611093,0.9619160547214188,0.8673217015918697,0.034338788774990185
1.2393515705264933,0.9455102671561072,0.1459336603807552,0.008410153166285874,1.1823114042653708,0.9383339640028966,0.5847247850938386,0.03842732015387636,1.1073747668282465,0.927561732273092,0.9539208185186852,0.07449679006570237,1.4329628651339297,0.9644123035811086,0.8458826529846828,0.031213843859773698
1.2208924773622127,0.943278530659162,0.1376711206447096,0.008278475545617298,1.2187696803220167,0.9430164392842041,0.5919098479093117,0.03576727759085495,1.118773373410132,0.9293055745958176,0.9486824268966647,0.0721684673953174,1.400273628007489,0.9617366882844688,0.8617404775736992,0.03428489826057275
1.1613395026257056,0.9354799102708132,0.15301522751567978,0.010553466836487767,1.2184978257398698,0.9429827926495978,0.6035912118471118,0.03649598439020042,1.0957442542150446,0.9257416097656451,0.9500265378893781,0.07620640645227333,1.3739997709882503,0.9594471585204302,0.8851470049562312,0.037412405528888505
1.2943748856482555,0.9516811508228235,0.15017685092705932,0.007624793875106239,1.1834492010215834,0.9384853846687174,0.5959988885801611,0.0390657574084889,1.1013930698195082,0.9266308190965743,0.9531776844919384,0.07547112024050746,1.4026325368726793,0.9619360660362861,0.857415348107207,0.03392803570023994
1.2967644268768073,0.951933533301813,0.1218194336346764,0.006151090958717922,1.1583974766726037,0.9350698260704239,0.5806217445967791,0.04031770656357752,1.1102989332878421,0.9280128382255147,0.9503756810153865,0.07372187654926164,1.4306559471333364,0.9642295431697051,0.8528258396695204,0.031637663560252
1.2091678811771363,0.9418166802974789,0.17407399030451073,0.010753900245833255,1.1788062138213007,0.9378652935456062,0.6151358197815122,0.040753489711951335,1.1031870214950554,0.9269111568198353,0.9538974208189145,0.07521676536875337,1.411060476366135,0.9626402848868909,0.858819804130007,0.033330480470764076
1.3623136428304659,0.9583871611769288,0.11029329180175661,0.00478889655551757,1.2903199469624376,0.9512499890251005,0.5863739489191557,0.03005070883049409,1.111965514163283,0.9282687780412879,0.9522886045240466,0.07358733469847288,1.4138745593013453,0.9628726220561764,0.8636346618945288,0.0333008642711972
1.2467286494221765,0.9463788204860176,0.16867641651721732,0.009557090896434103,1.1647318190702198,0.9359497659655197,0.5749885568070114,0.03934842762917457,1.1114864577475008,0.9281952945991556,0.9498525516444432,0.07348009954577887,1.385599751482612,0.9604737381723276,0.8671088866711189,0.035684029167609335
1.281254357714018,0.9502728070994192,0.14830178507248112,0.007760541413691305,1.2265220007324558,0.943968103878146,0.5658395231819815,0.033587004957388734,1.1111315016207954,0.9281408023635673,0.9490760153348509,0.07348005904305686,1.4032917328594257,0.9619916034484918,0.8715855996166287,0.034436445162368406
1.170110994277779,0.9366882827597911,0.15689339266350072,0.010604584573111331,1.129386806037623,0.9308943452450912,0.6026549003477546,0.04473854814191718,1.108236139507767,0.9276948847913865,0.9521594435927159,0.0742118981085276,1.4170295882675181,0.9631314566537451,0.8583330217253113,0.032856873273508315
1.290742793260188,0.9512951202168665,0.1464053947083467,0.007495736073203736,1.113915867486301,0.9285672309076056,0.5926786101008894,0.045593547663702404,1.1036274943250626,0.9269798377189268,0.9504140871786063,0.07486612767196213,1.3955338006749358,0.9613330366625232,0.8614058801126138,0.03464766976139421
1.193252191241095,0.9397756662293975,0.1761913333033344,0.011290998528320434,1.209375420077524,0.9418428614271617,0.5891643792467264,0.036379863190885334,1.101800966294727,0.926694647213792,0.9523766668166614,0.07533690601996305,1.3943492393875898,0.9612315208465545,0.8627398041068562,0.03479610206800914
1.2968489442550308,0.9519424370390325,0.16445613404070378,0.008302351810852584,1.11170238077153,0.9282284240665123,0.5827788268441088,0.04506105796677667,1.1100796245641684,0.9279790959397348,0.9501768426100771,0.0737436818580559,1.4280846835383434,0.9640247755707768,0.8511974342834877,0.03176476321762257
1.3044643508467997,0.9527383068217314,0.13073852295409183,0.00648543667678144,1.1769249652865224,0.9376123867993242,0.5896267167158221,0.03923306054095926,1.1039184906540842,0.9270251788169166,0.9523862722316561,0.07497123001774962,1.4063028103573771,0.9622442991465637,0.8704531236035392,0.03415407892866995
1.2097514120366295,0.9418902648391259,0.1626466923805758,0.010034455787311606,1.211482110116773,0.942107996469761,0.5780481800073113,0.03552073371951861,1.107581439748651,0.9275937007377867,0.9491640492692426,0.0740900419501126,1.4249170090809522,0.9637709599309263,0.8591976961928991,0.032298034550511126
1.2736891330011035,0.9494431692770078,0.1637189934628817,0.008717860854109381,1.2112352202509886,0.942076983212891,0.5885122832154264,0.03618431133287087,1.0973388499157684,0.9259936226527489,0.9519939703292439,0.07608435228599209,1.3931666233991131,0.9611299166286975,0.8637204859556431,0.03493064435696635
1.2041165460391556,0.9411760324910634,0.18255789693302732,0.011409958846131342,1.236720407605667,0.9451972869878527,0.5908765759589878,0.0342591328431277,1.1073740585691696,0.9275616226961895,0.9513352806175673,0.07429499271378696,1.4103183027024238,0.9625787768019511,0.8494903281571339,0.03302479541484047
1.2191919120888883,0.943068660669807,0.17156312908090118,0.01035695397969998,1.2885056339022432,0.9510558932211646,0.5826579805528113,0.029985277015770247,1.114919928257605,0.9287204300166884,0.9519762889890879,0.07306446409521931,1.4223955382278275,0.9635676914493071,0.8426099939831081,0.03185892134108061
1.2233271686557654,0.9435777350562272,0.13259664397068124,0.007928761668293384,1.1579258428136412,0.9350038606289721,0.5985489451947762,0.04160771126238064,1.0944544428690373,0.9255371883691335,0.9524202850020463,0.07662565390861267,1.410100986632917,0.962560748188801,0.8639133831900881,0.033602316276846914
1.22852965313752,0.9442121127737623,0.16476637106512865,0.009735066520863695,1.1634982691301263,0.9357792820179631,0.6103986546055312,0.04189047631991068,1.1101424881684938,0.927988769466203,0.9513257617851666,0.07382216358508042,1.410148571175318,0.9625646965318985,0.87590662251165,0.03406506631874676
1.2890629303308603,0.951115590844036,0.14854133081740448,0.007634566462952808,1.2174178922131524,0.9428489480494874,0.5797754979236158,0.0351432535084376,1.107654618147451,0.927605016959359,0.950174208262449,0.0741563967800622,1.4359027687590842,0.9646439078515705,0.8565029084236566,0.03139251231376068
1.2361295507614098,0.9451267713327359,0.1363996475614361,0.00791924351081351,1.1344904669752913,0.9316465098955643,0.6026551359035681,0.044215892434341444,1.111256517364894,0.9281599989100031,0.9497701004746074,0.07351263266405665,1.377359131566762,0.9597470552922901,0.8689239517544184,0.03644371461449621
1.3584968827845982,0.9580352531619939,0.1451074980644393,0.006356132929840107,1.139349513418035,0.9323555678669675,0.6171237567744625,0.04477367596818868,1.1017849625089209,0.9266921438867535,0.9529807635042582,0.07538747053217636,1.3937255254525107,0.9611779663918927,0.8540066106842952,0.034493376357749135
1.1306877641946647,0.9310868016890954,0.17481772753338248,0.012938910425875035,1.1340105778359502,0.9315761094166725,0.5846943259083834,0.042945563090598146,1.1070553892136112,0.9275123048924243,0.9519426260640318,0.07439699341351362,1.3831774986959309,0.9602614518171658,0.8724204443054283,0.03610341933034486
1.417087500004655,0.9631361914032491,0.17009007932358344,0.00651015732183772,1.2783635279451462,0.9499573193783423,0.5909009426211141,0.031127995487182345,1.1102731332813878,0.9280088694587111,0.9500231547183341,0.0736989087059774,1.4531447157024424,0.9659732565082689,0.8540655203836214,0.03008475461553997
1.2531363816550274,0.9471226316529625,0.1685359897267646,0.009409277437454401,1.224115445969526,0.9436742897245802,0.5936059501629317,0.03543095020253325,1.1069226865119406,0.9274917584726676,0.9490569258976091,0.07419413507187439,1.3984280837961682,0.9615800019143568,0.8673238370237308,0.034653986243208534
1.3965706970570249,0.9614216882841946,0.15169438761896292,0.006086937129062024,1.2136831853346013,0.9423837981392941,0.6190370304485754,0.037847172856748594,1.1077761659470615,0.9276238093648701,0.9492054315277654,0.07406005815136639,1.412027247002707,0.9627202608561137,0.8573482759643037,0.033199384476428624
1.3409857458967973,0.9563839306673352,0.15516302117148378,0.007076238811916219,1.183604140458916,0.9385059774758208,0.5940403429825151,0.038923492346727345,1.1001189051600875,0.9264311065812829,0.9506943978030015,0.0754956675449282,1.4011898020630016,0.9618142432182306,0.8725606525324437,0.03464222856947843
1.2571406981339521,0.9475824966199835,0.15284868210832944,0.008455143841958834,1.2438036894102218,0.9460360187935978,0.5828150195807418,0.03324505424600114,1.1071688954817311,0.9275298748607804,0.9516017566934927,0.07435091877836236,1.4263072043088416,0.9638825633554123,0.8518031373772953,0.03191773253039079
1.4727535307513497,0.9674264983268358,0.17852032532380394,0.006010825758531365,1.2509571791401108,0.9468707689387884,0.5856421586435451,0.03286057462797344,1.104508954083487,0.927117101168575,0.9502153750342894,0.07469870953668903,1.3969169260504188,0.9614512463834726,0.8712049881006221,0.0349303894109112
1.3151621345050137,0.9538351743951368,0.14827672807315595,0.0071764697680579475,1.2684683871541225,0.9488630135444637,0.5601483210471111,0.030188021555901032,1.09463551474131,0.9255659175294498,0.9520320278914479,0.07656248910701961,1.3789372568202494,0.9598872030627282,0.8825767088682395,0.036882063008484324
1.335420022791587,0.9558462088409031,0.15905875070011496,0.00734746530925319,1.2253958180626712,0.9438307891246953,0.5918256050467234,0.03522069590684053,1.0983822376930608,0.9261580954645597,0.952967013530643,0.07597935987727494,1.4101800093724357,0.9625673049071235,0.8573092002476196,0.03333937661250959
1.3383426136920964,0.9561293531850349,0.13650511995859674,0.006263344898040274,1.2039958858857331,0.9411606488914896,0.6127167202691213,0.03830573906424163,1.096758390301903,0.9259019769477193,0.952866807142065,0.0762559627252556,1.3912286300160155,0.9609628616545234,0.8756053380651362,0.03556966463744051
1.1989048197744558,0.9405081153096322,0.1501970417758251,0.009500720881307885,1.1821452478207335,0.9383118223937208,0.5812249987012312,0.0382119356203168,1.10216675551936,0.9267518428455417,0.9489546766807924,0.07500301383437082,1.427471134283143,0.9639757478671077,0.8596736008549609,0.032126429132385025
1.2394327542525192,0.9455198972257626,0.17727212005165427,0.010214278248144665,1.2676795507432823,0.948774808100365,0.5723827759718574,0.030903452841364414,1.1106774286166157,0.9280710382610668,0.9497335648869691,0.07360788822689104,1.4161996856250552,0.9630635411736969,0.8546184560122307,0.032777255147904256
1.2128638164536472,0.9422812730658886,0.13631207882036342,0.008349693324217734,1.1390136408056988,0.9323067758104031,0.596030810518278,0.04327679292607235,1.1051156156987283,0.9272114340991844,0.9525609945955563,0.07477857388269452,1.3993155788187723,0.9616554268187685,0.8576829837866691,0.03419882737718159
1.3673604532981445,0.9588481484128262,0.15138602214972147,0.006497186364900555,1.230644874875076,0.9444681137506831,0.595911844996338,0.03503782532111269,1.1074929861875997,0.9275800202061573,0.9521568975593877,0.0743387974942511,1.388711564301232,0.9607448621894331,0.8793824119078797,0.03593074407805267
1.3743824283267463,0.9594814267985444,0.15167625120573747,0.006405236324279995,1.2526905654099512,0.9470711980477075,0.5949532063412587,0.033250045502631484,1.1109542179670255,0.9281135718072231,0.9497676884448012,0.0735636335995615,1.3940329366594142,0.9612043707555997,0.8610401372515812,0.03475285271861661
1.2249265798277442,0.9437734818422611,0.16899229375101302,0.010067933096150923,1.140765211962723,0.9325608674465644,0.5756111217528401,0.041625931447682035,1.1027666330669366,0.9268455520961091,0.9507639942829358,0.07504229257115123,1.3949492963038574,0.9612829770993888,0.8557325356948149,0.034465830531261635
1.1956800653116988,0.9400912905841843,0.15952322999874613,0.010165854025866452,1.0851164355787062,0.9240417164049365,0.6082505402754114,0.04999954678977251,1.1143902386945925,0.9286396480784942,0.9480302996776787,0.07285040645984941,1.4000452738246878,0.9617173343689202,0.8702232646648818,0.03464060080336742
1.1427375613315418,0.9328459270179644,0.18138976570488596,0.01305795653016307,1.168505514606486,0.9364686986820853,0.5832481216378429,0.039568340309750115,1.1013798349109758,0.9266287472256756,0.9538745387453874,0.07552859773325694,1.366494592639593,0.9587694075359148,0.8721602276263727,0.037506080842801326
1.2240989259967465,0.9436722678177216,0.14534991098010536,0.008675926100211303,1.2064556154389792,0.9414735086764152,0.5826112009928858,0.03621789576200704,1.1102311839828534,0.9280024160455977,0.9488634264902521,0.07361605210156794,1.3854944542636023,0.9604645325677742,0.8801223377141464,0.036228352884667
1.3077389782388755,0.9530766663475524,0.17241937025356005,0.008488815143862087,1.218866594945326,0.9430284296080591,0.5875623975357108,0.03549665252910336,1.1054110202178675,0.9272573273230288,0.950611293678275,0.07457477459758162,1.4000607258151307,0.9617186442823638,0.8653021915411364,0.03444348427117618
1.1850553253932024,0.938698540148169,0.1630817364098553,0.010650009656473567,1.053389788607744,0.9187527167916979,0.5876580013429653,0.05196786381374231,1.1053607813591553,0.9272495242360831,0.950568546572118,0.07458004798256397,1.3708008447458684,0.9591595958378868,0.8708318268017503,0.037079464062230914
1.2281012173787276,0.9441601250018644,0.15912096029547554,0.009410791980295827,1.1873524329630551,0.9390021993182076,0.5825817174515235,0.03784464350324906,1.1030827335662714,0.9268948869735244,0.9505817174515235,0.07497331668545479,1.4039191541299396,0.9620443915343424,0.8691486611265005,0.0342905863497156
1.224991948568547,0.9437814685126257,0.15542870559232247,0.009258471236095201,1.2107402305307122,0.9420147577313089,0.5930195019590004,0.03650301570005678,1.099406901083684,0.9263192892427925,0.9495502369876884,0.07552853230349815,1.372887978771322,0.9593474361617481,0.8617033765242784,0.03651487480275522
1.1979122301023342,0.9403801055770399,0.17091901214743446,0.010836228242890924,1.2287412355770868,0.9442377700650548,0.5859315758954459,0.03460235578055262,1.0979316135377983,0.9260871033333609,0.9496260612278276,0.07579158880718578,1.3857691203881066,0.9604885409296405,0.8604606211992804,0.0353966269949097
1.2012792263266003,0.9408132877273996,0.15255536878114956,0.009597282304017137,1.189616451249564,0.9393001076504793,0.5934265239316996,0.038348687311561644,1.1093165499600288,0.9278615774932727,0.9481774750066354,0.07371792189970966,1.3966952344882748,0.9614323227397781,0.8612241587779056,0.034547845562128525
1.1614945468591626,0.9355014546119383,0.16437093515418763,0.011332623983912736,1.1654097826390286,0.9360432849454756,0.589983335053903,0.040311593121634834,1.1083524494024097,0.9277128468781778,0.94907605409471,0.07395176888782284,1.4094368598378126,0.9625056002578078,0.8607370920406447,0.03353000813009264
1.2622232035674177,0.9481607431935206,0.155559653328416,0.008504989133443544,1.1590706590373774,0.9351638733328972,0.6361571086114697,0.044105599082983955,1.1093789476231066,0.9278711937743319,0.9496367324359211,0.07382076770809438,1.4067202690082288,0.9622792054676049,0.8605937672874793,0.033734783509050584
1.227409202682537,0.9440760574344746,0.16196269923012516,0.009594134517209295,1.192586507240271,0.9396888556263763,0.5967382203220285,0.03829987420156324,1.0979747660686452,0.9260939043781142,0.9522144090339886,0.07599061913042267,1.4119093365029465,0.9627105155450559,0.860288832739317,0.033322298382740874
1.45193135611153,0.9658813055658494,0.18452302220654587,0.006518072742947299,1.3077459770917592,0.953077387050135,0.5764516555707421,0.028380295541763793,1.1060513387181294,0.9273567138907662,0.9486721631909234,0.07431300420030328,1.407641148063722,0.9623560962995191,0.8656878738444806,0.03386259107515767
1.158930777320496,0.9351443415315774,0.17890046987836272,0.012407397723509211,1.197216967396528,0.9402902871483003,0.6081125937728208,0.03861597726995416,1.0995414399566568,0.9263404300045529,0.9522302625270161,0.07571824504523349,1.4214791264121343,0.9634935433273929,0.8622009781141429,0.0326685143544423
1.334539157309884,0.9557605281662598,0.16205019900901632,0.007500848804109955,1.216375462462716,0.9427194716805825,0.577244297413252,0.035073910445763336,1.0916445999488462,0.925090065526743,0.9506206570620509,0.07697729527437462,1.4106730521372988,0.9626081890059551,0.8540108254997378,0.033173425843104745
1.4516249647245294,0.965858048701829,0.16609169983782987,0.005871147146845618,1.272293504797427,0.9492886930774299,0.5832522482677281,0.031157522459578337,1.1048324170961834,0.927167412103865,0.9507297655904468,0.07468350193706019,1.3996353709018272,0.9616825699010387,0.8724089635854342,0.03476039862439441
1.1946384823513836,0.9399560746186805,0.16691823436292014,0.010662653585099343,1.2159313225903985,0.9426642230420299,0.5970032765158487,0.03631160053473661,1.101424444756938,0.9266357304997042,0.9503147664101903,0.07523900313603356,1.3929256789248592,0.961109184622169,0.8709494533004455,0.035242545731207685
1.145864042661648,0.9332955005717498,0.1591371770844817,0.01137385290226103,1.1524017696140074,0.9342265763986674,0.5913791202733988,0.041635541494301216,1.108073762344478,0.9276698015145399,0.9472090544960129,0.0738536694921697,1.397640595338383,0.9615129569492087,0.8701723441002462,0.034830898769431
1.0993792772274686,0.926314947877955,0.17998423839791416,0.014317104585085692,1.169270422451924,0.9365734047808796,0.6018354164671915,0.04075747950340965,1.094956549196979,0.9256168283279713,0.950409875306578,0.07637555708815573,1.394406287693141,0.9612364156909927,0.8634190892150869,0.03481892499332296
1.293563357130034,0.9515951516834775,0.15098170476029338,0.007679995536508224,1.2046175467355884,0.9412398673891068,0.5698816363462487,0.03557681913443131,1.1078862686255069,0.9276408283672447,0.9474756688760234,0.07390635733738767,1.4025741817282331,0.961931145848563,0.8576546488446855,0.03394206527159301
1.3449982502081428,0.9567677081826853,0.17163493009127484,0.007755457589433607,1.207842736814363,0.9416492518365193,0.6026713149901076,0.03734545751271595,1.093700751613128,0.9254174968986199,0.9513911873083118,0.07667581001639666,1.3898643020663126,0.960844843710348,0.8691482241492171,0.03541844948037737
1.2352054915528767,0.9450163183567832,0.1758879882092852,0.010233653071072149,1.1313793419034317,0.9311889076584029,0.6379513633014001,0.047142024361059125,1.1115055182029354,0.9281982196476314,0.9495136330140015,0.07345065728000715,1.4165846539363778,0.9630950601869264,0.8699778924097273,0.03333677337297747
1.361433413634708,0.9583062546955774,0.16863247736601122,0.007336819025130713,1.141800262893195,0.9327106009114576,0.6170892171825685,0.044519235192198595,1.101444528267871,0.9266388741946531,0.9509461081393453,0.07528550659386765,1.4046844689087723,0.9621086859540549,0.8756056722035355,0.03448451301837585
1.1496053772106978,0.9338298136118182,0.1627129673450071,0.011529667633281285,1.1982356019795057,0.9404218376702324,0.6095302886890677,0.0386153245594468,1.0902858328066398,0.9248729645450297,0.9510618788452437,0.07725434976578184,1.4145444882920848,0.9629277278814523,0.8535775556081401,0.03286234106625028
1.191310745320267,0.9395221585599554,0.13819008586754178,0.008895413509451595,1.1456270229913832,0.9332615163694161,0.6074006489731949,0.04343584039166321,1.111830715676339,0.9282481080445031,0.9461396396064956,0.07313487483305844,1.3978454015110438,0.9615304044769929,0.8602720978316054,0.03441838083249354
1.3623758611886583,0.9583928743061492,0.18184607069032263,0.007894562368927025,1.1491919539435085,0.9337709671905849,0.5973763211523151,0.042369764496104016,1.1053694861645607,0.9272508763195225,0.9492210040392384,0.07447282929195295,1.3912663017482223,0.9609661155117377,0.8738559752240572,0.03549552127351462
1.3461643889322872,0.9568786379456777,0.14194598302573871,0.006396740279781485,1.218737705539429,0.9430124828285587,0.5850063124402507,0.03535272107490363,1.1027825171991263,0.9268480319181083,0.9468222518992053,0.07472844389259618,1.3708143476230903,0.9591608137521448,0.8736782187972064,0.037199505011652326
1.2104039091409802,0.9419724427627059,0.14774493421964727,0.009101410230013016,1.2127734049345882,0.9422699496685751,0.592242077535444,0.03628489368310481,1.0987658197104955,0.9262184762113876,0.9491999095200917,0.0756121989607362,1.415741802113513,0.9630260185729269,0.8681985012440987,0.03333321700651547
1.18479919866013,0.938664594826953,0.15977894890938368,0.010440477486303109,1.1198050415334198,0.9294614783354294,0.5902210510906163,0.04479294878772401,1.1052926767952913,0.9272389450206893,0.9507392768262334,0.07460514160198496,1.3979605989626749,0.961540214861644,0.8634753330405505,0.03453737583486141
1.312378507873769,0.953552116767751,0.1583168823572421,0.007711675047556842,1.15024790043792,0.9339211735671151,0.5885062513709147,0.041639276996445276,1.103119988933945,0.9269006995258805,0.9486510199605177,0.07481462252498566,1.3769706940276656,0.9597124876373194,0.8767639102142283,0.0368054363436151
1.1863541433309621,0.938870406629977,0.15234423579156822,0.009919091197722413,1.2293460371978986,0.9443110493923154,0.580802797427888,0.034251741859402204,1.0872916879866366,0.924392524609455,0.9499038018391041,0.07769408169032757,1.362814683151624,0.9584331473256336,0.8761640709013365,0.03799887655738105
1.3560048676200385,0.9578039539219368,0.16059674013895686,0.007075088194345094,1.1596878113531344,0.9352499814875895,0.6233771926620251,0.043158177561125395,1.0901443873449763,0.9248503314920963,0.9521614296046815,0.07736885998122708,1.420615401044967,0.9634235252426727,0.8644914777500968,0.03282050924165076
1.3332587919230698,0.9556357058448653,0.1526472661067716,0.007086474661964207,1.2090718495856367,0.9418045621253152,0.5923166147882775,0.03660008259066837,1.107745554284995,0.9276190769446888,0.9475318611616844,0.07393469198703104,1.3873637729931299,0.9606276523690994,0.8752202384448229,0.035871833791860354
1.2525228780988047,0.9470518398218811,0.15847842074986712,0.00886027612619122,1.1296778183063036,0.9309374391225086,0.6041389052726625,0.0448186722011978,1.0983257226999201,0.9261491954345911,0.95009866672492,0.0757605268136445,1.3901379141452015,0.9608685392765997,0.872497833701058,0.0355325555111099
1.2047427582993366,0.9412558110467972,0.14707042376966564,0.00917872980114148,1.1756269702567186,0.9374373301981853,0.5926859196283799,0.03955465852640629,1.100771018966169,0.9265333813160571,0.9516557839227544,0.07545862243680201,1.3975573289293477,0.961505861275445,0.8649078983887696,0.03462681400649602
0.9816046449398088,0.9055291564154196,0.1716023209923636,0.01790269911285265,1.2007705113517317,0.940748028470212,0.5875910534693848,0.03700877101803943,1.1167195952132405,0.9289942634122025,0.9488486733518681,0.072523266951337,1.3520732029299136,0.9574365521574286,0.8830480997058413,0.03925646211189483
1.3347584470083786,0.9557818730110849,0.16699260952046116,0.0077257171562830325,1.2969674739757797,0.9519549212705323,0.5927691958367209,0.02991700767129596,1.1036440869273874,0.9269824237645977,0.9465087491851428,0.07455564742040027,1.4226485423742976,0.9635881368189863,0.8614120283899888,0.03255085416862897
1.0804315161079314,0.9232810898776326,0.13443284549765794,0.011170532467632192,1.181693139582046,0.9382515379290012,0.5952226584980295,0.039172953377930766,1.1066448511441767,0.927448723708835,0.9486060623720615,0.07420634560518918,1.4270981482416596,0.9639459117424077,0.8690565515432751,0.03250497899155264
1.2692881115773256,0.9489545205399076,0.17557741186871478,0.009444533934146272,1.1708951412172985,0.9367952744160595,0.6028658783659336,0.040674812786381576,1.0878821929947315,0.9244874997259589,0.9509338048403139,0.07767264481118952,1.368997269332596,0.95899660649966,0.8794047224371017,0.03760031853685035
1.055339198109691,0.9190871504420671,0.1803391922873435,0.01587635941589059,1.207405780817637,0.9415939445980083,0.6021177473399565,0.03734871354198635,1.100868748814942,0.9265486975627644,0.9488051848803716,0.07521566515821955,1.3990140326619716,0.9616298154908666,0.8633457762624185,0.034448533309525534
1.171179078043296,0.9368339741191724,0.18309321349370694,0.012345058976988163,1.1386216109049625,0.9322497845315459,0.5928243086457828,0.043082846799338735,1.107684043126477,0.9276095667438709,0.9481796419497437,0.07399571710576795,1.3829182106616127,0.9602386631461209,0.8751303402799195,0.03623719142584106
1.3240112566661053,0.9547241460974892,0.16541556723410786,0.007844497372257375,1.247884565879355,0.9465137253426261,0.5899293195822034,0.0333361479826292,1.093417056789763,0.9253723983618559,0.9493176817992443,0.07655869346305842,1.406902182691261,0.962294406703382,0.8631051142800757,0.03381905806016697
1.0967267037252895,0.9258969711172488,0.1673181944627458,0.013391106552515717,1.1775323812322043,0.9376941499808716,0.5945008125796108,0.039502089743858104,1.093383401060539,0.9253670464982611,0.951172017979239,0.0767141830462116,1.4045989491573394,0.9621015065988576,0.8782521485776197,0.03459555257851366
1.2709527336060769,0.9491398680621054,0.1228269663904135,0.006581744088890192,1.1488166022561765,0.9337174977474811,0.5867136078371346,0.041649477627724155,1.1017560381139417,0.9266876193063104,0.9487437405698541,0.07505729097954138,1.3906789101805945,0.9609153505539837,0.8746510390471817,0.035575900862697796
1.0510230978637032,0.9183450026282846,0.12583945225057058,0.011189063057315504,1.1180684364693123,0.9291988628284165,0.5785348140262354,0.044081976813580996,1.1077906312691361,0.9276260455369422,0.9466688055533276,0.07385968230878603,1.4247577073989075,0.9637581501826874,0.8569011907279264,0.03222352439432129
1.091253033523793,0.9250275610645794,0.16120844515232838,0.013065762382417564,1.1483900135656606,0.9336566808246282,0.5857715328838755,0.041623466706881905,1.1058636717950052,0.9273275982785811,0.9482178052204016,0.07430951627914122,1.4092476393003115,0.9624898734293983,0.8637517363762646,0.0336621068454569
1.2372509196072539,0.9452605280644837,0.15316123339095716,0.008869475438671249,1.109242203527379,0.9278501182097263,0.5990466752981852,0.04658203513840699,1.1039667592690647,0.9270326972005759,0.9472271849435455,0.0745568231113508,1.4234113458707434,0.9636497124847481,0.8639667855308746,0.03259010058405674
1.2059814057831155,0.9414133142843046,0.1754288795930563,0.010917411596189796,1.1480541551769663,0.9336087624648911,0.6057587197014969,0.04307700684222944,1.100875375818455,0.9265497360419918,0.9495328601203924,0.07527220234347405,1.3789308100862994,0.9598866315030962,0.8698640120100861,0.03635135078536955
1.22604906863386,0.943910478061405,0.1443343229712423,0.00857670654468684,1.1562450579330228,0.9347682689171117,0.5806045523343811,0.04051682249254381,1.0989387222520581,0.9262456784366401,0.9492228431714984,0.07558392815254181,1.4209437472949988,0.9634501579112507,0.8552436255675865,0.03244487450152475
1.172798658114495,0.9370542956215056,0.1751091289361113,0.011762784200970424,1.1558077767233916,0.9347068461340026,0.6005042886396595,0.04194771770155574,1.0942526266893045,0.9255051558676589,0.9498917819898997,0.07645774828297974,1.3869136424460493,0.9605884323389511,0.8757788417393586,0.03593195161978236
1.1934976497751357,0.9398076464959999,0.15298444954295495,0.009798275319250233,1.2178424002620332,0.9429015958194816,0.5943188025783896,0.0359896041667103,1.1021700349162178,0.9267523554335317,0.9458829527659419,0.07475966790855408,1.42388401412216,0.9636878173146506,0.8543064204814451,0.03219064333119022
1.2051539972111303,0.9413081471058031,0.16973395840287958,0.010583144901445117,1.1793074266684807,0.9379325127150869,0.5625045356246099,0.037223619652037646,1.1095483400059738,0.9278972933547102,0.9490195793843161,0.07374402406713995,1.3927129064057486,0.9610908678428115,0.8645698776469906,0.03500154330255574
1.3024058927774156,0.9525244255554525,0.15400823885385148,0.007676054715884065,1.1575114006580667,0.9349458428811115,0.6213845649083154,0.043236353661115834,1.099917453848188,0.9263994853303189,0.9464766140497977,0.07519560083957066,1.4212235982180021,0.9634728423217084,0.8589114505486494,0.03256302887612145
1.2223283761165247,0.9434551712454996,0.14940044108840755,0.008954132230828178,1.3019690966106734,0.9524789227131061,0.6052331780273709,0.030196293003214553,1.0990480993924812,0.9262628816390601,0.9498736617640615,0.075616704516428,1.3743627244496497,0.9594796629262106,0.8765390626141061,0.03701762491468101
1.3405082973775566,0.9563380490260521,0.1810714518949591,0.008266881008729876,1.2024059076148734,0.9409575815748711,0.5848577420127274,0.03669816386972155,1.099451646252477,0.9263263208933171,0.9495403191280939,0.07551996223408304,1.38641952638833,0.9605453367008209,0.8655206693127644,0.035551499009412846
1.285962727563071,0.9507826183064599,0.15485269326483103,0.00801596912264049,1.2188056329626678,0.94302088763883,0.6059462733621841,0.03661242422867672,1.097788907332431,0.9260646080529323,0.9477183328833003,0.07566418777678126,1.4331167684129211,0.9644244641728289,0.8667853780641771,0.0319738407903599
1.2553997957539862,0.9473830334190231,0.15126050420168066,0.008400898700791247,1.1779272225967912,0.9377472452161373,0.5846192135390742,0.03881019830028329,1.0888188615155765,0.9246379260756418,0.9477059116329458,0.07724221660921866,1.411086093419186,0.9626424061795692,0.862186337949814,0.033459160747428794
1.3422369933796834,0.956503954288724,0.18146280499324255,0.00825183672842394,1.156182447874198,0.9347594776821626,0.619439640765553,0.04323311683142876,1.1022250622480234,0.9267609560191351,0.9482801214886722,0.07493963688566828,1.4019987752677567,0.9618825979953528,0.8646476683184864,0.0342641844590641
1.1804525878550005,0.9380858389946701,0.16070859526637504,0.010606852196944086,1.1179049250990598,0.9291740895930439,0.6142197050899505,0.04681864280346102,1.094899373146677,0.9256077634886718,0.9487456183551087,0.07625185441805497,1.4025649466870467,0.9619303671442447,0.8685361684869203,0.03437343719005725
1.3572596065062608,0.9579205658787725,0.16308439057708796,0.007163953999874317,1.260373971220236,0.9479510536400709,0.5941055935824214,0.03262042913899886,1.0907268131811234,0.9249434867575891,0.9519044920143581,0.07724432155400546,1.3882869705142462,0.9607079738131338,0.8663004461495982,0.03543084968963182
1.4262454539087703,0.9638776131279734,0.13983837304195224,0.005240598745917245,1.1455791143000285,0.9332546452033265,0.6110770075180368,0.043703561385429586,1.102035853986808,0.9267313795091436,0.9492370023182419,0.07504794508584703,1.3982123217718583,0.9615616435894285,0.8688135079116324,0.03473075646691003
1.4290305415514075,0.9641002316946634,0.16504657021103603,0.006145765176045691,1.215322740484827,0.9425884373878531,0.5918591060552164,0.03604919684674273,1.0959818431691155,0.9257792087487142,0.9503735054337963,0.07619254449761634,1.397541892551486,0.9615045457030356,0.8719918111928218,0.03491166117218547
1.1337681579096117,0.9315405205027656,0.16089238084193436,0.011824078937076066,1.2516529202704874,0.9469513024657058,0.6102864432332135,0.03418855948775827,1.0964140085911305,0.9258475550007049,0.9454221268699988,0.07572020024807519,1.3961117128939173,0.9613824705662418,0.8688753913951062,0.03490163595525707
1.2943479485978764,0.9516782985836262,0.13606861213068286,0.006908917495864773,1.2395185010718477,0.9455300668310519,0.5731438746956427,0.033017573577003884,1.0957261858577252,0.9257387496910079,0.9483737326016645,0.0760769916639145,1.408968339696663,0.9624666482068557,0.8727913653377912,0.03403628106830926
1.380345065827056,0.9600118309531988,0.16825236045291755,0.007008355121659541,1.2428579816735517,0.9459247416068021,0.5838584813515175,0.033377177755719745,1.097491842977925,0.9260177605477403,0.945635423072749,0.075549551299022,1.3671674778311367,0.9588306118065216,0.8866114387005752,0.038068507666719986
1.3673354911230646,0.9588458803828925,0.15193475921150526,0.006521111872629425,1.2509492936592763,0.9468698555164402,0.6086780650240897,0.03415374705435634,1.0997003701864694,0.9263653963077597,0.9476094509574475,0.07532324356499559,1.3890531955181762,0.9607745187249302,0.8719887894482126,0.03560063185060827
1.3469471396028072,0.9569529451417934,0.17864942653418378,0.008036269393856836,1.2169596896774828,0.942792070294244,0.5810300689894563,0.03525647742593485,1.1002079993417975,0.9264450874575519,0.9503984611156912,0.07545668559772548,1.4174682614476717,0.9631673071495098,0.8657959821234867,0.03310909459242339
1.36195520410372,0.9583542333359089,0.1632855559820672,0.007095656206760954,1.2907480112001688,0.9512956768898669,0.5857348755350508,0.029988384608453742,1.0975500983322581,0.9260269496589757,0.9473459307168052,0.0756760569971384,1.3884967266172308,0.9607262014127589,0.8670249364457416,0.035443358028554445
1.0963952508371322,0.9258445896950075,0.18732632464865884,0.01500387929017719,1.2084122965257618,0.9417212694970787,0.6086382401381422,0.03766577767721652,1.0947641158968142,0.9255863154090908,0.9488859383729114,0.07628688730085903,1.3688794155647968,0.9589859343937425,0.8869178474776717,0.03793184600440095
1.4193450664024583,0.963320310504484,0.16967973898763664,0.0064607795266845075,1.2553382032037004,0.9473759633632344,0.5900340733988758,0.03277471235944539,1.1054444116652378,0.927262513247576,0.945837040895313,0.07419453310058041,1.409154870192312,0.9624821607252392,0.8650302754085553,0.033719135964167785
1.3280714729704892,0.9551265515911186,0.15693082639995923,0.007372873605587215,1.312464669634313,0.9535609029768731,0.586428784603178,0.028559500646810662,1.0888383818134775,0.9246410580513527,0.950268963961013,0.07744763556320698,1.4225847826393063,0.9635829854092173,0.8601169028745296,0.03250668626995147
1.2832695844043214,0.9504916208489306,0.15907037917603103,0.008285519273612856,1.1968608494983384,0.940244232526304,0.5907471509405329,0.037544021187456034,1.0975017590272942,0.9260193247644981,0.9479689837330809,0.07573425698942234,1.3993714616298856,0.9616601713305519,0.8685060594454361,0.03462592557144584
1.363421934025533,0.9584888164562836,0.15713513318674982,0.0068053640719542,1.1464056806733385,0.9333731010581098,0.6109865551670691,0.043614005395936066,1.1105379474370838,0.9280495957313855,0.9479364163933245,0.07349220202686509,1.3787971479750136,0.959874779423697,0.8857008975236996,0.03702456261962145
1.249662353459012,0.9467205827776615,0.17928469200200514,0.010089760464198806,1.1878904686491456,0.9390731197492356,0.5977682041744462,0.03878308411508611,1.0952943446140369,0.925670362563666,0.9506200643675489,0.07633305286825007,1.4304576616651532,0.9642137923359259,0.85725805865729,0.03181661074821335
1.2919854060898808,0.9514275173397113,0.1711836003524942,0.008739302057498167,1.2131053572953918,0.9423115141071454,0.578653876713714,0.035425297795787195,1.091605267772049,0.9250837892248471,0.9465191199202554,0.07665211164285465,1.3959809062369162,0.9613712868388223,0.8639285765880297,0.03471338247109372
1.1827445846383542,0.938391653673058,0.14555347362352264,0.00955604067554045,1.148130693355057,0.9336196853233116,0.5924834246180456,0.04212554296479743,1.1070240648378527,0.9275074554090373,0.9472830786970309,0.07403817664454743,1.4174275678842143,0.9631639828858434,0.8643413087345057,0.03305656337524248
1.1833023433925032,0.9384658600562322,0.14357260893514626,0.009413892807755165,1.127449997026116,0.9306069026627315,0.6108703215145102,0.045551116760486655,1.0980308844269797,0.9261027480377609,0.9481633954715449,0.07565755472056543,1.3822583937583355,0.9601806157172551,0.863762212622851,0.03582084340210362
1.1538944881523414,0.9344374625976662,0.14420196215736242,0.010117580807547977,1.2255282854349414,0.9438469571984122,0.6057420896470571,0.03603789918191593,1.1025967686898652,0.9268190281209179,0.9472787519581869,0.07479645713495209,1.387035783136699,0.9605990782017976,0.8757805675673724,0.03592191835089232
1.2588989010177365,0.9477832168831898,0.157940437746681,0.008701506247719237,1.1812092219725183,0.9381869510008026,0.570010764262648,0.03755552479583234,1.1047190332523011,0.9271497802004038,0.9453175457481162,0.07427774072629299,1.3784808488194322,0.959846719195538,0.8696734840330104,0.03638106263658366
1.352481987845152,0.957474893769539,0.17322414613399462,0.007693543991558764,1.2465913050543451,0.9463627699615804,0.5950750421706723,0.033727211107772506,1.0876984654123731,0.924457961260264,0.9468289096177968,0.07737007973055127,1.3870968509032584,0.9606043998743179,0.8729257075301683,0.035799786173981704
1.164549403324815,0.9359245816125887,0.16300399367367424,0.011159605483877504,1.2519482757467766,0.946985455640542,0.6091182864034549,0.034099920143811004,1.107695604908285,0.9276113543914652,0.9477861470798518,0.07396303978906228,1.3545333701058748,0.9576668034301636,0.8882276899522636,0.039263674237052015
1.2563748532541181,0.9474948383964206,0.16606240584703433,0.009202301798323615,1.2090987745343622,0.9418079600082178,0.6067307207161752,0.037488426370754446,1.0844130696721024,0.9239279636334075,0.9491916359731002,0.07815213251761811,1.3712680571518332,0.9592017166220814,0.8909951923423456,0.037897215690522026
1.1484086305291654,0.9336593360468098,0.16499665518159126,0.011723748943751305,1.2087548752203543,0.941764546500388,0.5750282331446328,0.035557751729661836,1.10188597813916,0.9267079435257554,0.9454327044115637,0.07477297205492703,1.389607385158723,0.9608225814630564,0.8772271815049525,0.035768826737472316
1.3736723106502668,0.9594178112846239,0.19609958924113918,0.008294770478500902,1.2114340144039537,0.9421019561130292,0.5970175022120552,0.036690450879624484,1.0953568483396479,0.9256802643456756,0.9488601621454418,0.07618077120118313,1.4118480083675802,0.9627054458023246,0.8625504456481861,0.03341461761094116
1.1574064478168518,0.934931142890852,0.15949213414942587,0.011100251570305902,1.168853137410436,0.9365163037556589,0.5953765997268451,0.04035883524555176,1.0933519203859052,0.9253620401879136,0.9501817419769769,0.07663987022577055,1.40245645016079,0.9619212175051366,0.8715232362356647,0.03450027210950888
1.0913307631387152,0.9250399725991013,0.1531834991256486,0.012413127683078602,1.172798560329102,0.9370542823408178,0.6048003325402058,0.040626879028987734,1.0979147149813844,0.9260844398833271,0.9472880772869307,0.07560793142505559,1.4014627363556935,0.9618373181465049,0.8652782157497921,0.03433152014319075
1.2319200467457656,0.9446219105944663,0.17591850584421678,0.01031315348020896,1.2212781589414672,0.9433260270980048,0.6035029203035094,0.03625778062837504,1.099361753165956,0.9263121936746458,0.9487629319991625,0.07547375459292004,1.384624578470817,0.9603884050392861,0.8782785731303199,0.03622494286578647
1.3250351950810604,0.954825950959754,0.1773682365482161,0.00839152036866746,1.1560711589673178,0.9347438486078499,0.5849531754151255,0.04083663458075615,1.0946693882741256,0.9255712908278597,0.9489973314636886,0.07631248623266189,1.3972729645114048,0.9614816192599298,0.8575015918212582,0.03435278650923242
1.1348655531477922,0.9317014888779604,0.16064358399261508,0.011776000939117383,1.2140044661977745,0.9424239523281409,0.6095874110240082,0.0372418737348293,1.0989356576541243,0.9262451963732324,0.9466757054975804,0.07538163871790912,1.4011892840777305,0.9618141994130026,0.8572201267840273,0.03403322267493332
1.3341807473662919,0.9557256207167931,0.16194599406954285,0.007502214243721299,1.1631639030796594,0.9357329978821569,0.5900733050451964,0.04052677679514523,1.110610204938263,0.9280607046586181,0.9466115263388402,0.07337727567281901,1.4063764239555505,0.9622504566915149,0.8619266087980414,0.033813791015937664
1.1355736522372961,0.9318051681822839,0.19205030284216834,0.014055339624711184,1.1804447297213443,0.9380847880711428,0.6116040167194866,0.0403669186338576,1.102806134078838,0.9268517188292641,0.9469033576136471,0.0747307812426857,1.3989843581770756,0.9616272942497316,0.8681860512124515,0.034644033170517674
1.2308152573116227,0.9444886866030893,0.19331550610451154,0.011361912319400407,1.2514951227194864,0.9469330471710433,0.6062213682995548,0.03397317355389235,1.0971323011324265,0.9259610237141076,0.9472495644755425,0.07574118806827915,1.3981238645481309,0.9615541146853728,0.8722461591402783,0.03487507909152244
1.256912538288522,0.9475563960262403,0.1661847105739484,0.00919768489177365,1.2429309914930153,0.9459333400454125,0.6039474727953213,0.03451979252627835,1.1009209101264759,0.9265568710933687,0.9480136438044003,0.0751438906982708,1.3978056873907956,0.9615270218071925,0.8722804335441441,0.034902010382071115
1.2080007088976936,0.941669234890496,0.14856905074506935,0.009202962229683958,1.2696136786145573,0.9489908210428227,0.5940753176499286,0.031932125706703465,1.109198760243008,0.9278434213627045,0.9448928491996872,0.07348247948663635,1.4054285004384837,0.9621710920532679,0.8725023855132978,0.03430347543954212
1.289468044225293,0.9511589433046503,0.14576117403921626,0.007484689930471354,1.2522163066944914,0.9470164312007489,0.5761894131964197,0.03223658049605813,1.093062201918959,0.9253159523278526,0.9482181304952078,0.07653252695292054,1.3466937034499027,0.9569288996261442,0.8843675065348416,0.03980513249857959
1.3100914296459631,0.9533183167103743,0.20297814597914585,0.009939346972804056,1.2575968542960327,0.9476346423122216,0.5972575346379089,0.03300386355307,1.0970175493280487,0.9259429070929159,0.9493286673332381,0.07592749053695275,1.398751042876928,0.9616074654776522,0.8634266533352378,0.03447262920241829
1.1806207200348893,0.9381083205031898,0.14736147662653368,0.009722170758120976,1.1505909634811002,0.9339699054630405,0.6117329853068776,0.04324848864499954,1.0878887339046652,0.9244885511332271,0.9462471226864966,0.0772886707277086,1.433012099480015,0.964416194244131,0.856582504499724,0.03160509501593678
1.2108741473117468,0.9420315986849481,0.15692779320965444,0.009656632863442897,1.2394183424763399,0.9455181878080142,0.6013874296570285,0.03465261421692305,1.0966844551371009,0.9258902962212073,0.9451576690030368,0.0756518943550247,1.3871934616057209,0.9606128174827967,0.8694823045149034,0.03565063634394023
1.1942843649421606,0.9399100388496597,0.18262404958379877,0.011675449341980676,1.14454145621022,0.9331056608132186,0.590421966775972,0.042327347231413306,1.0950494497058119,0.9256315548494749,0.9459839285070808,0.07600362534302048,1.3687612583472322,0.9589752321401753,0.8821375806277252,0.03773766855783603
1.2329120091478005,0.94474127253485,0.17791855073917748,0.010406608657957204,1.2512687720816833,0.9469068507476651,0.5953191397880284,0.03337959580351618,1.1025390281807117,0.9268100100414708,0.9442553404946004,0.07456764400504809,1.4090968499233927,0.9624773362201713,0.8603122962156119,0.03353970823180644
1.2089598127834473,0.9417904212718451,0.1895250236342281,0.011714041186884861,1.1698223124606546,0.9366488515260044,0.6226473200217721,0.042113352035151215,1.1011368991794979,0.9265907070570527,0.9472312143696107,0.07504454034642181,1.4189252403105173,0.9632861380631825,0.8608087203139771,0.03280812550169072
1.0705231526031576,0.9216493558548473,0.14972596270803223,0.012728404299210506,1.1506017088010132,0.9339714312896242,0.591612884761237,0.04182499667839136,1.0975942755080537,0.9260339173995091,0.9484838511183298,0.07575924980594813,1.4060886358458085,0.962226378636754,0.8629813540161131,0.033877610959210644
1.296114644844206,0.9518650277311814,0.13743703893954312,0.0069500694587255685,1.2306883789984944,0.9444733673446014,0.6042763580326185,0.03552607465169212,1.0955925174910404,0.9257175879235335,0.9468558708959377,0.0759786125881874,1.3904707425696676,0.9608973445994595,0.8682633448910577,0.03533301716672752
1.12326884230198,0.9299825998700003,0.17753714429614706,0.013366582634834747,1.1728162524300783,0.9370566851445886,0.5961866388459186,0.040046631027105685,1.0899054332365186,0.9248120815979973,0.9481310932834478,0.07708377160581406,1.4097295734285094,0.9625299162989336,0.8547828902399539,0.03327562697135253
1.2295576977575537,0.9443366733195797,0.15939154864808547,0.009395233811378152,1.276215530444591,0.9497216729747346,0.5978314759328318,0.0316492371483952,1.0981188292734283,0.9261166052564732,0.9493005108749542,0.0757329519599558,1.3810089759233135,0.960070475506521,0.8855165872690823,0.03682881326195164
1.178956563191136,0.9378854644877831,0.1470455505970502,0.009738573013776501,1.2139162625387767,0.942412931113038,0.6071646024798893,0.03710139009599431,1.084867464681456,0.9240014691218127,0.9489839043573562,0.07805332022550866,1.387638422118762,0.9606515642532176,0.8724024555346231,0.03573373868768394
1.2871012734587788,0.9509051512279428,0.17178761994998967,0.008869325412177378,1.2001304996196849,0.9406658303580887,0.6181120031915424,0.03898851353100311,1.0920859952242634,0.9251604665827706,0.9484223949391256,0.07672127385843638,1.42110191283732,0.9634629803023784,0.864587414779406,0.03278740133242761
1.2450171376226309,0.9461784835376743,0.14275477592903105,0.008120326826723943,1.1372686955666795,0.9320527628046438,0.5940137867778781,0.0433039815750945,1.0964510864814603,0.9258534161107315,0.9463505166458862,0.0757880856193165,1.3691594416748691,0.9590112874751708,0.8835217908479872,0.03776224656315942
1.296711701111977,0.9519279779543126,0.18527982724491632,0.009356564935804655,1.2332517022635439,0.9447820917951906,0.587799172215224,0.03435399656292304,1.1029294612754703,0.9268709690756027,0.9467842360986144,0.07470016430597673,1.4021530301555305,0.9618956185275744,0.8649991002339392,0.03426593806412476
1.3164500869009057,0.9539655858050241,0.19207992501704158,0.00926897883775613,1.160098839846826,0.9353072711585164,0.5945523744603499,0.04112361437688949,1.097259402694238,0.9259810853132088,0.9462125085207908,0.07563612697346322,1.3828590922750073,0.9602334655128115,0.8815255055669166,0.036506970104131675
1.3329005161904908,0.9556007175905179,0.1380098041302204,0.00641223489691923,1.246986876093783,0.9464089854559791,0.6106653613410802,0.034579316938112344,1.0959554041996085,0.9257750255887446,0.9467866998673392,0.07590960722436733,1.381733136348293,0.9601343481059217,0.8766254495924405,0.036398286431355426
1.30100168031863,0.9523779954460253,0.1855040027545838,0.009275804886506318,1.2721365512803,0.9492712926318102,0.5844236894206766,0.031231386169347057,1.0966890058645031,0.9258910152216894,0.9493988694728989,0.0759905703906912,1.3933825849430426,0.9611484899724276,0.874365154514935,0.035343557132749996
1.2351968038571475,0.9450152789219153,0.15437967414052958,0.00898241913339903,1.125228741333822,0.9302758833150263,0.6048828920206573,0.0453359332434835,1.097844985107809,0.9260734485409335,0.9461924728033771,0.07553261206342457,1.3941418193960988,0.9612137188488799,0.8728276630547361,0.035219783563075216
1.2080802912069861,0.9416792994119958,0.12732359164430054,0.0078854882662423,1.2511804113864151,0.9468966211147953,0.5919922180093441,0.033199809091125396,1.0898444507770424,0.9248023171412322,0.9486076201025292,0.07713334369055967,1.4126747911893267,0.9627737368007826,0.8649370198383959,0.03344334387251094
1.2414119958959113,0.9457541805899171,0.2028338022925303,0.011633980621220162,1.2174008294099834,0.9428468309562965,0.6088665506798119,0.036908065821003956,1.0908348324748334,0.9249607520804468,0.9484288076980905,0.07694313977628467,1.3877066378896994,0.9606575011899836,0.8795813017734533,0.03602212679906106
1.1713364706712206,0.9368554167223013,0.13832840680289593,0.00932341260682057,1.1344334426088254,0.9316381478481085,0.6102971626040641,0.04478245603727687,1.106188098048238,0.9273779246645012,0.9448728383955218,0.07399208524103085,1.3973994333201447,0.9614924025121184,0.869411243913236,0.03481976367632021
1.4886053474173953,0.968557290233344,0.13431699664918934,0.004360392911143001,1.2431513000419778,0.9459592781878966,0.5992117413544105,0.03423174312863789,1.095095777729624,0.9256388977323036,0.9478739070736965,0.07614734937508265,1.3847339129798966,0.9603979812093464,0.8748390401456998,0.03607399514003704
1.3230358878507407,0.9546269670408453,0.16316196587930268,0.007755022130236266,1.2370624818107954,0.9452380727191873,0.5984945065963817,0.034673500353104875,1.082064581565707,0.9235470181056084,0.950079500365272,0.0786493913311005,1.3874305290019082,0.9606334656552005,0.8678503387718268,0.03556430354433389
1.2405215818151452,0.9456488997874766,0.1759929794019649,0.010115183407210102,1.2419132060367961,0.9458133580981322,0.5785714795339578,0.033146968487716776,1.0951510405767926,0.9256476558915637,0.9464465357201464,0.07602300730327294,1.3786474379540308,0.959861500360965,0.8875277363565665,0.03711372079407792
1.2294965018695803,0.9443292659990943,0.16689344027499284,0.00983881433581885,1.1507052050791937,0.9339861259983587,0.5919507304497279,0.041838909430605975,1.0908359815136393,0.9249609357180748,0.9496777427671155,0.07704425823269136,1.3721376893426616,0.9592800061790735,0.8792609567459181,0.037323305494800556
1.2796578235474863,0.9500988047416378,0.16553545302073297,0.00869427150328361,1.1643078432159184,0.9358912175817784,0.6084145166470399,0.04167654652064767,1.090775010148567,0.924951190797161,0.9474288976911822,0.07687260828844557,1.4040464986264551,0.9620550970625849,0.8674445990793277,0.034213322309864395
1.332714637546659,0.9555825548118689,0.16616528550346238,0.007723704690771866,1.1863577886905168,0.9388708883687662,0.6090220229310932,0.03965292319406963,1.10101360363137,0.9265713938381601,0.945467703485072,0.07492609430814194,1.3938763956375348,0.9611909271863341,0.8739286525144738,0.03528576867518449
1.2289384045003444,0.9442616695238439,0.158138610770115,0.009334681722905943,1.0948116109767771,0.925593847470165,0.5936122957275752,0.04771899374678504,1.0921258806289678,0.9251668251734896,0.9477105167923818,0.07665664705902937,1.394792816013752,0.9612695648777583,0.8777097362464255,0.03536373275291928
1.1208624765555049,0.9296209461427525,0.1551425331459993,0.011745415958124734,1.1884306396771347,0.9391442440746228,0.5818718663747299,0.03770480679976412,1.0993319148435006,0.9263075038584622,0.9474870375785412,0.07537743629418171,1.3864135528242911,0.960544815424289,0.8768730431557702,0.0360182962956227
1.241436774806916,0.9457571076484208,0.15720539508879477,0.009016348123559592,1.2301868419157878,0.9444127729124392,0.5916718105900967,0.034825233457139275,1.09769668434207,0.9260500672680871,0.9439702574799742,0.0753809534807387,1.3910760594598568,0.960949680868,0.869464961012608,0.03533263486904494
1.2855045137735643,0.9507332224924523,0.15226752696729814,0.007890468319867661,1.2377130876833238,0.9453155659805392,0.6274107130167844,0.036294334901257184,1.101106992368913,0.9265860228344196,0.9451558347426915,0.07488527471789266,1.388714758779594,0.9607451395972819,0.8771726617682589,0.035840192125486156
1.1608022990629618,0.9354052107269388,0.16610386834793758,0.011470370541379662,1.1422908512544134,0.9327814630435446,0.5950915437771603,0.04288376700512515,1.0854674686266805,0.9240984292668348,0.9481228182660113,0.07787483332423875,1.3817490291062313,0.9601357487846119,0.8763624706133789,0.03638603575431188
1.228000575902941,0.9441479062321793,0.19142790391436398,0.011324125350094466,1.1362555659835376,0.9319048755539443,0.5896254132772621,0.04308445738070188,1.097449930196193,0.9260111486394721,0.9449766016042591,0.07550420253363042,1.3799284414653559,0.9599749875180289,0.882031023228483,0.03677523182711336
1.331838003969949,0.9554968006922901,0.1856904804112746,0.008648715990780861,1.2074271757438695,0.9415966537824147,0.5899875908526857,0.03659449021428966,1.0939595747745412,0.9254586197652118,0.946328665130296,0.07622236515820983,1.3780215494074914,0.9598059393368011,0.8900124091473143,0.037271297559364126
1.2668236961566772,0.9486789460916237,0.15245069543888504,0.008247184562513561,1.141089793847361,0.932607855638087,0.60239469169585,0.04353026814023643,1.0929367537413082,0.9252959881560843,0.9469098694191207,0.0764490141594283,1.372718805199324,0.9593322415440133,0.8697239511704074,0.03686910752906428
1.2165068861718356,0.9427358105016926,0.15108682573274917,0.00917740105242599,1.2227461122838308,0.9435064628975766,0.6179441263280083,0.03700011690510875,1.1020583182484476,0.9267348916355187,0.943595478578456,0.07459805993521917,1.3877853144232384,0.9606643474782519,0.874903562353574,0.03582406551166286
1.379998205903939,0.959981159278979,0.16200269723533378,0.006753424350438272,1.2728431239534992,0.9493495813615559,0.5986317149921331,0.03193865312619096,1.0975539292837597,0.9260275539106521,0.9452685996853225,0.07550944918958907,1.352474879233496,0.9574742273057893,0.8865053944706676,0.039373724975900644
1.3158831160504911,0.953908220520956,0.18145549790532198,0.008767726930945845,1.2853964711790535,0.9507215685674506,0.5779455740559675,0.02995645863570392,1.0971615150573015,0.9259656352571286,0.9445463434130048,0.07551996083025862,1.386822234373512,0.9605804633467017,0.8779805448303918,0.036029866927798276
1.2931464171156004,0.9515509113241678,0.16998652089261646,0.00865501984855639,1.2300880352232892,0.9444008280040265,0.5934230514131668,0.03493625727926132,1.0916410744765426,0.9250895029808883,0.9462262065227469,0.07662207299372191,1.428968916473866,0.9640953201782381,0.8633546574238502,0.03215291257891331
1.29111159707512,0.9513344509828553,0.15763682258542158,0.008063917488231513,1.2427320896305805,0.9459099121481531,0.5958075388151679,0.03407013892487636,1.0929025491382671,0.9252905438893457,0.9465612793140891,0.07642688971586158,1.4014888998384885,0.9618395294057963,0.8745575564424013,0.03469760484493328
1.0916575101805124,0.9250921255288781,0.18676257356495038,0.015122804562311945,1.1620435041945183,0.9355776817483246,0.6155147414209763,0.04238331817227626,1.0899428323298117,0.9248180693310536,0.9469266198504535,0.0769792176894549,1.411928621697486,0.9627121096352275,0.8644841213430756,0.0334833111748653
1.2969362953733412,0.9519516376594171,0.19243929910606083,0.009713091302358704,1.2574533904887648,0.9476182474691528,0.596522619370108,0.032974143660013125,1.0985498398266333,0.9261844837895328,0.9453513737007941,0.07534308863012185,1.4134693126883797,0.9628392497832784,0.8673776358374086,0.033476412263188746
1.2380072366377788,0.9453505679549182,0.18545366850139022,0.010720824631441033,1.2219044670766632,0.943403076907924,0.5976493786528968,0.035854362517567094,1.1074645707199644,0.927575624866606,0.9463768938319241,0.07389236342461689,1.3494939027154602,0.9571938662382696,0.8866467116835953,0.03965123375569006
1.3287496651621051,0.9551934337364949,0.1564911835952904,0.007340746219316087,1.2139565715544718,0.9424179680470278,0.6012055658836122,0.0367338476968505,1.098642267187344,0.9261990324166108,0.9441228663173906,0.07522916631647364,1.4052492397430163,0.9621560654878875,0.8769153850487297,0.03449121155580956
1.256289808527767,0.9474850956816918,0.14836288980921028,0.008223098176666058,1.2435871205304045,0.9460105551825262,0.6081625429188348,0.03470823646849889,1.084753888983787,0.9239831025916152,0.9478248557573183,0.07797837927894062,1.3847442295045278,0.9603988846776533,0.8682382924498248,0.03580096280320356
1.244306639227889,0.9460951106554113,0.1701887378421491,0.009696704884904147,1.2838598040225835,0.9505555340332928,0.5840991544205876,0.030382728549681607,1.0913119006710295,0.925036960893954,0.9449385225652536,0.07657581957742869,1.4104946902333904,0.9625934038349001,0.8663377518033851,0.033666079878777184
1.0967226701408377,0.9258963338711521,0.14828851718540476,0.011868199890484012,1.1756339029472977,0.9374382664054149,0.6012562636742184,0.04012598539880204,1.099173723626147,0.9262826356817393,0.9457195285482392,0.07526423182657821,1.3846447854015416,0.9603901750503294,0.8744159785447103,0.036063950614171815
1.4217914596832084,0.9635188309307091,0.19162793997658661,0.007255500413970145,1.2558925508250924,0.9474395632595048,0.6152612721274255,0.03413241585698119,1.0939931475934606,0.9254639524221786,0.9477739543793678,0.07633287538833759,1.4014653895963403,0.9618375423960729,0.8654865373017844,0.0343395758958097
1.2649387028302834,0.9484672142218623,0.15194955749710182,0.008255829909740367,1.1473859652937335,0.9335133333245231,0.6147467978624142,0.04378348329930744,1.0939182286856166,0.9254520519314932,0.9470622331552012,0.07628871320512713,1.411093839393701,0.9626430475841451,0.8680196228122261,0.03368493423060874
1.0946557530984686,0.925569127947032,0.15235486324328892,0.01225181889748338,1.1583743688477974,0.9350665955282308,0.6199543674826061,0.04305120928317089,1.0877985579539882,0.9244740547708264,0.9437973578209065,0.07710458415395002,1.3805127088582891,0.9600266469945652,0.8826089405932227,0.036749853619725055
1.3302736417632461,0.9553433792181364,0.1567966607204552,0.007329311292643728,1.2200008354683805,0.9431685822753886,0.6048354685638136,0.03644487084767484,1.1101122282224483,0.9279841131791977,0.9448483010992266,0.07332462630386599,1.402653983064589,0.9619378741088213,0.8670140382296742,0.034306162966179145
1.4698834295017407,0.967217598834061,0.1561926847264678,0.005293918613619599,1.25533811476411,0.9473759532108285,0.5903306278767436,0.03279119179369059,1.1017832568769697,0.9266918770855774,0.9461438459646534,0.07484691629415889,1.4045963477434458,0.9621012881905334,0.8674396542637293,0.03416983832427196
1.2805204218229604,0.950192888741049,0.17249037607343795,0.009041582455506394,1.2081356792569675,0.9416863032010383,0.5884132154490461,0.036437346196456756,1.0932291430746797,0.9253425122011603,0.9468533637914746,0.076393003155555,1.400477778065515,0.9617539828507324,0.8666116728005979,0.03446249819672567
1.3750561205026866,0.9595416908579794,0.15347472605160833,0.006471139264965954,1.194801141200948,0.9399772094340674,0.6124708377518557,0.03910968101477097,1.1027835272999456,0.9268481896118752,0.9442983386355602,0.07452906936854059,1.3781760531491025,0.9598196617017742,0.887734181689643,0.03716266832453292
1.3379685690437748,0.9560932121619621,0.1833140143055045,0.008418352344172266,1.1172865503101221,0.92908032861725,0.5967953973594188,0.04555530039739328,1.0894072868317168,0.9247322847259795,0.9465593282632665,0.07704430697020531,1.3883522838319622,0.9607136503460936,0.8698863475728704,0.035572159506212946
1.099216356813069,0.9262893385183808,0.17440753580359172,0.013878703226817744,1.1790921758549384,0.9379036531015259,0.5954620368265515,0.03942411044181204,1.0908033802406454,0.9249557252720345,0.946379859058877,0.07678247531182121,1.3719712560181738,0.9592650339827198,0.8728120027278927,0.03706375820140179
1.1912312507308873,0.9395117571668953,0.17478901616016457,0.011253377484000286,1.2598265047431352,0.9478888212721734,0.6039984783803204,0.03320544767683729,1.0951908327823778,0.9256539616471561,0.9477929470110036,0.07612418215511844,1.3955404726633118,0.9613336077226344,0.8819265395832453,0.035472511587449
1.2299506398374656,0.944384214028014,0.16604469670095778,0.009778547943019592,1.2505070962346156,0.946818609419084,0.6019368570415041,0.03380989640562077,1.1007596417115024,0.9265315980787416,0.9457750975523235,0.07499429608032239,1.4052202729552081,0.9621536368027328,0.8706207875133026,0.034245913823921746
1.2792268429134588,0.9500517344210863,0.18780188580041363,0.009873544911631388,1.1979157197291839,0.9403805560697599,0.5912019348732869,0.03748177307593401,1.0934018974443436,0.925369987798158,0.9448491009148585,0.07620097999715517,1.3939193658667761,0.9611946178670181,0.8754039749027306,0.0353418393480139
1.202991131841767,0.941032400957666,0.15360213355791838,0.009625119192997722,1.1205324308264693,0.9295712089891652,0.6058462294276591,0.04590182770770409,1.0952397304172194,0.9256617096402302,0.9432010387058287,0.07574684353120947,1.3954201553089924,0.9613233084335707,0.8682878899533284,0.034933619746837924
1.2369599151462618,0.9452258466311594,0.1714639691958975,0.009936031456862032,1.2267507427910525,0.9439959556481962,0.5974911832407661,0.03544710390528201,1.0936361947051474,0.9254072365873816,0.9436501735194532,0.076063241516446,1.404585120841667,0.9621003455935527,0.8705749019773474,0.0342942272819918
1.2086964734168815,0.9417571708971544,0.17504616121893807,0.010825703236505689,1.1936375397490608,0.9398258653498723,0.6107375928510015,0.03910363345280966,1.087848660772102,0.9244821094356339,0.9464741285748517,0.07731434598269624,1.3822293600190494,0.9601780596075067,0.8759214625001762,0.03632752479518845
1.324848460998922,0.9548074012360099,0.15356413752181008,0.007268442245606271,1.2029174830044782,0.9410229900375385,0.6065567980333845,0.03801491217444822,1.0868281242486977,0.9243178895225793,0.9465820871272861,0.07750507796718874,1.3997249042111048,0.9616901659386876,0.8707642533712905,0.03468771464520046
1.1772804238895582,0.9376602465989536,0.19198808679221427,0.012764207536767153,1.1801302603540202,0.9380427181924187,0.6218961387439152,0.04107594843596424,1.09306291463139,0.9253160657368774,0.9454703820515162,0.07631062560729816,1.3766493866614584,0.9596838725099855,0.8886367946727731,0.0373314539637348
1.2041870385360072,0.941185018206376,0.18978746855834722,0.011859885455029197,1.2071217272216426,0.9415579644494416,0.588608936494927,0.036534664556873396,1.0863868818001432,0.9242467853973847,0.9451219512195121,0.07746418719280804,1.371574421560483,0.959229313830814,0.8697962298278834,0.036969459342136586
1.1455123029874479,0.9332450618865191,0.12631755646170956,0.009035483828011823,1.1765577108213507,0.9375629027536048,0.5987424198974631,0.03987331259255729,1.0832656593597334,0.923742061647062,0.9451085169927189,0.07802180935353398,1.36708256790912,0.9588228933689752,0.8929518160771615,0.038348241788201586
1.13047213721627,0.9310549373938413,0.1511074384834873,0.01118957795945117,1.227596763336079,0.9440988544975474,0.5990973811339944,0.03547322371313902,1.1057961855109792,0.9273171254802358,0.9432720287029974,0.07393341567451149,1.3862700175587999,0.9605322879903065,0.8723832528180354,0.0358457195190603
1.1824309107390834,0.9383498845579784,0.16819251712629546,0.011050343020188909,1.208243828230397,0.9416999763060928,0.6075461092569823,0.0376127784390112,1.0962700043206208,0.9258247873959309,0.9458773932900053,0.07578178689945196,1.3878733821259683,0.9606720096136021,0.8811101352538205,0.036070886402277604
1.2238065423458215,0.9436364712029774,0.14874321772761412,0.008884451684094373,1.1900765871009997,0.9393604874856265,0.6073827623239066,0.039209009861103816,1.0959600007608243,0.925775752869837,0.9445275046151038,0.0757276723941639,1.3881041159593228,0.9606920773123323,0.8739778334631879,0.035759900513197766
1.191149729653375,0.93950108888169,0.1621811785400176,0.010443611850662655,1.146263916837662,0.9333527986542778,0.6029762532981531,0.043056258917520684,1.0980365930405667,0.9261036476003058,0.9454212840809146,0.07543775964563165,1.3759572730331406,0.9596221678058655,0.880415127528584,0.0370450532231956
1.211311905178806,0.9420866177170297,0.18578224474527463,0.01142068888250905,1.1717956206354785,0.9369179308737976,0.6187800849790376,0.04166205684436073,1.0913019551322392,0.9250353728793119,0.9488855323894355,0.07689743787243279,1.393674375535543,0.9611735713168068,0.8863158340509028,0.03580256422824572
1.2628857468280006,0.9482356763034937,0.1715281650864473,0.00936374751814419,1.223417032968111,0.9435887502282296,0.5923940323480201,0.03541552155428674,1.0927612131547095,0.9252680439036511,0.9449456218627997,0.07632127272931226,1.3926751526570635,0.9610876169011796,0.8803471834913553,0.03564337554825176
1.3001577534053739,0.9522897851345659,0.155379323389916,0.007784585133958071,1.1955122530486229,0.9400695248545803,0.5897044297013472,0.03759431162586341,1.0877701144549208,0.9244694817657839,0.947499316944676,0.07741208968705393,1.3642462987349333,0.9585642751561665,0.8899615387309883,0.03847024388056208
1.2686156485357802,0.9488794639689757,0.14644060657118788,0.007889434421221956,1.2476048213030584,0.9464811062750277,0.5966933445661331,0.03374010054982934,1.0952124244306736,0.925657383007294,0.9455981465880371,0.07594412590587325,1.395080480489394,0.9612942177090512,0.8686604886267902,0.03497595547559397
1.3394806224551614,0.956239135647093,0.17714779408149361,0.008106905791897998,1.1557485233225406,0.9346985189569461,0.6079007073268384,0.042470182321312853,1.089448776202066,0.9247389337769834,0.945324408043999,0.07693644149429918,1.398706442199741,0.9616036738791817,0.8763196527285115,0.03499098026165998
1.3024085713735993,0.9525247044680124,0.15613757172527898,0.007782136596073422,1.2164003459942259,0.9427225655799298,0.6228464815010385,0.037842574051466744,1.0862704591628507,0.924228014219317,0.9450135529975006,0.0774760691069979,1.4086149250683726,0.9624372401250365,0.8622733833210124,0.033653485852284386
1.3533250193947517,0.9575538609602314,0.18221560981801002,0.00807719484499335,1.2315204417444334,0.9445737579363933,0.5901805797448897,0.034630955390550645,1.0892127562005252,0.9247011022165562,0.942970364050458,0.07678657339679867,1.373765765855345,0.9594261888821413,0.8826196402507386,0.03732568798666079
1.1677405910918655,0.936363829326671,0.15367977528089888,0.01044422275030265,1.2746410869088844,0.9495482813528683,0.5887078651685393,0.03127942429269605,1.0867554769135483,0.9243061869647641,0.9448314606741574,0.07737468053625073,1.3584056006760699,0.9580268021394431,0.8846910112359551,0.038760200421467966
1.430431992660487,0.9642117528268102,0.16107124102923157,0.005978414357164531,1.2062373315472679,0.9414458077471695,0.5951549098547173,0.03701627297617955,1.0989256900885636,0.9262436284481129,0.9416278662699107,0.07498141162339424,1.3580596080810812,0.9579947548951945,0.8924488009802205,0.03913124830497131
1.3005286716560334,0.9523285739603932,0.15528241433828158,0.007773088336092332,1.2047616556325564,0.9412582169627612,0.6041582135911463,0.03770413905915565,1.0931535403534798,0.9253304850945576,0.9441607320246806,0.0761890210996842,1.3990057952930492,0.9616291156330524,0.8631581156520645,0.034441698683670134
1.5120793308161067,0.9701623186447274,0.1820625026382811,0.005599395932067573,1.2858596245986367,0.9507715078204165,0.5946544907062151,0.030789673128082853,1.0968380171595702,0.9259145549881228,0.9442161842716233,0.07554981809317944,1.3738484776760749,0.9594336020296546,0.8711885632272861,0.03683525560114706
1.2259714591482607,0.9439010161802023,0.16910007963897,0.010050145586221108,1.1629991996253104,0.9357101876266268,0.6005476925656323,0.041261812671118135,1.0858213591655737,0.9241555644407641,0.9447976192139494,0.07753850639892447,1.3715936272939777,0.9592310432816871,0.882099395023263,0.03749073000590195
1.1595388736686079,0.9352292107118191,0.18848442422121106,0.013053789151906664,1.1458612811990219,0.9332951047220166,0.6106265313265663,0.04364297918205505,1.0826602503593512,0.9236438061439807,0.9466013300665034,0.07825405657693164,1.3847623612060818,0.9604004725111791,0.8867343367168359,0.036562102734378835
1.3100576755843862,0.9533148577827584,0.17588774823291822,0.008613465397594144,1.2393829109032486,0.9455139849633318,0.5817906428811848,0.03352616060718169,1.0956833867401636,0.925731974533055,0.9449189386289689,0.07580732407313984,1.3858330165678077,0.9604941240425865,0.8758765286659935,0.03602548795390083
1.3054678318099486,0.9528422398210848,0.19167058064787487,0.009486098430358319,1.1625567657914933,0.9356488763563683,0.6111488878451605,0.04203298763051443,1.094715063392922,0.9255785356261546,0.94440277320173,0.07593503374929317,1.4017022763117524,0.9618575587537994,0.8750867501805105,0.03470154665866933
1.1084153880437797,0.9277225649661209,0.14973821989528796,0.01166587390376302,1.1545895899858822,0.9345354495277622,0.6074001194701149,0.042548600802663684,1.1034221028583282,0.9269478193749725,0.945465406374082,0.07451154012933127,1.4007103347769003,0.9617736747404069,0.8708809164060578,0.03461373298858071
1.3300146388185528,0.9553179294585868,0.15566001548300706,0.007280520523917053,1.271189728062107,0.9491662043846594,0.6058528556383951,0.0324472153498751,1.1060690858177544,0.9273594667106335,0.9437102027437004,0.0739212946637325,1.382782396233675,0.9602267214979512,0.8791209557618407,0.03641381959872659
1.2771986919903067,0.9498296610076569,0.16535323438500737,0.008734016385396186,1.3372184204166497,0.9560206455122708,0.6028375706608003,0.02773204464052819,1.0977212011553465,0.926053933087064,0.9433878198880565,0.07533019013454424,1.368191594027973,0.9589235964830598,0.8865876750856284,0.037977825583319545
1.0855446342923596,0.9241108909316422,0.15673163230515527,0.012870992058622443,1.1198599357216494,0.9294697649326429,0.60270531669879,0.04573462125063549,1.087518815969512,0.9244290681905246,0.9434304918694378,0.0771242746699858,1.394761866197778,0.9612669115823567,0.8779198007194695,0.035374717318514104
1.2222440809157427,0.9434448157691308,0.1759855581576893,0.010549526053059623,1.1819950014007101,0.9382917945217881,0.6005492360878778,0.039496045768130573,1.0959412350307762,0.9257727836609871,0.9439542210326753,0.07568497952773572,1.3929928994862266,0.961114969665337,0.8708737593398015,0.03523402882943519
1.327281038656059,0.9550484802545466,0.15245299841876858,0.007175545650675591,1.2493303167907415,0.9466820055198905,0.6051658203247445,0.03408349126685471,1.0979761009466227,0.92609411475207,0.9450539499439254,0.0754189532846316,1.3863855169946144,0.9605423688200436,0.8789417591373582,0.03610560125870037
1.2874687678537147,0.9509446400187653,0.14250405553118756,0.007351203685979353,1.3254542670592244,0.9548675541799247,0.6087961512486859,0.028775152314500257,1.096053158776014,0.9257904911855178,0.9440928490367678,0.07567658910880329,1.3684423254972617,0.95894633100823,0.8820797738649735,0.03776291737047921
1.1960840015615903,0.940143651923586,0.1845840369558846,0.011751955504645683,1.1598689892656555,0.9352752401116223,0.5984187682302207,0.04141295463117058,1.093228460264802,0.9253424035856963,0.9430240185337669,0.0760841676679617,1.3680684804098364,0.9589124290154607,0.880465577156574,0.03772627281305249
1.2930573671662235,0.9515414575065759,0.1943437576094897,0.009897220097092893,1.2027487813633941,0.9410014278716609,0.5911503809093123,0.037063735881525076,1.093659801540525,0.9254109886752951,0.9431314571955335,0.07601729804629127,1.3881350082984776,0.9606947633775516,0.8662816989598915,0.03544248231311932
1.2806529228261092,0.950207325786859,0.18721149628556907,0.00981023908206846,1.3271414340481527,0.9550346780402306,0.6095565658745796,0.028699384291977846,1.0830248088073196,0.9237029864502696,0.9438135752529085,0.07795812961071069,1.3779148672129413,0.9597964616577018,0.8869657241921896,0.03715283596615534
1.3652602075576434,0.958656903922458,0.1713388448249332,0.007389169466603309,1.1930172924678737,0.9397450468811863,0.5978009987829955,0.03833004629882718,1.0963283952859073,0.9258340199972676,0.9431714857246772,0.07555483600571342,1.3875450447730124,0.960643436067933,0.8781246940003078,0.03597585676659532
1.3184991093755218,0.9541723368649359,0.20138995599636794,0.0096724990922613,1.3083965993249531,0.9531443385297367,0.6132918907592373,0.030148841108576765,1.0908552665059432,0.924964017754481,0.9434378710623734,0.07653463916860949,1.3711095381273197,0.9591874302580962,0.8816092756862471,0.03751168845005895
1.2899967184893377,0.9512154634800688,0.1673124044482607,0.008580871966885027,1.1844632229134306,0.9386200402139061,0.5925569121866426,0.03874956625973944,1.0933245183480171,0.9253576822438979,0.9438801510677362,0.07613639948266616,1.3876530694584779,0.9606528391090116,0.8743010324823557,0.03581029690616139
1.38254570740243,0.9602059021287892,0.1612043902235453,0.006680841335803616,1.2909904816753333,0.9513215380595551,0.5927775536606062,0.03033201544440533,1.0881946949213799,0.9245377172885909,0.9438980622365657,0.07704250577482191,1.3638981681565328,0.9585324248445071,0.8865372042232949,0.038352952066523706
1.306026858054241,0.9529000452888148,0.15845724258289703,0.00783222646091037,1.155183323097541,0.9346190388760587,0.605521815008726,0.04235907530237455,1.0890060081182527,0.924667948289336,0.9441884816753927,0.07692237592724224,1.357487122405218,0.9579416775515607,0.8798673647469459,0.038630478457697
1.0241048919765003,0.9135750133814873,0.16555609654308967,0.01566174995897679,1.215017890406126,0.9425504395922755,0.607574598316756,0.037032387999624126,1.0945168620067036,0.9255470930433599,0.943840856924254,0.07592449485351559,1.4136774993368717,0.9628563976645068,0.8629199415733463,0.03328840649022245
1.241421908107638,0.945755351507652,0.15790754596278475,0.009056929269695228,1.1350508518463587,0.9317286342682803,0.6115205963341028,0.044808482587413566,1.0889840669799153,0.9246644290422322,0.9445387033070953,0.0769547959999439,1.374253587595354,0.9594698917669809,0.885343364948683,0.03739884149847824
1.314991058420023,0.9538178256859743,0.15365517816907284,0.0074397123133585225,1.2883315237266184,0.951037228357366,0.5914976772650143,0.030452399585973594,1.0954227089749866,0.9256906966135464,0.9434963420401123,0.07573864162311816,1.3910255254054849,0.9609453142182335,0.8671173050710729,0.03524133307526809
1.153369030852747,0.9343632995790451,0.17274828725269045,0.01213513799583766,1.149801728478635,0.9338577451150771,0.6025727873958558,0.04267836627059703,1.0948916445751828,0.9256065381029633,0.9427547820742924,0.07577171192225436,1.3732246367336365,0.9593776575076519,0.8934919094077142,0.037832582481016064
1.167463711252428,0.9363258299465067,0.17493234005747607,0.01189614898193249,1.1416892761526003,0.9326945600246449,0.5880346530509751,0.04243396792547538,1.0872534445571609,0.9243863698666238,0.9437864456906895,0.07720053167772926,1.3839454661076924,0.9603288745786983,0.8857942021706984,0.036592102791027654
1.2748302908849958,0.9495691480594808,0.1892595254208907,0.010051420819999088,1.1979132667071708,0.9403802393976788,0.6095711205843979,0.03864658438868111,1.0892126187033893,0.9247010801720998,0.9435695995869585,0.07683539378814061,1.3868835061634763,0.9605858052165296,0.8750061049209151,0.03590273858804808
1.3571684286180843,0.9579121024497074,0.1779109612796715,0.007816894986777775,1.197746270508723,0.9403586773730077,0.6074485648090343,0.038526826736249936,1.1003655954722127,0.9264698118369328,0.9441739154562229,0.07493529176574568,1.3795842569600416,0.959944525636852,0.8866969104202217,0.036999081108001375
1.3120383885127878,0.9535174181902025,0.1606623174213481,0.007832053375033163,1.1834485578038656,0.9384852991660241,0.6075265851068231,0.03982141879552438,1.0843062730697124,0.923910678149069,0.9432988979766355,0.07768605250191958,1.3870528824569477,0.9606005683697078,0.8742741679654635,0.03585871843210138
1.2386907404617302,0.9454318193446319,0.17550354215863315,0.010129666463741362,1.1650965470334016,0.936000092730133,0.5804417280177803,0.03968826184658286,1.084517801147325,0.9239449113684183,0.9441102930962634,0.07771501432166372,1.3806452073214264,0.960038353289027,0.877496874565912,0.036525853338308274
1.2359869545263658,0.945109740424806,0.2166058699042103,0.012580076065250074,1.1440597264115366,0.9330363903586077,0.6077355758520828,0.04361691386003096,1.1065632281847633,0.9274360764070948,0.9438488527511695,0.07384808266205937,1.3941712783858002,0.961216247669664,0.8740602027177545,0.03526712590032984
1.4071535215734758,0.962315399626687,0.1689381582948608,0.006615676092905761,1.181633968107488,0.9382436438868108,0.5974829292566278,0.03932706476738475,1.0924671902396907,0.925221216959133,0.9432864291045807,0.07623886043084696,1.377044946182773,0.9597190976488208,0.881838664197053,0.03701213949898253
1.4612835965474065,0.9665838852347634,0.16325849725446584,0.005644067487562433,1.273982520002256,0.9494755863288166,0.5953013136859665,0.031677749554323446,1.0934601651079536,0.9253792528409698,0.944178772502954,0.0761367031296242,1.3850943029989766,0.9604295306084075,0.8833321748801001,0.03639399630554827
1.2653237912461832,0.9485105363111483,0.17417592727727624,0.009455061108644837,1.200741357299617,0.9407442864719071,0.5997331276192065,0.03777606190603428,1.0840589315887093,0.9238706310375497,0.9439637498349422,0.07778509477853683,1.3895386453095175,0.9608166229902922,0.8738402518608094,0.035636365166494495
1.237995252188493,0.9453491422893852,0.15468474595089726,0.008942361782327947,1.261611644835045,0.9480914853940365,0.5993435387839507,0.032814378481657254,1.094643578504301,0.9255671967022171,0.9422716611383287,0.07577615267316927,1.3374467525006182,0.9560427456321376,0.902599475386174,0.04150002174391837
1.1701218469595398,0.9366897646881143,0.14067151263412947,0.009507893544145897,1.234504278799848,0.9449323625599658,0.5955140186915888,0.034704653339338906,1.0969523302423907,0.9259326087098183,0.9427691242644514,0.0754141812982428,1.376400223999208,0.9596616690734812,0.8812322602976809,0.03704163632307193
1.231506695754003,0.9445721008347535,0.1637565607042341,0.00960930576537296,1.1064779489221594,0.9274228603982815,0.6019182496490585,0.04710419237977492,1.10049476418345,0.9264900706911399,0.9405162816106658,0.07462280229669073,1.367386653943689,0.9588505288398557,0.8770771241468491,0.037640131323670466
1.249036968039989,0.9466479012390352,0.16816191281511883,0.009477431860992985,1.2420408045845157,0.945828413841952,0.5864733502450828,0.03358980461704478,1.0985779153374102,0.9261889033242701,0.9403688961302342,0.07494114780904158,1.3896275450407551,0.9608243287868977,0.8803734334288916,0.03589544845966282
1.3874417895450004,0.9606344461713111,0.18733790999237224,0.00767686460687635,1.2038120631839633,0.9411372051153809,0.5905762429789889,0.03693719477378362,1.088564192970602,0.9245970542832982,0.9428056306774842,0.07688789561035422,1.3863514954211498,0.960539399662187,0.8795645239581167,0.03613401403777545
1.2615779126035243,0.9480876627423817,0.15481701367986217,0.008476972481763143,1.2271097184910882,0.9440396384901282,0.6120371715829752,0.036280067046804365,1.0941257159170354,0.9254850059518772,0.9420837398542752,0.07585143337451843,1.3981767604499613,0.9615586170109516,0.8715186238487673,0.03484174610758781
1.1522600826790337,0.934206526615287,0.18641877527199965,0.013128937103133693,1.274445570388877,0.9495267098670304,0.5953562049272584,0.031646910141122045,1.0994611088957935,0.9263278078574302,0.9423763669459614,0.07494855728971608,1.3833091619815585,0.9602730188314068,0.8789514638653827,0.03636266725017498
1.2343467682721638,0.9449134873181075,0.17501808469200378,0.010203194336140205,1.2389814006177016,0.9454663370099766,0.59945189471927,0.034575855665823295,1.0879428327798102,0.9244972466480558,0.943673140058984,0.07706882913611553,1.3730524323176891,0.9593622016309394,0.889161704969117,0.03766416273498903
1.3874652695186367,0.9606364906236908,0.17604880285702376,0.007213861611119137,1.2937514661583198,0.9516150988615765,0.6044425607603907,0.030732901969750315,1.0868312019283968,0.9243183852607906,0.9420674513291553,0.07713487803201703,1.37185811359674,0.9592548527797965,0.8728165863012938,0.037073610002622964
1.4442773449492528,0.965295720231999,0.14016668395753362,0.005039267980019744,1.2640229403017536,0.9483640532977499,0.5992876162810803,0.03262964607948179,1.1018379797211812,0.9267004365867595,0.9458519210153197,0.07481439538256549,1.370871260477144,0.9591659467186356,0.8847529135110834,0.03766610744965468
1.3381134917578732,0.9561072182854495,0.16662870238070587,0.007649557623977223,1.231894187398714,0.944618795718742,0.6033974584636198,0.03537604593664622,1.0876899342324742,0.9244565894176853,0.9436748048290572,0.07711385699818726,1.3652187591942337,0.9586531211668184,0.8812339083197007,0.03800777447700536
1.1635992243207984,0.9357932504908949,0.17336851776376233,0.011895179824158211,1.1886354006491326,0.9391711846530104,0.6011011253030858,0.03893248638099803,1.0863293596132135,0.9242375114527869,0.9404950228307348,0.07709516494728887,1.370845497557734,0.9591636232391847,0.8764860701432016,0.03731638118749697
1.2284432053292698,0.9442016265877142,0.19712347240952632,0.01164917408751292,1.1410322098678183,0.932599521693281,0.5865808389061131,0.042393147528153395,1.0969327108910487,0.9259295104693839,0.9424903026679828,0.07539528366590974,1.3962324930426835,0.961392794286054,0.8669067248738304,0.03481287405202751
1.1662835021246922,0.9361636190783341,0.19104183848142323,0.01302701720590474,1.209498465578276,0.9418583784550715,0.6033833935118128,0.037247307784852884,1.0975940252009864,0.9260338779221203,0.9422147990547012,0.07525855858194218,1.380331820617149,0.9600106601369754,0.889114510059393,0.037036153655667245
1.2409546614604463,0.9457001303032165,0.2062547515377704,0.011842661086715197,1.2054576363614398,0.9413467614886923,0.6203054806828392,0.038649865062290276,1.0941016852570185,0.9254811899843471,0.9426152463888313,0.07589842691961698,1.346563028787976,0.9569164964639887,0.8955352823277352,0.04031992096004356
1.161513219950877,0.9355040488998632,0.15336141672221495,0.010573113441032723,1.2793221793466616,0.9500621503822002,0.5935857173290086,0.03120047912162907,1.0928458598729858,0.9252815199882825,0.9414578165050612,0.07602475087290148,1.383928722285215,0.9603274057453796,0.8728069874037068,0.03605699188287639
1.2157748803656476,0.9426447505447921,0.17174492232102695,0.01044982519310146,1.2102707520379572,0.9419556813212115,0.5932182277429847,0.036554743009653494,1.0829178267543658,0.923685623967338,0.9436005674544133,0.07795973723186979,1.3833849223684116,0.9602796731454514,0.8827307013598146,0.036512646224935746
1.1845214981605245,0.9386277704128992,0.21253225005768303,0.013896433129679716,1.1995992420889015,0.9405975186504864,0.5911916265216084,0.0373361069661592,1.1014980616255383,0.9266472532264036,0.9428553449445194,0.07463576794842053,1.3805024718272505,0.9600257424118507,0.8824105213846724,0.03674245795920713
1.2225618937234308,0.9434838490519784,0.16547676922008472,0.009912316015828284,1.1860174711035139,0.9388258996734884,0.601513994027363,0.03919478300633608,1.0878172841989937,0.9244770653450414,0.9439336065004514,0.07711239007940794,1.386407635085684,0.9605442990127907,0.8708174178762415,0.035770043806924105
1.2701281793696522,0.9490481377265502,0.1687354324410057,0.009058955149503993,1.144552497255399,0.9331072476829848,0.6143544761195471,0.04404194899135164,1.0955632781336018,0.9257129581422657,0.9406815893637855,0.07548825150304117,1.3831235314982748,0.9602567097042967,0.8835491745624561,0.0365685040055363
1.2572970880265382,0.9476003799230065,0.17959934895922755,0.009931335878425394,1.4136652833384935,0.9628553916694406,0.5940334997562031,0.022916360934966743,1.0916751424538993,0.9250949389125497,0.940025959220674,0.0761140278012806,1.3640090977244301,0.9585425762831693,0.8854085830248672,0.038294343618323255
1.2953230088525465,0.951781441439859,0.18869779550238175,0.00955969018353258,1.2142335868333929,0.9424525721345764,0.6055306303312286,0.03697451871807824,1.0974023406960192,0.9260036405471117,0.9432604962889111,0.07537534377280125,1.3835050464462688,0.9602902218958219,0.8713927661460065,0.036033703766066114
1.2218254413195209,0.9433933604157702,0.18025798593810552,0.01081605963145694,1.2012503938276917,0.940809590821965,0.5885511819742014,0.03702830585818445,1.0964234284835217,0.9258490440962979,0.9415171898355755,0.07540581271995554,1.3402366699021706,0.956311925733383,0.8989024525272656,0.04106538468014886
1.2993601367302263,0.9522062726905862,0.1677570935503098,0.008420167996486861,1.181139573814705,0.9381776500917873,0.5981661422452629,0.03941688074269768,1.095663871872112,0.9257288851144468,0.9426486284185576,0.07562858381515054,1.3766722558352262,0.9596859098459747,0.8850061683046172,0.037176974351563585
1.1642004499797405,0.9358763793438419,0.18796909339710008,0.01287911427845664,1.2145305391974681,0.9424896450305605,0.5949590169599293,0.036304169958837916,1.0895669981564318,0.9247578769671702,0.9427274109500048,0.07670419858844796,1.3753706520125968,0.9595697973659321,0.8812113840242166,0.03712867465956727
1.2607130384380094,0.9479895613300211,0.15077437401923996,0.008272075614345478,1.2429438852238632,0.9459348584189045,0.6252166200450296,0.035734411075714116,1.0945455805367303,0.9255516496952806,0.9412703827522685,0.07571271382820108,1.397886734230759,0.961533924708593,0.8720338404857747,0.03488563274035955
1.3940224892470818,0.9612034736826114,0.17314170532361386,0.0069884232747198455,1.1644427573094656,0.9359098537705818,0.6070245195493704,0.04156841608839183,1.0869569174998015,0.9243386323874782,0.9429948089242324,0.07718846145208741,1.3747267332606357,0.959512236781316,0.8920021537442014,0.03763909474724337
1.3389030437922511,0.9561834500648391,0.19140893943983917,0.008771203216739626,1.1914305600670088,0.9395378324433457,0.6014568588031175,0.038705610481359704,1.0938237863733955,0.9254370477572992,0.9421869405965134,0.07591249996490115,1.3764290478929628,0.9596642382335349,0.8798779984026879,0.03698225682813075
1.2602906238797684,0.9479415838003837,0.17312035023067013,0.009507306567141143,1.1753171909283406,0.9373954835043391,0.6240769731646832,0.04167935289702055,1.084857885771946,0.923999920256408,0.9442928194400189,0.07766919455883488,1.4135420716429818,0.9628452436450442,0.8669178869785678,0.033453063286166276
1.2572001906516814,0.9475893003139656,0.21971060648019938,0.01215208594087636,1.247617563008102,0.9464825924044208,0.6020769869842149,0.034043520477748654,1.0809004337796648,0.9233575350691616,0.945735253392412,0.07849990739129703,1.4007419714639227,0.9617763528448762,0.873843810578787,0.034728965195965626
1.149827138865199,0.9338613590111389,0.17110541833824738,0.012118158359936251,1.1687396201297602,0.9365007618321382,0.619211036920931,0.041985474771731875,1.0925200936837758,0.9252296445048215,0.9434620191544161,0.07624376389942518,1.4022297454025248,0.9619020924099602,0.8703451799783184,0.03447162710206327
1.1527569813679892,0.9342768166083715,0.1474070712488139,0.01036958405120061,1.0711872870426005,0.9217597128735123,0.6139623471815394,0.0521140050464841,1.0940178128359146,0.9254678699893379,0.9417398957602762,0.07584259013534518,1.3743211712708547,0.9594759428840867,0.8937868723957259,0.03774963878463139
1.3409790475965155,0.9563832872953392,0.1886564292830396,0.008603844698286182,1.2891304726372885,0.9511228212848835,0.5980555841835858,0.030733433175565754,1.094189614589142,0.9254951519176297,0.9426569102339483,0.07588641576917488,1.3543289808401051,0.9576477197199592,0.8982376584561476,0.039724851096754984
1.211214425348285,0.9420743703336371,0.1552922590837283,0.00954850505756908,1.1225149544240725,0.9298694829886794,0.6001511092794835,0.04526324215244747,1.0929437790259804,0.9252971063090821,0.9401950683426059,0.07590566506717446,1.3659529180340393,0.9587200746608362,0.8829246514183666,0.03801637689035685
1.4090828293587214,0.9624761702918505,0.15364428090803817,0.00599009306451307,1.1593921277435302,0.9352087395326161,0.6208056680439356,0.04300941601333286,1.0939197990206937,0.925452301389225,0.9422026709423671,0.07589698641220184,1.369468803724258,0.9590392791397178,0.882740285457822,0.03770197864804674
1.134316215200697,0.9316209546552089,0.16579869460666438,0.012169280220636661,1.174925523785512,0.9373425375636465,0.5918722088629337,0.03956420327444353,1.09545272221204,0.9256954502376852,0.9416008244589488,0.07558125655611897,1.368942271308489,0.9589916265507048,0.8871590518722089,0.037936670874753026
1.5337604870401418,0.9715740225421122,0.15562573644260544,0.004553244089842817,1.231812641405107,0.9446089720535441,0.6006357383607815,0.035220744195193214,1.082899383047379,0.9236826303088227,0.9404269311922835,0.07770083297045975,1.362792039195595,0.9584310700824626,0.8790726988737566,0.0381270104367125
1.3899326843249673,0.9608507670937273,0.1839700653270487,0.007495739382147239,1.3407266955341544,0.9563590422707835,0.5892044984701894,0.02688681496705216,1.0784795714793223,0.92296212282647,0.942253094076463,0.0786480575232544,1.3796073481180098,0.9599465700035411,0.8845957716585352,0.036909444673736344
1.2598863989005982,0.9478956330679863,0.2080045365417068,0.011433689867748564,1.1569571716883593,0.934868181074674,0.5898597361427098,0.04109524562235453,1.092897221327829,0.9252896958413784,0.9398156688324554,0.07588316911674306,1.3758316593152762,0.959610959144077,0.8805468445756216,0.0370613133814567
1.2160276480074412,0.9426762096602707,0.1709600587552938,0.01039601770377564,1.1975194211072648,0.9403293755915072,0.5937510724900301,0.03767775224123536,1.0919922216766231,0.92514551510767,0.9411966586358613,0.07615319959300697,1.366127379868098,0.9587359698909357,0.8840749816389707,0.03805061852969904
1.3644390527188353,0.9585819000635319,0.18420396976995265,0.007959026169929138,1.2734962485388832,0.9494218462704243,0.5828834814384187,0.031051708412264085,1.1047584117621339,0.9271559042529978,0.9415538576530188,0.0739753034448888,1.3710661705424576,0.9591835209647592,0.8788929490906071,0.03739984564653055
1.2709365587805903,0.9491380701425519,0.15970301750561952,0.008558084360870341,1.309859439856175,0.9532945387733217,0.6041550303112867,0.029599812225312758,1.0975817852880339,0.9260319474703418,0.9416729105646754,0.07521739558195395,1.378090328697273,0.959812048575125,0.8807983107417751,0.03687959510380314
1.2177525214541518,0.9428904527935505,0.1664166678134504,0.010079623267235679,1.2543595643225867,0.947263507389219,0.6031417287076665,0.03357838560350674,1.0902127379448703,0.9248612692298495,0.9429039316333412,0.07660457521387082,1.378208823217342,0.9598225716227647,0.8813835716349925,0.036894032677692146
1.301084066608965,0.9523865984553183,0.17553162147999007,0.008775488431768348,1.2609958927276539,0.9480216643447065,0.5967054637725129,0.03271629547068848,1.0834465159945113,0.9237713914589337,0.9440590782469592,0.07790272634625804,1.4079592774369596,0.962382624197002,0.8703767548335494,0.03402107296366275
1.231862960181333,0.9446150340388325,0.16028480471023174,0.009397869113952323,1.2006412701330742,0.9407314383390784,0.6044021497278609,0.03807892945768395,1.1013448478210035,0.9266232698801163,0.9404032451305926,0.07446792819128949,1.3375607625354313,0.9560537766259901,0.8945743333447438,0.04112024285554745
1.181365318985372,0.9382077916592627,0.1757117131977951,0.01157271863051131,1.2873016574108567,0.950926687047347,0.5973442203802218,0.03082641413524417,1.084986390811346,0.9240206965150731,0.9434615860447854,0.07757786642963761,1.3657732803950118,0.9587037017402061,0.8927034791812721,0.03845332928923582
1.2270825464987412,0.9440363331209042,0.17725942338202308,0.010508162634521903,1.1838806264289432,0.9385427088768916,0.5853438371902183,0.038329259040714825,1.100443104149969,0.9264819689347759,0.9418116417747141,0.07473446851555256,1.372951856865199,0.9593531720694546,0.8861671863887521,0.03754601140801933
1.3362326633400077,0.9559251129808823,0.17083105522143247,0.007876516011554846,1.2195190751287166,0.9431090930850904,0.6036495352651722,0.03641378263850641,1.0868259241131666,0.9243175351332391,0.9425164024056861,0.07717257522452145,1.352289250324149,0.9574568202416297,0.8941361399671952,0.039729618847437816
1.189843730776171,0.9393299386946701,0.17713865118454722,0.01144114797601831,1.1732070212485233,0.9371097345207157,0.6204358473433673,0.04163800002808161,1.0900141731010244,0.924829490037336,0.9431458602757065,0.0766592718439786,1.3873699223191338,0.9606281879027542,0.882006163497785,0.036149450302579295
1.2259330364233063,0.9438963312583094,0.17950487068435506,0.010669478701087393,1.1991707025191012,0.9405423612420619,0.6226210156708974,0.039359817227129855,1.1023491867574824,0.9267803528446092,0.9391471862063312,0.07419668035683424,1.3758264518018848,0.959610494407113,0.8808151052696296,0.03707304872959648
1.309624406742209,0.9532704371632883,0.19243311524704623,0.009433120969910773,1.2083490596760913,0.9417132776657318,0.6194520152957895,0.03834057400618342,1.0961871178719087,0.9258116798279019,0.9402448150156871,0.07534489453568527,1.3843424097757937,0.9603636807584827,0.8747296805596556,0.036102015896009566
1.2853319834338013,0.9507146114045953,0.16984589298655836,0.008804872394680828,1.2033867052034775,0.9410829236275987,0.6053793876741738,0.037900149628037345,1.0937624404641568,0.925427300164646,0.9398681817560268,0.07573637366265551,1.3732272820904003,0.9593778948926601,0.8817874772668226,0.03733676143109032
1.2572263440072526,0.9475922910047121,0.20287707600172872,0.011220355908172573,1.2360015424606507,0.9451114829558235,0.593011051429277,0.034439849468300636,1.095458256247554,0.9256963267112277,0.942547659717506,0.07565629391180877,1.371144663928472,0.9591905963478152,0.8861311765553291,0.03770104191025541
1.270608107902742,0.9491015480319112,0.16799419718618275,0.009009198851407925,1.201117978622496,0.9407926097541924,0.6143934417255159,0.03866594177245065,1.0997757961985308,0.9263772422320778,0.9409385777631795,0.0747800030344409,1.3869853515274406,0.9605946828838935,0.882623036075984,0.03620678028962052
1.1493065914344718,0.9337872894927837,0.1673337962395676,0.011865254896007715,1.1921724775884748,0.9396348037432666,0.59794551321325,0.038413964778824,1.082775693521003,0.9236625510724962,0.939495432204659,0.07764598065632436,1.3791992536006261,0.9599104247784683,0.8812032839112853,0.03680246033787478
1.2952940478132853,0.9517783809258553,0.16269490025192346,0.008242897361907399,1.2099400742114252,0.9419140368742135,0.6173078232450466,0.038068144283383065,1.08837546552088,0.9245667522541475,0.9421937768094233,0.0768713956211233,1.358780762273945,0.9580615247169781,0.8760196091781848,0.03834714763001767
1.1548874340121946,0.9345773942315109,0.18055802624556985,0.012639484586628304,1.1619414949834144,0.9355635232982763,0.6026286621327605,0.04150575218068689,1.082670576972951,0.9236454830859535,0.9429179381217586,0.07794770285059222,1.3997292115693507,0.9616905313400311,0.8638322910822535,0.03441123210038535
1.385553483989859,0.9604696934920519,0.19139540146335776,0.00787731141890625,1.3069723161665794,0.9529976560411222,0.6054625623161374,0.02986173095789708,1.089662168341105,0.9247731232951106,0.9412942556007379,0.07657080977525399,1.3839782761232682,0.960331752649875,0.8881086752292068,0.03668494195425022
1.2878932618981034,0.9509902161625343,0.17025279649710942,0.008774067926500411,1.248629676456376,0.9466005160048392,0.5982485547155612,0.0337483062628062,1.0882504327768765,0.924546670871363,0.9393904149420176,0.07666474434665822,1.382233939653879,0.9601784628057458,0.8796086614442582,0.036480061139610304
1.1897119739592326,0.939312646931983,0.21078749683866602,0.013618612806666418,1.193195203673833,0.9397682391670743,0.6195667776266414,0.039709362813867013,1.0763369054878087,0.922610590975079,0.9401704727988571,0.07886234776005221,1.3800982975559508,0.959990012365724,0.8831297548171895,0.0368066439385371
1.2455868754910004,0.9462452511092078,0.1638009418214882,0.009305281569833903,1.2134364882554747,0.9423529477058942,0.5979820049669549,0.036580667567480164,1.0875174393835827,0.9244288467546563,0.9386119668326842,0.07673060942704606,1.3586522815201563,0.9580496364471373,0.8929933366808257,0.03910172677792323
1.3437545113681426,0.9566490964014622,0.20750984097529693,0.009403384318980109,1.1696084820564592,0.9366196295343034,0.625142412727434,0.04230293329660886,1.0760283699059037,0.9225598508769621,0.9422503598692873,0.07909298059107188,1.354909508949991,0.9577019018230841,0.8847736064019212,0.03907712911156533
1.2985951934328055,0.9521260508154076,0.19527284372040418,0.009818534204998794,1.23276184174103,0.9447232185977817,0.5991524095687781,0.03505705810798561,1.092375226056338,0.9252065649395965,0.9391083948245201,0.07591725502679858,1.370265069717101,0.9591112426529993,0.8925726822421629,0.03805209051434868
1.3194609705534805,0.9542690857146134,0.1607966916346009,0.007705771707996837,1.1079966626054438,0.9276578886927173,0.6178879044736878,0.04818512956737827,1.0886425523772114,0.9246096323639211,0.9418023470771084,0.07679221879306446,1.3618691410165038,0.9583463234724923,0.8807153518561628,0.038279514910749025
1.166464610219922,0.9361885360109132,0.15344153584805256,0.010458714951711441,1.2349264926694867,0.9449829284320617,0.610887110528937,0.035565954546572374,1.0819000656384974,0.923520266690646,0.9408024451312279,0.07791092702086473,1.3803612445158853,0.9600132610310257,0.8796536973740764,0.036639580105605966
1.208817000494889,0.9417723913814559,0.16766693738213553,0.010366458920967245,1.2285589794021843,0.9442156696511387,0.621023579776178,0.03669011820304416,1.0878650352281674,0.9244847416665263,0.9402177653585144,0.07680038862813426,1.3728299707586813,0.9593422266840735,0.8811444381736342,0.037343681774210984
1.2571760221666888,0.9475865364539724,0.17329381292616436,0.009585329251877599,1.25280144643452,0.9470839947492427,0.5979523715643419,0.033409128449878575,1.080537079428287,0.9232983054082498,0.940549433367098,0.07813480753077785,1.3663203422984729,0.9587535438898594,0.87880786147916,0.03780711958641873
1.117920756907027,0.9291764885842947,0.16018563951586523,0.012209638974151404,1.2555033870862609,0.947394922387412,0.6208565041980155,0.03447369604569321,1.082602491127828,0.9236344259815555,0.9431700468869262,0.07798076814967225,1.376977757741893,0.9597131165019365,0.8702295278595573,0.03653053709762652
1.2549800138005147,0.9473348299079529,0.1679267238739444,0.009335547682418486,1.2708672200067788,0.9491303620802387,0.6174643248429749,0.0330936485524384,1.0901418624061803,0.9248499274132249,0.9408374219978088,0.07644916051758419,1.362952344755732,0.9584457735753518,0.8834713612020333,0.03830364742089946
1.2958841322262373,0.9518407028542645,0.14641476154941999,0.007407995882962523,1.2475103080372396,0.9464700815000473,0.5946204463740588,0.033630206231518675,1.0980939240441892,0.9261126812532284,0.9407231531103725,0.07505297451739407,1.3752358590199678,0.9595577545668743,0.8901431381860118,0.03751664461445659
1.195224385283513,0.9400321703394016,0.2114621812085111,0.013489887327783813,1.2182166507166166,0.9429479728155548,0.6120251352861796,0.037029905851169234,1.0814572080790803,0.9234482123566383,0.9415441026130338,0.07805189639833993,1.3612078835310555,0.9582855008393223,0.8893311342229734,0.038712891742196075
1.5667810340609762,0.9736002601519067,0.1700017696464791,0.004609697301932011,1.2587150606168247,0.9477622633098648,0.6219762867371803,0.03428141713578893,1.0826679124511676,0.923645050396672,0.9404173643157594,0.07774146619157056,1.3782983839667782,0.9598305234204231,0.8835232300132043,0.036975971100662745
1.2407193868282265,0.9456723044882953,0.17574398308759756,0.010096272837728378,1.2124335046615247,0.9422273609266758,0.6268159150043365,0.038433196831968316,1.092690152713119,0.9252567290817179,0.9378387901127494,0.07575966384663847,1.384362549361505,0.9603654459262758,0.8763619362532524,0.03616770542705427
1.0967092247279198,0.9258942096603248,0.16969344172414494,0.013581753167071596,1.130841898539817,0.9311095705467697,0.6095087892674144,0.045096005428763304,1.0870998615097782,0.9243616481986136,0.9386883448289867,0.07681067187977962,1.3828459568110747,0.960232310566667,0.8781212560157577,0.036367088474074494
1.2395370336645888,0.9455322645684572,0.1501643789188273,0.008650274526512954,1.253690853681667,0.9471865349802037,0.5973157092018302,0.03330527952908983,1.0869410944624296,0.9243360842811376,0.9403355363497712,0.07697359215955935,1.3886250820730235,0.9607373513758505,0.8795322826639552,0.035944024574851276
1.2091508100799124,0.9418145262784215,0.15374403987863025,0.009498334908419963,1.2376695490783105,0.9453103833515731,0.5994324338968358,0.0346793292381081,1.0854488709352548,0.9240954256010393,0.9374051798872995,0.07699782863057468,1.3647352107174913,0.9586089659803683,0.8913022865192891,0.0384848510418073
1.2320097086744175,0.944632709503497,0.17219015280135824,0.010092496390264752,1.2861194695881841,0.9507995044402674,0.5922988115449915,0.030649358683258562,1.080229539992481,0.9232481412323764,0.940855687606112,0.07821561683240284,1.373201071894419,0.9593755428232671,0.8852020373514431,0.0374836032960714
1.193293547859584,0.9397810556083582,0.1594125973106865,0.01021478170419724,1.252922197617671,0.9470979272362361,0.5983722576079264,0.03342329425655731,1.0910845327379204,0.9250006490909115,0.9406200664162447,0.07626577830254982,1.3987495679078967,0.9616073400931439,0.8810087647667265,0.035174720980574066
1.305860940614764,0.9528828958186145,0.15767212185809307,0.007796397463620798,1.2580980477928712,0.9476918799599152,0.6079547754287025,0.0335562349372588,1.089231228020874,0.9247040636878973,0.9385245348696016,0.0764212966936184,1.3552448746101144,0.9577331721180826,0.8965312537945735,0.03956585539487068
1.2358736621284188,0.9450962058564593,0.16538317502468253,0.009607660828700277,1.1900515065570405,0.9393571978208154,0.5969019167262452,0.03853465427249606,1.0908145759615029,0.9249575146475987,0.939536308855071,0.07622527367883243,1.400176887068442,0.9617284902564868,0.874265481905151,0.03479096257221909
1.1939854799352048,0.9398711576626283,0.1959244566507307,0.012534389068055377,1.209556577189606,0.9418657054463548,0.6057098294510562,0.037385917584352966,1.0909853816550843,0.9249848091035072,0.9377275963788018,0.07604861610586032,1.3829999318823822,0.9602458469272102,0.8790628284677721,0.03639317822132323
1.3871237420893123,0.9606067430537802,0.18174659742728166,0.0074531960797960175,1.2626583152838726,0.9482099655284166,0.6021450632997318,0.032888405225532644,1.0930058401892555,0.9253069833723359,0.9384651936326919,0.07575517916985652,1.3646675746059964,0.9586027861991305,0.8859247191392594,0.03825861507778333
1.24590285523817,0.9462822470849152,0.14043918918918918,0.007972333505885531,1.2722676211079997,0.9492858239052614,0.6049729729729729,0.03231977673246157,1.091772399347894,0.9251104553569206,0.9389391891891892,0.07600900835002589,1.395098483146029,0.9612957600349877,0.8762162162162163,0.03527871868740294
1.2681015608240418,0.9488220139558399,0.1872780284529471,0.010101486038021926,1.18198996301329,0.9382911227986761,0.609790086792989,0.04010424981135313,1.075160785053363,0.9224170091811378,0.941768195747617,0.07921058757258422,1.4276402912733699,0.9639892713400443,0.8646624679515367,0.032300282214309875
1.3048326203195764,0.9527764746622391,0.16051604348620255,0.007955836073067388,1.2553673212161243,0.9473793058593346,0.5973940751063815,0.033181314720722936,1.0839829033910457,0.9238583174103354,0.9382141431635063,0.07732484748325393,1.3586639905492484,0.9580507200120904,0.8916092195079051,0.039040067511735436
1.3200638683109076,0.9543296290349357,0.1489661622288336,0.007128920326106445,1.2437102841703667,0.9460250378352231,0.5924219115324926,0.033800321325238095,1.0871015076296635,0.9243619132074935,0.9392777028538124,0.07685860634845859,1.3948325719454748,0.9612729728563266,0.872056222341197,0.03513273122936786
1.3165835717413041,0.9539790817210514,0.15938120438821768,0.0076887109192351364,1.2520081404379955,0.9469923755118701,0.6066595743239123,0.03395759431590863,1.0982896748694155,0.9261435180754529,0.9397941413634916,0.07494506808042385,1.3881559371096,0.9606965830216115,0.8801100442480875,0.036006510970563524
1.2216458888065125,0.9433712779798181,0.16024938802558797,0.009619455521094866,1.2763912284286627,0.9497409873480147,0.596752816434725,0.0315793545301742,1.086945905668909,0.9243368590753414,0.9408312032566506,0.07701331307888686,1.392383609221357,0.9610625035772623,0.8740685140855547,0.03541293049489771
1.3750336183437224,0.959539679349835,0.17462881029288022,0.0073634658485350404,1.2057595804115055,0.9413851366783645,0.6039738335007193,0.0376061213643151,1.0842623000448857,0.9239035598804897,0.9421636220515187,0.07760041281527079,1.3837656971523016,0.9603131018204725,0.8790206563339757,0.03632732201559587
1.1755765281394426,0.9374305179795359,0.19762912900686697,0.013190900015466599,1.220760674600908,0.9432622906583757,0.6117512146133594,0.03679714852153373,1.0832246954671496,0.9237354170286604,0.9416917731997937,0.07774707892183744,1.3892186430077103,0.9607888732687375,0.8762994327280623,0.03576299545844406
1.4541417154238994,0.9660486322672748,0.17107227540177394,0.006012262257861905,1.2746149824296067,0.9495454017309162,0.6060014456431423,0.032200208051845564,1.0840118261885974,0.9238630020001521,0.9408502273172511,0.07753694186294321,1.3458112819764179,0.956845077121001,0.9059588869898872,0.04085989136008091
1.2998181171971919,0.9522542413400427,0.20225833884531796,0.010141175974057948,1.2753090777437954,0.9496219154445317,0.5955440666297701,0.03159401532044203,1.0894915128375748,0.9247457821494918,0.9395728999338562,0.0764608231396355,1.3515756061816286,0.957389835941447,0.9029440747290128,0.04018696847984356
1.1527542478095474,0.9342764301173563,0.21240823416063942,0.014942287926232032,1.2047114786620907,0.941251828473464,0.5934824203112914,0.037042166582536916,1.0875960579068027,0.9244414922760736,0.9408627685126132,0.07690068798922389,1.4051699188301359,0.9621494145658704,0.8722605946290692,0.034314394061892316
1.3031069927375518,0.952597375461558,0.162476772681981,0.008085079436556295,1.323496475631255,0.9546728815793859,0.594780922629467,0.028239730942966102,1.0965923861143005,0.9258757482295379,0.936168637061374,0.07494828532428971,1.3675252643883495,0.9588631199265789,0.8871085018716506,0.038058483317619574
1.3275454913427636,0.9550746146906443,0.1658296212679379,0.007800395400080599,1.2829492366763207,0.9504568985352596,0.5891132275704504,0.030707858981004338,1.1007031237238567,0.9265227390254591,0.9391716968250857,0.07448037804242498,1.3492721238082441,0.9571729374908122,0.8916933101709466,0.039897288815776054
1.3400007093043302,0.9562892205337709,0.1755183973613777,0.008022725546406196,1.1991621323762627,0.9405412576881789,0.6089445510827544,0.038496000945256695,1.0893114799917565,0.9247169287419932,0.9395225607613075,0.07648842763863062,1.3915051873915816,0.9609867429582952,0.8776663332342047,0.03563069158468347
1.2766490474721515,0.9497693165190203,0.20204707734911628,0.010685713482277181,1.269496911736106,0.9489778044256605,0.6053674693888632,0.032547839658057166,1.094578862610484,0.9255569301052468,0.9398976461325442,0.07559650183484949,1.3712739541900782,0.9592022479941996,0.8854491895854261,0.03766081295783361
1.2171239617673593,0.9428124678855567,0.13451586567979867,0.00815923701742921,1.1672870806965407,0.9363015778721597,0.6104052950820779,0.0415270625128818,1.0975419556948307,0.9260256653148364,0.9375493377773879,0.0748948880083344,1.400891620888005,0.9617890185056905,0.8737560133051756,0.03471351222830388
1.2856363908876862,0.9507474437666326,0.18659649500632622,0.009666451825353714,1.1950145913823758,0.9400049331737138,0.6052440304735242,0.03862921860619587,1.0874714585894036,0.9244214500000414,0.9412334778043987,0.07695306233306408,1.3904423409970135,0.9608948873207868,0.8722104073007242,0.03549595976369332
1.277057611873848,0.9498141786276063,0.19436592922759147,0.010269812795582223,1.221700159115198,0.9433779533188669,0.6127221829646138,0.03677591141952572,1.0986671801651837,0.9262029534188586,0.9386788606838071,0.0747910890922076,1.37027124880778,0.9591118006223122,0.8751155079632549,0.037307326783896706
1.1908277992503598,0.9394589421386131,0.15523538281119115,0.010003752022959847,1.268390158229164,0.9488542726311243,0.6207337912548165,0.033459175104025365,1.0803020850606249,0.9232599771033224,0.9405595577148601,0.07817793880894038,1.3712068238033175,0.9591961985972043,0.8906952588373261,0.03788980034028666
1.30925805467868,0.9532328457861282,0.1822304707271807,0.00894052336177747,1.2936203781615672,0.9516011990472267,0.6145166188628312,0.03125455027619957,1.0792820584837846,0.9230934040059282,0.937499578201451,0.07810683186821767,1.3633347542904468,0.9584808287263872,0.8847511388560824,0.038325371742178094
1.3342524050404772,0.9557326019388233,0.18251889948771113,0.008453867494861891,1.3200829664129146,0.954331545629126,0.6148476260358535,0.029422836207460654,1.0942570830571705,0.9255058633243927,0.9394812486115692,0.07561901800044046,1.4030081482013714,0.9619677209219817,0.8763101737473831,0.03464572912584266
1.1616982304256718,0.9355297475053589,0.18042644038482325,0.012433744837442747,1.1697979413307364,0.9366455216098939,0.60269160090801,0.040765915305927235,1.0760477935083337,0.9225630460765561,0.9381823586639282,0.07874798843137035,1.3672452832072384,0.9588376832145941,0.8849043346665225,0.03798840323651546
1.0888340459781782,0.9246403623893655,0.18169074175656733,0.014808079998368643,1.1598181527043303,0.9352681537409047,0.617006291352607,0.04270428350733302,1.0847838822154423,0.9239879532467979,0.940032371006955,0.07733194386725817,1.3626534632744454,0.9584183556575813,0.8841483648578181,0.03835938933809802
1.128437026674505,0.9307535261107585,0.19120803233515907,0.014225551284061687,1.1884814726999895,0.9391509332605075,0.6136029735347285,0.03975630217236755,1.0904447766606722,0.9248983900878663,0.9408745929331158,0.07639887517588562,1.3707872865854558,0.9591583729022821,0.8836313412726892,0.03762563383866973
1.3681479609767635,0.9589196389211825,0.19865900771983952,0.008510602387778825,1.2518332651324655,0.9469721589560895,0.6162813512763784,0.03451006370645102,1.083550683874745,0.9237882798342826,0.9411573670002232,0.07764465457235664,1.3884693325577246,0.9607238213563601,0.8824838803526364,0.036077584175989864
1.2633465639787183,0.9482877339598416,0.1654458587995876,0.009022135327808706,1.3013141896545577,0.9524106207330714,0.6068302347050856,0.030321663326047053,1.0784165731908688,0.9229518080630643,0.9403230479989757,0.0784983463405265,1.3695133596320879,0.9590433091348233,0.8781797721008902,0.03750335058636141
1.1975022643947453,0.9403271589375346,0.16398921832884097,0.010406699911073089,1.1959539473107053,0.9401267979651732,0.6159636118598383,0.03922844648063307,1.0714292513979282,0.9217998839241026,0.938477088948787,0.07961491270529171,1.3608944873233302,0.9582566449139367,0.8939353099730458,0.03894140391953803
1.209712800540061,0.9418853985423629,0.17798840786541814,0.010981936234690338,1.1791165663069472,0.9379069238649751,0.6161535924173168,0.04079175763750464,1.0897168444484977,0.9247818811608294,0.9412853671179207,0.07656044743931896,1.3571785437389294,0.9579130414484797,0.8925135813771887,0.039213561649907865
1.0741405574114837,0.9222487272176777,0.1673527495920437,0.014108872043291512,1.1202417101036857,0.929527371117309,0.600753460074003,0.045546453990804286,1.0912762096050217,0.9250312619203009,0.939911223331744,0.07617467778748226,1.3660470912274907,0.9587286555148244,0.8839389442157501,0.03805179751407403
1.2121281899493725,0.9421890805360789,0.16317752995960652,0.010012261060645093,1.2264102090425444,0.9439544873157154,0.6105519545875437,0.036250367761434386,1.0943969978334436,0.9255280719152202,0.9396849041158394,0.07561104706079431,1.351149395711888,0.9573497827824513,0.8930378302937585,0.03978510062938234
1.2807269234088816,0.9502153870173542,0.1935791716230838,0.010142189099891273,1.2771438987316979,0.9498236484365083,0.6260946121225562,0.03307471173367957,1.0879018586189457,0.9244906608022,0.9387554856616733,0.07667444290796238,1.3691682443096682,0.9590120842072956,0.8867181461991841,0.03789809253375276
1.2006543630881223,0.9407331192226821,0.18139394143159734,0.011427952179931138,1.2737083410696237,0.9494452922260399,0.6038261103452913,0.032151670880606754,1.0780971591021433,0.9228994906415257,0.9417274652859496,0.07867342867416754,1.3685229534331023,0.9589536392095916,0.8848737518071479,0.03787549865348605
1.167788204286466,0.9363703616985486,0.173431042220689,0.011785245388083815,1.1109330865309546,0.928110325409116,0.6035555674640123,0.04675027543021672,1.0901650043484459,0.9248536308619304,0.937643599241729,0.07618558188813133,1.3841488443305623,0.9603467115464167,0.8796747205047994,0.036322293832123084
1.1466317014199423,0.9334054582574667,0.14671850845552067,0.01046774662533451,1.1682354658160277,0.9364316939885503,0.6081148906838699,0.041280996477660994,1.086461959510829,0.924258888142145,0.9375422441427033,0.0768296555176388,1.356121616063513,0.9578148172207086,0.8864678208379899,0.03904283623270952
1.347681870019545,0.9570225824578285,0.19010552041208995,0.008537148942545697,1.3316214747698847,0.9554755950582987,0.599332986774505,0.02792844185249872,1.0895966650227251,0.9247626299236985,0.9409072190004253,0.07655087084265043,1.374941701416063,0.9595314617367924,0.8806802454716688,0.03714296365750396
1.2408785457086453,0.9456911296010463,0.18794036935400132,0.010792983927303886,1.1621101066578678,0.9355869243273508,0.6262768604235637,0.04311776677671637,1.0886763242739792,0.9246150527606753,0.9394119193867024,0.07659135309068935,1.348857094398248,0.9571337458894755,0.8980804110226346,0.04022148761958495
1.204961860963698,0.9412837004519405,0.18910675381263617,0.01179628288271927,1.1787830855011139,0.9378621900965374,0.5952874141109435,0.03944060925640056,1.0902738815455957,0.9248710524351949,0.9386626445449975,0.07624926352422925,1.385104936176634,0.9604304610959645,0.8898474945533769,0.03666153509355442
1.240960757612501,0.9457008511135415,0.19233501789568225,0.011043267816138883,1.262591949184402,0.9482024606710286,0.5973873644418826,0.03263353217034565,1.0895632951983807,0.9247572836934187,0.9390206303033553,0.07640325103442644,1.3850945311871181,0.9604295505769037,0.8771632327511093,0.036139811937823195
1.3309500529905949,0.9554097785750104,0.20932017913061046,0.009769245977441731,1.246931892577564,0.9464025638511366,0.6018855853732449,0.034086471722658954,1.0976282946496307,0.9260392825765552,0.9378160880837738,0.07490130493485879,1.3881709247407181,0.9606978860633719,0.8759621536078656,0.03583557834850844
1.2768838715532058,0.949795105841239,0.16971630919201303,0.008970976253298154,1.2702999747197739,0.9490672625860652,0.6026645662506227,0.03234265611257696,1.091616131965612,0.9250855228908736,0.9381252440387231,0.07597044854881267,1.3651548836774565,0.9586472909643856,0.8887452706978498,0.038337379067722076
1.1702214431633928,0.9367033629901804,0.15770599654874892,0.010656798739306618,1.1574489233023508,0.9349370924991153,0.6046160483175151,0.04207564160288158,1.0950147291169303,0.9256260512806452,0.9363945211389129,0.0752391940567312,1.3835489469820177,0.9602940763711401,0.876725625539258,0.03625056280954525
1.2550865751762479,0.9473470702861139,0.14838701036036941,0.00824725285169095,1.3237199990005357,0.9546951479633016,0.6143759334043223,0.029155077217236793,1.0827777748666325,0.9236628889894573,0.9393379275242937,0.07763259139737257,1.3756533452456514,0.9595950428484771,0.8869802235482424,0.03734741878233518
1.2043274833852,0.941202916948692,0.1792426254577649,0.011197312870152559,1.1855780713769442,0.9387677669125254,0.5990717265617664,0.039075158830377744,1.101121394364382,0.9265882786142653,0.9363086375038566,0.07418184582508035,1.368558437408272,0.9589568551199887,0.88564261472628,0.03790531133288003
1.2379165047077276,0.9453397736473602,0.17946014198306143,0.010376514619948892,1.216308386556667,0.9427111310012444,0.6156785836618734,0.0374149923182544,1.089036383046484,0.9246728200242584,0.9373165604368296,0.0763571846314416,1.350688608968723,0.9573064398484857,0.8930425613368169,0.03982754604296851
1.178263299927441,0.9377924050323225,0.1654809753483387,0.010977028001171408,1.2149904707909047,0.9425470207387902,0.5942323151125402,0.03622144691491518,1.082571398966028,0.9236293761427917,0.9370779742765273,0.07748262598274425,1.356404337513022,0.9578411130277201,0.8866961414790997,0.03902747741659345
1.1580568870764154,0.9350221954916528,0.1361399162154422,0.009460815908202403,1.1642688473927971,0.935885830002436,0.6137385362344902,0.042045018296827726,1.0864108566937696,0.9242506504127258,0.935722991468361,0.07668959493394475,1.3522222526783054,0.9574505359689075,0.8871039714413208,0.03942323609071282
1.4943012294809257,0.9689542578602897,0.16732573570109163,0.005361193886886697,1.2706571175293613,0.9491069992345685,0.5992571302822771,0.032133356528549484,1.0907668947312446,0.9249498936399433,0.9365759974393001,0.07599344429943522,1.3294937657674002,0.955266706345248,0.9025533645863203,0.04226482973701837
1.1986833439634372,0.940479574924612,0.1485370992692164,0.009400513869402796,1.2077107295144438,0.9416325483345421,0.5889475649437244,0.03650613882362221,1.0904530251648878,0.9248997093486566,0.9356763748866486,0.07597533764938555,1.362876126174051,0.9584387833006558,0.8916626660265643,0.03866557356727914
1.4052092884267757,0.9621527157791273,0.1825111655864871,0.007179267744248879,1.2418034652169823,0.9458004062872567,0.5984015581450015,0.03429171854117505,1.090604647039837,0.9249239558671816,0.9404412505456865,0.07633558238211496,1.352489529519104,0.9574756008238808,0.8958527821619262,0.039787542657912574
1.311971646939314,0.9535106063998721,0.16903829431550849,0.00824163648016344,1.1813746685548439,0.9382090397206766,0.6082129544121712,0.04005723769048451,1.0906978214668823,0.9249388522298294,0.9384365457597185,0.07615652003846801,1.372718007072867,0.9593321698460138,0.8913253028291013,0.03778489575015776
1.3394100353779896,0.9562323338214015,0.19519794721407624,0.008934396265676846,1.123540586680228,0.9300233322903297,0.5969914195720647,0.04491873347955683,1.0851644650926355,0.9240494783440983,0.9393328445747801,0.07720670940891963,1.355830237546206,0.9577876998170615,0.8908235581622679,0.039261008942129236
1.2344825201583653,0.9449297554802311,0.2090581581789761,0.012183851575208009,1.211465931459866,0.9421059646528223,0.5929799609550581,0.036439640664361284,1.0865050350489271,0.9242658312424065,0.9387826296969656,0.07692367249863274,1.3596212870625268,0.9581392186799887,0.8933107024735172,0.03902844517583529
1.252363712573487,0.9470334591882773,0.20928395458440446,0.011705021627466883,1.260266837134516,0.9479388808760287,0.6163975471293917,0.03385275862845814,1.088593868067123,0.9246018178916379,0.9397292737789203,0.07663177547985942,1.3753553809864476,0.9595684331804742,0.8864074550128535,0.03734891750022529
1.235293694918213,0.9450268703551886,0.1882625760493646,0.010951416647590202,1.1370823938630112,0.9320255905729714,0.6263468983853878,0.04568067759601331,1.0907813297465707,0.9249522008988051,0.9356887257025195,0.07591892796140097,1.3830026977339491,0.9602460900402358,0.8786208826724063,0.0363746500202504
1.2723930276531021,0.9492997236210133,0.18620777021395757,0.009944999644318355,1.2438351313295632,0.9460397147119449,0.6068421087723276,0.03461310641079188,1.0844914934832826,0.923940654566089,0.937726275644573,0.07719418597853656,1.3541508474212214,0.9576310807976902,0.896648286805838,0.03967082896361412
1.2151695382470373,0.9425693445677934,0.20039863021028412,0.01221026839778072,1.2208601377966428,0.9432745463628623,0.5966210070094708,0.035878840791956516,1.091970523658666,0.9251420551335389,0.9363997538659105,0.07576886247782127,1.3581089017165036,0.9579993221013547,0.8902161699395367,0.03902892387416566
1.2379198190069711,0.9453401679823251,0.21676404915029884,0.012533357742869013,1.2768750509112914,0.9497941373496998,0.5926983193164953,0.03132987375106498,1.0732882657616003,0.9221078893689484,0.9381275821957188,0.07924532287478613,1.36883222719326,0.9589816605622303,0.8840034228717359,0.037811309595059885
1.2531225980064424,0.9471210421472583,0.17542285581364436,0.009794078461129818,1.2594463150223556,0.9478455624544333,0.6030040208686406,0.03317980986763445,1.08720329233512,0.9243782978736721,0.9376333366563653,0.07670607266683435,1.366488137577639,0.9587688199751215,0.894307646296481,0.03845907250408116
1.2356694889932096,0.9450718062095409,0.178043752909103,0.010348019799887559,1.1808785324497406,0.9381427786425813,0.6031983509541858,0.039772383017637004,1.0860295842620291,0.9241891636648212,0.9367710619057118,0.07684292399193463,1.3938419460617413,0.9611879680948988,0.878296429283862,0.035464935233288385
1.5723706862538145,0.9739290630362849,0.17742172669179967,0.0047493712100088155,1.2882006334637155,0.9510231922856817,0.5977848185877382,0.030785360811385536,1.085297794606965,0.9240710216047049,0.9380698377048742,0.07707923176368199,1.383905403460045,0.9603253600403501,0.8768214753616214,0.036224781507800376
1.2612000760772517,0.948044826830564,0.1595903878028976,0.008745943229495493,1.1995460586546847,0.9405906760069817,0.5968232238842027,0.03769638077300174,1.0931882129560715,0.9253360011368008,0.9385984337567693,0.07573412501504463,1.3507285327687253,0.9573101968611121,0.8995027479717351,0.0401119672178455
1.1986436730642287,0.9404744613970657,0.20509659958734155,0.012981198381433226,1.2253710773839332,0.9438277689591942,0.6294112918352581,0.03745962734668247,1.0980858025217697,0.9261114016057805,0.9373442482381629,0.07478479651056377,1.3708257326886364,0.9591618406198694,0.876751788633136,0.037329392981142066
1.229098679463122,0.9442810898485582,0.14681141373463333,0.008662856917316974,1.1572659386062587,0.9349114579370398,0.5986050763035184,0.041674889485317335,1.081135079081303,0.9233957618366256,0.9379040377278508,0.07780783413775993,1.357152408383665,0.9579106152311937,0.9026004133107249,0.03965912422752492
1.3992818115017203,0.9616525596633979,0.17569321770783147,0.0070060492387759585,1.152227261956002,0.93420188142194,0.5898841068465286,0.04154697735196544,1.0863324654163624,0.9242380122087381,0.9346127080991382,0.07661242628546323,1.3568499235731284,0.9578825249983597,0.8975429580857556,0.03946438327616408
1.2724093886995083,0.9493015367683458,0.18408070097930934,0.009831026590378352,1.2104305073388233,0.941975790324723,0.6212623250396611,0.03826877057957577,1.0824440993544222,0.9236086975600044,0.9376937031012578,0.07755626756106199,1.3837223713709985,0.9603092995584089,0.8855018039908696,0.03659881962910474
1.2730926995770102,0.9493772071646359,0.16556587111694648,0.00882832106238497,1.2315402091106509,0.9445761408429866,0.600647814293236,0.03524355361405432,1.0858065835588955,0.9241531797279571,0.9365848456775724,0.07686710820011143,1.3851056920336975,0.9604305272386664,0.8790413414821084,0.03621626076158532
1.2621524416188792,0.9481527340159616,0.2004613070366037,0.010961705147875289,1.163096281933316,0.9357236337470971,0.6238609393280963,0.042854014562563325,1.0812780559879323,0.9234190460582635,0.9365401972254722,0.0776691167617343,1.3949770643342272,0.9612853566840593,0.8777469496907906,0.03535023168994597
1.261141020413496,0.9480381285802518,0.19548342985842987,0.010714426499076451,1.2474505086942855,0.9464631049249727,0.6004330223080223,0.03396362684146506,1.0808668819880922,0.923352067617277,0.9374061561561562,0.07781456953642384,1.374811530495856,0.9595198213819561,0.8959405834405835,0.03779790061720052
1.2320751094617295,0.944640585143146,0.17985181644359466,0.010539978353514171,1.2165387316414655,0.9427397689262301,0.5918379541108987,0.03594711831157411,1.0873549132066949,0.9244026988117283,0.9405473231357553,0.07691760242621029,1.3559878475274991,0.9578023699999731,0.8957536647546208,0.039463967620464946
1.2914582182979315,0.9513713886321227,0.1757516792835057,0.008983410906877938,1.1420349976807254,0.9327445153894693,0.6385208977502932,0.0460405091679533,1.0806466033648259,0.923316163101969,0.9387328073355369,0.07796422976795556,1.3625349408400156,0.9584074782007674,0.8957244908838895,0.03887223468157281
1.1390222418690832,0.9323080256899431,0.2326986743960325,0.016895524070538338,1.250863272065759,0.9468598901585479,0.6193309489303427,0.034758378717318246,1.0804537727308177,0.9232847198381421,0.9433859408863066,0.0783854808823633,1.3807263557458629,0.9600455211637956,0.8837603542035075,0.03677969803504372
1.3816519734664043,0.9601271942305346,0.19271860180103373,0.00800334728976597,1.2088082720959845,0.9417712892610596,0.5891258592209729,0.03642502127275903,1.0847484847994786,0.923982228569742,0.938022859274258,0.07717292076390336,1.3690104049412954,0.9589977958142142,0.8859633931901743,0.03787959900144824
1.1193999441363265,0.9294002987024778,0.19246864712859674,0.014620426758402678,1.134799277492687,0.9316917773770507,0.5974304639292045,0.043801409567761664,1.0870534532219107,0.9243541765764096,0.9343955326323085,0.07646757191176326,1.3753742282794104,0.9595701168332573,0.8791198539309371,0.03704024579390671
1.3584051372484625,0.9580267592305294,0.19526473526473526,0.00855497371872627,1.2317065560838731,0.9445961897348163,0.5904628704628705,0.03463267499834465,1.089259364015455,0.9247085743502104,0.938941058941059,0.07645025999512553,1.3837370408150083,0.960310586985038,0.8881185481185481,0.03670573285377581
1.11183721085596,0.9282491041412062,0.1477426009680235,0.011420063783171055,1.1398491632433574,0.9324280914132187,0.5977082176201434,0.04331517402203367,1.0823841082023373,0.9235989508008988,0.9371644317490545,0.07752319964809284,1.3616995379812074,0.9583307314350658,0.8912560501467904,0.038752788046435956
1.2464934520202573,0.946351331762486,0.21027233826999214,0.011920341353949053,1.1496237148423019,0.9338324226538166,0.5871869043016916,0.04160568209511762,1.0847049871534549,0.9239751933342788,0.9350280603063306,0.07693423808846296,1.3566228053396228,0.9578614218980407,0.8921444472586214,0.03924753373462238
1.2317754343430032,0.9446044892562445,0.1467728316225559,0.008607365371977515,1.1950061189828651,0.9400038329740262,0.6175158983560703,0.03941322969050997,1.0814309650538825,0.9234439405795658,0.9389397577644668,0.07784070556845137,1.3236809069117454,0.9546912545386709,0.91830487901417,0.04358188243722342
1.2164886865366407,0.9427335481529542,0.20241555211194542,0.012295754713325674,1.2431236505363967,0.9459560235028281,0.5853789929435551,0.0334436355925218,1.080182685608205,0.9232404959576015,0.9357138581661224,0.07779655679415654,1.3744051545494556,0.9594834611370573,0.8877353533875592,0.037486799306483645
1.1210077853512592,0.929642833558621,0.1742666144439945,0.013188834200633475,1.1967659366602343,0.9402319523969777,0.6013396443104948,0.03822556380381283,1.0830810138212037,0.9237121067018966,0.9375651400386359,0.07743199298173914,1.356005654960936,0.9578040271919928,0.88589788697332,0.03902815407760252
1.3900148903955682,0.9608578867805756,0.19364713868350825,0.007888532041261574,1.2869186983719498,0.9508855215733986,0.5955358271830058,0.030760202856017736,1.0880787518880066,0.9245190893781542,0.9396591309903303,0.07671699556683942,1.3490442012067316,0.9571514187931845,0.9019519109827436,0.040377477318180886
1.330099506575626,0.9553262701295807,0.19591718010418596,0.009161635615611721,1.3162899018761614,0.9539493854083029,0.6059378057487373,0.02925082691586466,1.0934011649479796,0.9253698713184171,0.9358886215194225,0.07547845507019973,1.3667313241611492,0.9587909500764779,0.8970701007483407,0.03855627398619974
1.2911152763634497,0.9513348432055351,0.17241836126382726,0.008819992923707132,1.0987767149665975,0.9262201906010864,0.6017221964628734,0.047931312032094234,1.0948834491743493,0.9256052386799354,0.9349274690335828,0.07514402793303177,1.349287935797997,0.9571744299541881,0.8912035503742466,0.03987392357885626
1.3493437320187034,0.9571796960554338,0.19654739193150622,0.008792726273553833,1.273263653804542,0.9493961220456681,0.6095973729866988,0.032492223580429136,1.0912911689586968,0.9250336506046906,0.9382665168808205,0.07603876408650408,1.3388173068778682,0.956175178226246,0.8994994582449797,0.041227177133275325
1.2742177376612016,0.9495015618921075,0.18110351529997537,0.009631837403482621,1.1461161699053641,0.9333316332806532,0.612711260808499,0.04376628582176346,1.0880891783325048,0.9245207647087199,0.9370361248493966,0.0765010077044837,1.366833598352535,0.9588002536833186,0.8845096486031325,0.038007471313354885
1.333296119381034,0.955639349632355,0.1775173352899571,0.008240330882171517,1.2448030540664814,0.9461533748787029,0.6242489142721162,0.035526689606213836,1.0873170169132835,0.9243966006912189,0.9345654774889114,0.07643507875511717,1.3806929299226567,0.960042568795901,0.894051467137314,0.03721084996873482
1.1655262328623617,0.9360593353993899,0.18141109293128688,0.012391891634733102,1.2260227836288187,0.943907273652226,0.6056531157053808,0.03599160153675808,1.089675680540132,0.9247752877284403,0.934512887434503,0.07601680538415076,1.330910363388889,0.9554058850782704,0.9038162174336418,0.04218613774297291
1.3495065291303516,0.9571950574689848,0.17690455080787096,0.007911019882226393,1.122427707223618,0.9298563811052892,0.6062737365851076,0.045734195935020094,1.0849630410011977,0.924016921784575,0.9355489684923712,0.07693137297748429,1.3650728687337272,0.9586398039423519,0.8870502454710265,0.038271488326258554
1.1971677206484674,0.9402839203387058,0.17450856896608877,0.01108278827335853,1.1702928557485037,0.9367131115839435,0.6060065634633871,0.04094345353664699,1.082485888795486,0.9236154864141377,0.9358239135479166,0.07739417050692868,1.3758075433585324,0.9596088069075002,0.8924122385388007,0.03756280140976788
1.3909810948575088,0.9609414745857265,0.1761981633895255,0.007161768562091687,1.296948521445411,0.9519529252879446,0.6082515150713208,0.030699738623643422,1.0736183494439437,0.9221624620919939,0.9377894513986291,0.0791565748700872,1.3620731272920448,0.9583650690560233,0.8930386111625691,0.03879690746938626
1.156506610675828,0.9348049822759985,0.1683465068166145,0.01174079482221082,1.1490128389061598,0.9337454569701228,0.6037544427351335,0.042839806509446195,1.0829846825936313,0.9236964746546893,0.9374701607341785,0.07744132421507219,1.376016835767614,0.9596274816181788,0.8744496313192934,0.03678899832556252
1.169708134537693,0.9366332495724563,0.18657722556341286,0.012622648718841691,1.1089174680680949,0.9278000458805262,0.6069988764787523,0.0472357069035772,1.0846725053934396,0.9239699393998364,0.9369043685149693,0.077094386816329,1.3649055430870736,0.9586245250106128,0.8954728702663406,0.03864976785042038
1.1322094714742341,0.9313112846836169,0.1550586123138663,0.011436323229132588,1.1596661772976322,0.9352469647978255,0.617442443763861,0.042749427478763126,1.088662085775501,0.9246127675222263,0.9351040236561411,0.0762426249111605,1.3860160991665087,0.9605101172238086,0.8917058295490549,0.03666110127139199
1.2623911686892277,0.9481797496108312,0.1891779051658438,0.010339016856050862,1.1941143331766053,0.9398879227385012,0.599363796017098,0.038333296920072424,1.0892764726094497,0.9247113170176328,0.9365452798303456,0.07625218743855262,1.3690047322064642,0.9589972822017095,0.8821564664170449,0.037717325500018675
1.1490375143370781,0.9337489718775894,0.19021681579922697,0.013496196507215076,1.272384198113754,0.9492987450972356,0.6178058982368825,0.032996498192706544,1.0920677577926876,0.925157558978783,0.9352067559697146,0.07565539058402927,1.3637682438718344,0.9585205321285184,0.8901294541218828,0.0385198802280404
1.190719615177048,0.9394447726436644,0.20672883380519644,0.01332543636062372,1.0939403383777233,0.9254555641262768,0.6152764853788434,0.049559849534466405,1.0919794029817358,0.9251434710515136,0.9348300962864704,0.07564030699481408,1.3557549144193701,0.9577806870924506,0.8949956113431929,0.03945172446616112
1.2320592292134325,0.9446386729219411,0.16405545128255788,0.009614604777188429,1.2184124522800948,0.9429722223791395,0.599736573479535,0.03627004394381454,1.0963985082147185,0.9258451046429658,0.9345911949685535,0.07485540714850414,1.3837019791829122,0.96030750982312,0.884757482959597,0.03656977305921871
1.3584139212396054,0.9580275725360062,0.20493149600585764,0.008978313983620024,1.3329545809779184,0.955605999098918,0.5907636694657546,0.027444744904614668,1.0900943043691003,0.9248423160843757,0.9344973845128861,0.07594230694650594,1.3765596258549673,0.9596758750752773,0.8845887451598646,0.03716907759511209
1.202860723486957,0.941015736290593,0.16555690273167564,0.010377352506485846,1.1409672423215642,0.9325901180006592,0.5989942557293634,0.04329676169372714,1.0849615387613056,0.9240166789265691,0.9389331690220164,0.07720992713158954,1.3514332500527597,0.9573764620131519,0.8958942047133497,0.03988627481659559
1.3337261392086441,0.9556813062212972,0.17696885995199105,0.008206740742464929,1.3465911894855023,0.9569191696629505,0.5951399164775903,0.026793403854170415,1.0844801358241802,0.9239388167333084,0.9359705369767518,0.07705166755188021,1.367333467562228,0.9588456965196118,0.8998322975239222,0.03862140862515403
1.2266966849023166,0.9439893747026863,0.20108429428196947,0.011931126940649569,1.1771636617261458,0.9376445292422956,0.5901526485112467,0.03924647888316701,1.0847593935006428,0.9239839928308485,0.9361338752598202,0.07701557594630676,1.3967571410843629,0.9614376079984971,0.8782187917863715,0.035224560626928664
1.1302084480809043,0.9310159521667172,0.17066283105263852,0.012645339613461851,1.2705237879483773,0.9490921680678235,0.5952019635528695,0.031925710216255475,1.0809271307950281,0.9233618852414666,0.9352938071548277,0.07762845236668241,1.375606330831759,0.9595908453459231,0.8845027117615233,0.037247131988464494
1.261201455580523,0.9480449832877356,0.1705262880415442,0.009345227601283453,1.197038893226436,0.940267262025469,0.618226990549749,0.039274355629209126,1.0741067116095717,0.9222431387806688,0.9369126543738714,0.07899368851591974,1.38080586054716,0.9600525426616213,0.8866431179238444,0.03689291632876133
1.250495041744347,0.9468172117756138,0.15907876773312757,0.008935465378244765,1.3027162956979315,0.9525567363305397,0.5990911669073953,0.029838474822112174,1.082296352459343,0.9235846910754713,0.9347592383741253,0.07733986570006819,1.3687191974360955,0.9589714217697924,0.8885063611721177,0.03801380512477709
1.3108914180555677,0.9534002237459757,0.17473256905602497,0.008540483229916998,1.2687380237162569,0.9488931305710524,0.6054054768799503,0.03260681067408839,1.0825648511573864,0.9236283126402876,0.9351025427426712,0.07732045246584864,1.3499556396871264,0.9572374079158174,0.8900392716886826,0.039760654984216146
1.3149756474705714,0.9538162625675244,0.18103728683045345,0.008765816697189654,1.3079986954009206,0.9531034035130643,0.6145390094461741,0.030237839719437495,1.0879931200884487,0.9245053286908598,0.9356093545667572,0.0764014208515103,1.3363388104704779,0.955935409504761,0.8958863007242288,0.04129657985172804
1.1974323054873468,0.9403181194209278,0.17170416732688956,0.010898043329892663,1.0714515645885134,0.9218035874211158,0.6102572228384302,0.05176799724746321,1.0769684045653651,0.9227143489537198,0.936196059789785,0.07841486595484261,1.365619038911342,0.9586896385722586,0.8896305392700575,0.03833457423106644
1.4513667178104543,0.9658384344032837,0.1645708576274083,0.005820847408728309,1.3177638613111515,0.9540982505376188,0.5937198035877446,0.02856391116929764,1.0889428976865498,0.9246578252892508,0.9349959573782777,0.0761845375099724,1.3690441874646235,0.9590008543747529,0.8861229614340461,0.03788347442234156
1.2398637865731565,0.9455709997189828,0.2079440640701444,0.011969685539291548,1.1383189212536682,0.9322057506394541,0.614720815534237,0.04470529840312536,1.081031871570202,0.9233789501468981,0.9346357760185925,0.07755512986019503,1.360313751468122,0.9582031232429599,0.888200767204326,0.03874336985743122
1.270172513221497,0.949053073776543,0.17156282081655216,0.00920980987928082,1.1808491077107552,0.9381388467599316,0.599588038642765,0.03953701274336383,1.0900641002670863,0.9248374817628665,0.9344086446076496,0.07594037674314942,1.3615499456578677,0.9583169743997462,0.8971741820000526,0.039023554205140795
1.27225917578787,0.9492848877196339,0.16943142798768873,0.009051796784482473,1.2096231074144357,0.9418740928331829,0.6053739842220772,0.03735946479030169,1.0880360690534225,0.9245122307055008,0.9316092294916661,0.07606724957530035,1.3690877385765465,0.9590047970294909,0.8856001739921308,0.03785732771721386
1.2465306726563103,0.9463556828138374,0.1856960978618961,0.010526211819553074,1.1542330787096053,0.9344852099651549,0.6031382483035609,0.04228475237298347,1.0833561224795096,0.9237567334909024,0.9382259906285684,0.07743750238109684,1.3425909223816799,0.9565378470398339,0.8946173332108309,0.04064867427582908
1.2178019471202859,0.9428965807586761,0.16013285959096712,0.009697918098480604,1.1795217558712852,0.9379612363191395,0.6007595757491547,0.03973552414082353,1.0872497692151757,0.9243857783477233,0.9360580135903187,0.07656900373945745,1.3684239572477193,0.9589446659164845,0.886116569734744,0.037937342059908855
1.2468252908112847,0.9463901116077484,0.1783180492419266,0.01010113123640273,1.2456254260529527,0.9462497660259833,0.612226397246236,0.03477656035283063,1.0892738684033743,0.9247108995449955,0.9349856793756733,0.07612566346210824,1.3736531955421662,0.9594160975464463,0.8848832015135192,0.03743111422129795
1.19212071993313,0.9396280435556527,0.18515980230642504,0.011896685711706705,1.1192279317327989,0.9293743057874492,0.6031037891268534,0.04583150569588207,1.0882222869322296,0.9245421497187231,0.937179571663921,0.07648927182692755,1.3368141979926709,0.9559814950806811,0.9045667215815486,0.04165109355012052
1.2783580690267016,0.949956721835003,0.20353592178072547,0.010722177669911815,1.300821128863111,0.9523591365882083,0.6287808504898574,0.03145416625229491,1.0875481289895987,0.9244337833043731,0.9358020304902522,0.07649549410393078,1.367626528233615,0.9588723161942438,0.8915470809235243,0.03823998860213188
1.2412021486703206,0.9457293859956569,0.2026944354907675,0.01163160586129675,1.299184015996888,0.9521878137081108,0.5965385450311478,0.029953977182557177,1.0862517325458332,0.924224994470922,0.9355729951255451,0.07670540106857576,1.3526167812639145,0.9574875293592536,0.8896373431918798,0.039499920650314754
1.2806309935561684,0.9502049366910804,0.2033025696113815,0.010653979929759097,1.1610534793707563,0.9354401480144658,0.6155408105116298,0.042481845259726925,1.0879518774420092,0.924498700340764,0.9345250181765781,0.07632012182428766,1.3663794212520353,0.9587589230565525,0.8930300191918464,0.03841374390225831
1.3248438943093093,0.9548069475009349,0.1811060876879403,0.00857213801198632,1.2989666297782083,0.952165020407387,0.5960401114499001,0.02994393404137651,1.0925628612219094,0.9252364567573484,0.9338266218063295,0.07545766977799348,1.3410984934944192,0.9563947587191406,0.9093221007254758,0.041459041094344305
1.223158584655836,0.9435570653157266,0.12270763447456698,0.007340286297991057,1.293422779157926,0.9515802396272612,0.6220876352577239,0.03165401400287738,1.0853183605428882,0.9240743441304393,0.9335621891846031,0.0767052152882393,1.39415296013783,0.9612146752118643,0.8866510905459909,0.035776659894420734
1.4803196349811687,0.9679710477022396,0.16394581451893017,0.005424762119806238,1.2210565267744595,0.9432987378094343,0.6091148000812651,0.03661361623759442,1.091526894810276,0.9250712816780421,0.9337361636312399,0.07563055450693443,1.3541881516413987,0.9576345657930296,0.899585154698631,0.03979734759614876
1.1689657675151377,0.9365317207090472,0.19339040440375693,0.01310596953362688,1.2785298660692255,0.94997552381746,0.5989954259539163,0.0315423204786062,1.0849265925586322,0.9240110291850352,0.9365111843017154,0.07701696062498017,1.3604740115469025,0.9582178996560219,0.8956087837525659,0.039052094607219284
1.2804900845118488,0.9501895826899525,0.1956325123540129,0.010255360885119354,1.2546742377840494,0.9472996914344172,0.6157344903068513,0.03425462704892006,1.0759462717794563,0.9225463443292361,0.9365390413023816,0.07862843191905222,1.3264395106427294,0.9549652201345801,0.9000865108597345,0.042446779235258005
1.2798793292945667,0.9501229805336033,0.18546825037261738,0.00973621702007279,1.2454747686078116,0.9462321194819989,0.6019395801734723,0.0342040972394181,1.0790504059518313,0.9230555283651933,0.9338874990971826,0.0778474078495031,1.3659038690486076,0.9587156047491633,0.8809594158935267,0.03793604333290299
1.2023522625168632,0.9409507187396546,0.18844401979005784,0.011825788221212883,1.1068283925652795,0.9274771556354449,0.6026020261249706,0.0471196650924355,1.0735200426148503,0.9221462126890478,0.9335488599774875,0.07881647551002549,1.377794929719626,0.9597858038169682,0.8896494856155598,0.0372755450293157
1.2488923942738506,0.9466310857407025,0.16619077068831664,0.00936945883687239,1.1237520016192424,0.9300550066285782,0.6051817834914536,0.04551283045962824,1.0990293725842626,0.9262599364860928,0.9354250825690488,0.0744697058396189,1.3733234661002416,0.9593865252050499,0.8903969893548429,0.03769295767097993
1.2163679206681843,0.9427185339389095,0.20680900248048725,0.012566129157572804,1.2943943962350501,0.9516832166084777,0.6101609070012077,0.030977758000833456,1.0896230857864426,0.9247668625868862,0.9383254762925157,0.07633617980067665,1.3259610222464788,0.954917813360435,0.9109037544966948,0.04300425910622338
1.3546299275911167,0.9576758160891914,0.17176156912436313,0.007590948960281132,1.1825638241034957,0.9383675866574616,0.5919326311343418,0.03887840661990541,1.0749574078190867,0.9223834896637845,0.9367954911433173,0.0788292480687712,1.3692006597806297,0.9590150180245631,0.8831604234312717,0.03774321919411564
1.137675399359859,0.932112045849112,0.17328703976147042,0.012620910396617861,1.1259471153577367,0.9303830974396653,0.6043991970549965,0.04522481128979324,1.0882932313004883,0.924553545251627,0.9345285967424495,0.07626045008134212,1.3736231963012087,0.9594134078668799,0.8884181068021473,0.03758323893411817
1.4238184357443187,0.9636825329170104,0.17540088082698416,0.006610180737093384,1.2788129630719955,0.9500064922013695,0.6158339758752728,0.03240788450217892,1.0799515178260994,0.9232027658676203,0.9324024098589893,0.07756251261686926,1.3878959179742791,0.9606739700651354,0.8791803342960572,0.0359900166154463
1.3298794352998446,0.9553046388011882,0.1919642272590381,0.008981334462439575,1.2527246075348184,0.9470751271363141,0.6043197025048775,0.03377086200204651,1.0794670070054166,0.9231236311794967,0.9350407877335638,0.07786881196852616,1.3204277074889126,0.9543661290295596,0.91014259339278,0.04351928301753643
1.385824999135221,0.9604934235378022,0.19054021420599543,0.007837212996135044,1.302141431485452,0.9524968804885452,0.6260924048897968,0.031224608651148015,1.091944652695423,0.9251379295478682,0.9342827493032757,0.07560206836912976,1.3691933859070278,0.9590143597077693,0.8884131656408885,0.03796833912782592
1.245344294989081,0.9462168326595318,0.22030813150261577,0.012522361359570662,1.3579148205130989,0.9579813371379768,0.5979099962678505,0.02622533193607915,1.0826402178632417,0.9236405529644087,0.9321141644895794,0.0770599796057344,1.362494931352543,0.9584038056951893,0.898073032273272,0.03897774625722885
1.2496239198377437,0.9467161187646771,0.18332886099312132,0.010318270770451115,1.1739781319222984,0.9372142954025857,0.6035237677611901,0.040431164127618824,1.0921563889098254,0.925171688513971,0.9347540103801926,0.07560333408374448,1.3345182034272856,0.9557584880788811,0.902684058616018,0.04178472703971275
1.3482959197416797,0.9570806991801806,0.2081284179879608,0.00933330511045728,1.304730305373777,0.9527658735721856,0.5977233085467731,0.029632608710990695,1.0898728077707587,0.9248068577825552,0.9352074071159723,0.0760387782316957,1.3757341034431572,0.959602252061132,0.8925063277858651,0.03757311488827269
1.3545989056756862,0.9576729207089284,0.19807722554262347,0.008754586508608523,1.3143312306931727,0.9537508548805534,0.5910860333438188,0.028662856336438048,1.0816459513119805,0.9234789290906913,0.9370216000838838,0.07764324019192774,1.3520522491794682,0.9574345859295699,0.8920323476984376,0.03965777589613322
1.0885548652538115,0.9245955568902288,0.1653131416166451,0.013481943850407027,1.1274144600824387,0.9306016182880001,0.6052414767154459,0.045135080579705236,1.0954645669220362,0.9256973261762633,0.934056521113683,0.07497363885442296,1.3592601505904347,0.9581058538862556,0.8977532791923313,0.03925516883131549
1.3291809808014197,0.9552359199045467,0.1673606359756296,0.007842821608286787,1.2379820570340478,0.9453475725582956,0.5955494738213924,0.03442990213418229,1.0845752347208837,0.9239542038462568,0.9321148144528069,0.07671745296107467,1.3467617636540028,0.9569353583017955,0.9021079725018734,0.04059726320263612
1.3131030761595994,0.9536259542305823,0.1733577474700742,0.008430244667729037,1.1950990593544395,0.9400159008914359,0.603539615412184,0.03851294437944856,1.0912363003742986,0.9250248889393738,0.9328437473527821,0.07560884512002508,1.3641086610634927,0.9585516855454466,0.8936551481464587,0.038642151646969033
1.2103712929361277,0.9419683375466696,0.18711814789887413,0.011527751799005474,1.19476885014415,0.9399730143017712,0.5947646647542751,0.037981867012998015,1.084077250946912,0.9238735977917761,0.9330096643295412,0.07687920635536843,1.3590347787919557,0.958085019277834,0.89352901585891,0.03909073904803583
1.3624973374360982,0.9584040265604531,0.19414244654472748,0.008426033098947698,1.285840703093331,0.950769468560446,0.5905960813717173,0.030580871508285316,1.0827034433872136,0.9236508200482476,0.9310918621705702,0.07696425813031785,1.3375684471776106,0.9560545200553605,0.8999888189525331,0.04136839454656642
1.3164077753790389,0.9539613071342369,0.1921188361249316,0.009271759791447188,1.1943196597538792,0.9399146287075903,0.6124931621037276,0.039154491200619104,1.0913811063619911,0.9250480101834859,0.9321355075672719,0.07552625409889312,1.3296348430074678,0.9552805855292772,0.9141746333585141,0.04279512736577802
1.201253344248149,0.9408099691350624,0.23416511743604515,0.014732242411582552,1.1081918748923663,0.9276880477926439,0.6123563143148909,0.04773229604496171,1.0924321243347923,0.9252156304614035,0.934002775523029,0.0754946267822513,1.3769884971347333,0.959714072584909,0.886629048728758,0.03721803662312954
1.3066018907709123,0.9529594356084787,0.16520680309517263,0.008155038890982458,1.256318547969741,0.9474883882600946,0.6160951595375571,0.034145167596070114,1.080515833268396,0.9232948408160346,0.9327480786100527,0.07749051189876348,1.3732492988473712,0.9593798705474259,0.883872108095369,0.03742313191318793
1.2627620802737447,0.9482216974930227,0.19508325171400587,0.010652656069776273,1.2674241156770296,0.9487462152415309,0.6102383284361736,0.032966691655337055,1.0867826614837137,0.9243105662463169,0.933535749265426,0.07644486045168787,1.3724173585032975,0.9593051531060934,0.8890499510284036,0.03771453902962075
1.0901566512655883,0.9248522941216519,0.1606906141969693,0.013056713044706547,1.212202314662966,0.9421983764883133,0.6112793387570504,0.03750052969842503,1.0850421152794387,0.9240297042375827,0.9333558599537338,0.0767370577018151,1.3739756691089509,0.9594449991854485,0.8938996179138616,0.03778444805424112
1.2236036547707336,0.9436116190485654,0.20115890262741085,0.012020861765737932,1.219686183435572,0.9431297347379768,0.6064293675572444,0.036567396536641886,1.0780951411342519,0.9228991600113808,0.9375248499227615,0.07832269934925241,1.3565569895582597,0.9578553046171281,0.895073034330372,0.03938233697244578
1.2293947696762846,0.9443169499986455,0.22410403947042973,0.01321462718143032,1.1843797516629673,0.938608966185257,0.6070986890922582,0.03970813991094214,1.0848897895784981,0.9240050788420677,0.9313303044898915,0.0765973853199996,1.3412297317130941,0.9564073593416577,0.9037322467682934,0.041191731431097375
1.2163139330471142,0.9427118207332611,0.18499671807269633,0.011242168513876853,1.2343378555977818,0.9449124190874889,0.6027243246053564,0.03513830946544259,1.0909146264704128,0.9249735036536869,0.9350438348508185,0.07584332154593589,1.365597047645689,0.9586876331167619,0.8865427982816998,0.03820345655365879
1.33900346928228,0.9561931371526724,0.17917546191332448,0.008208712843324155,1.226240336521042,0.9439337903757333,0.6193547546451932,0.036787403798630235,1.0839600243897678,0.9238546115393877,0.9357816694029656,0.07712843324154486,1.3593497343968561,0.9581141327550271,0.8922680009381596,0.039007272470521784
1.2979156794809021,0.9520546809273983,0.1608966602916878,0.008102729675029272,1.1287044106070299,0.930793196656382,0.6132794712670596,0.045598863329816545,1.0812551115723728,0.9234153099280559,0.9330627219858709,0.07738481115993182,1.359760298329853,0.9581520549236686,0.8912545698190286,0.03892615174716433
1.2232804728377138,0.9435720104899136,0.17122127546351879,0.01023946474497757,1.2323436206343237,0.9446729085220354,0.581518952840168,0.03405808720639062,1.0920564960004473,0.9251557634530522,0.9332156554807811,0.07549627427864257,1.364339035002209,0.9585727556072684,0.8889047523248947,0.038416358279549534
1.382590288326508,0.9602098243065568,0.19287816400973593,0.00799268643071699,1.1832993700756516,0.9384654646961688,0.6169125659882412,0.0404505328104649,1.0810423812409349,0.9233806622440988,0.9338388353442482,0.07748712536488428,1.3843938534875024,0.9603681894793265,0.8895769574608312,0.03671044689720411
1.3762549575999439,0.9596487186578189,0.1695304740699388,0.007128412430787226,1.3200197244815781,0.9543251986782189,0.6213672273107907,0.02973915463470418,1.0810741131620563,0.9233858313780822,0.9340274847613421,0.07749711635515769,1.3634282416227987,0.9584893943246471,0.8892819817071191,0.03851334599570685
1.2119689709033374,0.9421691081912626,0.1802244544056539,0.011062282591742844,1.1968805780437763,0.9402467847725665,0.5963485259954847,0.03789828628128756,1.0911795739634058,0.9250158296185231,0.9354120995975526,0.07582691885612822,1.340095009925264,0.956298295918074,0.9055786408402317,0.0413838756733525
1.1838754525893074,0.938542021716094,0.16540963972420936,0.010831419170269486,1.176595238462974,0.9375679609263801,0.6199009484349205,0.04127879988158214,1.0892245518260049,0.924702993347707,0.9337714045252969,0.07603543209449123,1.350617661940567,0.9572997626283594,0.9016087786877286,0.04021614792906516
1.5163028847406967,0.9704425511885749,0.1685055685055685,0.0051322921789067315,1.295207196633007,0.9517692016530932,0.6094017094017095,0.030881363787948157,1.0930450121231083,0.9253132169859675,0.9357290857290858,0.07552750128589919,1.3818597314130887,0.9601455040182073,0.8836829836829837,0.03668062785794629
1.2514734204506475,0.9469305360135515,0.1644781817947296,0.009217961205537703,1.2237142258793605,0.9436251644290122,0.6142892153701291,0.03669937472521414,1.0919885156152311,0.9251449241481305,0.9306370683761787,0.07529945474002961,1.347790196269685,0.9570328404507004,0.895642808311943,0.040210978993990405
1.2822022637712536,0.9503758448701435,0.21771665552534056,0.011368139401332616,1.2673826262556436,0.9487415695787473,0.6078880588781226,0.032842861290192704,1.0899705249977438,0.9248225027472454,0.93405416631512,0.07592792596794119,1.3508743609065608,0.9573239172735982,0.8930237991705662,0.039809678670293586
1.1921398891731831,0.9396305473772281,0.19743821969206884,0.012685025282431183,1.2229568298161293,0.9435323192080367,0.6052917583128478,0.03622496134854707,1.0892153918805905,0.9247015247851883,0.9312330185017467,0.07583033496041583,1.3664777035611355,0.9587678702199629,0.8957691810065985,0.03852285028674149
1.2345731073679183,0.9449406087049605,0.17820549588069662,0.010383600872089739,1.2267781975840686,0.9439992976847623,0.5902792261966837,0.03501702947256645,1.082957906278369,0.9236921290347987,0.9329048910209615,0.07706895383120771,1.395616450785603,0.9613401101718937,0.8807618104077589,0.03541946725709703
1.0642436071480068,0.9205988452276374,0.19978366330142913,0.017231233400975973,1.143795473681915,0.9329983637983925,0.6062344303133604,0.04353565914883168,1.0787609456087095,0.9230081770038131,0.9339386390454962,0.07790357678098178,1.3630412347077587,0.9584539245653118,0.8913203094270356,0.03863603649880191
1.3472704533192954,0.956983601891742,0.2044167573520308,0.009188530082304207,1.2237938737004674,0.9436349196936851,0.5985690175353999,0.03575364798200421,1.083871697959589,0.9238403031403893,0.932556154332371,0.07687821561485274,1.3871679191677397,0.9606105921596044,0.8809143691230997,0.036121499847140255
1.2564428094616185,0.9475026222250329,0.1907345467745281,0.010567847858030971,1.1622865221477034,0.9356113999495294,0.6218497199751089,0.042795580422742174,1.0848641746587226,0.9240009371436058,0.9325282617714167,0.0767004351757658,1.374180706945523,0.9594633654144925,0.8904985998755445,0.03762292302475415
1.2545868111261451,0.9472896406669449,0.1674410800485299,0.00931698090803457,1.2131317439041942,0.9423148168231755,0.6188918144505537,0.03788636986901662,1.0795608784829176,0.9231389689541775,0.9335230646118898,0.07772561625517022,1.3740815162637676,0.959454481421118,0.8904914943596892,0.0376312166215731
1.1864153715808816,0.9388784975483719,0.20663114268798105,0.013451800128946333,1.2630470930960056,0.948253908925504,0.5967052485702574,0.03256212692245495,1.076819823560011,0.9226899479364122,0.9316976688202265,0.07806478811772956,1.3650323371101856,0.9586361033919416,0.9023025523913624,0.03893317741137058
1.2060094579432212,0.9414168767351581,0.19528969052098877,0.012152618350990562,1.2094725559292265,0.941855111362705,0.599656134431973,0.037019429779142195,1.0905463882745192,0.9249146403037032,0.9333419840394472,0.07576949865151428,1.370285741787805,0.9591131093037683,0.8803218062674366,0.03752802575756077
1.1117320102677957,0.9282329690741165,0.1837139119509889,0.014203979431642996,1.2976770201387415,0.9520295903807577,0.6105663994197418,0.03076492640128644,1.0944066515515827,0.9255296040197231,0.9343388552851425,0.07517921007674275,1.3577592992082028,0.9579669200986302,0.8948670457341951,0.03926442264893194
1.2975831004311666,0.9520197130692815,0.179005359558747,0.00902158683886422,1.2229088668525714,0.9435264348416852,0.6072627224477053,0.03634693174242681,1.0872066933304674,0.9243788452883933,0.9352885315849724,0.07651364925482752,1.347611599625663,0.9570159269270915,0.8963016442918098,0.040257109928477
1.3154011818295028,0.953859405634267,0.1885759403556913,0.009121895658514664,1.2390436276821017,0.9454737241787713,0.6133410132284035,0.03537189919139447,1.085973921829778,0.9241801833070409,0.9365567319889202,0.07683518974390861,1.3444423487719968,0.9567147318140627,0.8988907297626135,0.04066909917217561
1.3409759161395223,0.9563829865156693,0.1991379587635498,0.009081929682037011,1.1828793798009276,0.9384095950012717,0.6115860915436327,0.04014007877840445,1.0795670892817908,0.9231399836451969,0.9298594358133102,0.07741947343897926,1.3787941911568686,0.959874517198949,0.8889832416610377,0.037162026009175966
1.0404565855905452,0.9165018663754189,0.16266442584273294,0.01481958353090658,1.1602581535512497,0.935329463813242,0.6197343330855499,0.04284966224691485,1.0946032740932128,0.9255608029213044,0.9308684270062377,0.07486606830534094,1.3637321944865213,0.9585172317429569,0.8890598235351153,0.038476786232931263
1.2881054234962535,0.9510129800076423,0.17483093322267537,0.009005604130653317,1.2170396532399368,0.9428020001872326,0.6031939518508193,0.036594627014127946,1.0792363329405927,0.9230859291445133,0.936043156604789,0.07799370285886252,1.349906100810006,0.9572327384394397,0.8903059735847344,0.039777106352737394
1.4306700488125699,0.9642306630842739,0.20983091504034834,0.007783939033224181,1.2056772229341037,0.9413746718967478,0.5897506094619787,0.03672748376492716,1.0933007085487048,0.9253538954095953,0.9305343710482746,0.0750640012764954,1.344598919974658,0.9567296590240788,0.8985620608288682,0.04063957502869996
1.3172425454424457,0.9540456517526182,0.22685810921105037,0.010927272226728192,1.3755773749094133,0.9595882599190344,0.6037230743113096,0.025424967122887342,1.0833556298304632,0.9237566535971802,0.9325119325119325,0.07696597368842732,1.3612531407966861,0.9582896663208218,0.8883665354253589,0.03866687278833916
1.1129977856245925,0.9284268844641894,0.17503722405645109,0.013493749125640667,1.2682745750689037,0.9488413553529931,0.5972098142034052,0.03219973970587612,1.0873899870196317,0.924408342347484,0.9288276040655143,0.07595303400922193,1.369033049855315,0.9589998460357156,0.8887227293325565,0.03799559393551432
1.1856353735504608,0.938775350940205,0.17740777396130483,0.011570104275087815,1.198958105517619,0.9405149800405402,0.6028992257087966,0.038131739776526126,1.089954074180298,0.9248198691072294,0.932409617511789,0.0757971140454452,1.356620385838692,0.9578611970313393,0.8972139747595299,0.03947077407488275
1.2852951970711817,0.950710642346368,0.23144195731389902,0.011999050922525902,1.281997102960416,0.9503535609798284,0.5951392503904217,0.031090055023896414,1.0744538342640053,0.9223004363544465,0.9338235294117647,0.07867033116024721,1.3507727632416828,0.957314358782588,0.8974557522123894,0.04001660885579671
1.2618684328324594,0.9481205767654413,0.20905894010141765,0.011439322698269935,1.1819047218515208,0.9382797573218327,0.5945819922155805,0.03911173033974598,1.0841707117844968,0.9238887317873765,0.93144918431977,0.0767341090490829,1.3685221400167389,0.9589535654868909,0.8923781336821859,0.03819678235047665
1.2605757938306226,0.947973977775144,0.19589865440739687,0.010751168267232825,1.2138740490822315,0.9424076557604738,0.6097846018750485,0.03726510973089569,1.080881562324935,0.9233544599041899,0.9323200495880576,0.0773897531726265,1.3477196757149088,0.9570261627473108,0.8973049407267749,0.040292144551337325
1.2996063339445036,0.9522320649526855,0.1974287442205271,0.009903849888595813,1.242168769275578,0.9458435088274516,0.6067422306326694,0.03474045119578536,1.0883304344880855,0.9245595204310575,0.932428126442836,0.0760825273743569,1.338051170102949,0.9561011957024518,0.9049077560363383,0.04154828868338259
1.2450174276137203,0.946178517541612,0.20631066389531005,0.011735571641037053,1.2625361348433042,0.9481961482390114,0.6148332329687833,0.03359086589583532,1.0871383165388542,0.9243678388520054,0.9314024488950187,0.07620773586838638,1.337679201770653,0.9560652333684194,0.8961906796946327,0.04118330736811612
1.3623600171915664,0.9583914195205396,0.2243493558234594,0.00974013126282526,1.2061587706234251,0.9414358351041942,0.606502561183836,0.03772887612565504,1.0892328106330533,0.9247043174132263,0.9316758938272882,0.07586335551196459,1.3662050651783744,0.9587430459201918,0.8868551766958142,0.03816345104778487
1.2953984538295187,0.9517894133682778,0.1931188284734576,0.009781966346303381,1.1781655618780666,0.937779274804318,0.6097790496815944,0.04045823542884287,1.086667527275487,0.9242920171782812,0.9341145229071596,0.07651253601612844,1.348154295140577,0.957067301786482,0.8973045092427875,0.04025182307350825
1.2502171878470816,0.9467849867270245,0.16434953711170608,0.0092374329139298,1.1466770397365564,0.9334119471472985,0.6024063739879358,0.04297466685797933,1.0803957963751112,0.9232752638119675,0.9341440598690365,0.07762793975347526,1.352852443396674,0.957509611804079,0.8937840714815651,0.039662507501129145
1.2494317722364658,0.9466937957874692,0.1921210668497872,0.010817906347960444,1.2068824270494387,0.941527636938922,0.5978258757069467,0.03712720718989481,1.0910941700731587,0.925002188549821,0.934193222381301,0.0757430069003717,1.3952584229545157,0.9613094598294841,0.8909050861292684,0.03585692273236915
1.1773230499645067,0.9376659835740031,0.19891218392578164,0.013223253863705948,1.0637573466244519,0.9205169635994476,0.6057566815180563,0.0523047181865171,1.0811800780471308,0.9234030907543116,0.9310471194090304,0.07723098657876148,1.3477153536435853,0.9570257534512747,0.8997177593046206,0.04040089064812399
1.4001747074999749,0.961728305535905,0.2078632035753611,0.00827185492178194,1.2553390495253676,0.9473760605164747,0.601515642204806,0.03341241569532896,1.0825583238291672,0.9236272524507152,0.9316406503011853,0.07703535815266617,1.3512225941070557,0.9573566641643648,0.8879396333959453,0.039551307685025176
1.288344420881616,0.9510386111826208,0.15091282064472983,0.007769296853180229,1.1394591128676255,0.9323714822680862,0.6245249409994406,0.04529921479758323,1.0859223040856447,0.9241718546306779,0.9317586989653199,0.07645064467204277,1.3532307747260652,0.9575450399767814,0.8910531358716971,0.039506888639842745
1.191120958148967,0.9394973232681173,0.20480066466747154,0.013188955521179886,1.2015766586646166,0.9408514118996628,0.5958575119107892,0.03745982637932374,1.0819374502533068,0.9235263464384033,0.9320987654320988,0.07718350250400853,1.367669845208836,0.9588762494208356,0.8863574405109631,0.0380136042889534
1.1930478580288242,0.9397490319646018,0.19948460249967787,0.012789734280050785,1.162446589999641,0.9356336000309049,0.6105141090065713,0.04199998303373741,1.088978868924133,0.9246635952783712,0.9322316711763948,0.0759530091080553,1.3777561091864623,0.9597823535814005,0.881793583301121,0.03694969220371957
1.1024454065421605,0.9267953857683714,0.16656000930827855,0.013156044381598075,1.1978599817951137,0.9403733602104427,0.6212047756640229,0.03938898629134098,1.0887112935341157,0.9246206649573067,0.930388297425356,0.07584953900491205,1.3751150856757515,0.9595469614056653,0.8916813724539596,0.03759192871695177
1.1987769293210626,0.9404916363257946,0.18861914434020052,0.011934626746032925,1.1732044736693237,0.9371093888055957,0.5979495115581778,0.04012915748632049,1.0861697449658945,0.9242117723165504,0.9327787987232807,0.07649075038152776,1.3469534189146892,0.9569535407475694,0.8957926298481478,0.04029526962120072
1.1179986336465388,0.9291882881410551,0.17725239534600154,0.013508075495290208,1.0913160798000792,0.9250376281706619,0.6047181738254301,0.049004610426395485,1.0953799131638324,0.9256839179472,0.9274754047861997,0.07445990682964054,1.3450292351412216,0.9567706591667627,0.8987312527675632,0.04060697228864282
1.2268545355024039,0.9440085892151737,0.18294509846784926,0.010850912032378793,1.15536098655109,0.9346440321125056,0.587611632258106,0.04108936199097902,1.0788484042698427,0.9230224867413798,0.9283881877157902,0.0774249978257165,1.3553199247735987,0.9577401669480811,0.8943246770781763,0.03946165447771589
1.1887929493412766,0.9391919058776391,0.13649158416789536,0.008837164210051072,1.2395029834216424,0.9455282265644428,0.5887125085371069,0.033915660561748696,1.08516831129785,0.9240500998889842,0.9279627750224997,0.07627149229048003,1.351742060458617,0.9574054687328576,0.899820640969177,0.0400326086264253
1.3067394217394341,0.9529736294788057,0.2221504372133486,0.010962453155764468,1.198418531822431,0.9404454331870218,0.6176382163486449,0.039112504695920154,1.084414779635529,0.9239282403689486,0.9336855773966776,0.07687513132658064,1.3451286181047106,0.9567801230352959,0.901452686927097,0.0407206141520707
1.2056684335076355,0.9413735549617458,0.19187310983849173,0.011949388496177129,1.1472601421680348,0.9334953493453809,0.601840293417412,0.0428766768807861,1.0890009556538647,0.9246671379131031,0.9311112541020526,0.07585786583822475,1.379931462636026,0.9599752548069466,0.8911395663084744,0.037154743202331475
1.3028638621780328,0.9525720896411168,0.22006213822532197,0.010956742779506508,1.280528076730937,0.9501937229125467,0.6010906418801325,0.031507350914075104,1.0839169219304396,0.9238476294846991,0.933227191274865,0.07692552383833785,1.348672253489702,0.9571162801714449,0.892547280485761,0.03999069737193688
1.1906137213885544,0.9394309001158955,0.17463698586323803,0.011259588160134478,1.275386609863956,0.9496304553855007,0.6059617475852364,0.03214094188595095,1.084444279182292,0.9239330143449374,0.931574233992196,0.07669608379991821,1.37104958923494,0.9591820261777201,0.8924710548199322,0.037979089639480934
1.4392597209263736,0.96490659146224,0.18003482892849826,0.006547821165817771,1.2164802632939415,0.9427325010534113,0.6176244622003688,0.037518392756083756,1.08696287048901,0.9243395910230707,0.9316290206924811,0.07625707413695529,1.3614569062119741,0.9583084159744977,0.8897510755992625,0.03870897000565931
1.2863394161662554,0.9508231904646687,0.18427554884618114,0.009530776761133317,1.259878025845163,0.9478946808463361,0.6021211945266988,0.03309831529172277,1.080701435338211,0.9233251019309163,0.9360286954782687,0.07772983174121863,1.356283791505997,0.9578299030094483,0.895191830046385,0.039412348872796925
1.2380352189322739,0.9453538965816146,0.15991158857847798,0.00924367608665522,1.1672624564466467,0.9362981961815465,0.6029003572438253,0.04101881263453254,1.087423526713436,0.9244137386746611,0.9348801048600581,0.07644206155473654,1.3556045554562233,0.9577666850599873,0.8950242874399239,0.03946665007255211
1.3501365752202583,0.9572544585488961,0.1975616496462014,0.008821979995686593,1.2512211884280222,0.94690134215721,0.6066248063908687,0.034017232418443004,1.0831556350662825,0.9237242137653813,0.9326915043349164,0.07701625306269645,1.3439590719047319,0.9566686260736001,0.8962512130696607,0.040594826031770725
1.3466739476560021,0.9569270246970843,0.19230918148731319,0.008656175874381904,1.2274634841432734,0.9440826559747924,0.6065924989029711,0.035928042136570665,1.082551716825604,0.9236261793062696,0.9373467385973516,0.07750836144040124,1.3872371862928223,0.9606166266106644,0.8896453369814925,0.03647369150172318
1.2004690976221402,0.9407093305439943,0.20564695563566945,0.012961438007824786,1.0956281731057982,0.9257232333005513,0.6088535183835622,0.04885225855018784,1.0843516913937934,0.9239180297384245,0.9306577581147578,0.07663696734724171,1.347776905426161,0.9570315819954026,0.8938067936307293,0.0401297769546947
1.2367223998149872,0.9451975246030941,0.20937296453699464,0.012139427409772472,1.2584093354665118,0.9477274000882782,0.6013039861217698,0.03316536241216516,1.081015930819595,0.9233763532226995,0.9340010189406887,0.07750530313579491,1.3507306903915588,0.9573103998943161,0.9020978570000581,0.040227492332453776
1.1606358079150003,0.9353820433641816,0.1680261952210382,0.011607566633869337,1.208974402079915,0.9417922628591743,0.6045469982506616,0.037364198190181594,1.087858298618751,0.924483658751509,0.9334033923067557,0.07624494865720755,1.3567876073255023,0.9578767357778248,0.8929891899858386,0.03926979139625375
1.22955505165309,0.944336353046922,0.19889767553318954,0.011723968853836149,1.159331077162232,0.9352002211518747,0.6106631433734238,0.042312689567759014,1.0838288793983033,0.9238333658796293,0.9317038102084831,0.07681552306041228,1.348603447746096,0.9571097769433408,0.890648376629685,0.039911939527664086
1.2355899550947251,0.9450622987719461,0.20111853666670942,0.011691282250044913,1.2373956527063679,0.9452777694131185,0.5993086109365179,0.03469403921424399,1.085554705054943,0.9241125171442288,0.9301299400967175,0.07638162948042046,1.3354542882758023,0.9558495386011451,0.9036160032837773,0.04173780690500002
1.3176947330485222,0.9540912790564317,0.1879891534833511,0.009045614164108033,1.2737305283770752,0.949447744346878,0.586727153560459,0.0312396140198534,1.0831565347472825,0.9237243597250531,0.9326012362972768,0.07700863972122085,1.3661336360192748,0.9587365397805162,0.8991556680760284,0.038699134330764565
1.2476297925702615,0.9464840187633853,0.16575502152080343,0.009372099735156302,1.264087163785374,0.9483712944550254,0.6013207112113138,0.03273550150530819,1.0831418764513847,0.923721981605725,0.9336890243902439,0.07710106503384113,1.3491330786617286,0.9571598111465612,0.8954639782742365,0.04007883061321502
1.1713569364636076,0.9368582044091477,0.17247999587676688,0.011624701146776344,1.1603645342608981,0.9353442788706409,0.5909237330721953,0.040847633280408094,1.0874197692948333,0.9244131341470792,0.9335064232241106,0.07633040053047772,1.3510537909676064,0.957340793381561,0.8922547642670309,0.03975896630363629
1.3206051299898955,0.9543839178069313,0.20898297261257565,0.009988626461301676,1.2363817403687334,0.9451568792836527,0.5986703764488666,0.03473809739370551,1.073010756629847,0.9220619816919904,0.9322174069135296,0.0787964136573,1.371384863907791,0.9592122406466086,0.9078623448558827,0.038604251779591
1.2100653656938252,0.9419298189575618,0.20947133302865087,0.012913953871464235,1.1983836273639563,0.9404409316519444,0.6199300946875824,0.03926079526936121,1.0762955146937272,0.92260378583757,0.9329848795967892,0.07826707266980054,1.3512540959246915,0.9573596253240608,0.9028470644274652,0.040212409301496915
1.329640227043683,0.9552811151296352,0.20300325825187704,0.009503044905103874,1.2750397877636792,0.9495922432720848,0.6185140826024804,0.032832942380808965,1.0695688219990305,0.9214905285231935,0.9316539813777382,0.07937538087825045,1.3532154338667728,0.9575436039582589,0.8965344048216977,0.039751317432240786
1.2280176590410385,0.9441499804542247,0.18234351354630263,0.010786304089851194,1.1933729301890927,0.9397913990350739,0.6143693610282802,0.03936013858097441,1.0933003707567197,0.9253538416841308,0.9279807931754475,0.07485806842860186,1.3589846382875594,0.9580803826666736,0.8951031536737521,0.0391641268882047
1.2728553740914608,0.949350937675936,0.1761031968306018,0.009395326256879655,1.1663022943338635,0.9361662049403531,0.609152211497362,0.041535890981378484,1.0958542319984452,0.925759016173045,0.9271382911533725,0.07435159439592426,1.351705595271744,0.9574020445215354,0.8977601133021582,0.03994429044268292
1.3145323068830432,0.953771273376543,0.2166022419791264,0.010498581903218783,1.3291244530314104,0.9552303538996444,0.6010887772194304,0.02817177209785009,1.0823658794159514,0.9235959889450382,0.9326117768328823,0.07714983754803573,1.350281641132212,0.9572681242825059,0.900489627625306,0.04019731763388502
1.2923176485894874,0.9514628589965324,0.17890093027716505,0.00912630440212058,1.249964366387033,0.9467556488880547,0.6040727598222563,0.03397229491993346,1.0887953697111266,0.9246341567245968,0.9337041654678558,0.07610512902694025,1.3634864123354253,0.9584947232518113,0.8886288801508904,0.038479906777124734
1.288439753347343,0.9510488315238033,0.17903040199551268,0.009214823760838837,1.191190832755181,0.939506468073946,0.5967637207568033,0.038424796870127696,1.092837410993714,0.9252801749944181,0.931462111617561,0.07521903944371654,1.3363314527229917,0.95593469585979,0.9069553645475059,0.04180752529798627
1.2378341182297499,0.945329970451662,0.18661344677797567,0.01079217095443903,1.1937947725030607,0.9398463367149101,0.6063479453107982,0.038808525086474595,1.0730187755531535,0.9220633085909047,0.9356299893645648,0.07908340465866408,1.3880568820511974,0.9606879700198341,0.880293691777399,0.03602223935602068
1.3844461789573483,0.9603727749763494,0.23695152186865354,0.009777173532451345,1.2932122604056668,0.9515579003254935,0.5940893453177953,0.030244019067681215,1.0750011750104713,0.9223907042514298,0.9337373711488811,0.07856399620570403,1.3641848625659456,0.9585586560897261,0.8824659973989532,0.038151631780694785
1.2738978132966212,0.9494662288976978,0.20166702887897422,0.010733394370522151,1.208126169343129,0.941685100733671,0.6032241156693045,0.03735532558906312,1.0955854010205224,0.9257164611208168,0.9311008271224576,0.07471560396392674,1.3572590580848458,0.957920514977372,0.896539381000473,0.03938313760395543
1.331674888250471,0.9554808269646508,0.19415611343264538,0.009046408222797968,1.2057845048925635,0.9413883033709552,0.5918211107212351,0.03684732354974746,1.0812883423492514,0.9234207209730182,0.9359214010016268,0.07761596040329868,1.3369860773699787,0.9559981462931098,0.9004051165906408,0.04144306594189719
1.3588246416455059,0.9580655841186382,0.16797923637705314,0.007352431059455158,1.1557560085254222,0.9346995709444881,0.6116490031679792,0.04273131557970655,1.079949959388921,0.9232025114493331,0.9295538111171898,0.07732582752015087,1.3472813936441765,0.9569846388933911,0.9010547207979746,0.040501375483684626
1.3241717300115439,0.9547401155556812,0.1640032786676918,0.007774649163734919,1.2458654653313466,0.9462778706014917,0.5899822723200386,0.0334944998304318,1.081882081989155,0.9235173419057838,0.9302202934280503,0.07703777441552069,1.359362727207801,0.9581153333530227,0.8999180333077055,0.03934053189900107
1.2004202145021545,0.9407030523033977,0.17364232060092696,0.01094549398705361,1.0703322747325223,0.9216176119718749,0.5995588940386767,0.050991709867288536,1.0885480808310128,0.9245944677589938,0.9285791913057376,0.07573050736291423,1.3896119456593607,0.9608229767433155,0.8870321240210963,0.036168242218758466
1.3076733420752176,0.9530699069916785,0.18831106718107324,0.009272620856531988,1.1822588853528029,0.9383269662612694,0.5894142779708573,0.03874019180779305,1.0841941329250415,0.9238925239105003,0.9298281414405509,0.07659643433686465,1.33156888421181,0.955470443185346,0.9086949590281542,0.042349592385438686
1.115636201211683,0.9288295331545054,0.1478060193827192,0.011325461806017416,1.1574128731775462,0.9349320429337546,0.6051026670417061,0.04211300132166944,1.0736899343568516,0.9221742926028702,0.9335924514792748,0.07878932815608718,1.3351652765033015,0.9558214462716591,0.9094791213849183,0.042036587885357204
1.2272505459232836,0.9440567666677623,0.1728899796863886,0.010245172553066726,1.165015452127519,0.9359889060851179,0.6007830672912408,0.04108679183357041,1.0842168848326967,0.9238962075119348,0.9295559841848603,0.07657000337403155,1.3589780420147295,0.9580797726572027,0.8931196452487296,0.03907793447022399
1.2579982509938084,0.9476804876117204,0.1868914959763571,0.010317899404725689,1.2026108896782564,0.9409837981131989,0.6102823586607474,0.03827541660004556,1.082669903322625,0.923645373692699,0.9326343666440643,0.07709771582761807,1.3553749705859073,0.9577452966278708,0.8987884293079846,0.039653589120643866
1.1620131413454562,0.9355734678152213,0.18909088576413835,0.013021393248763707,1.2297250732788045,0.9443569281809482,0.5859591501590886,0.03452568208308343,1.0845800276209274,0.9239549792674834,0.9330865749769065,0.07679658590682253,1.3428528995368068,0.9565629181119114,0.9001205994047008,0.040874062171123354
1.2759443159174753,0.9496918447244822,0.21218964513508154,0.01124035093552858,1.2595292046589122,0.9478549967102863,0.5987857695777062,0.032941416179511684,1.0888501153334469,0.9246429406033879,0.9308182940638334,0.07586034175251277,1.3626054504823673,0.9584139495870686,0.8866888870407452,0.03847386483987381
1.2433606946540918,0.9459839204966097,0.2269490362982572,0.012958885370344304,1.204764068323783,0.9412585241281476,0.5929826360623794,0.0370064911135333,1.0711032635556323,0.9217457588328098,0.9335247703716998,0.07925425402414381,1.366046715035943,0.9587286212404751,0.8909898534096518,0.038355358227841835
1.1749987077689217,0.9373524338181475,0.17644513176903348,0.011792638148855245,1.1995796046655847,0.9405949921623782,0.6163583252190847,0.03892724439904549,1.0869584295292887,0.924338875877181,0.931356638728195,0.07623555828326824,1.362742871408842,0.9584265593339234,0.8893598335147107,0.038577549744772455
1.1246368469716004,0.9301874309680803,0.17942407712799696,0.013466163219868965,1.193022710527519,0.9397457532961434,0.6023468222757833,0.038621035427283,1.0775598644546913,0.9228114127150422,0.9317645566408728,0.0779374732673716,1.3567557367550171,0.957873774686767,0.8914562983635672,0.03920525843193129
1.299213662985916,0.9521909214439581,0.19267815342108294,0.009674283555415943,1.2115816647192106,0.9421204976865772,0.6051588062985277,0.03717814293941439,1.0779304191420152,0.9228721670647279,0.9335098558399529,0.0780168638454605,1.3525493744509989,0.9574812110658186,0.9002583880169359,0.039977699764687236
1.2799499044887144,0.9501306809873848,0.19695050941511127,0.010337301994618629,1.183201552187878,0.9384524565897869,0.6078744566981246,0.03986688856624885,1.0738134508955273,0.9221947017447307,0.9304446325274753,0.07850134251134923,1.3659992068207196,0.9587242926064605,0.8975887896856963,0.03864365650114572
1.2684760672726094,0.9488638716067438,0.19998476258198047,0.010777569683173014,1.2255490454738915,0.9438494906319362,0.5996558883097259,0.03567410260676846,1.0874260017292874,0.9244141368752327,0.9316728780308177,0.07617938305653604,1.3675111672749591,0.9588618395423505,0.8987410083361375,0.03855878947946059
1.1437675611013038,0.9329943459452779,0.19192696736433615,0.013783783401127847,1.2381416652205897,0.9453665571272718,0.6162160442776258,0.035611587694198366,1.0957224022700396,0.9257381507668888,0.9283287740950442,0.07446966661522496,1.3395840272560784,0.9562490979930718,0.9004453209491698,0.04119773297786638
1.310850196356206,0.9533960065930381,0.1915264630360633,0.009362214608479559,1.1958173025570957,0.9401090851451692,0.6157590158279999,0.039227757045188556,1.089023449127851,0.9246707456309301,0.9302047803369997,0.07578009020445305,1.3355615719173672,0.95585996237719,0.9034670856807062,0.04172062093043332
1.3068806787648337,0.9529882036579965,0.1933373712901272,0.009537512730484582,1.2826579345241313,0.9504253044182454,0.6079505244030731,0.031711026669790164,1.0921990436440827,0.9251784876397201,0.9305620198284931,0.07525689215519053,1.350308734149573,0.9572706760801349,0.8956039401957346,0.039976729488084124
1.2363428209636533,0.9451522338606507,0.18575815885718655,0.010779660345147313,1.2582221692994913,0.9477060458357502,0.5966638206771756,0.032923616586662666,1.0805852353170078,0.9233061576146024,0.9309189147859773,0.07732619124801995,1.3464421194780867,0.9569050171553819,0.8995004651281332,0.04050972292804736
1.22764292580892,0.9441044639753172,0.16224999523951583,0.009605981964885697,1.1139614682524257,0.9285741952341178,0.6055526287393603,0.04657902842637078,1.0884767293315802,0.9245830125349243,0.93142998597244,0.07597548583992154,1.357106174104933,0.9579063228477559,0.8915244339784318,0.03917663011729551
1.2917797034943246,0.9514056238832482,0.17292760505615482,0.00883251987387779,1.202604397920304,0.9409829680058245,0.6170172241938658,0.03869838934319728,1.087579886177609,0.924438891267314,0.9323348845477458,0.0762065056458311,1.339412697641365,0.9562325903774782,0.9078286595856797,0.041551929113257204
1.2491397359774135,0.9466598512254886,0.1854888178913738,0.010451484901916943,1.1577971143900534,0.9349858450965017,0.605150159744409,0.04207906080272159,1.080687174402957,0.9233227771738105,0.9286709265175719,0.07712135920956179,1.3356557933412196,0.9558691150801938,0.9043769968051119,0.041753579585818074
1.2981020399697243,0.9520742645662617,0.19654802893974269,0.00989388032590106,1.2047954835477948,0.9412625235366313,0.6081721166466929,0.037951681378953814,1.086422818168394,0.9242525786657019,0.9322731394294482,0.07640474900590262,1.3685435809395634,0.9589555087085319,0.8804745509076959,0.037685408456289815
1.2152150260449595,0.9425750141042726,0.17471991898221406,0.010644552139747642,1.1016907886005254,0.9266774115218601,0.6322931831128552,0.05002967838266272,1.0928945598237656,0.9252892721962814,0.9286600417747959,0.07498289420187816,1.3433517867814442,0.9566106231789117,0.898202417874549,0.0407401321148433
1.4366548800406458,0.9647029251931526,0.16526247983009446,0.006046713408855916,1.2807077876769566,0.9502133025909003,0.5970866046315844,0.031284523202068794,1.0800922235699593,0.9232257332047042,0.9282812370450212,0.0771946760047247,1.3557829307287403,0.9577832955935531,0.8909390087567685,0.03927037457209807
1.162605138922231,0.9356555824227194,0.19017829413144202,0.013078435913397767,1.1480935544533561,0.9336143853930349,0.6152700398674045,0.04374941130395554,1.083362103604164,0.9237577034537944,0.933011351752201,0.07700604595263945,1.3705800502272172,0.9591396759786129,0.8947285023419723,0.038116342627117626
1.207588422136273,0.9416170682062759,0.19087548749530794,0.011834822183885018,1.2448509317036773,0.946158991136946,0.5998180441656434,0.034132538965079555,1.0814801108509164,0.9234519402365939,0.9320719425375841,0.07726260095666819,1.380288257750621,0.9600068091462901,0.8847316151443241,0.03685728059600272
1.1528534973904239,0.9342904614139899,0.18652165074202073,0.013118245462990235,1.1876762462453416,0.9390448915621096,0.6002045639357593,0.038960367718694065,1.08507263730261,0.924034637631725,0.9282437995527546,0.07631139973265061,1.3672654623406013,0.9588395170225176,0.9029528359422647,0.03876141332668736
1.2409366286100567,0.9456979980423231,0.19328456223391094,0.011098404245902626,1.1410479882332834,0.9326018053406404,0.6207401955496901,0.04486026972386763,1.0779740477544484,0.9228793173162267,0.9317796798365555,0.07786444410611924,1.3623719457279355,0.9583925147955936,0.8959627427715774,0.03889716998835138
1.2494763569781013,0.9466989762593057,0.21423497025130983,0.012061852311884532,1.2455668693526474,0.9462429079141935,0.5990269831402946,0.03403137653685405,1.0817578569135935,0.9234971356615439,0.9303220977583823,0.07706824687105651,1.383097590904536,0.9602544301039749,0.8875892777855303,0.03673791088406374
1.2331071434060334,0.944764724335603,0.18699228173258958,0.010932425780267804,1.0151797254202741,0.9119385468103941,0.6033038490030835,0.05825810724189099,1.0762508571645757,0.9225964429952612,0.9307635322945225,0.07808875557334145,1.3743318232334585,0.9594768965306243,0.8849034741700805,0.037373526318212565
1.235712143020349,0.945076904409571,0.2021197023288835,0.011746176083578724,1.3172753287154009,0.9540489611497097,0.6001217053968737,0.028904403151765467,1.089698698939032,0.9247789747678028,0.9324091329758237,0.07584165820369765,1.3460284180251805,0.9568657176296622,0.9052092445391042,0.04080567465089367
1.275476152955991,0.9496403165947314,0.20599564668329304,0.010924004982258317,1.184014171492874,0.9385604431102272,0.5979527988780373,0.039142875958337674,1.0912459618948003,0.9250264318032044,0.9273897233803567,0.07516511342851741,1.3425040006246836,0.9565295256232756,0.902361325286678,0.04100874444399597
1.300738734593993,0.9523505280315371,0.17212141333912223,0.008611844293326351,1.162277940801689,0.935610209586779,0.6072837787794818,0.04179398090817099,1.0824708483365824,0.9236130430979576,0.9293905070807422,0.07686477918438687,1.3850726580477148,0.9604276364383205,0.8892492753253055,0.03663961165323351
1.3876456879497499,0.9606521966519627,0.18702653317598691,0.007660507386462613,1.2724995614610888,0.9493115287015876,0.6115256258961768,0.032652399343425544,1.0832833801273538,0.9237449359099627,0.9302409684418896,0.07679131101036839,1.354371966457217,0.9576517339454037,0.892008324133643,0.03944545234382635
1.148856669450671,0.9337232072942906,0.1826446072876533,0.012964333200089585,1.2485922228702502,0.9465961565757286,0.5976051975523154,0.03371492074831957,1.070179366312442,0.9215921740976848,0.9349928231472387,0.07954793514714929,1.3680982665488777,0.9589151311417773,0.8915791594268591,0.03819984861242229
1.1393418229021952,0.9323544510342999,0.21304865234399725,0.015457418611800137,1.1220219329538899,0.9297954163737255,0.618041752649103,0.04666549559644542,1.071273277153292,0.9217739911598732,0.9339464988795908,0.07925902420573815,1.383913909126758,0.9603261062339618,0.8853827748167467,0.03657776449305645
1.3942623241552592,0.9612240622272515,0.21504591580938118,0.00867498783830576,1.3603059314278947,0.9582024020862118,0.5968610975369834,0.026035585081938307,1.0906762954377685,0.9249354109738208,0.9269091393720926,0.0752247700607766,1.3536968675464127,0.9575886476085074,0.8967830374878626,0.03971828771842367
1.0958689849097012,0.9257613508608047,0.19348528446665658,0.015515970864155543,1.2370416857724345,0.945235594010505,0.6028635973547377,0.03492829407930165,1.0882755593863183,0.9245507068248829,0.9278232116714624,0.0757163506504549,1.3452701273278092,0.9567935950165014,0.9035223888131657,0.040800810588668766
1.3028103441750978,0.9525665219946402,0.1795822102425876,0.008942376855590985,1.3230965218533532,0.9546330139837813,0.5932906982657784,0.02819492979763368,1.0849507833529566,0.9240149401441706,0.9295249961857296,0.07643817151012965,1.3579109037746548,0.9579809741089681,0.8958004882266185,0.03929166123889194
1.2327624857541353,0.9447232960363731,0.20656351068552223,0.012086237396448698,1.2438519930168355,0.946041696662445,0.6275604033229755,0.03579344834863204,1.0737787167464763,0.9221889629748342,0.9308326463314097,0.0785403603988947,1.3341057477013463,0.9557183127780016,0.9057200837085421,0.041965098838469175
1.339420384100289,0.9562333310954424,0.1756120378505825,0.008037738976799937,1.1927288790746224,0.9397074319092616,0.610362766354195,0.03916148516107003,1.080762534092286,0.9233350612587475,0.9293114455660837,0.07716116070448167,1.3297998316789972,0.9552968119136559,0.9018021377867397,0.0421999006794461
1.4864181904570848,0.9684035576162928,0.20382210132953707,0.006650175157386771,1.2750936550022027,0.9495981800487541,0.6334812009050004,0.033623279931806145,1.0706971082295602,0.9216782752440472,0.9316673869385057,0.07917057242623424,1.3495715728691773,0.9572011934755312,0.8955118590639856,0.04004052550048002
1.2109665220666437,0.9420432127685913,0.18668202882314,0.011485131974607416,1.1462391408917636,0.9333492498306115,0.5976345673982788,0.042677263898248455,1.0912636759065992,0.9250292605066046,0.9267772572185161,0.07511240918074377,1.3324498043007964,0.955556664896158,0.9087882568620461,0.042268117132065214
1.250970195962082,0.9468722767226027,0.1871770189482217,0.010502249470212935,1.2490052136310366,0.9466442082851028,0.6098642212990171,0.03437383135206192,1.086002307227411,0.9241847630174044,0.9286085216333975,0.07617813877588024,1.3491765401803093,0.957163914477538,0.9027257067585368,0.04039980508368936
1.294983366900547,0.9517455375153885,0.19423107569721115,0.009847712215225665,1.1821569065970605,0.9383133762565499,0.6079362549800796,0.039966961965918736,1.0863522684905953,0.9242412050335527,0.9289306772908367,0.07614318463151055,1.3599934259930366,0.9581735733875889,0.8963633466135458,0.039128271512056265
1.1156419032281697,0.9288304010702016,0.18591756716784252,0.01424552714262325,1.142792627330614,0.9328538695258518,0.6009327031398488,0.04325469080352314,1.087716342382925,0.9244608358633917,0.9286752720384158,0.0758835324144393,1.3898249926793187,0.9608414382776529,0.8847589258180033,0.036057860980835625
1.3948094768090042,0.9612709931181109,0.17330638407727134,0.006982405783234997,1.3285003160210382,0.9551688544052881,0.6020577142245478,0.028257765020641756,1.0900555119414832,0.9248361071051217,0.9262106701423651,0.07527560729282942,1.34038753919792,0.9563264371624365,0.9036186302473916,0.04126650011516859
1.2282208671028376,0.9441746482694561,0.20274805692944384,0.011987699110027776,1.3029677071786738,0.9525828911923044,0.6024780458261835,0.029989796496797234,1.0744809399268704,0.9223049089051045,0.930005299283335,0.07834377302873986,1.3900813103557967,0.9608636383599549,0.8843115978600989,0.03601836630576498
1.1016761673973563,0.9266751239675994,0.17494535123251082,0.013842873149163283,1.282334504934051,0.9503902034439836,0.5930540944053521,0.03095706675378849,1.0793655898072363,0.9231070573472238,0.9258477645976779,0.07712123799919351,1.3422237175552574,0.9565026824858691,0.9075853119231957,0.04127278177755446
1.3506253468278373,0.9573004859440998,0.23033821943016689,0.010274025953794145,1.3232314669372351,0.9546464691102358,0.5926264356875436,0.028154612442129384,1.0865224116563925,0.9242686319132368,0.9300590138968209,0.07620581191642556,1.3527018469468106,0.9574955016042512,0.9045370899168729,0.04015360408780047
1.3418122433889363,0.9564632463116098,0.21028034424018288,0.00957164176250231,1.2219552499628252,0.9434093200132346,0.5969869485096224,0.03581043418026616,1.0845156357400154,0.9239445609954761,0.9298981084521224,0.07654551133631139,1.3484369907660492,0.9570940402367406,0.9042764053624464,0.040538176430133174
1.3348977359605159,0.9557954257791985,0.18293484720132505,0.008460552135504848,1.3127859919436102,0.9535936553698674,0.5971855204764133,0.029061851361211664,1.0797056393282058,0.9231626161057909,0.9315851361090389,0.07753841358448864,1.3377487182039847,0.9560719564335136,0.9047868910495506,0.0415716805633284
1.3948244105515943,0.9612722732645707,0.20394474319265776,0.00821652356274581,1.1898160442507808,0.9393263054980077,0.6002242195070971,0.038770149109965145,1.0851048516979338,0.9240398442516685,0.9289338172421001,0.07636246193988148,1.3319296107539849,0.9555057692389095,0.9045546962585745,0.04212163514555804
1.4048721824394916,0.9621244398628581,0.16360896756947596,0.006440727450013322,1.2552064023507186,0.9473608312565323,0.6011814697130176,0.03340405449072263,1.0736692002239239,0.9221708661370123,0.9289415947949765,0.07840056803687137,1.3236139116446988,0.9546845813215526,0.9207204821707772,0.043703265928558874
1.4459117054113972,0.9654215683267507,0.1616129863761246,0.005788480173073147,1.2417123039880988,0.9457896450544497,0.6134076034678956,0.035159027257461194,1.0856316682951093,0.9241249440038269,0.9315977090262104,0.07648860556887803,1.3314558192289796,0.955459365196132,0.9034257728264354,0.04211498561386173
1.331985663865803,0.9555112561370821,0.185090428992868,0.008617837449902266,1.1709498496308886,0.9368027327213317,0.6081389252120959,0.04102541213511103,1.0809829916086564,0.9233709868060052,0.9334432505164213,0.07746489350622852,1.3701675411709835,0.9591024349003514,0.8893121332145723,0.03792160205059756
1.2906768288519972,0.9512880823204036,0.1672800860051856,0.008565789827876645,1.187476841521,0.9390186049181006,0.6265351293239739,0.0406882100672824,1.0891608925122702,0.9246927866640943,0.9302219692657939,0.07575751135895137,1.3701633325558982,0.9591020547816173,0.8867703788022513,0.03781358427158909
1.2124774467915294,0.9422328684364816,0.1980617998836827,0.012142923936174735,1.177007219851,0.9376234648005162,0.6023086454092599,0.04006931122326091,1.0836488583985124,0.9238041933852363,0.9325106834905302,0.07691392203479162,1.3659832407135555,0.9587228377829542,0.8920019217639771,0.03840453838328597
1.2940954737528636,0.9516515574246023,0.20187235214237886,0.010256079285499998,1.316770975338747,0.9539980227107733,0.5845405791024975,0.0281866647564917,1.0808936909865687,0.9233564363220708,0.930312455021621,0.07722095074230866,1.3328326724252615,0.9555940891866903,0.9023898772833372,0.04193354151403589
1.3002478256605523,0.952299207208007,0.1886606595987851,0.009450037302778826,1.282729224057644,0.9504330381196096,0.6041965283609797,0.03151004341009039,1.0862056771025719,0.9242175673605284,0.9305419621264263,0.07630100969022044,1.355453748241221,0.957752636825696,0.9088457968415535,0.040090036792655354
1.3144089472064173,0.9537587477038963,0.1881974140330457,0.00912440816372791,1.2811414376870762,0.9502605191404406,0.6041977682750943,0.03162552029173172,1.0802089322316846,0.9232447787303132,0.925988714860454,0.0769833421642436,1.3385756634028845,0.9561518566113425,0.8958212089775056,0.04108144177124448
1.1851594510046866,0.9387123352380243,0.18423829593635668,0.012028748844343216,1.1590179766674957,0.9351565178921629,0.601938618828867,0.041738249494344806,1.0913711672715634,0.9250464234134329,0.9259242877092324,0.07502470714505839,1.3677876728941603,0.9588869464762445,0.892636660621647,0.03827251892443333
1.2672074485588107,0.9487219501505906,0.18642860744176667,0.010076393219570271,1.2604352330680189,0.9479580131105095,0.6133281234244227,0.03367112648109303,1.0869542961086014,0.9243382102499821,0.9286767671674901,0.0760169227280458,1.3435612721794277,0.9566306398754805,0.8913481899768075,0.04040974545042236
1.2085209466088915,0.9417349982225687,0.17551862781493624,0.010859310932386772,1.2429893945169626,0.9459402172992323,0.6045781449578114,0.03455119313498192,1.089817867519445,0.9247980602892556,0.9272505332569889,0.0754013678153017,1.354092619611677,0.9576256405533322,0.8938834322244524,0.039553805011542584
1.2412583878035535,0.9457360320036446,0.17972745963293552,0.010312312090854427,1.1498507882427775,0.9338647222895209,0.5943360746163875,0.04209023042624885,1.0811266582782013,0.9233943902809508,0.9302790592718885,0.07717676790596885,1.3339680975610484,0.9557048972075158,0.8946695416708454,0.04146623024472153
1.2648127108909621,0.9484530327634102,0.19924938346741727,0.010828898307785462,1.2046812392364197,0.94124797810087,0.5890437880776229,0.03676768964381699,1.0749487529226094,0.9223820629171545,0.9296550587370116,0.07822995563203983,1.380469510002372,0.96002282964727,0.8874392184458941,0.03695465119984703
1.2526478564235428,0.9470662682540648,0.20572942768367244,0.011498695183525275,1.0854191995582325,0.9240906332265888,0.6020847950285657,0.04945821750723322,1.0899789854868798,0.9248238571686811,0.9315989275333266,0.07572686787314914,1.3495723604136216,0.9572012677646643,0.9011351107547358,0.04029188177228116
1.3216938110233236,0.9544929269224233,0.19130506049009904,0.009120794007246464,1.2048899690176262,0.9412745507516329,0.5966360065817262,0.03722369578173021,1.0878348679810907,0.9244798921478679,0.928029706028836,0.07581008963477849,1.3491639141189016,0.9571627224522954,0.9047414907231703,0.040491194901255766
1.144915047562733,0.9331593356700504,0.19970106698988274,0.014304258099094047,1.1313969444694991,0.9311915047085033,0.6117890135838676,0.045206900243095115,1.0836151570960162,0.9237987309329364,0.9292357739915721,0.076649753750109,1.3651948058225774,0.9586509349282584,0.8929995666727374,0.03851735375833269
1.2310570349947494,0.9445178677729055,0.16150338399392825,0.009486905871884228,1.2303638668827288,0.9444341677208623,0.5974772152772115,0.03515260234052887,1.085474193751667,0.9240995153977918,0.9265996349426383,0.07610583076012238,1.3411737109998776,0.956401981029841,0.9015411442227477,0.041097162791192354
1.3051345934653737,0.9528077496191417,0.1886608752457585,0.009344310292636207,1.2725853876128452,0.9493210372607992,0.6076469368910999,0.032438885545136756,1.0824594488471813,0.9236111912079723,0.9288195425908129,0.07681957420683955,1.33902640731908,0.9561953494792926,0.9037443232140502,0.04140179541766536
1.2301466826136163,0.9444079182777356,0.20476531034742348,0.012053403668488857,1.1298992658419298,0.930970214996859,0.601742763578876,0.044618155262019725,1.0737233423570658,0.9221798132266609,0.9307850591586053,0.07854635951758024,1.3476473930689068,0.9570193171600408,0.900208278440672,0.040429242975347245
1.31867097135568,0.9541896378957622,0.19768307871398977,0.00949070610087439,1.249730939518912,0.9467285480786181,0.6056852817293671,0.03408129440124935,1.0862608118258006,0.9242264585580796,0.9262115019933534,0.0759362870218743,1.3240943407539674,0.9547324148562446,0.9098766436560042,0.04314079819235453
1.1759347754021992,0.9374788843515974,0.1570960423493824,0.010476843794114146,1.1955847387952372,0.9400789273710225,0.6013234182001512,0.038328637273299354,1.0949142864608965,0.9256101279821143,0.9299092513234182,0.07473538599345764,1.354411411775506,0.9576554172389629,0.8980841946054954,0.03971052616659769
1.333762667642671,0.9556848685184243,0.21847466787325767,0.010130675865158726,1.243903375241725,0.946047735790511,0.594786521373,0.03392014835545763,1.0897054931474972,0.9247800630182804,0.9270703719065395,0.07540622656248892,1.3637917739132055,0.9585226862102967,0.896358860274248,0.03878735292407983
1.397544558345729,0.9615047728996603,0.18162315193457063,0.007271544226780887,1.103084332513627,0.9268951364487422,0.6051273985530041,0.04772681845309397,1.0880494843309518,0.9245143864580495,0.929329977980497,0.07587880145331653,1.3800533351780127,0.9599860356845368,0.893048128342246,0.037223870568072116
1.3669354819808646,0.9588095197629904,0.17229657823239974,0.007401865182085742,1.3141463597873582,0.9537320743959466,0.6143406242566138,0.029803198468139426,1.0808732790206768,0.9233531100770698,0.926249827847404,0.07688734442041062,1.3706479481865448,0.9591458026543993,0.8961512939615129,0.03817098684443814
1.456224235015791,0.9662055567646237,0.19677492676027883,0.006882488975547821,1.1619140084965198,0.9355597077938417,0.6214706030912214,0.04280619069751624,1.0895616469141547,0.924757019610253,0.9292542175977372,0.07560889551426661,1.3667656016502854,0.9587940684310317,0.8969656025861198,0.03854873998163536
1.1678251419702597,0.9363754289953528,0.17756771043875744,0.012065320224244622,1.125911769579488,0.9303778258092175,0.6141982026804316,0.04596177280718128,1.0787402518209293,0.9230047907883803,0.9279393015951989,0.07740683621043906,1.3410339336932124,0.9563885588400586,0.8970365993967474,0.04090498418378464
1.3737304508779133,0.9594230233391321,0.20250101858526343,0.008564396418525135,1.2298614657219844,0.9443734285120765,0.6066192371579904,0.035731785057617156,1.0936717798122315,0.9254128924443179,0.9245243990346946,0.07451549611170162,1.3582438114060356,0.9580118194689916,0.8934403109035635,0.03915811089751726
1.489105417751684,0.9685923377915167,0.18751329504360775,0.006080322959974694,1.2701678438023758,0.9490525539132783,0.5950986648647972,0.031946341664077935,1.0780327237462648,0.9228889327104283,0.9265613073563822,0.07741790890225099,1.3412197963702108,0.9564064055375907,0.9016792422137968,0.04109909656883397
1.2832835188535463,0.9504931306725657,0.19334158773655463,0.010070285003384881,1.2103478312836846,0.9419653843935049,0.6076916791844482,0.03743996710817794,1.0867625915919499,0.9243073331219639,0.9292802956500971,0.07609990890950141,1.3311785662302815,0.9554321891140309,0.9139886994286863,0.042634606591833046
1.2242592464437363,0.9436918868207268,0.1890630960794001,0.011280997919700289,1.1157916813408362,0.9288531956060618,0.6191158168593925,0.047422038410007,1.0709109878583267,0.9217138184432935,0.9277418870662105,0.07879817830147394,1.3415547385732431,0.9564385493846275,0.900843657558834,0.04102935470989642
1.236421867581754,0.9451616684826434,0.17384432783608195,0.010086457375690921,1.1105066265193968,0.9280447799363116,0.6070214892553724,0.04706493241172665,1.0792452067528804,0.9230873798194269,0.9295352323838081,0.07744986209949266,1.344513097115014,0.9567214774395225,0.8966266866566717,0.04056005765716685
1.3162859549637618,0.9539489861667546,0.19197281800806965,0.009267312011327345,1.1578137864446876,0.9349881786110839,0.6244425568061159,0.04341888902918806,1.0836305502920658,0.9238012259730438,0.9281413563514171,0.07655676512358071,1.358069655851956,0.9579956858904428,0.9046881441045308,0.039666989670039995
1.1615435951981437,0.9355082687828168,0.18393189744615424,0.012679830727522667,1.0929453534384557,0.9252973568924088,0.6142605347700538,0.04959150176124523,1.0852468578495968,0.9240627919523124,0.9331162418590697,0.07668119829933083,1.3322952258212053,0.9555415467608458,0.9078777954173282,0.04224080329238657
1.3102834490904987,0.9533379891535166,0.18105064493550646,0.00886169150276356,1.197928118194853,0.9403821566215605,0.6182069293070693,0.03919275118884135,1.0784939451900974,0.9229644760690421,0.9290508449155085,0.07754352464504999,1.3373570553668832,0.9560340651663721,0.9039596040395961,0.04157114321707846
1.1627708225027742,0.9356785465458638,0.19583847933345455,0.013462546169811308,1.2094078936747392,0.9418469569864849,0.6062980772244826,0.03743503963388908,1.0783603896269873,0.9229426080125352,0.9294334488963005,0.07759931871829981,1.3513549160867935,0.9573691010630541,0.9000808731795698,0.040079898857179726
1.1954931901678818,0.9400670518762919,0.17554147949050491,0.011191455293391,1.2580687742099002,0.9476885384639033,0.6001102694710198,0.0331254879685828,1.0844709989025507,0.9239373382182485,0.928844864637959,0.07646667134691029,1.327836414441964,0.9551033483288353,0.9033826413297495,0.042465410517642035
1.2193509648181917,0.9430883205586496,0.22449645274402674,0.013547479992881317,1.174097346159454,0.9372304461032382,0.6164886243170513,0.041288368396161866,1.078709062080022,0.9229996868160912,0.9310809878370834,0.07767448752918554,1.341829377869848,0.9564648891814183,0.8978666281936281,0.04086791224732748
1.1677788557184232,0.93636907915543,0.1844683155130136,0.012535536514433893,1.3053122355606255,0.9528261385765737,0.5980843674927495,0.029610805087452115,1.0856425361765087,0.9241266986343792,0.9308243816826199,0.07642319925854119,1.3447837642249716,0.9567472754080462,0.9062472771630217,0.040969715722077846
1.1798251747290593,0.9380018781626903,0.18471217954737534,0.012208726313900785,1.1703630809355896,0.9367226967197,0.6138041130622593,0.041463572039995546,1.0835405726775107,0.9237866406915674,0.9297336213102951,0.07670399139892926,1.363715590636733,0.9585157115463713,0.8997840172786177,0.03894239736407819
1.1636610391182876,0.9358018019809254,0.21391317398971896,0.014674945350191433,1.220010992087182,0.9431698358152718,0.60103435768514,0.036214984757632886,1.077543710215755,0.9228087631470386,0.9306279939464436,0.07784530096759597,1.3440084922013313,0.9566733430364821,0.8888659587507661,0.04025573698866433
1.3096206747581098,0.9532700543693887,0.2292087983421966,0.01123597099845344,1.2714275993942883,0.9491926251720934,0.6046613237460365,0.03236566920643028,1.086445238101076,0.9242561927560476,0.923988215614311,0.07572184622369783,1.3717774334665942,0.9592475912315344,0.8954447856590019,0.03804182806225968
1.4079081900945118,0.9623783653808637,0.171519106481772,0.006705085428332797,1.2207942188068055,0.9432664242027661,0.6122168538620819,0.036822312754622374,1.0847048556289258,0.9239751720608187,0.929265231850411,0.07646009492194535,1.3644257654865535,0.9585806853448655,0.8937378427558511,0.03861752014645262
1.2569423705609644,0.9475598094190575,0.19592190294577702,0.010842779344721764,1.2604636770239859,0.9479612441027547,0.6089663295256968,0.03342947865112731,1.0818899784815956,0.9235186261706348,0.9312631257517122,0.07712273606158977,1.3445596054189122,0.9567259113089457,0.8911489589759888,0.0403079488407571
1.2460654416184274,0.9463012738879453,0.19969585651436547,0.011331922930441794,1.132283796511177,0.9313222317820845,0.6022228758456253,0.04440925135407897,1.0808446158526004,0.92334843902867,0.9297591258690932,0.07718374268350545,1.3390698264232566,0.9561995368709842,0.9024800836081681,0.04133974563102527
1.2395015250652062,0.9455280536122652,0.1918877147129412,0.011054666509762332,1.2014714568966092,0.9408379300174269,0.6125805762537225,0.03852048664918979,1.0832351295379319,0.9237371095554092,0.9306887149265547,0.0768368086225548,1.3602593334158095,0.9581981046146755,0.8976540215875249,0.03916062797651539
1.236039771533804,0.9451160491773654,0.18783216957295595,0.010907625118337443,1.1727650669946288,0.9370497333018957,0.6037862663828834,0.04056188817590728,1.0899340985519907,0.9248166710601539,0.9309336220952665,0.07568060883993113,1.372434366790391,0.9593066819552956,0.8905940778910422,0.037778563145710826
1.2597429996549054,0.9478793227874731,0.18685707143303543,0.010274638206474476,1.1990162323376317,0.94052246759469,0.6000249984375976,0.037944873746437395,1.0773398217385104,0.9227753148287511,0.9290731829260671,0.07775173750267772,1.3526707693590148,0.9574925892188442,0.898531341791138,0.03988985531096297
1.2731602424887765,0.9493846811117064,0.18751856251856253,0.009997329879219643,1.2236966153385325,0.9436230072757755,0.5988577863577863,0.035778908318278395,1.0799214473141032,0.9231978566541933,0.925972675972676,0.07703298451329947,1.3277159034316108,0.9550914479281959,0.9154291654291654,0.043043625228664596
1.3256980735461863,0.9548917411827037,0.19086801992341001,0.00901643994950283,1.2755525248937092,0.9496487258453158,0.6074762846344455,0.03220896750308515,1.0709688607092127,0.9217234334007935,0.934848446925137,0.07939119703825587,1.352674064837984,0.9574928980583144,0.8926926638800591,0.039630349366657686
1.37539686581808,0.9595721389847639,0.1747430705013304,0.007362123472110899,1.3197257280133154,0.9542956822070525,0.6026632595468613,0.028863499699338546,1.0903780199206898,0.9248877122715915,0.9291079258951442,0.07545502111729631,1.3326907277460076,0.9555802179969075,0.9095335264310214,0.04227931910652077
1.3273904868875075,0.9550592981911078,0.2276689068353382,0.01071305255351386,1.2680583226040913,0.9488171792412042,0.615136512239353,0.03318281175443783,1.080404814246636,0.9232767347098387,0.9269905812516079,0.07703188178915776,1.3337813801068212,0.9556866932748223,0.9039613963090555,0.04191490674114046
1.2067200581538915,0.9415070508457306,0.16916924376218687,0.010509966935414032,1.2312522873908671,0.944541423070214,0.5941850789274314,0.03488746825217674,1.0752512568516057,0.9224319159842307,0.9245873542233317,0.07774933664972976,1.3652483413601184,0.958655820996147,0.8931157395332663,0.038517616226491705
1.2861670286585134,0.9508046269881847,0.2044498156239348,0.010578392927763186,1.2430424325568015,0.9459464620841935,0.598884447336618,0.03422162297639156,1.0841998942638431,0.9238934567038353,0.9300796380651358,0.07661613547499817,1.3458676707719743,0.9568504382309965,0.9027609928418704,0.040710376111959566
1.2236288199268897,0.9436147021446507,0.22393697656502398,0.013381259422672334,1.2395629636674235,0.9455353394073984,0.5982131762717762,0.03445823360561485,1.0809670513007976,0.9233683897064401,0.9284027933099729,0.07704942236001919,1.3613714433412676,0.9583005530151141,0.895797609284525,0.03897969671416687
1.3436661688648752,0.9566406596248177,0.20829852755993866,0.009441044205316104,1.1859895503670583,0.9388222072843606,0.6204508334684005,0.04043131083357339,1.0782479821407087,0.9229241982804294,0.9286595933023302,0.07755477948428313,1.3354807588762287,0.9558521107268877,0.9065231214233171,0.04186953393624705
1.4257211619961623,0.9638355568917772,0.21887260091417468,0.008212402693707823,1.3121292900538462,0.9535266942722791,0.601157041262408,0.029299394696319214,1.0825815924752078,0.9236310317570745,0.9320596330846546,0.07706587378744119,1.323114101878399,0.9546347670711588,0.9116712956620293,0.043323564266503925
1.274122967460216,0.9494910977478209,0.16341152710890167,0.008692800668906292,1.1586327906821594,0.9351027151489052,0.6140189529283828,0.04261367467617596,1.0871463371113532,0.9243691299790882,0.9329936305732484,0.07633651721560658,1.348635336799802,0.9571127910790439,0.8942364455491688,0.04006978657318257
1.1999644569945938,0.9406444876911404,0.18308484480676707,0.011552818202515108,1.1573458051028083,0.9349226476929763,0.5976362828702458,0.041599791199602255,1.0821600874308606,0.9235625440747962,0.927130192138044,0.07673272768924487,1.3245020215696726,0.954772967538142,0.9078600789574118,0.04300479659337612
1.17286343296617,0.9370630924203182,0.16947218081689422,0.011382429921395038,1.1207657892774319,0.9296063789493332,0.5947835523484617,0.04503945857009776,1.0804424454026051,0.9232828724187782,0.9314015928750959,0.07739172572622145,1.340678584082392,0.9563544184462159,0.9009411309787388,0.041116660151136644
1.2940821511173177,0.9516501459524797,0.18358859419748474,0.009327463219536012,1.244951533953766,0.9461707904251346,0.6111878968995144,0.03477148282821402,1.0814121365690446,0.923440875589006,0.9287822189017557,0.07700195575841699,1.337851981313752,0.956081941391332,0.9056717718839497,0.04160244455609393
1.1665304641936087,0.9361975939829806,0.18168730025753205,0.012382094307516361,1.1937909691666573,0.9398458416056658,0.6042073908591641,0.0386718603028296,1.0771140532403027,0.9227382615539365,0.9311613764001365,0.07796701373729543,1.3404256084492006,0.9563300981431138,0.902019919947873,0.04118987936651269
1.1835459155419996,0.9384982396305006,0.18479534350383886,0.012110026906440516,1.1856381522325425,0.9387757186805782,0.610897148270017,0.039840973854205694,1.0787687183909855,0.9230094488630691,0.9300279190347991,0.0775759794739053,1.3798547092466453,0.9599684637531535,0.8872519692890617,0.03699919394207736
1.2540654392465815,0.9472296649743555,0.1903237237872015,0.010602968888068732,1.16269676966511,0.9356682835966771,0.6072976182334765,0.04175464620691369,1.076973860503434,0.9227152448318985,0.9277574340833215,0.07770707870072997,1.3384599247259135,0.9561406821890633,0.9024911872773506,0.04139835124862929
1.2108639627822604,0.9420303180718059,0.2197353577282898,0.013521845901902226,1.1806366213265838,0.93811044632267,0.6083780532650225,0.04013626149378188,1.0859858346309739,0.9241821053536361,0.9297445198606359,0.07627422306327247,1.350019740512246,0.9572434492614641,0.8984686150221574,0.04013129466157779
1.2473989495195943,0.9464570890121498,0.17774515927545284,0.010055387985460653,1.1761269707323567,0.9375048179423556,0.6068207370393504,0.040451389381510286,1.0775508225714816,0.9228099297037625,0.9279387882573391,0.07761908274999078,1.3673383237912553,0.9588461377613638,0.8976889444097439,0.038528983636141795
1.2556344289249,0.947409958160342,0.20751763887508695,0.011519154107372032,1.1986725021500355,0.9404781774697633,0.6069512073934215,0.038413269883814695,1.0806580137952049,0.9233180233341661,0.9290159495180363,0.07715519199536622,1.3448634660845131,0.9567548691956097,0.9019303388651495,0.04076707287987371
1.273156183849031,0.9493842320332576,0.2233229090591312,0.011906307441388944,1.1451090204015233,0.9331871884888087,0.5993770403800178,0.04291321796637176,1.0756380957493374,0.9224956248392585,0.9311311273821339,0.07822989538085215,1.3389637219096222,0.956189303347639,0.9054949033413856,0.04148797982958153
1.3145350220540775,0.9537715490327762,0.17141999587301388,0.008308573349722563,1.244347192792226,0.9460998726575514,0.6028526228247344,0.03434503489331278,1.0755782642420213,0.9224857742673485,0.9308854886414086,0.07822003320875912,1.3622621699281563,0.9583824341696445,0.895656034466587,0.03889368444869701
1.2487182130518963,0.9466108199316192,0.18962953746617314,0.010695171985036694,1.153427184125339,0.9343715111660997,0.6116271112631808,0.042959532222842815,1.0798520785357917,0.9231865306369307,0.9322467261812187,0.0775673203235946,1.3514451938871377,0.9573775842544326,0.9090920401878753,0.04047274505392652
1.2160784902406048,0.942682535457198,0.17319257398901927,0.010530543258529413,1.2127433003687056,0.9422661788238528,0.6057346553411067,0.037114116008398326,1.0803590704255575,0.9232692732043933,0.9267370047923821,0.07701892177057308,1.3392966952432006,0.9562214101673521,0.9095492418813059,0.041641802588323944
1.3832728792644489,0.9602698316081746,0.21867843273922136,0.009047593364293905,1.2367802489181376,0.9452044239711924,0.6264624614159116,0.03631740453508045,1.074826598472926,0.9223619233783457,0.9268209200438116,0.07801340426256685,1.3241977610169502,0.95474270551776,0.9022204520561585,0.04276760267517515
1.1246084864201527,0.930183190179254,0.1665474227766199,0.012500558884417024,1.1553709634378588,0.9346454353716582,0.6126916975145426,0.042842127749267774,1.0705545447667446,0.9216545753920363,0.9259277693097334,0.0787086682795657,1.3355278078972108,0.955856682087483,0.911438081313964,0.0420919806650831
1.2094813845183765,0.9418562246281694,0.188595317933819,0.011642587812648372,1.2174592394633499,0.9428540779667386,0.6263678837384363,0.037963849427735404,1.0841706694142592,0.9238887249270429,0.9271996565904156,0.07638403436071511,1.3271909375133157,0.9550395727349679,0.9080570607374596,0.042748630106362366
1.25533854562489,0.9473760026713919,0.17559562577147572,0.009753829224570932,1.3117975367898926,0.953492831868933,0.5994405056538703,0.029238059741227836,1.0855760865557216,0.9241159696928747,0.9301562490308094,0.07638002946239994,1.3456499646412499,0.9568297365191712,0.9014806130867092,0.040673020605931524
1.185506233129844,0.9387582577733576,0.1909337776954885,0.012455940705886364,1.2317359460562418,0.944599731237886,0.5921310868357712,0.034728171381242,1.0886338520975027,0.9246082359091549,0.9240449299512435,0.0753458326052273,1.3205849204320652,0.9543818918846626,0.898734802197124,0.04295825572788582
1.2372828620443248,0.9452643336513583,0.21910370618857702,0.012687231423789304,1.2594065769702525,0.9478410390136691,0.6170561705617056,0.03395612492174291,1.0844993987083207,0.9239419337212736,0.9273050306260638,0.07633491338128842,1.3679323759012145,0.958900079779843,0.8957657758395766,0.03839388764198073
1.3601260524280039,0.9581858105287826,0.15935431740098568,0.006954049567050208,1.2432982584698462,0.9459765738914041,0.5972132269943191,0.03410602918725922,1.0749865972327306,0.9223883013174943,0.9304293653584007,0.07828829078426817,1.3555728049157416,0.9577637277541319,0.9072987793218729,0.04001082640876513
1.3207448230139693,0.954397919096235,0.22902631303200832,0.010943104806710654,1.163770665113479,0.9358169650871672,0.6409248084615906,0.043957847413205756,1.0906408068209197,0.9249297372739292,0.9283402880934917,0.07534707396453277,1.3501630453528246,0.9572569524425028,0.8949636030794076,0.039961550293310444
1.2408949226653636,0.9456930662980296,0.19558032330612193,0.011231305409453234,1.1495398177860676,0.9338204851646337,0.6001105851070438,0.04252961677420271,1.0912535029959531,0.9250276360335666,0.9285980541991278,0.07526174201287593,1.3386869934327643,0.9561626028211011,0.8926019805916925,0.04092331935009902
1.2336485349377617,0.9448297412808481,0.22840386255673364,0.013336900437348715,1.208082874576858,0.9416796260952657,0.6125240475908827,0.037935015785854544,1.0811073466317358,0.9233912447716559,0.9248283204353158,0.0767279815892016,1.3421357051094525,0.9564942501358773,0.900341802650994,0.040951678750586334
1.3449561871589233,0.9567637018185271,0.2205673714926492,0.009967473290253135,1.2700662728328054,0.9490412444087564,0.6110178364547646,0.03280859369730208,1.0657962168748394,0.9208597741607376,0.9293976246972016,0.07987398296341686,1.3627602384795952,0.9584281526763104,0.9026894077850952,0.03915417774025637
1.2687030303226756,0.9488892229356104,0.17739773629864972,0.00955531576556111,1.123073814894087,0.9299533532286111,0.6118509233518665,0.04608629600181736,1.0769916462312121,0.9227181652251937,0.925275516282764,0.07749602453430258,1.3471100496969501,0.9569683949562985,0.9000384729944401,0.04047166060881417
1.2528829924575358,0.9470934040546403,0.1968969315889146,0.01099906974101874,1.2002829916597997,0.9406854249355888,0.6064475003403844,0.0382393251006597,1.0739700922042235,0.9222205771793618,0.9295899295713631,0.07840094872213661,1.3268902933941238,0.9550098384836357,0.9183262987213923,0.043262013478103406
1.3906830902801932,0.9609157120402017,0.15643592291367656,0.006362875101119315,1.267957486205075,0.9488059024632104,0.5963640378316711,0.03217762309543815,1.076182096541108,0.9225851357386783,0.9282130546253021,0.07788710748290036,1.3387791354586867,0.9561714949946063,0.9119898428587201,0.04180332879806988
1.3681127297222349,0.9589164431444499,0.2234069498069498,0.009571586961447302,1.2029717417356913,0.941029923407554,0.6071104247104248,0.038044856337411934,1.0793557430345952,0.9231054479905031,0.9267706563706564,0.07719986334421702,1.3419461082591455,0.9564760798240353,0.8883583011583012,0.04042425796407032
1.3159309731282802,0.953913065257994,0.20786274678851624,0.010042588989957411,1.222397689768817,0.9434636849367652,0.5870210486125651,0.035176772018877284,1.0822438305920212,0.9235761554530948,0.924654834776397,0.0765131028288923,1.3683993910980448,0.958942438880702,0.8964011675883389,0.038379827853512065
1.3255730617284147,0.9548793408360171,0.17574182928252471,0.008304281850908148,1.1589825455473333,0.9351515706106519,0.6190458641213216,0.042927962984680004,1.0894671247562409,0.9247418741285022,0.9281910482964492,0.07553882948290139,1.2939185057288938,0.951632805283117,0.9148562408250259,0.04649800815218357
1.2468390161497724,0.9463917150293215,0.215615757132316,0.012213537765553749,1.222825857889182,0.9435162494725345,0.5992323575552014,0.0358731405114166,1.0731296118078981,0.9220816466537511,0.9287233448872408,0.07847959452446152,1.3530923938315493,0.957532084816632,0.8962566579650655,0.0397502625097709
1.3295359115991199,0.9552708530837346,0.22022201665124885,0.010311570697663185,1.2615584482420759,0.9480854568534121,0.615177304964539,0.03368541148956908,1.0823823747770278,0.9235986691544305,0.9317853839037927,0.07707854696009354,1.3169633729734214,0.9540174607316658,0.9054085723095899,0.04363964701252165
1.3630891959831266,0.9584583218609933,0.20568923696632227,0.00891502101220432,1.2699899859442894,0.9490327486191731,0.6036302868936791,0.032417613215090756,1.0873353221026982,0.9243995463457413,0.9285228810335905,0.07593767360877071,1.3441122595202943,0.9566832456026036,0.8894826435871375,0.0402740419988662
1.2687218562565001,0.9488913252214433,0.18672581133427651,0.010057325333876922,1.1837020956761304,0.9385189932574203,0.5975732563958409,0.039146150125467974,1.0793851826352159,0.9231102595075837,0.9331100992814911,0.07772266925391834,1.343214338725743,0.9565974849851447,0.9082310348875283,0.04120804387153045
1.2216601530603977,0.9433730325786451,0.18921997168010835,0.011358129607023638,1.354383512156202,0.9576528120821977,0.5926737671612387,0.026207898181136054,1.0756902715544068,0.9225042140515722,0.924410515298898,0.077655926478049,1.3504230530841754,0.9572814417822739,0.9032321615465123,0.04030661620819661
1.1503204113884244,0.9339314764880216,0.21613756613756613,0.015290083083911055,1.2495702936750623,0.9467098895687794,0.6184139288790451,0.034810396432195516,1.0871578776390565,0.9243709877022204,0.929598867970961,0.07605674037059461,1.3371533490980134,0.9560143453593345,0.9005537098560354,0.0414339436007197
1.2246169800902549,0.9437356408401555,0.20389491247837357,0.012155964117594812,1.1237111271479692,0.9300488838199819,0.6008299623807852,0.045189803712585484,1.085341894707759,0.9240781460240961,0.9246876866337883,0.0759719335642597,1.330168402256848,0.9553330399983756,0.9069432387003824,0.04240447641886491
1.3173712522284224,0.9540586431080138,0.195477739979293,0.009412956616138364,1.245355845260594,0.9462181861019152,0.5978220677414584,0.03397943060457767,1.086845290919336,0.9243206546113103,0.9285916777597002,0.07602903814346855,1.350580193020626,0.9572962358169398,0.8983878124537791,0.040075934546239936
1.4140041861209838,0.9628832908094597,0.18313653136531366,0.00705944888828248,1.2959092952425153,0.9518433587524969,0.5995018450184502,0.030330615864786043,1.0895081929932835,0.9247484549214718,0.9309717097170972,0.0757579633767105,1.345061790024433,0.9567737594646352,0.9010824108241082,0.04071015184850397
1.2421578543854621,0.9458422214386443,0.20183294249435285,0.01155670952113981,1.26498633365575,0.9484725745130129,0.5964018194016163,0.03240056817172486,1.0783238853928239,0.9229366299098364,0.9250820146364582,0.07724250544118932,1.3373665436819533,0.9560349834781159,0.9120150673043189,0.04194068020018176
1.2503089539838088,0.9467956316537285,0.1717510226208664,0.009651401385754804,1.2153851188284475,0.9425962095776025,0.6027364348726036,0.03670644506715625,1.0891882712320666,0.9246971765299088,0.9241474052535606,0.07525805278145657,1.361862258145338,0.9583456908213376,0.8882201468631413,0.03860631604076552
1.2359225535800835,0.9451020470989663,0.1791505127275632,0.010406279872213556,1.1668144708214039,0.9362366443266401,0.6052642897079695,0.04122214443848234,1.0728272261326461,0.9220316070710985,0.9301904065570145,0.07865831340371775,1.3436080445608387,0.9566351078543956,0.9000841745669925,0.04080140152874662
1.222282907526035,0.9434495857525762,0.17271239014302947,0.010352389100324875,1.3305463898166514,0.9553701646413375,0.6141281603111691,0.028688815810043004,1.0800724494892227,0.9232225058705109,0.928694517614042,0.0772325603208395,1.3271642338512608,0.9550369324520849,0.9030735333940573,0.04251663459598041
1.2623716318240832,0.948177539217781,0.17812132518177845,0.009735186720753406,1.2672042048282013,0.9487215867945603,0.5974892718395793,0.03229430234714563,1.0880937047731718,0.9245214920106841,0.9218398872080924,0.07525958011012038,1.3521769237088712,0.9574462836805198,0.8982656397185128,0.03992343159469904
1.241750857126625,0.9457941963500859,0.18979688587066942,0.010877728758088663,1.079605998973044,0.9231463402475385,0.6015724567635958,0.05008203238520618,1.0777158893365224,0.9228369991413563,0.9262533785655795,0.0774486613693191,1.359287601278348,0.9581083909021171,0.8944040487375401,0.03910624845900619
1.2393082967588689,0.9455051333365028,0.20597651425305863,0.011871604166148445,1.2004493475908702,0.9407067940491378,0.6039192070641587,0.03806532082967617,1.0794313520554288,0.9231178047387102,0.9247436047118971,0.07701760059130595,1.3695022837598994,0.9590423073792013,0.8904674413317193,0.03802907491178383
1.4216512410504611,0.9635074804209633,0.16993604195255832,0.006436270048913661,1.2972235151140687,0.9519818784850417,0.5985162223093511,0.030189256057331363,1.0803734222617676,0.9232716142764302,0.9308591452656342,0.07735894664998294,1.331223652760033,0.9554366095299672,0.9094172711233092,0.04241696052781253
1.275098650182539,0.9495987305403671,0.1920154547523979,0.010191486534404262,1.2308045616520822,0.9444873953651559,0.6000713674871877,0.035269422058435834,1.0827566402779447,0.9236594576186061,0.9251687287358726,0.07646528378337086,1.3404120045065124,0.9563287899353249,0.8948867656377854,0.04086543073633526
1.3039802473623883,0.9526880892182135,0.19218536464157038,0.00954421171880989,1.1996237290786946,0.9406006689272899,0.598142626413219,0.03777296048017763,1.0858905464737254,0.9241667300283591,0.923251335569636,0.07575815651769008,1.3738249200953276,0.9594314907849573,0.8927133805441669,0.03774740703514735
1.401921567156071,0.9618760793156689,0.17960299389743495,0.0071185576201101206,1.283871034675272,0.9505567494097252,0.6056286752682599,0.031501801838279955,1.0880604858718574,0.9245161542957822,0.9308170279459222,0.07599829228494973,1.335672213837694,0.9558707099878855,0.9026613107248416,0.04167279355614611
1.1083669702592018,0.9277150890888343,0.22337284489400916,0.017404574295536747,1.1327973367163306,0.9313978253401658,0.6149564509865562,0.045294662185155744,1.0765540902617317,0.9226462897445074,0.9304756797406167,0.07801011821157307,1.3569509870042082,0.9578919122406947,0.8953837429344577,0.03936028349748252
1.1957973011239142,0.9401064920120973,0.19708497231710173,0.012556141739331826,1.1679151824608258,0.9363877796257725,0.6161263671899084,0.04185570027806235,1.0699731907020198,0.9215578627252146,0.9324081038756058,0.07936569958184084,1.342309696716521,0.9565109185232799,0.9055698731149118,0.041172976943701256
1.3074078765306978,0.9530425593236724,0.2245456900699508,0.011063609717563249,1.2972715003509434,0.9519869289980155,0.6012620748362264,0.03032440657593569,1.072855381302213,0.922036267504918,0.9300862356119768,0.07864440589396154,1.3575738339087173,0.957949721026477,0.890768224829441,0.039101271739701834
1.300368148499327,0.9523117909080352,0.21056615384615385,0.010544364637900308,1.2854237443668197,0.95072451061387,0.615156923076923,0.03188321968717224,1.0757378994897673,0.922512053829613,0.928923076923077,0.07802645080054459,1.3708967601435211,0.9591682463314567,0.8960184615384615,0.03814346986979248
1.2080108101483287,0.9416705124538011,0.1989514926752338,0.012323565897861832,1.1523789930598283,0.9342233537254793,0.6076290920739746,0.04278185050296064,1.080934877766878,0.9233631475372844,0.929425969961682,0.07714005169574256,1.3577919961952174,0.9579699515469957,0.8911881029533162,0.039100056413440894
1.458098247964761,0.9663461711110592,0.1904062081094044,0.00663105845365792,1.3246997901354043,0.9547926274343977,0.601189231734163,0.028465014077941053,1.0838976748423432,0.9238445115095008,0.9327290839103218,0.07688787250402582,1.3412441635533416,0.9564087447790394,0.9034410241904739,0.041177089270206926
1.1553197669992816,0.9346382342440482,0.20598992648054876,0.014405429640482427,1.2337718732609062,0.9448445431799818,0.5826570446904671,0.03401270156161849,1.0819415150897138,0.9235270074638338,0.9306060120931493,0.07705917211056526,1.342211410494423,0.9565015034573198,0.899517259214561,0.040907043270289746
1.2459770057249724,0.9462909253943866,0.1824047458871017,0.010352831082243817,1.284288989276577,0.9506019601439062,0.6319185370925325,0.03283765276096828,1.0842727372136327,0.9239052494845731,0.9277414225429638,0.07641070567638639,1.3415926489427614,0.9564421861543959,0.9029233686013088,0.04112048650270714
1.4464956984536692,0.9654664298346431,0.21509960035936676,0.007693853366628869,1.2792217113684123,0.9500511737168837,0.6052294061154311,0.0318198632913873,1.076137733495235,0.9225778397088313,0.9295145450602559,0.07800428430336048,1.3304005725690418,0.9553558464571061,0.910461910220267,0.04254624228821845
1.263856534951743,0.9483452867316451,0.2147696810211259,0.011698129834246292,1.1174688196221045,0.9291079770816076,0.6056048793684365,0.04620835903543906,1.0732812178392712,0.9221067237543371,0.93198027594009,0.07872732647880677,1.367761167398332,0.9588845403914711,0.8936081257224368,0.038316509706157416
1.5327407391498464,0.9715091022060747,0.20089885700898857,0.005891647117831521,1.3541414975400692,0.9576302072800561,0.603553506035535,0.026703874576757654,1.0804055102917165,0.9232768482401248,0.923042304230423,0.0767036614459081,1.3424375030290854,0.9565231584781448,0.9056878290568783,0.04116622359131165
1.2489197058858166,0.9466342627607366,0.19905403677934222,0.011221509553437708,1.2901268429102082,0.951229365466812,0.5831613676899383,0.029899360732542877,1.0855704293184285,0.9241150562122339,0.9249864558033078,0.0759564999306304,1.3319575269662547,0.9555085019673785,0.9127327623465245,0.042499724300345425
1.2220415815237031,0.9434199318870341,0.21080971060617273,0.012642967762101644,1.113315323059483,0.9284754549235973,0.6043532430365381,0.046555986530838415,1.0784694537742616,0.9229604663313191,0.9325056127106308,0.07783626728045125,1.3600812320547495,0.9581816754373977,0.9044667308119311,0.03947402071522953
1.1519732969700427,0.9341659268584616,0.1854111961734285,0.013066601873599525,1.20102225793107,0.9407803315875116,0.6053355030388204,0.03810429126188761,1.0806562738988492,0.9233177396831025,0.9278881122329474,0.07706183333120198,1.3695418102933694,0.9590458822431712,0.8923098733927537,0.03810429126188761
1.3516152428370214,0.9573935589718185,0.21229190827703429,0.00944752822494372,1.0974951613113269,0.9260182840048264,0.6023170050745847,0.04812048139673577,1.0833828643696453,0.9237610701528437,0.925985923703281,0.07642254924748884,1.3519569369616986,0.9574256410635998,0.8934275843872147,0.03972852306224735
1.252436406841084,0.9470418547602906,0.19368693083928132,0.010830884150327727,1.214156719797087,0.9424429720456301,0.5829067191730248,0.035599372402776434,1.079229061455403,0.923084740396462,0.9220895889736648,0.07683233944823745,1.3543708403779757,0.9576516287907764,0.8917733202067438,0.03943516249879199
1.1881919045153635,0.9391128193934396,0.2121496481047043,0.013754677471139612,1.196233114179135,0.9401629702227223,0.5942585504383258,0.03782181143504957,1.0849179410925647,0.9240096304457156,0.9245956290900111,0.07603856196708084,1.369851795987175,0.9590739076552268,0.8921533522657118,0.03807042417595531
1.242901213961074,0.9459298332717134,0.20838661910210676,0.011911559232489433,1.2270952025859339,0.9440378727084853,0.596315174359194,0.035349286991641575,1.0753726175495633,0.9224519081513265,0.9273498259161583,0.07795984683919181,1.3651134679833432,0.9586435103494705,0.890171146750537,0.038402548413818606
1.272650134183499,0.9493282093253566,0.1991343856970473,0.010629090981437639,1.2241692940526165,0.9436808798069871,0.5972246164454404,0.035642520342995844,1.0750334230110357,0.9223960196216666,0.9279865540424065,0.07807432902930585,1.3314842954232045,0.9554621555114898,0.9079038096879848,0.042320963162337535
1.4576515867806794,0.9663127077603932,0.1891020562388016,0.006592416906522416,1.189249151013691,0.9392518695111008,0.5954438526138732,0.03851160911314315,1.0802474733769671,0.9232510672551507,0.9265933717684629,0.07702677515782105,1.3418557724549574,0.9564674198027628,0.9016369464792853,0.04103703050282207
1.3321464615940972,0.9555269926428314,0.19182094501243438,0.008927905087434618,1.2317600895139076,0.9446026403744631,0.6093088944152774,0.035733654029995655,1.078480474365999,0.9229622706476744,0.9235393448159406,0.07708589652557293,1.339376373143178,0.9562290897470019,0.9057505142611526,0.041460278605225394
1.5017390019406007,0.9694653266087792,0.19693053905417487,0.006202604183700603,1.2704494568628695,0.9490838979340062,0.6066472324632852,0.03254518644072617,1.0792885920433357,0.9230944720078034,0.927642296338939,0.07728441968964228,1.3653713269101848,0.9586670435178848,0.8942714010999105,0.0385565365522792
1.3760231112570462,0.9596280414388422,0.17886093984131274,0.007524755571602808,1.292007063350037,0.951429821832935,0.597288068977376,0.030491358649453147,1.0846825305407506,0.9239715610059759,0.9280687317300843,0.07636557219984136,1.3412306637868152,0.9564074488207589,0.9060895625046058,0.0412990882444085
1.3491504922444455,0.9571614552596741,0.16771836192597941,0.007506372630927791,1.2960379879351338,0.95185693979477,0.6076064803197316,0.030731546034037136,1.0890246338025196,0.9246709356359497,0.9260222661533659,0.07543915159573522,1.3303824481656543,0.9553540664676896,0.9053535470998305,0.04230929213135619
1.2625622845427753,0.9481991057809336,0.2118846396985264,0.011575431510904788,1.1650064563849765,0.9359876650542648,0.6039476349174201,0.0413040681404462,1.0721608291213673,0.9219212260601504,0.9275039433386729,0.07855158192825294,1.3396872350061744,0.9562590391965055,0.9040096235876096,0.0413509811573157
1.2874276338034192,0.9509402214927679,0.20539019241946832,0.010596246872215748,1.2729096483109095,0.9493569464113408,0.5975526935666432,0.031876201250473746,1.0846035848778621,0.9239587903821268,0.9282327388418122,0.07639295280609977,1.3354559352353914,0.9558496986389782,0.906500657713604,0.04187088961685843
1.2200779187745519,0.9431780953231557,0.18820557981384312,0.011338473156724791,1.145410192788966,0.9332304128808765,0.6013955650142492,0.04302788787960241,1.0759105930438582,0.9225404738935754,0.9306681833192676,0.07814195526618568,1.3455360725222298,0.9568189027206374,0.9033806675717658,0.040769437534932736
1.2271205590875969,0.9440409571560912,0.21299095504449042,0.012625267885203635,1.1291783271671019,0.930863457831332,0.6017465698933944,0.04469256662111255,1.0718382663900359,0.9218677458908762,0.9294089568314505,0.07877140415220288,1.340086934639984,0.9562975188322239,0.9008053559844804,0.04116650763019541
1.057301410315443,0.9194225122130836,0.1708741418764302,0.014975279479514082,1.163995942861094,0.9358481142922843,0.6013913043478261,0.04122505098096118,1.0847672721765615,0.9239852670234717,0.9234111365369947,0.07596750021516206,1.3426034061921532,0.9565390420471118,0.9074538520213578,0.041230741217298035
1.3056722567356622,0.9528633859627686,0.23658237746048752,0.011703348432365219,1.2626764090442841,0.9482120114412647,0.6052753098505699,0.03305799804600764,1.080799173711204,0.9233410330861318,0.9274583325637095,0.07700079936051159,1.3173947185700419,0.9540610113676374,0.9091659124352747,0.04377724487077005
1.3154006247237904,0.9538593491768371,0.23568903287796106,0.011400889846344481,1.2722062207336466,0.9492790171417217,0.599834932679634,0.03204981547980225,1.081933081486649,0.9235256359818625,0.928127964128654,0.07685546888877205,1.3657301405410922,0.9586997688694423,0.8949482008893925,0.038553850482509304
1.1633651625168677,0.9357608606486194,0.1835549284124223,0.0126008803325511,1.2142032836684915,0.9424487876868846,0.6067913924604961,0.0370540879393302,1.0815661568867367,0.9234659444462782,0.9257301689637135,0.07672170761175996,1.345887726063562,0.9568523448150511,0.9027637549113823,0.040708620741181374
1.0722151478498927,0.9219302286852562,0.20085328422344997,0.017008412870355365,1.2251165957065075,0.9437966947861355,0.5965930018416207,0.03552724729403536,1.0871713641213803,0.9243731586200616,0.9279803560466544,0.07592196131614935,1.3586344549148885,0.9580479867043376,0.9020319214241866,0.03949912288931915
1.1817221084659701,0.9382554023122155,0.19884006382717564,0.013085242797394467,1.2451094752409062,0.9461893098899969,0.6057567202651283,0.03444996346452932,1.062000484956827,0.9202204816021076,0.9336749723824721,0.08094597015179991,1.3386194204429271,0.9561560805903117,0.8928808150239352,0.04094247298223267
1.179303013026622,0.9379319210847081,0.19127763225537958,0.012657885830164478,1.1700301254352414,0.936677239140889,0.6145621679845283,0.041546619870932514,1.0709392478160904,0.921718513669156,0.9286273837792847,0.07886825616682641,1.3381565520053513,0.9561113790416821,0.9032167250116282,0.04146058435888612
1.3899184117486918,0.9608495308507516,0.18764854313173218,0.007645867810619158,1.199437053398157,0.9405766489540108,0.6013270362246674,0.0379903834597214,1.0718765035281,0.9218740872728095,0.9229622478967209,0.07821813089788275,1.3569922594464523,0.9578957452421551,0.903716556793118,0.03972281151168571
1.4126965160974712,0.9627755296231517,0.1824053779372329,0.007052467972737188,1.2627133588716828,0.9482161892257932,0.5933792106970992,0.0324055179749413,1.087494386522073,0.9244251384120307,0.9274615205652221,0.07582309603272902,1.3569680721876025,0.9578934989944553,0.9044350839384329,0.03975660844475982
1.233141602808631,0.9447688647928203,0.17042271492717784,0.00996290242119878,1.131289985122241,0.9311757227237742,0.6004472016478408,0.04437974883522996,1.090433237444501,0.9248965444768602,0.9241397748193877,0.07504200430824366,1.3387340641456473,0.9561671455990244,0.8942513929480675,0.04099449691968406
1.4710188893232825,0.9673003972408967,0.18133519113103533,0.006130038541433821,1.3052192858103704,0.9528165175570531,0.5874053431877385,0.02908831783085906,1.0884437793131008,0.9245777219896949,0.9297934209729206,0.07584774781059882,1.3409861656311037,0.9563839709825296,0.8980129641970074,0.04095401082918898
1.2692908008476333,0.9489548204918127,0.21753216925837687,0.011701261628919706,1.206896225148559,0.9415293860306058,0.6058477311562559,0.03762419881764503,1.0787663667476708,0.9230090640660406,0.9272034640518872,0.07734080333306079,1.3398206462742435,0.9562718864769189,0.906343208167715,0.04144498992189916
1.2032180791420954,0.9410613916536948,0.23173944864601123,0.014513825265038782,1.1208603602816483,0.929620627328455,0.6220297633569163,0.04709239795366729,1.0742785204338168,0.9222715031259843,0.9268358136130763,0.07811317426264305,1.3342443335928995,0.955731815633539,0.9042449377897048,0.04188338293622566
1.330701826566785,0.9553854225698327,0.21979054697337305,0.010263776424373502,1.2048140432906171,0.9412648862198929,0.6059027671140321,0.03780845167723654,1.06942844177014,0.9214671404882784,0.9311016246429777,0.07935396702314947,1.3290841725662186,0.9552263872825525,0.8997758054113817,0.042174519025406774
1.206337701396462,0.9414585465311475,0.24566404442387785,0.01527579762125484,1.1614764998409786,0.9354989472132664,0.6129939842665433,0.04226488704760971,1.0672404204156707,0.9211017806991179,0.9282060774332871,0.07950674744994911,1.3651504237445016,0.9586468838570956,0.8903964214098411,0.03840899839953627
1.2387415964544284,0.9454378602893452,0.2023681902348699,0.011678865351561166,1.2225828439845516,0.9434864212410249,0.6019393821264984,0.036055366472777774,1.0725367167084754,0.9219835050957894,0.9277239060520417,0.07850223674175592,1.321242178996261,0.9544477353646915,0.8974454244225709,0.04283175490318835
1.2780850776041732,0.9499268310652699,0.1783383131011327,0.009400686650184974,1.1432931216321356,0.9329260189382159,0.5971721383506766,0.04293450057695415,1.0739773776359547,0.9222217804613888,0.9306610262968104,0.07848996754677386,1.330226091968007,0.9553387079871193,0.8999157580863146,0.04207031508601635
1.3043300502747528,0.9527243804732389,0.19520351147464818,0.00968629241353023,1.204653466268916,0.941244441572854,0.6133709912090868,0.038288624633235055,1.0722028766385021,0.9219281949741228,0.9281871645331279,0.07860183442918361,1.3486007147383767,0.9571095186115504,0.9015332135128196,0.04039996757250319
1.2621809557876624,0.9481559615273826,0.17123884171565426,0.009363135874410088,1.1977093114670372,0.940353904350655,0.6151450274572416,0.039018287664015085,1.0751497550340234,0.9224151916140827,0.9280910564385417,0.07806220824753425,1.3274633993791431,0.9550665035337226,0.8991823305997049,0.04230428553933087
1.335966914968957,0.9558993246910071,0.17410112497242713,0.008032202748779315,1.1734182038189789,0.937138386546214,0.5986127790985515,0.04015390434156981,1.0797926998758176,0.9231768345154097,0.9288620376951545,0.07729626585752189,1.3438418393005818,0.9566574347454753,0.9023614617288792,0.04088261808006324
1.1387506132662657,0.9322685431374763,0.14619332246573688,0.010621281590015966,1.247246224697674,0.9464392653718325,0.6099861136267585,0.03452023342036033,1.0829362876186948,0.9236886203028385,0.927416530821711,0.07661936443230909,1.3604312236149574,0.9582139549818329,0.8991547424983397,0.03921057541793611
1.193400447132392,0.9397949840731933,0.21412849421604832,0.013717469898366988,1.2306547563194419,0.9444693070831379,0.6071559588153294,0.035698133172525806,1.0890178039407092,0.9246698402169077,0.9291741055051481,0.07569710916233122,1.337071158963107,0.9560063865457737,0.9066741666462863,0.04172343760222324
1.2283477258489408,0.9441900426975516,0.2050936384172557,0.012122842526880343,1.2081986477783784,0.9416942645782277,0.6218817556899608,0.03850429430737391,1.084236634991334,0.9238994049886384,0.9272935946950376,0.07638017074746854,1.3526841582261833,0.9574938439580539,0.9014306881391339,0.04001733664693876
1.2998402983873576,0.952256563425596,0.18144349951064723,0.00909706117389377,1.1981633218809236,0.940412512085604,0.598864458398935,0.03794593140628013,1.0804684415835832,0.9232871121795242,0.925010486130952,0.0768560772908633,1.326885746525162,0.9550093886462011,0.9081414928603125,0.04278265894061649
1.2155097190912543,0.9426117315089826,0.1700215454633485,0.010351284387993393,1.1787615189622145,0.9378592960830239,0.605941948290888,0.04014851626132027,1.0717161103713455,0.9218474839489429,0.9248632226203157,0.07840818476960756,1.3409154851543128,0.956377181669565,0.9113004744843614,0.041566754001253065
1.204093096820877,0.9411730431217266,0.1828300143458069,0.011427583321236135,1.2156138147686883,0.9426246960836405,0.5979101320300533,0.03639335536446725,1.0862419274571278,0.9242234133136809,0.9222651785931383,0.07561603206184657,1.337364055040012,0.9560347426205656,0.8987708804435043,0.04133185889827252
1.2723205991867725,0.9492916962894543,0.17336770701917978,0.009260780827949944,1.2800427031904216,0.9501408045319227,0.5991138415031784,0.031438849893257015,1.075174613065014,0.9224192877565393,0.9241767685078529,0.07772852637771721,1.3419752120541508,0.9564788695024675,0.9049604154096502,0.04117696855617043
1.1798536567112041,0.9380056919429335,0.17673279035495745,0.011680554972279145,1.2188087422934024,0.943021272335319,0.6078972424541975,0.03673004251551179,1.0764402431882165,0.9226275785261768,0.9269950816590152,0.07773868441788342,1.35499913528713,0.9577102609612897,0.8966845166259332,0.03959501715069909
1.20409876397173,0.941173765598391,0.21075373520372456,0.013172752026536186,1.2140639666366602,0.9424313859026405,0.6069500654231202,0.037075668972171016,1.0714369302460756,0.9218011584614789,0.9242613273286067,0.07840754420029641,1.3410617860908978,0.9563912336958634,0.9018531479171105,0.04112198207441317
1.2710573001629404,0.9491514897506018,0.2148934871513154,0.011512402184411812,1.1992606789389189,0.9405539461017383,0.6008911676738082,0.0379782668379373,1.0654879276444689,0.9208080260406477,0.9280534700604285,0.07981510168838134,1.3328523305073512,0.9555960098980901,0.9067936275407434,0.04213627395335009
1.3108485945020858,0.9533958427093088,0.2033145666481643,0.009938478456790167,1.3445281507853772,0.9567229126287478,0.5954569576011175,0.02693532520206651,1.0756861728902813,0.9225035393585839,0.9250410203546354,0.0777096259982402,1.3544259203656681,0.9576567719335307,0.9011546696107794,0.039844962012278703
1.299912545121583,0.9522641259865197,0.20403541029918537,0.01022805372431781,1.2160901667277162,0.9426839881545881,0.5987238654213801,0.03640293522944109,1.0853377717129893,0.9240774799757941,0.9290515446342681,0.07633119086817507,1.3212285616864172,0.9544463721152731,0.9093128599783252,0.043399504534181024
1.1699277805344408,0.936663260131422,0.15259139147375936,0.010318159875942853,1.256056585576038,0.9474583689220618,0.6052166652549038,0.033562499199011185,1.0838886504474712,0.9238430495420791,0.926723459867617,0.07639439692306378,1.3248303866049147,0.9548056053831651,0.9033446677718753,0.04275856274839553
1.1785991239931537,0.9378375002625302,0.21953600620922167,0.014551462193104587,1.1627815739266238,0.9356800364540597,0.5985410754565961,0.04114455653025605,1.0859700392903802,0.924179556876982,0.9275691867374906,0.07609853111591343,1.330988483306131,0.9554135482286493,0.9031506948992214,0.04214749202064809
1.1628243085129444,0.9356859581994075,0.22856829241520618,0.01571056034758708,1.1976213656693384,0.9403425452784187,0.5905199224324028,0.037463917496439764,1.0833259032702125,0.9237518326488885,0.9244142792677423,0.07630284690775256,1.3464409231268846,0.9569049035574384,0.9036076250411621,0.040694804261754466
1.1975433787593068,0.9403324708004993,0.22806216834623436,0.014471377424110471,1.1807615247356813,0.9381271420976414,0.6089406552748162,0.040161825560811236,1.0789808205176363,0.9230441476719302,0.9278516138454798,0.07735665943773729,1.342409454334831,0.9565204725485934,0.9110194245655031,0.04141123500850964
1.3068761912096147,0.952987740720991,0.18435794790423876,0.009094643379633552,1.2434592062704426,0.945995510031671,0.5999309588841987,0.03424854040762512,1.0805604767513481,0.9233021206226957,0.9279004838934344,0.07707986129156039,1.3059514339910119,0.9528922500825636,0.9127296071318262,0.045122245533302054
1.222868344265268,0.9435214628532937,0.18241522098680477,0.010919247987716202,1.2029359879369692,0.9410253547482422,0.617006507068439,0.03866818220017292,1.0756567439277378,0.9224986948136985,0.9239856096000386,0.07762622442715254,1.3227378439397899,0.9545972323823937,0.9076213586372581,0.043168490577056476
1.171829144082706,0.9369224928938853,0.18016743666486562,0.012129618888128944,1.2496255681794164,0.9467163102245709,0.5940601873493647,0.03343527346977702,1.0697591233745813,0.9215222234925232,0.9256673486361622,0.07883077961073909,1.3331636107701963,0.9556264132722775,0.9047225881652997,0.04200991692246595
1.150018779376707,0.9338886084484097,0.2037996124833965,0.014427283786379448,1.0815214052251503,0.9234586612935728,0.6076577180390198,0.050366017628604154,1.074363725187977,0.9222855662755644,0.9284922192027881,0.07823742414649242,1.3479452915350942,0.95704752318135,0.901774289857545,0.04047180348161375
1.472541760593239,0.9674111287515712,0.2091249219275852,0.007044724784519116,1.3560785036084775,0.9578108059712904,0.6077096130640164,0.02676810349061593,1.0878212009868118,0.9244776950238393,0.9292103013140421,0.07590892039966374,1.3507739223445268,0.9573144678446018,0.9048880911521973,0.0403479013524989
1.2769931089963025,0.949807098460999,0.22260865335505994,0.011763835243687577,1.2272939857590386,0.9440620490551401,0.603479096237566,0.03575759042042974,1.0798750016807894,0.923190273526638,0.931336186978622,0.07748746908186298,1.3231340268819967,0.9546367539227603,0.9181725320427074,0.04363050798250083
1.3852997445305335,0.960447504662756,0.20689696932998275,0.008520290151191011,1.3373118046642745,0.9560296853961084,0.5998910048745042,0.027590561899181788,1.0850691679086184,0.9240340768747982,0.9198401404826062,0.07562113470501841,1.3352686375539902,0.9558314950613134,0.9056041660359079,0.04184752468057811
